2025-12-11 00:04:22.006 [org.springframework.kafka.KafkaListenerEndpointContainer#2-0-C-1] INFO  o.a.k.clients.FetchSessionHandler [node1:8080] - [Consumer clientId=consumer-notification-batch-consumer-1, groupId=notification-batch-consumer] Error sending fetch request (sessionId=2032618788, epoch=INITIAL) to node 1001:
org.apache.kafka.common.errors.DisconnectException: null
2025-12-11 00:04:22.347 [org.springframework.kafka.KafkaListenerEndpointContainer#3-0-C-1] INFO  o.a.k.clients.FetchSessionHandler [node1:8080] - [Consumer clientId=consumer-pattern-consumer-2, groupId=pattern-consumer] Error sending fetch request (sessionId=930618662, epoch=INITIAL) to node 1001:
org.apache.kafka.common.errors.DisconnectException: null
2025-12-11 00:04:22.347 [org.springframework.kafka.KafkaListenerEndpointContainer#1-0-C-1] INFO  o.a.k.clients.FetchSessionHandler [node1:8080] - [Consumer clientId=consumer-order-events-consumer-4, groupId=order-events-consumer] Error sending fetch request (sessionId=614027490, epoch=INITIAL) to node 1001:
org.apache.kafka.common.errors.DisconnectException: null
2025-12-11 00:04:45.429 [HikariPool-1 housekeeper] WARN  com.zaxxer.hikari.pool.HikariPool [node1:8080] - HikariPool-1 - Thread starvation or clock leap detected (housekeeper delta=9m45s263ms).
2025-12-11 00:04:53.146 [org.springframework.kafka.KafkaListenerEndpointContainer#2-0-C-1] INFO  o.a.k.clients.FetchSessionHandler [node1:8080] - [Consumer clientId=consumer-notification-batch-consumer-1, groupId=notification-batch-consumer] Error sending fetch request (sessionId=2032618788, epoch=INITIAL) to node 1001:
org.apache.kafka.common.errors.DisconnectException: null
2025-12-11 00:04:53.178 [org.springframework.kafka.KafkaListenerEndpointContainer#3-0-C-1] INFO  o.a.k.clients.FetchSessionHandler [node1:8080] - [Consumer clientId=consumer-pattern-consumer-2, groupId=pattern-consumer] Error sending fetch request (sessionId=930618662, epoch=INITIAL) to node 1001:
org.apache.kafka.common.errors.DisconnectException: null
2025-12-11 00:04:53.181 [org.springframework.kafka.KafkaListenerEndpointContainer#1-0-C-1] INFO  o.a.k.clients.FetchSessionHandler [node1:8080] - [Consumer clientId=consumer-order-events-consumer-4, groupId=order-events-consumer] Error sending fetch request (sessionId=614027490, epoch=INITIAL) to node 1001:
org.apache.kafka.common.errors.DisconnectException: null
2025-12-11 00:14:29.008 [org.springframework.kafka.KafkaListenerEndpointContainer#1-0-C-1] INFO  o.a.k.clients.FetchSessionHandler [node1:8080] - [Consumer clientId=consumer-order-events-consumer-4, groupId=order-events-consumer] Error sending fetch request (sessionId=614027490, epoch=INITIAL) to node 1001:
org.apache.kafka.common.errors.DisconnectException: null
2025-12-11 00:14:29.008 [org.springframework.kafka.KafkaListenerEndpointContainer#3-0-C-1] INFO  o.a.k.clients.FetchSessionHandler [node1:8080] - [Consumer clientId=consumer-pattern-consumer-2, groupId=pattern-consumer] Error sending fetch request (sessionId=930618662, epoch=INITIAL) to node 1001:
org.apache.kafka.common.errors.DisconnectException: null
2025-12-11 00:14:29.011 [org.springframework.kafka.KafkaListenerEndpointContainer#2-0-C-1] INFO  o.a.k.clients.FetchSessionHandler [node1:8080] - [Consumer clientId=consumer-notification-batch-consumer-1, groupId=notification-batch-consumer] Error sending fetch request (sessionId=2032618788, epoch=INITIAL) to node 1001:
org.apache.kafka.common.errors.DisconnectException: null
2025-12-11 00:14:30.327 [HikariPool-1 housekeeper] WARN  com.zaxxer.hikari.pool.HikariPool [node1:8080] - HikariPool-1 - Thread starvation or clock leap detected (housekeeper delta=9m44s898ms).
2025-12-11 00:15:02.017 [org.springframework.kafka.KafkaListenerEndpointContainer#2-0-C-1] INFO  o.a.k.clients.FetchSessionHandler [node1:8080] - [Consumer clientId=consumer-notification-batch-consumer-1, groupId=notification-batch-consumer] Error sending fetch request (sessionId=2032618788, epoch=INITIAL) to node 1001:
org.apache.kafka.common.errors.DisconnectException: null
2025-12-11 00:15:02.019 [org.springframework.kafka.KafkaListenerEndpointContainer#1-0-C-1] INFO  o.a.k.clients.FetchSessionHandler [node1:8080] - [Consumer clientId=consumer-order-events-consumer-4, groupId=order-events-consumer] Error sending fetch request (sessionId=614027490, epoch=INITIAL) to node 1001:
org.apache.kafka.common.errors.DisconnectException: null
2025-12-11 00:15:02.019 [org.springframework.kafka.KafkaListenerEndpointContainer#3-0-C-1] INFO  o.a.k.clients.FetchSessionHandler [node1:8080] - [Consumer clientId=consumer-pattern-consumer-2, groupId=pattern-consumer] Error sending fetch request (sessionId=930618662, epoch=INITIAL) to node 1001:
org.apache.kafka.common.errors.DisconnectException: null
2025-12-11 00:24:35.010 [org.springframework.kafka.KafkaListenerEndpointContainer#3-0-C-1] INFO  o.a.k.clients.FetchSessionHandler [node1:8080] - [Consumer clientId=consumer-pattern-consumer-2, groupId=pattern-consumer] Error sending fetch request (sessionId=930618662, epoch=INITIAL) to node 1001:
org.apache.kafka.common.errors.DisconnectException: null
2025-12-11 00:24:35.011 [org.springframework.kafka.KafkaListenerEndpointContainer#1-0-C-1] INFO  o.a.k.clients.FetchSessionHandler [node1:8080] - [Consumer clientId=consumer-order-events-consumer-4, groupId=order-events-consumer] Error sending fetch request (sessionId=614027490, epoch=INITIAL) to node 1001:
org.apache.kafka.common.errors.DisconnectException: null
2025-12-11 00:24:35.010 [org.springframework.kafka.KafkaListenerEndpointContainer#2-0-C-1] INFO  o.a.k.clients.FetchSessionHandler [node1:8080] - [Consumer clientId=consumer-notification-batch-consumer-1, groupId=notification-batch-consumer] Error sending fetch request (sessionId=2032618788, epoch=INITIAL) to node 1001:
org.apache.kafka.common.errors.DisconnectException: null
2025-12-11 00:24:46.132 [HikariPool-1 housekeeper] WARN  com.zaxxer.hikari.pool.HikariPool [node1:8080] - HikariPool-1 - Thread starvation or clock leap detected (housekeeper delta=9m45s285ms).
2025-12-11 00:25:06.094 [org.springframework.kafka.KafkaListenerEndpointContainer#2-0-C-1] INFO  o.a.k.clients.FetchSessionHandler [node1:8080] - [Consumer clientId=consumer-notification-batch-consumer-1, groupId=notification-batch-consumer] Error sending fetch request (sessionId=2032618788, epoch=INITIAL) to node 1001:
org.apache.kafka.common.errors.DisconnectException: null
2025-12-11 00:25:08.021 [org.springframework.kafka.KafkaListenerEndpointContainer#3-0-C-1] INFO  o.a.k.clients.FetchSessionHandler [node1:8080] - [Consumer clientId=consumer-pattern-consumer-2, groupId=pattern-consumer] Error sending fetch request (sessionId=930618662, epoch=INITIAL) to node 1001:
org.apache.kafka.common.errors.DisconnectException: null
2025-12-11 00:25:08.026 [org.springframework.kafka.KafkaListenerEndpointContainer#1-0-C-1] INFO  o.a.k.clients.FetchSessionHandler [node1:8080] - [Consumer clientId=consumer-order-events-consumer-4, groupId=order-events-consumer] Error sending fetch request (sessionId=614027490, epoch=INITIAL) to node 1001:
org.apache.kafka.common.errors.DisconnectException: null
2025-12-11 00:25:39.104 [org.springframework.kafka.KafkaListenerEndpointContainer#2-0-C-1] INFO  o.a.k.clients.FetchSessionHandler [node1:8080] - [Consumer clientId=consumer-notification-batch-consumer-1, groupId=notification-batch-consumer] Error sending fetch request (sessionId=2032618788, epoch=INITIAL) to node 1001:
org.apache.kafka.common.errors.DisconnectException: null
2025-12-11 00:41:08.011 [org.springframework.kafka.KafkaListenerEndpointContainer#3-0-C-1] INFO  o.a.k.clients.FetchSessionHandler [node1:8080] - [Consumer clientId=consumer-pattern-consumer-2, groupId=pattern-consumer] Error sending fetch request (sessionId=930618662, epoch=INITIAL) to node 1001:
org.apache.kafka.common.errors.DisconnectException: null
2025-12-11 00:41:08.011 [org.springframework.kafka.KafkaListenerEndpointContainer#1-0-C-1] INFO  o.a.k.clients.FetchSessionHandler [node1:8080] - [Consumer clientId=consumer-order-events-consumer-4, groupId=order-events-consumer] Error sending fetch request (sessionId=614027490, epoch=INITIAL) to node 1001:
org.apache.kafka.common.errors.DisconnectException: null
2025-12-11 00:41:15.019 [HikariPool-1 housekeeper] WARN  com.zaxxer.hikari.pool.HikariPool [node1:8080] - HikariPool-1 - Thread starvation or clock leap detected (housekeeper delta=15m58s878ms).
2025-12-11 00:41:41.024 [org.springframework.kafka.KafkaListenerEndpointContainer#1-0-C-1] INFO  o.a.k.clients.FetchSessionHandler [node1:8080] - [Consumer clientId=consumer-order-events-consumer-4, groupId=order-events-consumer] Error sending fetch request (sessionId=614027490, epoch=INITIAL) to node 1001:
org.apache.kafka.common.errors.DisconnectException: null
2025-12-11 00:41:41.027 [org.springframework.kafka.KafkaListenerEndpointContainer#3-0-C-1] INFO  o.a.k.clients.FetchSessionHandler [node1:8080] - [Consumer clientId=consumer-pattern-consumer-2, groupId=pattern-consumer] Error sending fetch request (sessionId=930618662, epoch=INITIAL) to node 1001:
org.apache.kafka.common.errors.DisconnectException: null
2025-12-11 00:41:41.263 [org.springframework.kafka.KafkaListenerEndpointContainer#2-0-C-1] INFO  o.a.k.clients.FetchSessionHandler [node1:8080] - [Consumer clientId=consumer-notification-batch-consumer-1, groupId=notification-batch-consumer] Error sending fetch request (sessionId=2032618788, epoch=INITIAL) to node 1001:
org.apache.kafka.common.errors.DisconnectException: null
2025-12-11 00:51:22.009 [org.springframework.kafka.KafkaListenerEndpointContainer#3-0-C-1] INFO  o.a.k.clients.FetchSessionHandler [node1:8080] - [Consumer clientId=consumer-pattern-consumer-2, groupId=pattern-consumer] Error sending fetch request (sessionId=930618662, epoch=INITIAL) to node 1001:
org.apache.kafka.common.errors.DisconnectException: null
2025-12-11 00:51:22.009 [org.springframework.kafka.KafkaListenerEndpointContainer#1-0-C-1] INFO  o.a.k.clients.FetchSessionHandler [node1:8080] - [Consumer clientId=consumer-order-events-consumer-4, groupId=order-events-consumer] Error sending fetch request (sessionId=614027490, epoch=INITIAL) to node 1001:
org.apache.kafka.common.errors.DisconnectException: null
2025-12-11 00:51:22.214 [org.springframework.kafka.KafkaListenerEndpointContainer#2-0-C-1] INFO  o.a.k.clients.FetchSessionHandler [node1:8080] - [Consumer clientId=consumer-notification-batch-consumer-1, groupId=notification-batch-consumer] Error sending fetch request (sessionId=2032618788, epoch=INITIAL) to node 1001:
org.apache.kafka.common.errors.DisconnectException: null
2025-12-11 00:51:30.441 [HikariPool-1 housekeeper] WARN  com.zaxxer.hikari.pool.HikariPool [node1:8080] - HikariPool-1 - Thread starvation or clock leap detected (housekeeper delta=9m45s415ms).
2025-12-11 00:51:55.020 [org.springframework.kafka.KafkaListenerEndpointContainer#3-0-C-1] INFO  o.a.k.clients.FetchSessionHandler [node1:8080] - [Consumer clientId=consumer-pattern-consumer-2, groupId=pattern-consumer] Error sending fetch request (sessionId=930618662, epoch=INITIAL) to node 1001:
org.apache.kafka.common.errors.DisconnectException: null
2025-12-11 00:51:55.020 [org.springframework.kafka.KafkaListenerEndpointContainer#1-0-C-1] INFO  o.a.k.clients.FetchSessionHandler [node1:8080] - [Consumer clientId=consumer-order-events-consumer-4, groupId=order-events-consumer] Error sending fetch request (sessionId=614027490, epoch=INITIAL) to node 1001:
org.apache.kafka.common.errors.DisconnectException: null
2025-12-11 00:51:55.220 [org.springframework.kafka.KafkaListenerEndpointContainer#2-0-C-1] INFO  o.a.k.clients.FetchSessionHandler [node1:8080] - [Consumer clientId=consumer-notification-batch-consumer-1, groupId=notification-batch-consumer] Error sending fetch request (sessionId=2032618788, epoch=INITIAL) to node 1001:
org.apache.kafka.common.errors.DisconnectException: null
2025-12-11 01:01:29.243 [org.springframework.kafka.KafkaListenerEndpointContainer#3-0-C-1] INFO  o.a.k.clients.FetchSessionHandler [node1:8080] - [Consumer clientId=consumer-pattern-consumer-2, groupId=pattern-consumer] Error sending fetch request (sessionId=930618662, epoch=INITIAL) to node 1001:
org.apache.kafka.common.errors.DisconnectException: null
2025-12-11 01:01:29.243 [org.springframework.kafka.KafkaListenerEndpointContainer#1-0-C-1] INFO  o.a.k.clients.FetchSessionHandler [node1:8080] - [Consumer clientId=consumer-order-events-consumer-4, groupId=order-events-consumer] Error sending fetch request (sessionId=614027490, epoch=INITIAL) to node 1001:
org.apache.kafka.common.errors.DisconnectException: null
2025-12-11 01:01:30.553 [org.springframework.kafka.KafkaListenerEndpointContainer#2-0-C-1] INFO  o.a.k.clients.FetchSessionHandler [node1:8080] - [Consumer clientId=consumer-notification-batch-consumer-1, groupId=notification-batch-consumer] Error sending fetch request (sessionId=2032618788, epoch=INITIAL) to node 1001:
org.apache.kafka.common.errors.DisconnectException: null
2025-12-11 01:01:45.767 [HikariPool-1 housekeeper] WARN  com.zaxxer.hikari.pool.HikariPool [node1:8080] - HikariPool-1 - Thread starvation or clock leap detected (housekeeper delta=9m45s325ms).
2025-12-11 01:02:02.251 [org.springframework.kafka.KafkaListenerEndpointContainer#3-0-C-1] INFO  o.a.k.clients.FetchSessionHandler [node1:8080] - [Consumer clientId=consumer-pattern-consumer-2, groupId=pattern-consumer] Error sending fetch request (sessionId=930618662, epoch=INITIAL) to node 1001:
org.apache.kafka.common.errors.DisconnectException: null
2025-12-11 01:02:02.252 [org.springframework.kafka.KafkaListenerEndpointContainer#1-0-C-1] INFO  o.a.k.clients.FetchSessionHandler [node1:8080] - [Consumer clientId=consumer-order-events-consumer-4, groupId=order-events-consumer] Error sending fetch request (sessionId=614027490, epoch=INITIAL) to node 1001:
org.apache.kafka.common.errors.DisconnectException: null
2025-12-11 01:02:03.561 [org.springframework.kafka.KafkaListenerEndpointContainer#2-0-C-1] INFO  o.a.k.clients.FetchSessionHandler [node1:8080] - [Consumer clientId=consumer-notification-batch-consumer-1, groupId=notification-batch-consumer] Error sending fetch request (sessionId=2032618788, epoch=INITIAL) to node 1001:
org.apache.kafka.common.errors.DisconnectException: null
2025-12-11 01:11:35.011 [org.springframework.kafka.KafkaListenerEndpointContainer#2-0-C-1] INFO  o.a.k.clients.FetchSessionHandler [node1:8080] - [Consumer clientId=consumer-notification-batch-consumer-1, groupId=notification-batch-consumer] Error sending fetch request (sessionId=2032618788, epoch=INITIAL) to node 1001:
org.apache.kafka.common.errors.DisconnectException: null
2025-12-11 01:11:35.011 [org.springframework.kafka.KafkaListenerEndpointContainer#3-0-C-1] INFO  o.a.k.clients.FetchSessionHandler [node1:8080] - [Consumer clientId=consumer-pattern-consumer-2, groupId=pattern-consumer] Error sending fetch request (sessionId=930618662, epoch=INITIAL) to node 1001:
org.apache.kafka.common.errors.DisconnectException: null
2025-12-11 01:11:35.011 [org.springframework.kafka.KafkaListenerEndpointContainer#1-0-C-1] INFO  o.a.k.clients.FetchSessionHandler [node1:8080] - [Consumer clientId=consumer-order-events-consumer-4, groupId=order-events-consumer] Error sending fetch request (sessionId=614027490, epoch=INITIAL) to node 1001:
org.apache.kafka.common.errors.DisconnectException: null
2025-12-11 01:12:01.292 [HikariPool-1 housekeeper] WARN  com.zaxxer.hikari.pool.HikariPool [node1:8080] - HikariPool-1 - Thread starvation or clock leap detected (housekeeper delta=9m45s516ms).
2025-12-11 01:12:06.097 [org.springframework.kafka.KafkaListenerEndpointContainer#3-0-C-1] INFO  o.a.k.clients.FetchSessionHandler [node1:8080] - [Consumer clientId=consumer-pattern-consumer-2, groupId=pattern-consumer] Error sending fetch request (sessionId=930618662, epoch=INITIAL) to node 1001:
org.apache.kafka.common.errors.DisconnectException: null
2025-12-11 01:12:06.097 [org.springframework.kafka.KafkaListenerEndpointContainer#1-0-C-1] INFO  o.a.k.clients.FetchSessionHandler [node1:8080] - [Consumer clientId=consumer-order-events-consumer-4, groupId=order-events-consumer] Error sending fetch request (sessionId=614027490, epoch=INITIAL) to node 1001:
org.apache.kafka.common.errors.TimeoutException: Failed to send request after 30000 ms.
2025-12-11 01:12:06.102 [kafka-coordinator-heartbeat-thread | order-events-consumer] INFO  o.a.k.clients.FetchSessionHandler [node1:8080] - [Consumer clientId=consumer-order-events-consumer-4, groupId=order-events-consumer] Error sending fetch request (sessionId=614027490, epoch=INITIAL) to node 1001:
org.apache.kafka.common.errors.DisconnectException: null
2025-12-11 01:12:08.019 [org.springframework.kafka.KafkaListenerEndpointContainer#2-0-C-1] INFO  o.a.k.clients.FetchSessionHandler [node1:8080] - [Consumer clientId=consumer-notification-batch-consumer-1, groupId=notification-batch-consumer] Error sending fetch request (sessionId=2032618788, epoch=INITIAL) to node 1001:
org.apache.kafka.common.errors.DisconnectException: null
2025-12-11 01:21:41.014 [org.springframework.kafka.KafkaListenerEndpointContainer#2-0-C-1] INFO  o.a.k.clients.FetchSessionHandler [node1:8080] - [Consumer clientId=consumer-notification-batch-consumer-1, groupId=notification-batch-consumer] Error sending fetch request (sessionId=2032618788, epoch=INITIAL) to node 1001:
org.apache.kafka.common.errors.DisconnectException: null
2025-12-11 01:21:41.489 [org.springframework.kafka.KafkaListenerEndpointContainer#1-0-C-1] INFO  o.a.k.clients.FetchSessionHandler [node1:8080] - [Consumer clientId=consumer-order-events-consumer-4, groupId=order-events-consumer] Error sending fetch request (sessionId=614027490, epoch=INITIAL) to node 1001:
org.apache.kafka.common.errors.DisconnectException: null
2025-12-11 01:21:41.489 [org.springframework.kafka.KafkaListenerEndpointContainer#3-0-C-1] INFO  o.a.k.clients.FetchSessionHandler [node1:8080] - [Consumer clientId=consumer-pattern-consumer-2, groupId=pattern-consumer] Error sending fetch request (sessionId=930618662, epoch=INITIAL) to node 1001:
org.apache.kafka.common.errors.DisconnectException: null
2025-12-11 01:21:46.997 [HikariPool-1 housekeeper] WARN  com.zaxxer.hikari.pool.HikariPool [node1:8080] - HikariPool-1 - Thread starvation or clock leap detected (housekeeper delta=9m45s705ms).
2025-12-11 01:22:14.025 [org.springframework.kafka.KafkaListenerEndpointContainer#2-0-C-1] INFO  o.a.k.clients.FetchSessionHandler [node1:8080] - [Consumer clientId=consumer-notification-batch-consumer-1, groupId=notification-batch-consumer] Error sending fetch request (sessionId=2032618788, epoch=INITIAL) to node 1001:
org.apache.kafka.common.errors.DisconnectException: null
2025-12-11 01:22:14.496 [org.springframework.kafka.KafkaListenerEndpointContainer#1-0-C-1] INFO  o.a.k.clients.FetchSessionHandler [node1:8080] - [Consumer clientId=consumer-order-events-consumer-4, groupId=order-events-consumer] Error sending fetch request (sessionId=614027490, epoch=INITIAL) to node 1001:
org.apache.kafka.common.errors.DisconnectException: null
2025-12-11 01:22:14.500 [org.springframework.kafka.KafkaListenerEndpointContainer#3-0-C-1] INFO  o.a.k.clients.FetchSessionHandler [node1:8080] - [Consumer clientId=consumer-pattern-consumer-2, groupId=pattern-consumer] Error sending fetch request (sessionId=930618662, epoch=INITIAL) to node 1001:
org.apache.kafka.common.errors.DisconnectException: null
2025-12-11 01:31:47.008 [org.springframework.kafka.KafkaListenerEndpointContainer#1-0-C-1] INFO  o.a.k.clients.FetchSessionHandler [node1:8080] - [Consumer clientId=consumer-order-events-consumer-4, groupId=order-events-consumer] Error sending fetch request (sessionId=614027490, epoch=INITIAL) to node 1001:
org.apache.kafka.common.errors.DisconnectException: null
2025-12-11 01:31:47.008 [org.springframework.kafka.KafkaListenerEndpointContainer#3-0-C-1] INFO  o.a.k.clients.FetchSessionHandler [node1:8080] - [Consumer clientId=consumer-pattern-consumer-2, groupId=pattern-consumer] Error sending fetch request (sessionId=930618662, epoch=INITIAL) to node 1001:
org.apache.kafka.common.errors.DisconnectException: null
2025-12-11 01:31:47.008 [org.springframework.kafka.KafkaListenerEndpointContainer#2-0-C-1] INFO  o.a.k.clients.FetchSessionHandler [node1:8080] - [Consumer clientId=consumer-notification-batch-consumer-1, groupId=notification-batch-consumer] Error sending fetch request (sessionId=2032618788, epoch=INITIAL) to node 1001:
org.apache.kafka.common.errors.DisconnectException: null
2025-12-11 01:32:02.602 [HikariPool-1 housekeeper] WARN  com.zaxxer.hikari.pool.HikariPool [node1:8080] - HikariPool-1 - Thread starvation or clock leap detected (housekeeper delta=9m45s600ms).
2025-12-11 01:32:20.016 [org.springframework.kafka.KafkaListenerEndpointContainer#1-0-C-1] INFO  o.a.k.clients.FetchSessionHandler [node1:8080] - [Consumer clientId=consumer-order-events-consumer-4, groupId=order-events-consumer] Error sending fetch request (sessionId=614027490, epoch=INITIAL) to node 1001:
org.apache.kafka.common.errors.DisconnectException: null
2025-12-11 01:32:20.018 [org.springframework.kafka.KafkaListenerEndpointContainer#2-0-C-1] INFO  o.a.k.clients.FetchSessionHandler [node1:8080] - [Consumer clientId=consumer-notification-batch-consumer-1, groupId=notification-batch-consumer] Error sending fetch request (sessionId=2032618788, epoch=INITIAL) to node 1001:
org.apache.kafka.common.errors.DisconnectException: null
2025-12-11 01:32:20.019 [org.springframework.kafka.KafkaListenerEndpointContainer#3-0-C-1] INFO  o.a.k.clients.FetchSessionHandler [node1:8080] - [Consumer clientId=consumer-pattern-consumer-2, groupId=pattern-consumer] Error sending fetch request (sessionId=930618662, epoch=INITIAL) to node 1001:
org.apache.kafka.common.errors.DisconnectException: null
2025-12-11 01:41:52.006 [org.springframework.kafka.KafkaListenerEndpointContainer#1-0-C-1] INFO  o.a.k.clients.FetchSessionHandler [node1:8080] - [Consumer clientId=consumer-order-events-consumer-4, groupId=order-events-consumer] Error sending fetch request (sessionId=614027490, epoch=INITIAL) to node 1001:
org.apache.kafka.common.errors.DisconnectException: null
2025-12-11 01:41:52.006 [org.springframework.kafka.KafkaListenerEndpointContainer#2-0-C-1] INFO  o.a.k.clients.FetchSessionHandler [node1:8080] - [Consumer clientId=consumer-notification-batch-consumer-1, groupId=notification-batch-consumer] Error sending fetch request (sessionId=2032618788, epoch=INITIAL) to node 1001:
org.apache.kafka.common.errors.DisconnectException: null
2025-12-11 01:41:52.006 [org.springframework.kafka.KafkaListenerEndpointContainer#3-0-C-1] INFO  o.a.k.clients.FetchSessionHandler [node1:8080] - [Consumer clientId=consumer-pattern-consumer-2, groupId=pattern-consumer] Error sending fetch request (sessionId=930618662, epoch=INITIAL) to node 1001:
org.apache.kafka.common.errors.DisconnectException: null
2025-12-11 01:42:18.204 [HikariPool-1 housekeeper] WARN  com.zaxxer.hikari.pool.HikariPool [node1:8080] - HikariPool-1 - Thread starvation or clock leap detected (housekeeper delta=9m45s594ms).
2025-12-11 01:42:23.111 [org.springframework.kafka.KafkaListenerEndpointContainer#1-0-C-1] INFO  o.a.k.clients.FetchSessionHandler [node1:8080] - [Consumer clientId=consumer-order-events-consumer-4, groupId=order-events-consumer] Error sending fetch request (sessionId=614027490, epoch=INITIAL) to node 1001:
org.apache.kafka.common.errors.DisconnectException: null
2025-12-11 01:42:23.112 [org.springframework.kafka.KafkaListenerEndpointContainer#2-0-C-1] INFO  o.a.k.clients.FetchSessionHandler [node1:8080] - [Consumer clientId=consumer-notification-batch-consumer-1, groupId=notification-batch-consumer] Error sending fetch request (sessionId=2032618788, epoch=INITIAL) to node 1001:
org.apache.kafka.common.errors.DisconnectException: null
2025-12-11 01:42:23.118 [org.springframework.kafka.KafkaListenerEndpointContainer#3-0-C-1] INFO  o.a.k.clients.FetchSessionHandler [node1:8080] - [Consumer clientId=consumer-pattern-consumer-2, groupId=pattern-consumer] Error sending fetch request (sessionId=930618662, epoch=INITIAL) to node 1001:
org.apache.kafka.common.errors.DisconnectException: null
2025-12-11 01:42:56.121 [org.springframework.kafka.KafkaListenerEndpointContainer#2-0-C-1] INFO  o.a.k.clients.FetchSessionHandler [node1:8080] - [Consumer clientId=consumer-notification-batch-consumer-1, groupId=notification-batch-consumer] Error sending fetch request (sessionId=2032618788, epoch=INITIAL) to node 1001:
org.apache.kafka.common.errors.DisconnectException: null
2025-12-11 01:42:56.121 [org.springframework.kafka.KafkaListenerEndpointContainer#1-0-C-1] INFO  o.a.k.clients.FetchSessionHandler [node1:8080] - [Consumer clientId=consumer-order-events-consumer-4, groupId=order-events-consumer] Error sending fetch request (sessionId=614027490, epoch=INITIAL) to node 1001:
org.apache.kafka.common.errors.DisconnectException: null
2025-12-11 01:42:56.132 [org.springframework.kafka.KafkaListenerEndpointContainer#3-0-C-1] INFO  o.a.k.clients.FetchSessionHandler [node1:8080] - [Consumer clientId=consumer-pattern-consumer-2, groupId=pattern-consumer] Error sending fetch request (sessionId=930618662, epoch=INITIAL) to node 1001:
org.apache.kafka.common.errors.DisconnectException: null
2025-12-11 01:59:51.834 [HikariPool-1 housekeeper] WARN  com.zaxxer.hikari.pool.HikariPool [node1:8080] - HikariPool-1 - Thread starvation or clock leap detected (housekeeper delta=17m3s622ms).
2025-12-11 02:00:03.115 [org.springframework.kafka.KafkaListenerEndpointContainer#2-0-C-1] INFO  o.a.k.clients.FetchSessionHandler [node1:8080] - [Consumer clientId=consumer-notification-batch-consumer-1, groupId=notification-batch-consumer] Error sending fetch request (sessionId=2032618788, epoch=INITIAL) to node 1001:
org.apache.kafka.common.errors.DisconnectException: null
2025-12-11 02:00:03.116 [org.springframework.kafka.KafkaListenerEndpointContainer#1-0-C-1] INFO  o.a.k.clients.FetchSessionHandler [node1:8080] - [Consumer clientId=consumer-order-events-consumer-4, groupId=order-events-consumer] Error sending fetch request (sessionId=614027490, epoch=INITIAL) to node 1001:
org.apache.kafka.common.errors.DisconnectException: null
2025-12-11 02:00:03.126 [org.springframework.kafka.KafkaListenerEndpointContainer#3-0-C-1] INFO  o.a.k.clients.FetchSessionHandler [node1:8080] - [Consumer clientId=consumer-pattern-consumer-2, groupId=pattern-consumer] Error sending fetch request (sessionId=930618662, epoch=INITIAL) to node 1001:
org.apache.kafka.common.errors.DisconnectException: null
2025-12-11 02:00:35.122 [org.springframework.kafka.KafkaListenerEndpointContainer#1-0-C-1] INFO  o.a.k.clients.FetchSessionHandler [node1:8080] - [Consumer clientId=consumer-order-events-consumer-4, groupId=order-events-consumer] Error sending fetch request (sessionId=614027490, epoch=INITIAL) to node 1001:
org.apache.kafka.common.errors.DisconnectException: null
2025-12-11 02:00:35.122 [org.springframework.kafka.KafkaListenerEndpointContainer#2-0-C-1] INFO  o.a.k.clients.FetchSessionHandler [node1:8080] - [Consumer clientId=consumer-notification-batch-consumer-1, groupId=notification-batch-consumer] Error sending fetch request (sessionId=2032618788, epoch=INITIAL) to node 1001:
org.apache.kafka.common.errors.DisconnectException: null
2025-12-11 02:00:35.140 [org.springframework.kafka.KafkaListenerEndpointContainer#3-0-C-1] INFO  o.a.k.clients.FetchSessionHandler [node1:8080] - [Consumer clientId=consumer-pattern-consumer-2, groupId=pattern-consumer] Error sending fetch request (sessionId=930618662, epoch=INITIAL) to node 1001:
org.apache.kafka.common.errors.DisconnectException: null
2025-12-11 02:16:22.028 [HikariPool-1 housekeeper] WARN  com.zaxxer.hikari.pool.HikariPool [node1:8080] - HikariPool-1 - Thread starvation or clock leap detected (housekeeper delta=16m186ms).
2025-12-11 02:16:43.020 [org.springframework.kafka.KafkaListenerEndpointContainer#1-0-C-1] INFO  o.a.k.clients.FetchSessionHandler [node1:8080] - [Consumer clientId=consumer-order-events-consumer-4, groupId=order-events-consumer] Error sending fetch request (sessionId=614027490, epoch=INITIAL) to node 1001:
org.apache.kafka.common.errors.DisconnectException: null
2025-12-11 02:16:43.021 [org.springframework.kafka.KafkaListenerEndpointContainer#2-0-C-1] INFO  o.a.k.clients.FetchSessionHandler [node1:8080] - [Consumer clientId=consumer-notification-batch-consumer-1, groupId=notification-batch-consumer] Error sending fetch request (sessionId=2032618788, epoch=INITIAL) to node 1001:
org.apache.kafka.common.errors.DisconnectException: null
2025-12-11 02:16:43.021 [org.springframework.kafka.KafkaListenerEndpointContainer#3-0-C-1] INFO  o.a.k.clients.FetchSessionHandler [node1:8080] - [Consumer clientId=consumer-pattern-consumer-2, groupId=pattern-consumer] Error sending fetch request (sessionId=930618662, epoch=INITIAL) to node 1001:
org.apache.kafka.common.errors.DisconnectException: null
2025-12-11 02:26:15.007 [org.springframework.kafka.KafkaListenerEndpointContainer#2-0-C-1] INFO  o.a.k.clients.FetchSessionHandler [node1:8080] - [Consumer clientId=consumer-notification-batch-consumer-1, groupId=notification-batch-consumer] Error sending fetch request (sessionId=2032618788, epoch=INITIAL) to node 1001:
org.apache.kafka.common.errors.DisconnectException: null
2025-12-11 02:26:15.007 [org.springframework.kafka.KafkaListenerEndpointContainer#1-0-C-1] INFO  o.a.k.clients.FetchSessionHandler [node1:8080] - [Consumer clientId=consumer-order-events-consumer-4, groupId=order-events-consumer] Error sending fetch request (sessionId=614027490, epoch=INITIAL) to node 1001:
org.apache.kafka.common.errors.DisconnectException: null
2025-12-11 02:26:15.007 [org.springframework.kafka.KafkaListenerEndpointContainer#3-0-C-1] INFO  o.a.k.clients.FetchSessionHandler [node1:8080] - [Consumer clientId=consumer-pattern-consumer-2, groupId=pattern-consumer] Error sending fetch request (sessionId=930618662, epoch=INITIAL) to node 1001:
org.apache.kafka.common.errors.DisconnectException: null
2025-12-11 02:26:39.686 [HikariPool-1 housekeeper] WARN  com.zaxxer.hikari.pool.HikariPool [node1:8080] - HikariPool-1 - Thread starvation or clock leap detected (housekeeper delta=9m47s658ms).
2025-12-11 02:26:46.079 [org.springframework.kafka.KafkaListenerEndpointContainer#2-0-C-1] INFO  o.a.k.clients.FetchSessionHandler [node1:8080] - [Consumer clientId=consumer-notification-batch-consumer-1, groupId=notification-batch-consumer] Error sending fetch request (sessionId=2032618788, epoch=INITIAL) to node 1001:
org.apache.kafka.common.errors.DisconnectException: null
2025-12-11 02:26:46.081 [org.springframework.kafka.KafkaListenerEndpointContainer#1-0-C-1] INFO  o.a.k.clients.FetchSessionHandler [node1:8080] - [Consumer clientId=consumer-order-events-consumer-4, groupId=order-events-consumer] Error sending fetch request (sessionId=614027490, epoch=INITIAL) to node 1001:
org.apache.kafka.common.errors.DisconnectException: null
2025-12-11 02:26:47.062 [org.springframework.kafka.KafkaListenerEndpointContainer#3-0-C-1] INFO  o.a.k.clients.FetchSessionHandler [node1:8080] - [Consumer clientId=consumer-pattern-consumer-2, groupId=pattern-consumer] Error sending fetch request (sessionId=930618662, epoch=INITIAL) to node 1001:
org.apache.kafka.common.errors.DisconnectException: null
2025-12-11 02:36:26.502 [org.springframework.kafka.KafkaListenerEndpointContainer#2-0-C-1] INFO  o.a.k.clients.FetchSessionHandler [node1:8080] - [Consumer clientId=consumer-notification-batch-consumer-1, groupId=notification-batch-consumer] Error sending fetch request (sessionId=2032618788, epoch=INITIAL) to node 1001:
org.apache.kafka.common.errors.DisconnectException: null
2025-12-11 02:36:26.504 [org.springframework.kafka.KafkaListenerEndpointContainer#1-0-C-1] INFO  o.a.k.clients.FetchSessionHandler [node1:8080] - [Consumer clientId=consumer-order-events-consumer-4, groupId=order-events-consumer] Error sending fetch request (sessionId=614027490, epoch=INITIAL) to node 1001:
org.apache.kafka.common.errors.DisconnectException: null
2025-12-11 02:36:27.110 [HikariPool-1 housekeeper] WARN  com.zaxxer.hikari.pool.HikariPool [node1:8080] - HikariPool-1 - Thread starvation or clock leap detected (housekeeper delta=9m47s423ms).
2025-12-11 02:36:27.936 [org.springframework.kafka.KafkaListenerEndpointContainer#3-0-C-1] INFO  o.a.k.clients.FetchSessionHandler [node1:8080] - [Consumer clientId=consumer-pattern-consumer-2, groupId=pattern-consumer] Error sending fetch request (sessionId=930618662, epoch=INITIAL) to node 1001:
org.apache.kafka.common.errors.DisconnectException: null
2025-12-11 02:36:57.110 [org.springframework.kafka.KafkaListenerEndpointContainer#2-0-C-1] INFO  o.a.k.clients.FetchSessionHandler [node1:8080] - [Consumer clientId=consumer-notification-batch-consumer-1, groupId=notification-batch-consumer] Error sending fetch request (sessionId=2032618788, epoch=INITIAL) to node 1001:
org.apache.kafka.common.errors.DisconnectException: null
2025-12-11 02:36:57.110 [org.springframework.kafka.KafkaListenerEndpointContainer#1-0-C-1] INFO  o.a.k.clients.FetchSessionHandler [node1:8080] - [Consumer clientId=consumer-order-events-consumer-4, groupId=order-events-consumer] Error sending fetch request (sessionId=614027490, epoch=INITIAL) to node 1001:
org.apache.kafka.common.errors.DisconnectException: null
2025-12-11 02:37:00.950 [org.springframework.kafka.KafkaListenerEndpointContainer#3-0-C-1] INFO  o.a.k.clients.FetchSessionHandler [node1:8080] - [Consumer clientId=consumer-pattern-consumer-2, groupId=pattern-consumer] Error sending fetch request (sessionId=930618662, epoch=INITIAL) to node 1001:
org.apache.kafka.common.errors.DisconnectException: null
2025-12-11 02:46:32.006 [org.springframework.kafka.KafkaListenerEndpointContainer#3-0-C-1] INFO  o.a.k.clients.FetchSessionHandler [node1:8080] - [Consumer clientId=consumer-pattern-consumer-2, groupId=pattern-consumer] Error sending fetch request (sessionId=930618662, epoch=INITIAL) to node 1001:
org.apache.kafka.common.errors.DisconnectException: null
2025-12-11 02:46:32.011 [org.springframework.kafka.KafkaListenerEndpointContainer#2-0-C-1] INFO  o.a.k.clients.FetchSessionHandler [node1:8080] - [Consumer clientId=consumer-notification-batch-consumer-1, groupId=notification-batch-consumer] Error sending fetch request (sessionId=2032618788, epoch=INITIAL) to node 1001:
org.apache.kafka.common.errors.DisconnectException: null
2025-12-11 02:46:32.011 [org.springframework.kafka.KafkaListenerEndpointContainer#1-0-C-1] INFO  o.a.k.clients.FetchSessionHandler [node1:8080] - [Consumer clientId=consumer-order-events-consumer-4, groupId=order-events-consumer] Error sending fetch request (sessionId=614027490, epoch=INITIAL) to node 1001:
org.apache.kafka.common.errors.DisconnectException: null
2025-12-11 02:46:43.259 [HikariPool-1 housekeeper] WARN  com.zaxxer.hikari.pool.HikariPool [node1:8080] - HikariPool-1 - Thread starvation or clock leap detected (housekeeper delta=9m45s685ms).
2025-12-11 02:47:05.019 [org.springframework.kafka.KafkaListenerEndpointContainer#3-0-C-1] INFO  o.a.k.clients.FetchSessionHandler [node1:8080] - [Consumer clientId=consumer-pattern-consumer-2, groupId=pattern-consumer] Error sending fetch request (sessionId=930618662, epoch=INITIAL) to node 1001:
org.apache.kafka.common.errors.DisconnectException: null
2025-12-11 02:47:05.020 [org.springframework.kafka.KafkaListenerEndpointContainer#1-0-C-1] INFO  o.a.k.clients.FetchSessionHandler [node1:8080] - [Consumer clientId=consumer-order-events-consumer-4, groupId=order-events-consumer] Error sending fetch request (sessionId=614027490, epoch=INITIAL) to node 1001:
org.apache.kafka.common.errors.DisconnectException: null
2025-12-11 02:47:05.022 [org.springframework.kafka.KafkaListenerEndpointContainer#2-0-C-1] INFO  o.a.k.clients.FetchSessionHandler [node1:8080] - [Consumer clientId=consumer-notification-batch-consumer-1, groupId=notification-batch-consumer] Error sending fetch request (sessionId=2032618788, epoch=INITIAL) to node 1001:
org.apache.kafka.common.errors.DisconnectException: null
2025-12-11 02:56:39.007 [org.springframework.kafka.KafkaListenerEndpointContainer#2-0-C-1] INFO  o.a.k.clients.FetchSessionHandler [node1:8080] - [Consumer clientId=consumer-notification-batch-consumer-1, groupId=notification-batch-consumer] Error sending fetch request (sessionId=2032618788, epoch=INITIAL) to node 1001:
org.apache.kafka.common.errors.DisconnectException: null
2025-12-11 02:56:39.007 [org.springframework.kafka.KafkaListenerEndpointContainer#3-0-C-1] INFO  o.a.k.clients.FetchSessionHandler [node1:8080] - [Consumer clientId=consumer-pattern-consumer-2, groupId=pattern-consumer] Error sending fetch request (sessionId=930618662, epoch=INITIAL) to node 1001:
org.apache.kafka.common.errors.DisconnectException: null
2025-12-11 02:56:39.007 [org.springframework.kafka.KafkaListenerEndpointContainer#1-0-C-1] INFO  o.a.k.clients.FetchSessionHandler [node1:8080] - [Consumer clientId=consumer-order-events-consumer-4, groupId=order-events-consumer] Error sending fetch request (sessionId=614027490, epoch=INITIAL) to node 1001:
org.apache.kafka.common.errors.DisconnectException: null
2025-12-11 02:56:58.702 [HikariPool-1 housekeeper] WARN  com.zaxxer.hikari.pool.HikariPool [node1:8080] - HikariPool-1 - Thread starvation or clock leap detected (housekeeper delta=9m45s439ms).
2025-12-11 02:57:09.239 [HikariPool-1 connection adder] ERROR com.zaxxer.hikari.pool.HikariPool [node1:8080] - HikariPool-1 - Error thrown while acquiring connection from data source
com.mysql.cj.jdbc.exceptions.CommunicationsException: Communications link failure

The last packet successfully received from the server was 5,011 milliseconds ago. The last packet sent successfully to the server was 5,011 milliseconds ago.
	at com.mysql.cj.jdbc.exceptions.SQLError.createCommunicationsException(SQLError.java:174)
	at com.mysql.cj.jdbc.exceptions.SQLExceptionsMapping.translateException(SQLExceptionsMapping.java:64)
	at com.mysql.cj.jdbc.ConnectionImpl.isReadOnly(ConnectionImpl.java:1402)
	at com.mysql.cj.jdbc.ConnectionImpl.isReadOnly(ConnectionImpl.java:1387)
	at com.zaxxer.hikari.pool.PoolBase.setupConnection(PoolBase.java:408)
	at com.zaxxer.hikari.pool.PoolBase.newConnection(PoolBase.java:369)
	at com.zaxxer.hikari.pool.PoolBase.newPoolEntry(PoolBase.java:206)
	at com.zaxxer.hikari.pool.HikariPool.createPoolEntry(HikariPool.java:476)
	at com.zaxxer.hikari.pool.HikariPool.access$100(HikariPool.java:71)
	at com.zaxxer.hikari.pool.HikariPool$PoolEntryCreator.call(HikariPool.java:726)
	at com.zaxxer.hikari.pool.HikariPool$PoolEntryCreator.call(HikariPool.java:712)
	at java.base/java.util.concurrent.FutureTask.run(FutureTask.java:264)
	at java.base/java.util.concurrent.ThreadPoolExecutor.runWorker(ThreadPoolExecutor.java:1128)
	at java.base/java.util.concurrent.ThreadPoolExecutor$Worker.run(ThreadPoolExecutor.java:628)
	at java.base/java.lang.Thread.run(Thread.java:829)
Caused by: com.mysql.cj.exceptions.CJCommunicationsException: Communications link failure

The last packet successfully received from the server was 5,011 milliseconds ago. The last packet sent successfully to the server was 5,011 milliseconds ago.
	at java.base/jdk.internal.reflect.NativeConstructorAccessorImpl.newInstance0(Native Method)
	at java.base/jdk.internal.reflect.NativeConstructorAccessorImpl.newInstance(NativeConstructorAccessorImpl.java:62)
	at java.base/jdk.internal.reflect.DelegatingConstructorAccessorImpl.newInstance(DelegatingConstructorAccessorImpl.java:45)
	at java.base/java.lang.reflect.Constructor.newInstance(Constructor.java:490)
	at com.mysql.cj.exceptions.ExceptionFactory.createException(ExceptionFactory.java:61)
	at com.mysql.cj.exceptions.ExceptionFactory.createException(ExceptionFactory.java:105)
	at com.mysql.cj.exceptions.ExceptionFactory.createException(ExceptionFactory.java:151)
	at com.mysql.cj.exceptions.ExceptionFactory.createCommunicationsException(ExceptionFactory.java:167)
	at com.mysql.cj.protocol.a.NativeProtocol.readMessage(NativeProtocol.java:581)
	at com.mysql.cj.protocol.a.NativeProtocol.checkErrorMessage(NativeProtocol.java:761)
	at com.mysql.cj.protocol.a.NativeProtocol.sendCommand(NativeProtocol.java:700)
	at com.mysql.cj.protocol.a.NativeProtocol.sendCommand(NativeProtocol.java:155)
	at com.mysql.cj.NativeSession.queryServerVariable(NativeSession.java:597)
	at com.mysql.cj.jdbc.ConnectionImpl.isReadOnly(ConnectionImpl.java:1394)
	... 12 common frames omitted
Caused by: java.net.SocketTimeoutException: Read timed out
	at java.base/java.net.SocketInputStream.socketRead0(Native Method)
	at java.base/java.net.SocketInputStream.socketRead(SocketInputStream.java:115)
	at java.base/java.net.SocketInputStream.read(SocketInputStream.java:168)
	at java.base/java.net.SocketInputStream.read(SocketInputStream.java:140)
	at com.mysql.cj.protocol.ReadAheadInputStream.fill(ReadAheadInputStream.java:107)
	at com.mysql.cj.protocol.ReadAheadInputStream.readFromUnderlyingStreamIfNecessary(ReadAheadInputStream.java:150)
	at com.mysql.cj.protocol.ReadAheadInputStream.read(ReadAheadInputStream.java:180)
	at java.base/java.io.FilterInputStream.read(FilterInputStream.java:133)
	at com.mysql.cj.protocol.FullReadInputStream.readFully(FullReadInputStream.java:64)
	at com.mysql.cj.protocol.a.SimplePacketReader.readHeaderLocal(SimplePacketReader.java:81)
	at com.mysql.cj.protocol.a.SimplePacketReader.readHeader(SimplePacketReader.java:63)
	at com.mysql.cj.protocol.a.SimplePacketReader.readHeader(SimplePacketReader.java:45)
	at com.mysql.cj.protocol.a.TimeTrackingPacketReader.readHeader(TimeTrackingPacketReader.java:52)
	at com.mysql.cj.protocol.a.TimeTrackingPacketReader.readHeader(TimeTrackingPacketReader.java:41)
	at com.mysql.cj.protocol.a.MultiPacketReader.readHeader(MultiPacketReader.java:54)
	at com.mysql.cj.protocol.a.MultiPacketReader.readHeader(MultiPacketReader.java:44)
	at com.mysql.cj.protocol.a.NativeProtocol.readMessage(NativeProtocol.java:575)
	... 17 common frames omitted
2025-12-11 02:57:12.021 [org.springframework.kafka.KafkaListenerEndpointContainer#2-0-C-1] INFO  o.a.k.clients.FetchSessionHandler [node1:8080] - [Consumer clientId=consumer-notification-batch-consumer-1, groupId=notification-batch-consumer] Error sending fetch request (sessionId=2032618788, epoch=INITIAL) to node 1001:
org.apache.kafka.common.errors.DisconnectException: null
2025-12-11 02:57:12.023 [org.springframework.kafka.KafkaListenerEndpointContainer#1-0-C-1] INFO  o.a.k.clients.FetchSessionHandler [node1:8080] - [Consumer clientId=consumer-order-events-consumer-4, groupId=order-events-consumer] Error sending fetch request (sessionId=614027490, epoch=INITIAL) to node 1001:
org.apache.kafka.common.errors.DisconnectException: null
2025-12-11 02:57:12.023 [org.springframework.kafka.KafkaListenerEndpointContainer#3-0-C-1] INFO  o.a.k.clients.FetchSessionHandler [node1:8080] - [Consumer clientId=consumer-pattern-consumer-2, groupId=pattern-consumer] Error sending fetch request (sessionId=930618662, epoch=INITIAL) to node 1001:
org.apache.kafka.common.errors.DisconnectException: null
2025-12-11 03:06:44.006 [HikariPool-1 housekeeper] WARN  com.zaxxer.hikari.pool.HikariPool [node1:8080] - HikariPool-1 - Thread starvation or clock leap detected (housekeeper delta=9m45s304ms).
2025-12-11 03:06:44.006 [org.springframework.kafka.KafkaListenerEndpointContainer#3-0-C-1] INFO  o.a.k.clients.FetchSessionHandler [node1:8080] - [Consumer clientId=consumer-pattern-consumer-2, groupId=pattern-consumer] Error sending fetch request (sessionId=930618662, epoch=INITIAL) to node 1001:
org.apache.kafka.common.errors.DisconnectException: null
2025-12-11 03:06:44.006 [org.springframework.kafka.KafkaListenerEndpointContainer#1-0-C-1] INFO  o.a.k.clients.FetchSessionHandler [node1:8080] - [Consumer clientId=consumer-order-events-consumer-4, groupId=order-events-consumer] Error sending fetch request (sessionId=614027490, epoch=INITIAL) to node 1001:
org.apache.kafka.common.errors.DisconnectException: null
2025-12-11 03:06:44.006 [org.springframework.kafka.KafkaListenerEndpointContainer#2-0-C-1] INFO  o.a.k.clients.FetchSessionHandler [node1:8080] - [Consumer clientId=consumer-notification-batch-consumer-1, groupId=notification-batch-consumer] Error sending fetch request (sessionId=2032618788, epoch=INITIAL) to node 1001:
org.apache.kafka.common.errors.DisconnectException: null
2025-12-11 03:07:14.647 [org.springframework.kafka.KafkaListenerEndpointContainer#3-0-C-1] INFO  o.a.k.clients.FetchSessionHandler [node1:8080] - [Consumer clientId=consumer-pattern-consumer-2, groupId=pattern-consumer] Error sending fetch request (sessionId=930618662, epoch=INITIAL) to node 1001:
org.apache.kafka.common.errors.DisconnectException: null
2025-12-11 03:07:14.648 [org.springframework.kafka.KafkaListenerEndpointContainer#1-0-C-1] INFO  o.a.k.clients.FetchSessionHandler [node1:8080] - [Consumer clientId=consumer-order-events-consumer-4, groupId=order-events-consumer] Error sending fetch request (sessionId=614027490, epoch=INITIAL) to node 1001:
org.apache.kafka.common.errors.DisconnectException: null
2025-12-11 03:07:14.648 [org.springframework.kafka.KafkaListenerEndpointContainer#2-0-C-1] INFO  o.a.k.clients.FetchSessionHandler [node1:8080] - [Consumer clientId=consumer-notification-batch-consumer-1, groupId=notification-batch-consumer] Error sending fetch request (sessionId=2032618788, epoch=INITIAL) to node 1001:
org.apache.kafka.common.errors.DisconnectException: null
2025-12-11 03:16:49.008 [org.springframework.kafka.KafkaListenerEndpointContainer#3-0-C-1] INFO  o.a.k.clients.FetchSessionHandler [node1:8080] - [Consumer clientId=consumer-pattern-consumer-2, groupId=pattern-consumer] Error sending fetch request (sessionId=930618662, epoch=INITIAL) to node 1001:
org.apache.kafka.common.errors.DisconnectException: null
2025-12-11 03:16:49.008 [org.springframework.kafka.KafkaListenerEndpointContainer#2-0-C-1] INFO  o.a.k.clients.FetchSessionHandler [node1:8080] - [Consumer clientId=consumer-notification-batch-consumer-1, groupId=notification-batch-consumer] Error sending fetch request (sessionId=2032618788, epoch=INITIAL) to node 1001:
org.apache.kafka.common.errors.DisconnectException: null
2025-12-11 03:16:49.008 [org.springframework.kafka.KafkaListenerEndpointContainer#1-0-C-1] INFO  o.a.k.clients.FetchSessionHandler [node1:8080] - [Consumer clientId=consumer-order-events-consumer-4, groupId=order-events-consumer] Error sending fetch request (sessionId=614027490, epoch=INITIAL) to node 1001:
org.apache.kafka.common.errors.DisconnectException: null
2025-12-11 03:16:59.599 [HikariPool-1 housekeeper] WARN  com.zaxxer.hikari.pool.HikariPool [node1:8080] - HikariPool-1 - Thread starvation or clock leap detected (housekeeper delta=9m44s957ms).
2025-12-11 03:17:22.019 [org.springframework.kafka.KafkaListenerEndpointContainer#3-0-C-1] INFO  o.a.k.clients.FetchSessionHandler [node1:8080] - [Consumer clientId=consumer-pattern-consumer-2, groupId=pattern-consumer] Error sending fetch request (sessionId=930618662, epoch=INITIAL) to node 1001:
org.apache.kafka.common.errors.DisconnectException: null
2025-12-11 03:17:22.022 [org.springframework.kafka.KafkaListenerEndpointContainer#2-0-C-1] INFO  o.a.k.clients.FetchSessionHandler [node1:8080] - [Consumer clientId=consumer-notification-batch-consumer-1, groupId=notification-batch-consumer] Error sending fetch request (sessionId=2032618788, epoch=INITIAL) to node 1001:
org.apache.kafka.common.errors.DisconnectException: null
2025-12-11 03:17:22.023 [org.springframework.kafka.KafkaListenerEndpointContainer#1-0-C-1] INFO  o.a.k.clients.FetchSessionHandler [node1:8080] - [Consumer clientId=consumer-order-events-consumer-4, groupId=order-events-consumer] Error sending fetch request (sessionId=614027490, epoch=INITIAL) to node 1001:
org.apache.kafka.common.errors.DisconnectException: null
2025-12-11 03:26:57.247 [org.springframework.kafka.KafkaListenerEndpointContainer#3-0-C-1] INFO  o.a.k.clients.FetchSessionHandler [node1:8080] - [Consumer clientId=consumer-pattern-consumer-2, groupId=pattern-consumer] Error sending fetch request (sessionId=930618662, epoch=INITIAL) to node 1001:
org.apache.kafka.common.errors.DisconnectException: null
2025-12-11 03:26:57.247 [org.springframework.kafka.KafkaListenerEndpointContainer#2-0-C-1] INFO  o.a.k.clients.FetchSessionHandler [node1:8080] - [Consumer clientId=consumer-notification-batch-consumer-1, groupId=notification-batch-consumer] Error sending fetch request (sessionId=2032618788, epoch=INITIAL) to node 1001:
org.apache.kafka.common.errors.DisconnectException: null
2025-12-11 03:26:57.248 [org.springframework.kafka.KafkaListenerEndpointContainer#1-0-C-1] INFO  o.a.k.clients.FetchSessionHandler [node1:8080] - [Consumer clientId=consumer-order-events-consumer-4, groupId=order-events-consumer] Error sending fetch request (sessionId=614027490, epoch=INITIAL) to node 1001:
org.apache.kafka.common.errors.DisconnectException: null
2025-12-11 03:27:14.997 [HikariPool-1 housekeeper] WARN  com.zaxxer.hikari.pool.HikariPool [node1:8080] - HikariPool-1 - Thread starvation or clock leap detected (housekeeper delta=9m45s391ms).
2025-12-11 03:27:30.255 [org.springframework.kafka.KafkaListenerEndpointContainer#3-0-C-1] INFO  o.a.k.clients.FetchSessionHandler [node1:8080] - [Consumer clientId=consumer-pattern-consumer-2, groupId=pattern-consumer] Error sending fetch request (sessionId=930618662, epoch=INITIAL) to node 1001:
org.apache.kafka.common.errors.DisconnectException: null
2025-12-11 03:27:30.255 [org.springframework.kafka.KafkaListenerEndpointContainer#2-0-C-1] INFO  o.a.k.clients.FetchSessionHandler [node1:8080] - [Consumer clientId=consumer-notification-batch-consumer-1, groupId=notification-batch-consumer] Error sending fetch request (sessionId=2032618788, epoch=INITIAL) to node 1001:
org.apache.kafka.common.errors.DisconnectException: null
2025-12-11 03:27:30.256 [org.springframework.kafka.KafkaListenerEndpointContainer#1-0-C-1] INFO  o.a.k.clients.FetchSessionHandler [node1:8080] - [Consumer clientId=consumer-order-events-consumer-4, groupId=order-events-consumer] Error sending fetch request (sessionId=614027490, epoch=INITIAL) to node 1001:
org.apache.kafka.common.errors.DisconnectException: null
2025-12-11 03:37:01.009 [org.springframework.kafka.KafkaListenerEndpointContainer#2-0-C-1] INFO  o.a.k.clients.FetchSessionHandler [node1:8080] - [Consumer clientId=consumer-notification-batch-consumer-1, groupId=notification-batch-consumer] Error sending fetch request (sessionId=2032618788, epoch=INITIAL) to node 1001:
org.apache.kafka.common.errors.DisconnectException: null
2025-12-11 03:37:01.009 [org.springframework.kafka.KafkaListenerEndpointContainer#3-0-C-1] INFO  o.a.k.clients.FetchSessionHandler [node1:8080] - [Consumer clientId=consumer-pattern-consumer-2, groupId=pattern-consumer] Error sending fetch request (sessionId=930618662, epoch=INITIAL) to node 1001:
org.apache.kafka.common.errors.DisconnectException: null
2025-12-11 03:37:01.013 [org.springframework.kafka.KafkaListenerEndpointContainer#1-0-C-1] INFO  o.a.k.clients.FetchSessionHandler [node1:8080] - [Consumer clientId=consumer-order-events-consumer-4, groupId=order-events-consumer] Error sending fetch request (sessionId=614027490, epoch=INITIAL) to node 1001:
org.apache.kafka.common.errors.DisconnectException: null
2025-12-11 03:37:30.340 [HikariPool-1 housekeeper] WARN  com.zaxxer.hikari.pool.HikariPool [node1:8080] - HikariPool-1 - Thread starvation or clock leap detected (housekeeper delta=9m45s333ms).
2025-12-11 03:37:32.103 [org.springframework.kafka.KafkaListenerEndpointContainer#2-0-C-1] INFO  o.a.k.clients.FetchSessionHandler [node1:8080] - [Consumer clientId=consumer-notification-batch-consumer-1, groupId=notification-batch-consumer] Error sending fetch request (sessionId=2032618788, epoch=INITIAL) to node 1001:
org.apache.kafka.common.errors.DisconnectException: null
2025-12-11 03:37:32.104 [org.springframework.kafka.KafkaListenerEndpointContainer#3-0-C-1] INFO  o.a.k.clients.FetchSessionHandler [node1:8080] - [Consumer clientId=consumer-pattern-consumer-2, groupId=pattern-consumer] Error sending fetch request (sessionId=930618662, epoch=INITIAL) to node 1001:
org.apache.kafka.common.errors.DisconnectException: null
2025-12-11 03:37:32.104 [org.springframework.kafka.KafkaListenerEndpointContainer#1-0-C-1] INFO  o.a.k.clients.FetchSessionHandler [node1:8080] - [Consumer clientId=consumer-order-events-consumer-4, groupId=order-events-consumer] Error sending fetch request (sessionId=614027490, epoch=INITIAL) to node 1001:
org.apache.kafka.common.errors.DisconnectException: null
2025-12-11 03:47:07.008 [org.springframework.kafka.KafkaListenerEndpointContainer#2-0-C-1] INFO  o.a.k.clients.FetchSessionHandler [node1:8080] - [Consumer clientId=consumer-notification-batch-consumer-1, groupId=notification-batch-consumer] Error sending fetch request (sessionId=2032618788, epoch=INITIAL) to node 1001:
org.apache.kafka.common.errors.DisconnectException: null
2025-12-11 03:47:07.008 [org.springframework.kafka.KafkaListenerEndpointContainer#3-0-C-1] INFO  o.a.k.clients.FetchSessionHandler [node1:8080] - [Consumer clientId=consumer-pattern-consumer-2, groupId=pattern-consumer] Error sending fetch request (sessionId=930618662, epoch=INITIAL) to node 1001:
org.apache.kafka.common.errors.DisconnectException: null
2025-12-11 03:47:07.009 [org.springframework.kafka.KafkaListenerEndpointContainer#1-0-C-1] INFO  o.a.k.clients.FetchSessionHandler [node1:8080] - [Consumer clientId=consumer-order-events-consumer-4, groupId=order-events-consumer] Error sending fetch request (sessionId=614027490, epoch=INITIAL) to node 1001:
org.apache.kafka.common.errors.DisconnectException: null
2025-12-11 03:47:15.918 [HikariPool-1 housekeeper] WARN  com.zaxxer.hikari.pool.HikariPool [node1:8080] - HikariPool-1 - Thread starvation or clock leap detected (housekeeper delta=9m45s578ms).
2025-12-11 03:47:38.110 [org.springframework.kafka.KafkaListenerEndpointContainer#3-0-C-1] INFO  o.a.k.clients.FetchSessionHandler [node1:8080] - [Consumer clientId=consumer-pattern-consumer-2, groupId=pattern-consumer] Error sending fetch request (sessionId=930618662, epoch=INITIAL) to node 1001:
org.apache.kafka.common.errors.DisconnectException: null
2025-12-11 03:47:38.111 [org.springframework.kafka.KafkaListenerEndpointContainer#1-0-C-1] INFO  o.a.k.clients.FetchSessionHandler [node1:8080] - [Consumer clientId=consumer-order-events-consumer-4, groupId=order-events-consumer] Error sending fetch request (sessionId=614027490, epoch=INITIAL) to node 1001:
org.apache.kafka.common.errors.DisconnectException: null
2025-12-11 03:47:38.110 [org.springframework.kafka.KafkaListenerEndpointContainer#2-0-C-1] INFO  o.a.k.clients.FetchSessionHandler [node1:8080] - [Consumer clientId=consumer-notification-batch-consumer-1, groupId=notification-batch-consumer] Error sending fetch request (sessionId=2032618788, epoch=INITIAL) to node 1001:
org.apache.kafka.common.errors.DisconnectException: null
2025-12-11 03:57:14.008 [org.springframework.kafka.KafkaListenerEndpointContainer#2-0-C-1] INFO  o.a.k.clients.FetchSessionHandler [node1:8080] - [Consumer clientId=consumer-notification-batch-consumer-1, groupId=notification-batch-consumer] Error sending fetch request (sessionId=2032618788, epoch=INITIAL) to node 1001:
org.apache.kafka.common.errors.DisconnectException: null
2025-12-11 03:57:14.008 [org.springframework.kafka.KafkaListenerEndpointContainer#3-0-C-1] INFO  o.a.k.clients.FetchSessionHandler [node1:8080] - [Consumer clientId=consumer-pattern-consumer-2, groupId=pattern-consumer] Error sending fetch request (sessionId=930618662, epoch=INITIAL) to node 1001:
org.apache.kafka.common.errors.DisconnectException: null
2025-12-11 03:57:14.008 [org.springframework.kafka.KafkaListenerEndpointContainer#1-0-C-1] INFO  o.a.k.clients.FetchSessionHandler [node1:8080] - [Consumer clientId=consumer-order-events-consumer-4, groupId=order-events-consumer] Error sending fetch request (sessionId=614027490, epoch=INITIAL) to node 1001:
org.apache.kafka.common.errors.DisconnectException: null
2025-12-11 03:57:31.359 [HikariPool-1 housekeeper] WARN  com.zaxxer.hikari.pool.HikariPool [node1:8080] - HikariPool-1 - Thread starvation or clock leap detected (housekeeper delta=9m45s435ms).
2025-12-11 03:57:45.110 [org.springframework.kafka.KafkaListenerEndpointContainer#2-0-C-1] INFO  o.a.k.clients.FetchSessionHandler [node1:8080] - [Consumer clientId=consumer-notification-batch-consumer-1, groupId=notification-batch-consumer] Error sending fetch request (sessionId=2032618788, epoch=INITIAL) to node 1001:
org.apache.kafka.common.errors.DisconnectException: null
2025-12-11 03:57:45.130 [org.springframework.kafka.KafkaListenerEndpointContainer#1-0-C-1] INFO  o.a.k.clients.FetchSessionHandler [node1:8080] - [Consumer clientId=consumer-order-events-consumer-4, groupId=order-events-consumer] Error sending fetch request (sessionId=614027490, epoch=INITIAL) to node 1001:
org.apache.kafka.common.errors.DisconnectException: null
2025-12-11 03:57:45.130 [org.springframework.kafka.KafkaListenerEndpointContainer#3-0-C-1] INFO  o.a.k.clients.FetchSessionHandler [node1:8080] - [Consumer clientId=consumer-pattern-consumer-2, groupId=pattern-consumer] Error sending fetch request (sessionId=930618662, epoch=INITIAL) to node 1001:
org.apache.kafka.common.errors.DisconnectException: null
2025-12-11 04:07:19.009 [org.springframework.kafka.KafkaListenerEndpointContainer#2-0-C-1] INFO  o.a.k.clients.FetchSessionHandler [node1:8080] - [Consumer clientId=consumer-notification-batch-consumer-1, groupId=notification-batch-consumer] Error sending fetch request (sessionId=2032618788, epoch=INITIAL) to node 1001:
org.apache.kafka.common.errors.DisconnectException: null
2025-12-11 04:07:19.009 [org.springframework.kafka.KafkaListenerEndpointContainer#1-0-C-1] INFO  o.a.k.clients.FetchSessionHandler [node1:8080] - [Consumer clientId=consumer-order-events-consumer-4, groupId=order-events-consumer] Error sending fetch request (sessionId=614027490, epoch=INITIAL) to node 1001:
org.apache.kafka.common.errors.DisconnectException: null
2025-12-11 04:07:19.009 [org.springframework.kafka.KafkaListenerEndpointContainer#3-0-C-1] INFO  o.a.k.clients.FetchSessionHandler [node1:8080] - [Consumer clientId=consumer-pattern-consumer-2, groupId=pattern-consumer] Error sending fetch request (sessionId=930618662, epoch=INITIAL) to node 1001:
org.apache.kafka.common.errors.DisconnectException: null
2025-12-11 04:07:46.825 [HikariPool-1 housekeeper] WARN  com.zaxxer.hikari.pool.HikariPool [node1:8080] - HikariPool-1 - Thread starvation or clock leap detected (housekeeper delta=9m45s464ms).
2025-12-11 04:07:52.022 [org.springframework.kafka.KafkaListenerEndpointContainer#2-0-C-1] INFO  o.a.k.clients.FetchSessionHandler [node1:8080] - [Consumer clientId=consumer-notification-batch-consumer-1, groupId=notification-batch-consumer] Error sending fetch request (sessionId=2032618788, epoch=INITIAL) to node 1001:
org.apache.kafka.common.errors.DisconnectException: null
2025-12-11 04:07:52.022 [org.springframework.kafka.KafkaListenerEndpointContainer#1-0-C-1] INFO  o.a.k.clients.FetchSessionHandler [node1:8080] - [Consumer clientId=consumer-order-events-consumer-4, groupId=order-events-consumer] Error sending fetch request (sessionId=614027490, epoch=INITIAL) to node 1001:
org.apache.kafka.common.errors.DisconnectException: null
2025-12-11 04:07:52.022 [org.springframework.kafka.KafkaListenerEndpointContainer#3-0-C-1] INFO  o.a.k.clients.FetchSessionHandler [node1:8080] - [Consumer clientId=consumer-pattern-consumer-2, groupId=pattern-consumer] Error sending fetch request (sessionId=930618662, epoch=INITIAL) to node 1001:
org.apache.kafka.common.errors.DisconnectException: null
2025-12-11 04:17:26.012 [org.springframework.kafka.KafkaListenerEndpointContainer#3-0-C-1] INFO  o.a.k.clients.FetchSessionHandler [node1:8080] - [Consumer clientId=consumer-pattern-consumer-2, groupId=pattern-consumer] Error sending fetch request (sessionId=930618662, epoch=INITIAL) to node 1001:
org.apache.kafka.common.errors.DisconnectException: null
2025-12-11 04:17:26.012 [org.springframework.kafka.KafkaListenerEndpointContainer#1-0-C-1] INFO  o.a.k.clients.FetchSessionHandler [node1:8080] - [Consumer clientId=consumer-order-events-consumer-4, groupId=order-events-consumer] Error sending fetch request (sessionId=614027490, epoch=INITIAL) to node 1001:
org.apache.kafka.common.errors.DisconnectException: null
2025-12-11 04:17:26.012 [org.springframework.kafka.KafkaListenerEndpointContainer#2-0-C-1] INFO  o.a.k.clients.FetchSessionHandler [node1:8080] - [Consumer clientId=consumer-notification-batch-consumer-1, groupId=notification-batch-consumer] Error sending fetch request (sessionId=2032618788, epoch=INITIAL) to node 1001:
org.apache.kafka.common.errors.DisconnectException: null
2025-12-11 04:17:32.258 [HikariPool-1 housekeeper] WARN  com.zaxxer.hikari.pool.HikariPool [node1:8080] - HikariPool-1 - Thread starvation or clock leap detected (housekeeper delta=9m45s434ms).
2025-12-11 04:17:59.027 [org.springframework.kafka.KafkaListenerEndpointContainer#1-0-C-1] INFO  o.a.k.clients.FetchSessionHandler [node1:8080] - [Consumer clientId=consumer-order-events-consumer-4, groupId=order-events-consumer] Error sending fetch request (sessionId=614027490, epoch=INITIAL) to node 1001:
org.apache.kafka.common.errors.DisconnectException: null
2025-12-11 04:17:59.027 [org.springframework.kafka.KafkaListenerEndpointContainer#3-0-C-1] INFO  o.a.k.clients.FetchSessionHandler [node1:8080] - [Consumer clientId=consumer-pattern-consumer-2, groupId=pattern-consumer] Error sending fetch request (sessionId=930618662, epoch=INITIAL) to node 1001:
org.apache.kafka.common.errors.DisconnectException: null
2025-12-11 04:17:59.028 [org.springframework.kafka.KafkaListenerEndpointContainer#2-0-C-1] INFO  o.a.k.clients.FetchSessionHandler [node1:8080] - [Consumer clientId=consumer-notification-batch-consumer-1, groupId=notification-batch-consumer] Error sending fetch request (sessionId=2032618788, epoch=INITIAL) to node 1001:
org.apache.kafka.common.errors.DisconnectException: null
2025-12-11 04:27:31.077 [org.springframework.kafka.KafkaListenerEndpointContainer#3-0-C-1] INFO  o.a.k.clients.FetchSessionHandler [node1:8080] - [Consumer clientId=consumer-pattern-consumer-2, groupId=pattern-consumer] Error sending fetch request (sessionId=930618662, epoch=INITIAL) to node 1001:
org.apache.kafka.common.errors.DisconnectException: null
2025-12-11 04:27:31.077 [org.springframework.kafka.KafkaListenerEndpointContainer#1-0-C-1] INFO  o.a.k.clients.FetchSessionHandler [node1:8080] - [Consumer clientId=consumer-order-events-consumer-4, groupId=order-events-consumer] Error sending fetch request (sessionId=614027490, epoch=INITIAL) to node 1001:
org.apache.kafka.common.errors.DisconnectException: null
2025-12-11 04:27:31.077 [org.springframework.kafka.KafkaListenerEndpointContainer#2-0-C-1] INFO  o.a.k.clients.FetchSessionHandler [node1:8080] - [Consumer clientId=consumer-notification-batch-consumer-1, groupId=notification-batch-consumer] Error sending fetch request (sessionId=2032618788, epoch=INITIAL) to node 1001:
org.apache.kafka.common.errors.DisconnectException: null
2025-12-11 04:27:47.853 [HikariPool-1 housekeeper] WARN  com.zaxxer.hikari.pool.HikariPool [node1:8080] - HikariPool-1 - Thread starvation or clock leap detected (housekeeper delta=9m45s594ms).
2025-12-11 04:28:04.086 [org.springframework.kafka.KafkaListenerEndpointContainer#1-0-C-1] INFO  o.a.k.clients.FetchSessionHandler [node1:8080] - [Consumer clientId=consumer-order-events-consumer-4, groupId=order-events-consumer] Error sending fetch request (sessionId=614027490, epoch=INITIAL) to node 1001:
org.apache.kafka.common.errors.DisconnectException: null
2025-12-11 04:28:04.088 [org.springframework.kafka.KafkaListenerEndpointContainer#2-0-C-1] INFO  o.a.k.clients.FetchSessionHandler [node1:8080] - [Consumer clientId=consumer-notification-batch-consumer-1, groupId=notification-batch-consumer] Error sending fetch request (sessionId=2032618788, epoch=INITIAL) to node 1001:
org.apache.kafka.common.errors.DisconnectException: null
2025-12-11 04:28:04.090 [org.springframework.kafka.KafkaListenerEndpointContainer#3-0-C-1] INFO  o.a.k.clients.FetchSessionHandler [node1:8080] - [Consumer clientId=consumer-pattern-consumer-2, groupId=pattern-consumer] Error sending fetch request (sessionId=930618662, epoch=INITIAL) to node 1001:
org.apache.kafka.common.errors.DisconnectException: null
2025-12-11 04:37:36.007 [org.springframework.kafka.KafkaListenerEndpointContainer#3-0-C-1] INFO  o.a.k.clients.FetchSessionHandler [node1:8080] - [Consumer clientId=consumer-pattern-consumer-2, groupId=pattern-consumer] Error sending fetch request (sessionId=930618662, epoch=INITIAL) to node 1001:
org.apache.kafka.common.errors.DisconnectException: null
2025-12-11 04:37:36.007 [org.springframework.kafka.KafkaListenerEndpointContainer#1-0-C-1] INFO  o.a.k.clients.FetchSessionHandler [node1:8080] - [Consumer clientId=consumer-order-events-consumer-4, groupId=order-events-consumer] Error sending fetch request (sessionId=614027490, epoch=INITIAL) to node 1001:
org.apache.kafka.common.errors.DisconnectException: null
2025-12-11 04:37:36.007 [org.springframework.kafka.KafkaListenerEndpointContainer#2-0-C-1] INFO  o.a.k.clients.FetchSessionHandler [node1:8080] - [Consumer clientId=consumer-notification-batch-consumer-1, groupId=notification-batch-consumer] Error sending fetch request (sessionId=2032618788, epoch=INITIAL) to node 1001:
org.apache.kafka.common.errors.DisconnectException: null
2025-12-11 04:37:49.780 [HikariPool-1 connection adder] ERROR com.zaxxer.hikari.pool.HikariPool [node1:8080] - HikariPool-1 - Error thrown while acquiring connection from data source
com.mysql.cj.jdbc.exceptions.CommunicationsException: Communications link failure

The last packet successfully received from the server was 5,004 milliseconds ago. The last packet sent successfully to the server was 5,004 milliseconds ago.
	at com.mysql.cj.jdbc.exceptions.SQLError.createCommunicationsException(SQLError.java:174)
	at com.mysql.cj.jdbc.exceptions.SQLExceptionsMapping.translateException(SQLExceptionsMapping.java:64)
	at com.mysql.cj.jdbc.ConnectionImpl.isReadOnly(ConnectionImpl.java:1402)
	at com.mysql.cj.jdbc.ConnectionImpl.isReadOnly(ConnectionImpl.java:1387)
	at com.zaxxer.hikari.pool.PoolBase.setupConnection(PoolBase.java:408)
	at com.zaxxer.hikari.pool.PoolBase.newConnection(PoolBase.java:369)
	at com.zaxxer.hikari.pool.PoolBase.newPoolEntry(PoolBase.java:206)
	at com.zaxxer.hikari.pool.HikariPool.createPoolEntry(HikariPool.java:476)
	at com.zaxxer.hikari.pool.HikariPool.access$100(HikariPool.java:71)
	at com.zaxxer.hikari.pool.HikariPool$PoolEntryCreator.call(HikariPool.java:726)
	at com.zaxxer.hikari.pool.HikariPool$PoolEntryCreator.call(HikariPool.java:712)
	at java.base/java.util.concurrent.FutureTask.run(FutureTask.java:264)
	at java.base/java.util.concurrent.ThreadPoolExecutor.runWorker(ThreadPoolExecutor.java:1128)
	at java.base/java.util.concurrent.ThreadPoolExecutor$Worker.run(ThreadPoolExecutor.java:628)
	at java.base/java.lang.Thread.run(Thread.java:829)
Caused by: com.mysql.cj.exceptions.CJCommunicationsException: Communications link failure

The last packet successfully received from the server was 5,004 milliseconds ago. The last packet sent successfully to the server was 5,004 milliseconds ago.
	at java.base/jdk.internal.reflect.NativeConstructorAccessorImpl.newInstance0(Native Method)
	at java.base/jdk.internal.reflect.NativeConstructorAccessorImpl.newInstance(NativeConstructorAccessorImpl.java:62)
	at java.base/jdk.internal.reflect.DelegatingConstructorAccessorImpl.newInstance(DelegatingConstructorAccessorImpl.java:45)
	at java.base/java.lang.reflect.Constructor.newInstance(Constructor.java:490)
	at com.mysql.cj.exceptions.ExceptionFactory.createException(ExceptionFactory.java:61)
	at com.mysql.cj.exceptions.ExceptionFactory.createException(ExceptionFactory.java:105)
	at com.mysql.cj.exceptions.ExceptionFactory.createException(ExceptionFactory.java:151)
	at com.mysql.cj.exceptions.ExceptionFactory.createCommunicationsException(ExceptionFactory.java:167)
	at com.mysql.cj.protocol.a.NativeProtocol.readMessage(NativeProtocol.java:581)
	at com.mysql.cj.protocol.a.NativeProtocol.checkErrorMessage(NativeProtocol.java:761)
	at com.mysql.cj.protocol.a.NativeProtocol.sendCommand(NativeProtocol.java:700)
	at com.mysql.cj.protocol.a.NativeProtocol.sendCommand(NativeProtocol.java:155)
	at com.mysql.cj.NativeSession.queryServerVariable(NativeSession.java:597)
	at com.mysql.cj.jdbc.ConnectionImpl.isReadOnly(ConnectionImpl.java:1394)
	... 12 common frames omitted
Caused by: java.net.SocketTimeoutException: Read timed out
	at java.base/java.net.SocketInputStream.socketRead0(Native Method)
	at java.base/java.net.SocketInputStream.socketRead(SocketInputStream.java:115)
	at java.base/java.net.SocketInputStream.read(SocketInputStream.java:168)
	at java.base/java.net.SocketInputStream.read(SocketInputStream.java:140)
	at com.mysql.cj.protocol.ReadAheadInputStream.fill(ReadAheadInputStream.java:107)
	at com.mysql.cj.protocol.ReadAheadInputStream.readFromUnderlyingStreamIfNecessary(ReadAheadInputStream.java:150)
	at com.mysql.cj.protocol.ReadAheadInputStream.read(ReadAheadInputStream.java:180)
	at java.base/java.io.FilterInputStream.read(FilterInputStream.java:133)
	at com.mysql.cj.protocol.FullReadInputStream.readFully(FullReadInputStream.java:64)
	at com.mysql.cj.protocol.a.SimplePacketReader.readHeaderLocal(SimplePacketReader.java:81)
	at com.mysql.cj.protocol.a.SimplePacketReader.readHeader(SimplePacketReader.java:63)
	at com.mysql.cj.protocol.a.SimplePacketReader.readHeader(SimplePacketReader.java:45)
	at com.mysql.cj.protocol.a.TimeTrackingPacketReader.readHeader(TimeTrackingPacketReader.java:52)
	at com.mysql.cj.protocol.a.TimeTrackingPacketReader.readHeader(TimeTrackingPacketReader.java:41)
	at com.mysql.cj.protocol.a.MultiPacketReader.readHeader(MultiPacketReader.java:54)
	at com.mysql.cj.protocol.a.MultiPacketReader.readHeader(MultiPacketReader.java:44)
	at com.mysql.cj.protocol.a.NativeProtocol.readMessage(NativeProtocol.java:575)
	... 17 common frames omitted
2025-12-11 04:38:01.981 [HikariPool-1 housekeeper] WARN  com.zaxxer.hikari.pool.HikariPool [node1:8080] - HikariPool-1 - Thread starvation or clock leap detected (housekeeper delta=9m44s119ms).
2025-12-11 04:38:09.027 [org.springframework.kafka.KafkaListenerEndpointContainer#1-0-C-1] INFO  o.a.k.clients.FetchSessionHandler [node1:8080] - [Consumer clientId=consumer-order-events-consumer-4, groupId=order-events-consumer] Error sending fetch request (sessionId=614027490, epoch=INITIAL) to node 1001:
org.apache.kafka.common.errors.DisconnectException: null
2025-12-11 04:38:09.028 [org.springframework.kafka.KafkaListenerEndpointContainer#2-0-C-1] INFO  o.a.k.clients.FetchSessionHandler [node1:8080] - [Consumer clientId=consumer-notification-batch-consumer-1, groupId=notification-batch-consumer] Error sending fetch request (sessionId=2032618788, epoch=INITIAL) to node 1001:
org.apache.kafka.common.errors.DisconnectException: null
2025-12-11 04:38:09.027 [org.springframework.kafka.KafkaListenerEndpointContainer#3-0-C-1] INFO  o.a.k.clients.FetchSessionHandler [node1:8080] - [Consumer clientId=consumer-pattern-consumer-2, groupId=pattern-consumer] Error sending fetch request (sessionId=930618662, epoch=INITIAL) to node 1001:
org.apache.kafka.common.errors.DisconnectException: null
2025-12-11 04:47:42.008 [org.springframework.kafka.KafkaListenerEndpointContainer#2-0-C-1] INFO  o.a.k.clients.FetchSessionHandler [node1:8080] - [Consumer clientId=consumer-notification-batch-consumer-1, groupId=notification-batch-consumer] Error sending fetch request (sessionId=2032618788, epoch=INITIAL) to node 1001:
org.apache.kafka.common.errors.DisconnectException: null
2025-12-11 04:47:42.008 [org.springframework.kafka.KafkaListenerEndpointContainer#1-0-C-1] INFO  o.a.k.clients.FetchSessionHandler [node1:8080] - [Consumer clientId=consumer-order-events-consumer-4, groupId=order-events-consumer] Error sending fetch request (sessionId=614027490, epoch=INITIAL) to node 1001:
org.apache.kafka.common.errors.DisconnectException: null
2025-12-11 04:47:42.008 [org.springframework.kafka.KafkaListenerEndpointContainer#3-0-C-1] INFO  o.a.k.clients.FetchSessionHandler [node1:8080] - [Consumer clientId=consumer-pattern-consumer-2, groupId=pattern-consumer] Error sending fetch request (sessionId=930618662, epoch=INITIAL) to node 1001:
org.apache.kafka.common.errors.DisconnectException: null
2025-12-11 04:47:48.823 [HikariPool-1 housekeeper] WARN  com.zaxxer.hikari.pool.HikariPool [node1:8080] - HikariPool-1 - Thread starvation or clock leap detected (housekeeper delta=9m46s842ms).
2025-12-11 04:48:13.232 [org.springframework.kafka.KafkaListenerEndpointContainer#1-0-C-1] INFO  o.a.k.clients.FetchSessionHandler [node1:8080] - [Consumer clientId=consumer-order-events-consumer-4, groupId=order-events-consumer] Error sending fetch request (sessionId=614027490, epoch=INITIAL) to node 1001:
org.apache.kafka.common.errors.DisconnectException: null
2025-12-11 04:48:13.236 [org.springframework.kafka.KafkaListenerEndpointContainer#3-0-C-1] INFO  o.a.k.clients.FetchSessionHandler [node1:8080] - [Consumer clientId=consumer-pattern-consumer-2, groupId=pattern-consumer] Error sending fetch request (sessionId=930618662, epoch=INITIAL) to node 1001:
org.apache.kafka.common.errors.DisconnectException: null
2025-12-11 04:48:15.319 [org.springframework.kafka.KafkaListenerEndpointContainer#2-0-C-1] INFO  o.a.k.clients.FetchSessionHandler [node1:8080] - [Consumer clientId=consumer-notification-batch-consumer-1, groupId=notification-batch-consumer] Error sending fetch request (sessionId=2032618788, epoch=INITIAL) to node 1001:
org.apache.kafka.common.errors.DisconnectException: null
2025-12-11 04:57:48.007 [org.springframework.kafka.KafkaListenerEndpointContainer#3-0-C-1] INFO  o.a.k.clients.FetchSessionHandler [node1:8080] - [Consumer clientId=consumer-pattern-consumer-2, groupId=pattern-consumer] Error sending fetch request (sessionId=930618662, epoch=INITIAL) to node 1001:
org.apache.kafka.common.errors.DisconnectException: null
2025-12-11 04:57:48.007 [org.springframework.kafka.KafkaListenerEndpointContainer#1-0-C-1] INFO  o.a.k.clients.FetchSessionHandler [node1:8080] - [Consumer clientId=consumer-order-events-consumer-4, groupId=order-events-consumer] Error sending fetch request (sessionId=614027490, epoch=INITIAL) to node 1001:
org.apache.kafka.common.errors.DisconnectException: null
2025-12-11 04:57:48.012 [org.springframework.kafka.KafkaListenerEndpointContainer#2-0-C-1] INFO  o.a.k.clients.FetchSessionHandler [node1:8080] - [Consumer clientId=consumer-notification-batch-consumer-1, groupId=notification-batch-consumer] Error sending fetch request (sessionId=2032618788, epoch=INITIAL) to node 1001:
org.apache.kafka.common.errors.DisconnectException: null
2025-12-11 04:58:04.178 [HikariPool-1 housekeeper] WARN  com.zaxxer.hikari.pool.HikariPool [node1:8080] - HikariPool-1 - Thread starvation or clock leap detected (housekeeper delta=9m45s354ms).
2025-12-11 04:58:21.021 [org.springframework.kafka.KafkaListenerEndpointContainer#1-0-C-1] INFO  o.a.k.clients.FetchSessionHandler [node1:8080] - [Consumer clientId=consumer-order-events-consumer-4, groupId=order-events-consumer] Error sending fetch request (sessionId=614027490, epoch=INITIAL) to node 1001:
org.apache.kafka.common.errors.DisconnectException: null
2025-12-11 04:58:21.021 [org.springframework.kafka.KafkaListenerEndpointContainer#3-0-C-1] INFO  o.a.k.clients.FetchSessionHandler [node1:8080] - [Consumer clientId=consumer-pattern-consumer-2, groupId=pattern-consumer] Error sending fetch request (sessionId=930618662, epoch=INITIAL) to node 1001:
org.apache.kafka.common.errors.DisconnectException: null
2025-12-11 04:58:21.021 [org.springframework.kafka.KafkaListenerEndpointContainer#2-0-C-1] INFO  o.a.k.clients.FetchSessionHandler [node1:8080] - [Consumer clientId=consumer-notification-batch-consumer-1, groupId=notification-batch-consumer] Error sending fetch request (sessionId=2032618788, epoch=INITIAL) to node 1001:
org.apache.kafka.common.errors.DisconnectException: null
2025-12-11 05:07:55.008 [org.springframework.kafka.KafkaListenerEndpointContainer#3-0-C-1] INFO  o.a.k.clients.FetchSessionHandler [node1:8080] - [Consumer clientId=consumer-pattern-consumer-2, groupId=pattern-consumer] Error sending fetch request (sessionId=930618662, epoch=INITIAL) to node 1001:
org.apache.kafka.common.errors.DisconnectException: null
2025-12-11 05:07:55.008 [org.springframework.kafka.KafkaListenerEndpointContainer#1-0-C-1] INFO  o.a.k.clients.FetchSessionHandler [node1:8080] - [Consumer clientId=consumer-order-events-consumer-4, groupId=order-events-consumer] Error sending fetch request (sessionId=614027490, epoch=INITIAL) to node 1001:
org.apache.kafka.common.errors.DisconnectException: null
2025-12-11 05:07:55.008 [org.springframework.kafka.KafkaListenerEndpointContainer#2-0-C-1] INFO  o.a.k.clients.FetchSessionHandler [node1:8080] - [Consumer clientId=consumer-notification-batch-consumer-1, groupId=notification-batch-consumer] Error sending fetch request (sessionId=2032618788, epoch=INITIAL) to node 1001:
org.apache.kafka.common.errors.DisconnectException: null
2025-12-11 05:08:19.797 [HikariPool-1 housekeeper] WARN  com.zaxxer.hikari.pool.HikariPool [node1:8080] - HikariPool-1 - Thread starvation or clock leap detected (housekeeper delta=9m45s617ms).
2025-12-11 05:08:28.021 [org.springframework.kafka.KafkaListenerEndpointContainer#3-0-C-1] INFO  o.a.k.clients.FetchSessionHandler [node1:8080] - [Consumer clientId=consumer-pattern-consumer-2, groupId=pattern-consumer] Error sending fetch request (sessionId=930618662, epoch=INITIAL) to node 1001:
org.apache.kafka.common.errors.DisconnectException: null
2025-12-11 05:08:28.022 [org.springframework.kafka.KafkaListenerEndpointContainer#2-0-C-1] INFO  o.a.k.clients.FetchSessionHandler [node1:8080] - [Consumer clientId=consumer-notification-batch-consumer-1, groupId=notification-batch-consumer] Error sending fetch request (sessionId=2032618788, epoch=INITIAL) to node 1001:
org.apache.kafka.common.errors.DisconnectException: null
2025-12-11 05:08:28.022 [org.springframework.kafka.KafkaListenerEndpointContainer#1-0-C-1] INFO  o.a.k.clients.FetchSessionHandler [node1:8080] - [Consumer clientId=consumer-order-events-consumer-4, groupId=order-events-consumer] Error sending fetch request (sessionId=614027490, epoch=INITIAL) to node 1001:
org.apache.kafka.common.errors.DisconnectException: null
2025-12-11 05:18:00.026 [org.springframework.kafka.KafkaListenerEndpointContainer#3-0-C-1] INFO  o.a.k.clients.FetchSessionHandler [node1:8080] - [Consumer clientId=consumer-pattern-consumer-2, groupId=pattern-consumer] Error sending fetch request (sessionId=930618662, epoch=INITIAL) to node 1001:
org.apache.kafka.common.errors.DisconnectException: null
2025-12-11 05:18:00.026 [org.springframework.kafka.KafkaListenerEndpointContainer#1-0-C-1] INFO  o.a.k.clients.FetchSessionHandler [node1:8080] - [Consumer clientId=consumer-order-events-consumer-4, groupId=order-events-consumer] Error sending fetch request (sessionId=614027490, epoch=INITIAL) to node 1001:
org.apache.kafka.common.errors.DisconnectException: null
2025-12-11 05:18:00.029 [org.springframework.kafka.KafkaListenerEndpointContainer#2-0-C-1] INFO  o.a.k.clients.FetchSessionHandler [node1:8080] - [Consumer clientId=consumer-notification-batch-consumer-1, groupId=notification-batch-consumer] Error sending fetch request (sessionId=2032618788, epoch=INITIAL) to node 1001:
org.apache.kafka.common.errors.DisconnectException: null
2025-12-11 05:18:05.108 [HikariPool-1 housekeeper] WARN  com.zaxxer.hikari.pool.HikariPool [node1:8080] - HikariPool-1 - Thread starvation or clock leap detected (housekeeper delta=9m45s311ms).
2025-12-11 05:18:31.128 [org.springframework.kafka.KafkaListenerEndpointContainer#2-0-C-1] INFO  o.a.k.clients.FetchSessionHandler [node1:8080] - [Consumer clientId=consumer-notification-batch-consumer-1, groupId=notification-batch-consumer] Error sending fetch request (sessionId=2032618788, epoch=INITIAL) to node 1001:
org.apache.kafka.common.errors.DisconnectException: null
2025-12-11 05:18:31.129 [org.springframework.kafka.KafkaListenerEndpointContainer#1-0-C-1] INFO  o.a.k.clients.FetchSessionHandler [node1:8080] - [Consumer clientId=consumer-order-events-consumer-4, groupId=order-events-consumer] Error sending fetch request (sessionId=614027490, epoch=INITIAL) to node 1001:
org.apache.kafka.common.errors.DisconnectException: null
2025-12-11 05:18:31.129 [org.springframework.kafka.KafkaListenerEndpointContainer#3-0-C-1] INFO  o.a.k.clients.FetchSessionHandler [node1:8080] - [Consumer clientId=consumer-pattern-consumer-2, groupId=pattern-consumer] Error sending fetch request (sessionId=930618662, epoch=INITIAL) to node 1001:
org.apache.kafka.common.errors.DisconnectException: null
2025-12-11 05:28:05.507 [org.springframework.kafka.KafkaListenerEndpointContainer#2-0-C-1] INFO  o.a.k.clients.FetchSessionHandler [node1:8080] - [Consumer clientId=consumer-notification-batch-consumer-1, groupId=notification-batch-consumer] Error sending fetch request (sessionId=2032618788, epoch=INITIAL) to node 1001:
org.apache.kafka.common.errors.DisconnectException: null
2025-12-11 05:28:05.509 [org.springframework.kafka.KafkaListenerEndpointContainer#1-0-C-1] INFO  o.a.k.clients.FetchSessionHandler [node1:8080] - [Consumer clientId=consumer-order-events-consumer-4, groupId=order-events-consumer] Error sending fetch request (sessionId=614027490, epoch=INITIAL) to node 1001:
org.apache.kafka.common.errors.DisconnectException: null
2025-12-11 05:28:05.509 [org.springframework.kafka.KafkaListenerEndpointContainer#3-0-C-1] INFO  o.a.k.clients.FetchSessionHandler [node1:8080] - [Consumer clientId=consumer-pattern-consumer-2, groupId=pattern-consumer] Error sending fetch request (sessionId=930618662, epoch=INITIAL) to node 1001:
org.apache.kafka.common.errors.DisconnectException: null
2025-12-11 05:28:20.522 [HikariPool-1 housekeeper] WARN  com.zaxxer.hikari.pool.HikariPool [node1:8080] - HikariPool-1 - Thread starvation or clock leap detected (housekeeper delta=9m45s405ms).
2025-12-11 05:28:38.518 [org.springframework.kafka.KafkaListenerEndpointContainer#1-0-C-1] INFO  o.a.k.clients.FetchSessionHandler [node1:8080] - [Consumer clientId=consumer-order-events-consumer-4, groupId=order-events-consumer] Error sending fetch request (sessionId=614027490, epoch=INITIAL) to node 1001:
org.apache.kafka.common.errors.DisconnectException: null
2025-12-11 05:28:38.519 [org.springframework.kafka.KafkaListenerEndpointContainer#2-0-C-1] INFO  o.a.k.clients.FetchSessionHandler [node1:8080] - [Consumer clientId=consumer-notification-batch-consumer-1, groupId=notification-batch-consumer] Error sending fetch request (sessionId=2032618788, epoch=INITIAL) to node 1001:
org.apache.kafka.common.errors.DisconnectException: null
2025-12-11 05:28:38.521 [org.springframework.kafka.KafkaListenerEndpointContainer#3-0-C-1] INFO  o.a.k.clients.FetchSessionHandler [node1:8080] - [Consumer clientId=consumer-pattern-consumer-2, groupId=pattern-consumer] Error sending fetch request (sessionId=930618662, epoch=INITIAL) to node 1001:
org.apache.kafka.common.errors.DisconnectException: null
2025-12-11 05:38:11.010 [org.springframework.kafka.KafkaListenerEndpointContainer#2-0-C-1] INFO  o.a.k.clients.FetchSessionHandler [node1:8080] - [Consumer clientId=consumer-notification-batch-consumer-1, groupId=notification-batch-consumer] Error sending fetch request (sessionId=2032618788, epoch=INITIAL) to node 1001:
org.apache.kafka.common.errors.DisconnectException: null
2025-12-11 05:38:11.010 [org.springframework.kafka.KafkaListenerEndpointContainer#3-0-C-1] INFO  o.a.k.clients.FetchSessionHandler [node1:8080] - [Consumer clientId=consumer-pattern-consumer-2, groupId=pattern-consumer] Error sending fetch request (sessionId=930618662, epoch=INITIAL) to node 1001:
org.apache.kafka.common.errors.DisconnectException: null
2025-12-11 05:38:11.010 [org.springframework.kafka.KafkaListenerEndpointContainer#1-0-C-1] INFO  o.a.k.clients.FetchSessionHandler [node1:8080] - [Consumer clientId=consumer-order-events-consumer-4, groupId=order-events-consumer] Error sending fetch request (sessionId=614027490, epoch=INITIAL) to node 1001:
org.apache.kafka.common.errors.DisconnectException: null
2025-12-11 05:38:33.849 [HikariPool-1 housekeeper] WARN  com.zaxxer.hikari.pool.HikariPool [node1:8080] - HikariPool-1 - Thread starvation or clock leap detected (housekeeper delta=9m43s326ms).
2025-12-11 05:38:44.025 [org.springframework.kafka.KafkaListenerEndpointContainer#1-0-C-1] INFO  o.a.k.clients.FetchSessionHandler [node1:8080] - [Consumer clientId=consumer-order-events-consumer-4, groupId=order-events-consumer] Error sending fetch request (sessionId=614027490, epoch=INITIAL) to node 1001:
org.apache.kafka.common.errors.DisconnectException: null
2025-12-11 05:38:44.026 [org.springframework.kafka.KafkaListenerEndpointContainer#2-0-C-1] INFO  o.a.k.clients.FetchSessionHandler [node1:8080] - [Consumer clientId=consumer-notification-batch-consumer-1, groupId=notification-batch-consumer] Error sending fetch request (sessionId=2032618788, epoch=INITIAL) to node 1001:
org.apache.kafka.common.errors.DisconnectException: null
2025-12-11 05:38:44.030 [org.springframework.kafka.KafkaListenerEndpointContainer#3-0-C-1] INFO  o.a.k.clients.FetchSessionHandler [node1:8080] - [Consumer clientId=consumer-pattern-consumer-2, groupId=pattern-consumer] Error sending fetch request (sessionId=930618662, epoch=INITIAL) to node 1001:
org.apache.kafka.common.errors.DisconnectException: null
2025-12-11 05:48:15.008 [org.springframework.kafka.KafkaListenerEndpointContainer#2-0-C-1] INFO  o.a.k.clients.FetchSessionHandler [node1:8080] - [Consumer clientId=consumer-notification-batch-consumer-1, groupId=notification-batch-consumer] Error sending fetch request (sessionId=2032618788, epoch=INITIAL) to node 1001:
org.apache.kafka.common.errors.DisconnectException: null
2025-12-11 05:48:15.008 [org.springframework.kafka.KafkaListenerEndpointContainer#1-0-C-1] INFO  o.a.k.clients.FetchSessionHandler [node1:8080] - [Consumer clientId=consumer-order-events-consumer-4, groupId=order-events-consumer] Error sending fetch request (sessionId=614027490, epoch=INITIAL) to node 1001:
org.apache.kafka.common.errors.DisconnectException: null
2025-12-11 05:48:15.008 [org.springframework.kafka.KafkaListenerEndpointContainer#3-0-C-1] INFO  o.a.k.clients.FetchSessionHandler [node1:8080] - [Consumer clientId=consumer-pattern-consumer-2, groupId=pattern-consumer] Error sending fetch request (sessionId=930618662, epoch=INITIAL) to node 1001:
org.apache.kafka.common.errors.DisconnectException: null
2025-12-11 05:48:21.249 [HikariPool-1 housekeeper] WARN  com.zaxxer.hikari.pool.HikariPool [node1:8080] - HikariPool-1 - Thread starvation or clock leap detected (housekeeper delta=9m47s400ms).
2025-12-11 05:48:45.804 [org.springframework.kafka.KafkaListenerEndpointContainer#2-0-C-1] INFO  o.a.k.clients.FetchSessionHandler [node1:8080] - [Consumer clientId=consumer-notification-batch-consumer-1, groupId=notification-batch-consumer] Error sending fetch request (sessionId=2032618788, epoch=INITIAL) to node 1001:
org.apache.kafka.common.errors.DisconnectException: null
2025-12-11 05:48:45.808 [org.springframework.kafka.KafkaListenerEndpointContainer#1-0-C-1] INFO  o.a.k.clients.FetchSessionHandler [node1:8080] - [Consumer clientId=consumer-order-events-consumer-4, groupId=order-events-consumer] Error sending fetch request (sessionId=614027490, epoch=INITIAL) to node 1001:
org.apache.kafka.common.errors.DisconnectException: null
2025-12-11 05:48:46.796 [org.springframework.kafka.KafkaListenerEndpointContainer#3-0-C-1] INFO  o.a.k.clients.FetchSessionHandler [node1:8080] - [Consumer clientId=consumer-pattern-consumer-2, groupId=pattern-consumer] Error sending fetch request (sessionId=930618662, epoch=INITIAL) to node 1001:
org.apache.kafka.common.errors.DisconnectException: null
2025-12-11 05:58:23.539 [org.springframework.kafka.KafkaListenerEndpointContainer#2-0-C-1] INFO  o.a.k.clients.FetchSessionHandler [node1:8080] - [Consumer clientId=consumer-notification-batch-consumer-1, groupId=notification-batch-consumer] Error sending fetch request (sessionId=2032618788, epoch=INITIAL) to node 1001:
org.apache.kafka.common.errors.DisconnectException: null
2025-12-11 05:58:23.544 [org.springframework.kafka.KafkaListenerEndpointContainer#1-0-C-1] INFO  o.a.k.clients.FetchSessionHandler [node1:8080] - [Consumer clientId=consumer-order-events-consumer-4, groupId=order-events-consumer] Error sending fetch request (sessionId=614027490, epoch=INITIAL) to node 1001:
org.apache.kafka.common.errors.DisconnectException: null
2025-12-11 05:58:24.533 [org.springframework.kafka.KafkaListenerEndpointContainer#3-0-C-1] INFO  o.a.k.clients.FetchSessionHandler [node1:8080] - [Consumer clientId=consumer-pattern-consumer-2, groupId=pattern-consumer] Error sending fetch request (sessionId=930618662, epoch=INITIAL) to node 1001:
org.apache.kafka.common.errors.DisconnectException: null
2025-12-11 05:58:36.588 [HikariPool-1 housekeeper] WARN  com.zaxxer.hikari.pool.HikariPool [node1:8080] - HikariPool-1 - Thread starvation or clock leap detected (housekeeper delta=9m45s332ms).
2025-12-11 05:58:56.550 [org.springframework.kafka.KafkaListenerEndpointContainer#2-0-C-1] INFO  o.a.k.clients.FetchSessionHandler [node1:8080] - [Consumer clientId=consumer-notification-batch-consumer-1, groupId=notification-batch-consumer] Error sending fetch request (sessionId=2032618788, epoch=INITIAL) to node 1001:
org.apache.kafka.common.errors.DisconnectException: null
2025-12-11 05:58:56.558 [org.springframework.kafka.KafkaListenerEndpointContainer#1-0-C-1] INFO  o.a.k.clients.FetchSessionHandler [node1:8080] - [Consumer clientId=consumer-order-events-consumer-4, groupId=order-events-consumer] Error sending fetch request (sessionId=614027490, epoch=INITIAL) to node 1001:
org.apache.kafka.common.errors.DisconnectException: null
2025-12-11 05:58:57.541 [org.springframework.kafka.KafkaListenerEndpointContainer#3-0-C-1] INFO  o.a.k.clients.FetchSessionHandler [node1:8080] - [Consumer clientId=consumer-pattern-consumer-2, groupId=pattern-consumer] Error sending fetch request (sessionId=930618662, epoch=INITIAL) to node 1001:
org.apache.kafka.common.errors.DisconnectException: null
2025-12-11 06:08:29.009 [org.springframework.kafka.KafkaListenerEndpointContainer#3-0-C-1] INFO  o.a.k.clients.FetchSessionHandler [node1:8080] - [Consumer clientId=consumer-pattern-consumer-2, groupId=pattern-consumer] Error sending fetch request (sessionId=930618662, epoch=INITIAL) to node 1001:
org.apache.kafka.common.errors.DisconnectException: null
2025-12-11 06:08:29.009 [org.springframework.kafka.KafkaListenerEndpointContainer#1-0-C-1] INFO  o.a.k.clients.FetchSessionHandler [node1:8080] - [Consumer clientId=consumer-order-events-consumer-4, groupId=order-events-consumer] Error sending fetch request (sessionId=614027490, epoch=INITIAL) to node 1001:
org.apache.kafka.common.errors.DisconnectException: null
2025-12-11 06:08:29.009 [org.springframework.kafka.KafkaListenerEndpointContainer#2-0-C-1] INFO  o.a.k.clients.FetchSessionHandler [node1:8080] - [Consumer clientId=consumer-notification-batch-consumer-1, groupId=notification-batch-consumer] Error sending fetch request (sessionId=2032618788, epoch=INITIAL) to node 1001:
org.apache.kafka.common.errors.DisconnectException: null
2025-12-11 06:08:52.093 [HikariPool-1 housekeeper] WARN  com.zaxxer.hikari.pool.HikariPool [node1:8080] - HikariPool-1 - Thread starvation or clock leap detected (housekeeper delta=9m45s498ms).
2025-12-11 06:09:02.018 [org.springframework.kafka.KafkaListenerEndpointContainer#1-0-C-1] INFO  o.a.k.clients.FetchSessionHandler [node1:8080] - [Consumer clientId=consumer-order-events-consumer-4, groupId=order-events-consumer] Error sending fetch request (sessionId=614027490, epoch=INITIAL) to node 1001:
org.apache.kafka.common.errors.DisconnectException: null
2025-12-11 06:09:02.018 [org.springframework.kafka.KafkaListenerEndpointContainer#3-0-C-1] INFO  o.a.k.clients.FetchSessionHandler [node1:8080] - [Consumer clientId=consumer-pattern-consumer-2, groupId=pattern-consumer] Error sending fetch request (sessionId=930618662, epoch=INITIAL) to node 1001:
org.apache.kafka.common.errors.DisconnectException: null
2025-12-11 06:09:02.019 [org.springframework.kafka.KafkaListenerEndpointContainer#2-0-C-1] INFO  o.a.k.clients.FetchSessionHandler [node1:8080] - [Consumer clientId=consumer-notification-batch-consumer-1, groupId=notification-batch-consumer] Error sending fetch request (sessionId=2032618788, epoch=INITIAL) to node 1001:
org.apache.kafka.common.errors.DisconnectException: null
2025-12-11 06:18:35.010 [org.springframework.kafka.KafkaListenerEndpointContainer#3-0-C-1] INFO  o.a.k.clients.FetchSessionHandler [node1:8080] - [Consumer clientId=consumer-pattern-consumer-2, groupId=pattern-consumer] Error sending fetch request (sessionId=930618662, epoch=INITIAL) to node 1001:
org.apache.kafka.common.errors.DisconnectException: null
2025-12-11 06:18:35.010 [org.springframework.kafka.KafkaListenerEndpointContainer#1-0-C-1] INFO  o.a.k.clients.FetchSessionHandler [node1:8080] - [Consumer clientId=consumer-order-events-consumer-4, groupId=order-events-consumer] Error sending fetch request (sessionId=614027490, epoch=INITIAL) to node 1001:
org.apache.kafka.common.errors.DisconnectException: null
2025-12-11 06:18:35.010 [org.springframework.kafka.KafkaListenerEndpointContainer#2-0-C-1] INFO  o.a.k.clients.FetchSessionHandler [node1:8080] - [Consumer clientId=consumer-notification-batch-consumer-1, groupId=notification-batch-consumer] Error sending fetch request (sessionId=2032618788, epoch=INITIAL) to node 1001:
org.apache.kafka.common.errors.DisconnectException: null
2025-12-11 06:18:37.728 [HikariPool-1 housekeeper] WARN  com.zaxxer.hikari.pool.HikariPool [node1:8080] - HikariPool-1 - Thread starvation or clock leap detected (housekeeper delta=9m45s635ms).
2025-12-11 06:19:08.024 [org.springframework.kafka.KafkaListenerEndpointContainer#2-0-C-1] INFO  o.a.k.clients.FetchSessionHandler [node1:8080] - [Consumer clientId=consumer-notification-batch-consumer-1, groupId=notification-batch-consumer] Error sending fetch request (sessionId=2032618788, epoch=INITIAL) to node 1001:
org.apache.kafka.common.errors.DisconnectException: null
2025-12-11 06:19:08.024 [org.springframework.kafka.KafkaListenerEndpointContainer#3-0-C-1] INFO  o.a.k.clients.FetchSessionHandler [node1:8080] - [Consumer clientId=consumer-pattern-consumer-2, groupId=pattern-consumer] Error sending fetch request (sessionId=930618662, epoch=INITIAL) to node 1001:
org.apache.kafka.common.errors.DisconnectException: null
2025-12-11 06:19:08.024 [org.springframework.kafka.KafkaListenerEndpointContainer#1-0-C-1] INFO  o.a.k.clients.FetchSessionHandler [node1:8080] - [Consumer clientId=consumer-order-events-consumer-4, groupId=order-events-consumer] Error sending fetch request (sessionId=614027490, epoch=INITIAL) to node 1001:
org.apache.kafka.common.errors.DisconnectException: null
2025-12-11 06:28:41.014 [org.springframework.kafka.KafkaListenerEndpointContainer#2-0-C-1] INFO  o.a.k.clients.FetchSessionHandler [node1:8080] - [Consumer clientId=consumer-notification-batch-consumer-1, groupId=notification-batch-consumer] Error sending fetch request (sessionId=2032618788, epoch=INITIAL) to node 1001:
org.apache.kafka.common.errors.DisconnectException: null
2025-12-11 06:28:41.014 [org.springframework.kafka.KafkaListenerEndpointContainer#1-0-C-1] INFO  o.a.k.clients.FetchSessionHandler [node1:8080] - [Consumer clientId=consumer-order-events-consumer-4, groupId=order-events-consumer] Error sending fetch request (sessionId=614027490, epoch=INITIAL) to node 1001:
org.apache.kafka.common.errors.DisconnectException: null
2025-12-11 06:28:41.014 [org.springframework.kafka.KafkaListenerEndpointContainer#3-0-C-1] INFO  o.a.k.clients.FetchSessionHandler [node1:8080] - [Consumer clientId=consumer-pattern-consumer-2, groupId=pattern-consumer] Error sending fetch request (sessionId=930618662, epoch=INITIAL) to node 1001:
org.apache.kafka.common.errors.DisconnectException: null
2025-12-11 06:28:53.172 [HikariPool-1 housekeeper] WARN  com.zaxxer.hikari.pool.HikariPool [node1:8080] - HikariPool-1 - Thread starvation or clock leap detected (housekeeper delta=9m45s443ms).
2025-12-11 06:29:03.909 [HikariPool-1 connection adder] ERROR com.zaxxer.hikari.pool.HikariPool [node1:8080] - HikariPool-1 - Error thrown while acquiring connection from data source
com.mysql.cj.jdbc.exceptions.CommunicationsException: Communications link failure

The last packet successfully received from the server was 5,005 milliseconds ago. The last packet sent successfully to the server was 5,005 milliseconds ago.
	at com.mysql.cj.jdbc.exceptions.SQLError.createCommunicationsException(SQLError.java:174)
	at com.mysql.cj.jdbc.exceptions.SQLExceptionsMapping.translateException(SQLExceptionsMapping.java:64)
	at com.mysql.cj.jdbc.ConnectionImpl.isReadOnly(ConnectionImpl.java:1402)
	at com.mysql.cj.jdbc.ConnectionImpl.isReadOnly(ConnectionImpl.java:1387)
	at com.zaxxer.hikari.pool.PoolBase.setupConnection(PoolBase.java:408)
	at com.zaxxer.hikari.pool.PoolBase.newConnection(PoolBase.java:369)
	at com.zaxxer.hikari.pool.PoolBase.newPoolEntry(PoolBase.java:206)
	at com.zaxxer.hikari.pool.HikariPool.createPoolEntry(HikariPool.java:476)
	at com.zaxxer.hikari.pool.HikariPool.access$100(HikariPool.java:71)
	at com.zaxxer.hikari.pool.HikariPool$PoolEntryCreator.call(HikariPool.java:726)
	at com.zaxxer.hikari.pool.HikariPool$PoolEntryCreator.call(HikariPool.java:712)
	at java.base/java.util.concurrent.FutureTask.run(FutureTask.java:264)
	at java.base/java.util.concurrent.ThreadPoolExecutor.runWorker(ThreadPoolExecutor.java:1128)
	at java.base/java.util.concurrent.ThreadPoolExecutor$Worker.run(ThreadPoolExecutor.java:628)
	at java.base/java.lang.Thread.run(Thread.java:829)
Caused by: com.mysql.cj.exceptions.CJCommunicationsException: Communications link failure

The last packet successfully received from the server was 5,005 milliseconds ago. The last packet sent successfully to the server was 5,005 milliseconds ago.
	at jdk.internal.reflect.GeneratedConstructorAccessor68.newInstance(Unknown Source)
	at java.base/jdk.internal.reflect.DelegatingConstructorAccessorImpl.newInstance(DelegatingConstructorAccessorImpl.java:45)
	at java.base/java.lang.reflect.Constructor.newInstance(Constructor.java:490)
	at com.mysql.cj.exceptions.ExceptionFactory.createException(ExceptionFactory.java:61)
	at com.mysql.cj.exceptions.ExceptionFactory.createException(ExceptionFactory.java:105)
	at com.mysql.cj.exceptions.ExceptionFactory.createException(ExceptionFactory.java:151)
	at com.mysql.cj.exceptions.ExceptionFactory.createCommunicationsException(ExceptionFactory.java:167)
	at com.mysql.cj.protocol.a.NativeProtocol.readMessage(NativeProtocol.java:581)
	at com.mysql.cj.protocol.a.NativeProtocol.checkErrorMessage(NativeProtocol.java:761)
	at com.mysql.cj.protocol.a.NativeProtocol.sendCommand(NativeProtocol.java:700)
	at com.mysql.cj.protocol.a.NativeProtocol.sendCommand(NativeProtocol.java:155)
	at com.mysql.cj.NativeSession.queryServerVariable(NativeSession.java:597)
	at com.mysql.cj.jdbc.ConnectionImpl.isReadOnly(ConnectionImpl.java:1394)
	... 12 common frames omitted
Caused by: java.net.SocketTimeoutException: Read timed out
	at java.base/java.net.SocketInputStream.socketRead0(Native Method)
	at java.base/java.net.SocketInputStream.socketRead(SocketInputStream.java:115)
	at java.base/java.net.SocketInputStream.read(SocketInputStream.java:168)
	at java.base/java.net.SocketInputStream.read(SocketInputStream.java:140)
	at com.mysql.cj.protocol.ReadAheadInputStream.fill(ReadAheadInputStream.java:107)
	at com.mysql.cj.protocol.ReadAheadInputStream.readFromUnderlyingStreamIfNecessary(ReadAheadInputStream.java:150)
	at com.mysql.cj.protocol.ReadAheadInputStream.read(ReadAheadInputStream.java:180)
	at java.base/java.io.FilterInputStream.read(FilterInputStream.java:133)
	at com.mysql.cj.protocol.FullReadInputStream.readFully(FullReadInputStream.java:64)
	at com.mysql.cj.protocol.a.SimplePacketReader.readHeaderLocal(SimplePacketReader.java:81)
	at com.mysql.cj.protocol.a.SimplePacketReader.readHeader(SimplePacketReader.java:63)
	at com.mysql.cj.protocol.a.SimplePacketReader.readHeader(SimplePacketReader.java:45)
	at com.mysql.cj.protocol.a.TimeTrackingPacketReader.readHeader(TimeTrackingPacketReader.java:52)
	at com.mysql.cj.protocol.a.TimeTrackingPacketReader.readHeader(TimeTrackingPacketReader.java:41)
	at com.mysql.cj.protocol.a.MultiPacketReader.readHeader(MultiPacketReader.java:54)
	at com.mysql.cj.protocol.a.MultiPacketReader.readHeader(MultiPacketReader.java:44)
	at com.mysql.cj.protocol.a.NativeProtocol.readMessage(NativeProtocol.java:575)
	... 17 common frames omitted
2025-12-11 06:29:14.025 [org.springframework.kafka.KafkaListenerEndpointContainer#2-0-C-1] INFO  o.a.k.clients.FetchSessionHandler [node1:8080] - [Consumer clientId=consumer-notification-batch-consumer-1, groupId=notification-batch-consumer] Error sending fetch request (sessionId=2032618788, epoch=INITIAL) to node 1001:
org.apache.kafka.common.errors.DisconnectException: null
2025-12-11 06:29:14.030 [org.springframework.kafka.KafkaListenerEndpointContainer#1-0-C-1] INFO  o.a.k.clients.FetchSessionHandler [node1:8080] - [Consumer clientId=consumer-order-events-consumer-4, groupId=order-events-consumer] Error sending fetch request (sessionId=614027490, epoch=INITIAL) to node 1001:
org.apache.kafka.common.errors.DisconnectException: null
2025-12-11 06:29:14.030 [org.springframework.kafka.KafkaListenerEndpointContainer#3-0-C-1] INFO  o.a.k.clients.FetchSessionHandler [node1:8080] - [Consumer clientId=consumer-pattern-consumer-2, groupId=pattern-consumer] Error sending fetch request (sessionId=930618662, epoch=INITIAL) to node 1001:
org.apache.kafka.common.errors.DisconnectException: null
2025-12-11 06:38:47.009 [org.springframework.kafka.KafkaListenerEndpointContainer#3-0-C-1] INFO  o.a.k.clients.FetchSessionHandler [node1:8080] - [Consumer clientId=consumer-pattern-consumer-2, groupId=pattern-consumer] Error sending fetch request (sessionId=930618662, epoch=INITIAL) to node 1001:
org.apache.kafka.common.errors.DisconnectException: null
2025-12-11 06:38:47.009 [org.springframework.kafka.KafkaListenerEndpointContainer#1-0-C-1] INFO  o.a.k.clients.FetchSessionHandler [node1:8080] - [Consumer clientId=consumer-order-events-consumer-4, groupId=order-events-consumer] Error sending fetch request (sessionId=614027490, epoch=INITIAL) to node 1001:
org.apache.kafka.common.errors.DisconnectException: null
2025-12-11 06:38:47.009 [org.springframework.kafka.KafkaListenerEndpointContainer#2-0-C-1] INFO  o.a.k.clients.FetchSessionHandler [node1:8080] - [Consumer clientId=consumer-notification-batch-consumer-1, groupId=notification-batch-consumer] Error sending fetch request (sessionId=2032618788, epoch=INITIAL) to node 1001:
org.apache.kafka.common.errors.DisconnectException: null
2025-12-11 06:39:08.476 [HikariPool-1 housekeeper] WARN  com.zaxxer.hikari.pool.HikariPool [node1:8080] - HikariPool-1 - Thread starvation or clock leap detected (housekeeper delta=9m45s297ms).
2025-12-11 06:39:20.021 [org.springframework.kafka.KafkaListenerEndpointContainer#3-0-C-1] INFO  o.a.k.clients.FetchSessionHandler [node1:8080] - [Consumer clientId=consumer-pattern-consumer-2, groupId=pattern-consumer] Error sending fetch request (sessionId=930618662, epoch=INITIAL) to node 1001:
org.apache.kafka.common.errors.DisconnectException: null
2025-12-11 06:39:20.021 [org.springframework.kafka.KafkaListenerEndpointContainer#2-0-C-1] INFO  o.a.k.clients.FetchSessionHandler [node1:8080] - [Consumer clientId=consumer-notification-batch-consumer-1, groupId=notification-batch-consumer] Error sending fetch request (sessionId=2032618788, epoch=INITIAL) to node 1001:
org.apache.kafka.common.errors.DisconnectException: null
2025-12-11 06:39:20.022 [org.springframework.kafka.KafkaListenerEndpointContainer#1-0-C-1] INFO  o.a.k.clients.FetchSessionHandler [node1:8080] - [Consumer clientId=consumer-order-events-consumer-4, groupId=order-events-consumer] Error sending fetch request (sessionId=614027490, epoch=INITIAL) to node 1001:
org.apache.kafka.common.errors.DisconnectException: null
2025-12-11 06:48:53.009 [org.springframework.kafka.KafkaListenerEndpointContainer#3-0-C-1] INFO  o.a.k.clients.FetchSessionHandler [node1:8080] - [Consumer clientId=consumer-pattern-consumer-2, groupId=pattern-consumer] Error sending fetch request (sessionId=930618662, epoch=INITIAL) to node 1001:
org.apache.kafka.common.errors.DisconnectException: null
2025-12-11 06:48:53.009 [org.springframework.kafka.KafkaListenerEndpointContainer#1-0-C-1] INFO  o.a.k.clients.FetchSessionHandler [node1:8080] - [Consumer clientId=consumer-order-events-consumer-4, groupId=order-events-consumer] Error sending fetch request (sessionId=614027490, epoch=INITIAL) to node 1001:
org.apache.kafka.common.errors.DisconnectException: null
2025-12-11 06:48:53.009 [org.springframework.kafka.KafkaListenerEndpointContainer#2-0-C-1] INFO  o.a.k.clients.FetchSessionHandler [node1:8080] - [Consumer clientId=consumer-notification-batch-consumer-1, groupId=notification-batch-consumer] Error sending fetch request (sessionId=2032618788, epoch=INITIAL) to node 1001:
org.apache.kafka.common.errors.DisconnectException: null
2025-12-11 06:48:53.627 [HikariPool-1 housekeeper] WARN  com.zaxxer.hikari.pool.HikariPool [node1:8080] - HikariPool-1 - Thread starvation or clock leap detected (housekeeper delta=9m45s151ms).
2025-12-11 06:49:24.100 [org.springframework.kafka.KafkaListenerEndpointContainer#3-0-C-1] INFO  o.a.k.clients.FetchSessionHandler [node1:8080] - [Consumer clientId=consumer-pattern-consumer-2, groupId=pattern-consumer] Error sending fetch request (sessionId=930618662, epoch=INITIAL) to node 1001:
org.apache.kafka.common.errors.DisconnectException: null
2025-12-11 06:49:26.017 [org.springframework.kafka.KafkaListenerEndpointContainer#2-0-C-1] INFO  o.a.k.clients.FetchSessionHandler [node1:8080] - [Consumer clientId=consumer-notification-batch-consumer-1, groupId=notification-batch-consumer] Error sending fetch request (sessionId=2032618788, epoch=INITIAL) to node 1001:
org.apache.kafka.common.errors.DisconnectException: null
2025-12-11 06:49:26.022 [org.springframework.kafka.KafkaListenerEndpointContainer#1-0-C-1] INFO  o.a.k.clients.FetchSessionHandler [node1:8080] - [Consumer clientId=consumer-order-events-consumer-4, groupId=order-events-consumer] Error sending fetch request (sessionId=614027490, epoch=INITIAL) to node 1001:
org.apache.kafka.common.errors.DisconnectException: null
2025-12-11 06:58:58.009 [org.springframework.kafka.KafkaListenerEndpointContainer#2-0-C-1] INFO  o.a.k.clients.FetchSessionHandler [node1:8080] - [Consumer clientId=consumer-notification-batch-consumer-1, groupId=notification-batch-consumer] Error sending fetch request (sessionId=2032618788, epoch=INITIAL) to node 1001:
org.apache.kafka.common.errors.DisconnectException: null
2025-12-11 06:58:58.010 [org.springframework.kafka.KafkaListenerEndpointContainer#1-0-C-1] INFO  o.a.k.clients.FetchSessionHandler [node1:8080] - [Consumer clientId=consumer-order-events-consumer-4, groupId=order-events-consumer] Error sending fetch request (sessionId=614027490, epoch=INITIAL) to node 1001:
org.apache.kafka.common.errors.DisconnectException: null
2025-12-11 06:58:58.446 [org.springframework.kafka.KafkaListenerEndpointContainer#3-0-C-1] INFO  o.a.k.clients.FetchSessionHandler [node1:8080] - [Consumer clientId=consumer-pattern-consumer-2, groupId=pattern-consumer] Error sending fetch request (sessionId=930618662, epoch=INITIAL) to node 1001:
org.apache.kafka.common.errors.DisconnectException: null
2025-12-11 06:59:09.752 [HikariPool-1 housekeeper] WARN  com.zaxxer.hikari.pool.HikariPool [node1:8080] - HikariPool-1 - Thread starvation or clock leap detected (housekeeper delta=9m45s338ms).
2025-12-11 06:59:29.121 [org.springframework.kafka.KafkaListenerEndpointContainer#3-0-C-1] INFO  o.a.k.clients.FetchSessionHandler [node1:8080] - [Consumer clientId=consumer-pattern-consumer-2, groupId=pattern-consumer] Error sending fetch request (sessionId=930618662, epoch=INITIAL) to node 1001:
org.apache.kafka.common.errors.DisconnectException: null
2025-12-11 06:59:31.022 [org.springframework.kafka.KafkaListenerEndpointContainer#2-0-C-1] INFO  o.a.k.clients.FetchSessionHandler [node1:8080] - [Consumer clientId=consumer-notification-batch-consumer-1, groupId=notification-batch-consumer] Error sending fetch request (sessionId=2032618788, epoch=INITIAL) to node 1001:
org.apache.kafka.common.errors.DisconnectException: null
2025-12-11 06:59:31.098 [org.springframework.kafka.KafkaListenerEndpointContainer#1-0-C-1] INFO  o.a.k.clients.FetchSessionHandler [node1:8080] - [Consumer clientId=consumer-order-events-consumer-4, groupId=order-events-consumer] Error sending fetch request (sessionId=614027490, epoch=INITIAL) to node 1001:
org.apache.kafka.common.errors.DisconnectException: null
2025-12-11 07:09:04.008 [org.springframework.kafka.KafkaListenerEndpointContainer#1-0-C-1] INFO  o.a.k.clients.FetchSessionHandler [node1:8080] - [Consumer clientId=consumer-order-events-consumer-4, groupId=order-events-consumer] Error sending fetch request (sessionId=614027490, epoch=INITIAL) to node 1001:
org.apache.kafka.common.errors.DisconnectException: null
2025-12-11 07:09:04.008 [org.springframework.kafka.KafkaListenerEndpointContainer#2-0-C-1] INFO  o.a.k.clients.FetchSessionHandler [node1:8080] - [Consumer clientId=consumer-notification-batch-consumer-1, groupId=notification-batch-consumer] Error sending fetch request (sessionId=2032618788, epoch=INITIAL) to node 1001:
org.apache.kafka.common.errors.DisconnectException: null
2025-12-11 07:09:04.008 [org.springframework.kafka.KafkaListenerEndpointContainer#3-0-C-1] INFO  o.a.k.clients.FetchSessionHandler [node1:8080] - [Consumer clientId=consumer-pattern-consumer-2, groupId=pattern-consumer] Error sending fetch request (sessionId=930618662, epoch=INITIAL) to node 1001:
org.apache.kafka.common.errors.DisconnectException: null
2025-12-11 07:09:25.229 [HikariPool-1 housekeeper] WARN  com.zaxxer.hikari.pool.HikariPool [node1:8080] - HikariPool-1 - Thread starvation or clock leap detected (housekeeper delta=9m45s474ms).
2025-12-11 07:09:37.020 [org.springframework.kafka.KafkaListenerEndpointContainer#1-0-C-1] INFO  o.a.k.clients.FetchSessionHandler [node1:8080] - [Consumer clientId=consumer-order-events-consumer-4, groupId=order-events-consumer] Error sending fetch request (sessionId=614027490, epoch=INITIAL) to node 1001:
org.apache.kafka.common.errors.DisconnectException: null
2025-12-11 07:09:37.020 [org.springframework.kafka.KafkaListenerEndpointContainer#2-0-C-1] INFO  o.a.k.clients.FetchSessionHandler [node1:8080] - [Consumer clientId=consumer-notification-batch-consumer-1, groupId=notification-batch-consumer] Error sending fetch request (sessionId=2032618788, epoch=INITIAL) to node 1001:
org.apache.kafka.common.errors.DisconnectException: null
2025-12-11 07:09:37.029 [org.springframework.kafka.KafkaListenerEndpointContainer#3-0-C-1] INFO  o.a.k.clients.FetchSessionHandler [node1:8080] - [Consumer clientId=consumer-pattern-consumer-2, groupId=pattern-consumer] Error sending fetch request (sessionId=930618662, epoch=INITIAL) to node 1001:
org.apache.kafka.common.errors.DisconnectException: null
2025-12-11 07:19:10.008 [HikariPool-1 housekeeper] WARN  com.zaxxer.hikari.pool.HikariPool [node1:8080] - HikariPool-1 - Thread starvation or clock leap detected (housekeeper delta=9m44s779ms).
2025-12-11 07:19:10.009 [org.springframework.kafka.KafkaListenerEndpointContainer#3-0-C-1] INFO  o.a.k.clients.FetchSessionHandler [node1:8080] - [Consumer clientId=consumer-pattern-consumer-2, groupId=pattern-consumer] Error sending fetch request (sessionId=930618662, epoch=INITIAL) to node 1001:
org.apache.kafka.common.errors.DisconnectException: null
2025-12-11 07:19:10.009 [org.springframework.kafka.KafkaListenerEndpointContainer#1-0-C-1] INFO  o.a.k.clients.FetchSessionHandler [node1:8080] - [Consumer clientId=consumer-order-events-consumer-4, groupId=order-events-consumer] Error sending fetch request (sessionId=614027490, epoch=INITIAL) to node 1001:
org.apache.kafka.common.errors.DisconnectException: null
2025-12-11 07:19:10.009 [org.springframework.kafka.KafkaListenerEndpointContainer#2-0-C-1] INFO  o.a.k.clients.FetchSessionHandler [node1:8080] - [Consumer clientId=consumer-notification-batch-consumer-1, groupId=notification-batch-consumer] Error sending fetch request (sessionId=2032618788, epoch=INITIAL) to node 1001:
org.apache.kafka.common.errors.DisconnectException: null
2025-12-11 07:19:41.122 [org.springframework.kafka.KafkaListenerEndpointContainer#1-0-C-1] INFO  o.a.k.clients.FetchSessionHandler [node1:8080] - [Consumer clientId=consumer-order-events-consumer-4, groupId=order-events-consumer] Error sending fetch request (sessionId=614027490, epoch=INITIAL) to node 1001:
org.apache.kafka.common.errors.DisconnectException: null
2025-12-11 07:19:41.122 [org.springframework.kafka.KafkaListenerEndpointContainer#3-0-C-1] INFO  o.a.k.clients.FetchSessionHandler [node1:8080] - [Consumer clientId=consumer-pattern-consumer-2, groupId=pattern-consumer] Error sending fetch request (sessionId=930618662, epoch=INITIAL) to node 1001:
org.apache.kafka.common.errors.DisconnectException: null
2025-12-11 07:19:41.127 [org.springframework.kafka.KafkaListenerEndpointContainer#2-0-C-1] INFO  o.a.k.clients.FetchSessionHandler [node1:8080] - [Consumer clientId=consumer-notification-batch-consumer-1, groupId=notification-batch-consumer] Error sending fetch request (sessionId=2032618788, epoch=INITIAL) to node 1001:
org.apache.kafka.common.errors.DisconnectException: null
2025-12-11 07:29:16.100 [org.springframework.kafka.KafkaListenerEndpointContainer#1-0-C-1] INFO  o.a.k.clients.FetchSessionHandler [node1:8080] - [Consumer clientId=consumer-order-events-consumer-4, groupId=order-events-consumer] Error sending fetch request (sessionId=614027490, epoch=INITIAL) to node 1001:
org.apache.kafka.common.errors.DisconnectException: null
2025-12-11 07:29:16.105 [org.springframework.kafka.KafkaListenerEndpointContainer#2-0-C-1] INFO  o.a.k.clients.FetchSessionHandler [node1:8080] - [Consumer clientId=consumer-notification-batch-consumer-1, groupId=notification-batch-consumer] Error sending fetch request (sessionId=2032618788, epoch=INITIAL) to node 1001:
org.apache.kafka.common.errors.DisconnectException: null
2025-12-11 07:29:16.107 [org.springframework.kafka.KafkaListenerEndpointContainer#3-0-C-1] INFO  o.a.k.clients.FetchSessionHandler [node1:8080] - [Consumer clientId=consumer-pattern-consumer-2, groupId=pattern-consumer] Error sending fetch request (sessionId=930618662, epoch=INITIAL) to node 1001:
org.apache.kafka.common.errors.DisconnectException: null
2025-12-11 07:29:27.387 [HikariPool-1 housekeeper] WARN  com.zaxxer.hikari.pool.HikariPool [node1:8080] - HikariPool-1 - Thread starvation or clock leap detected (housekeeper delta=9m45s497ms).
2025-12-11 07:29:49.110 [org.springframework.kafka.KafkaListenerEndpointContainer#1-0-C-1] INFO  o.a.k.clients.FetchSessionHandler [node1:8080] - [Consumer clientId=consumer-order-events-consumer-4, groupId=order-events-consumer] Error sending fetch request (sessionId=614027490, epoch=INITIAL) to node 1001:
org.apache.kafka.common.errors.DisconnectException: null
2025-12-11 07:29:49.116 [org.springframework.kafka.KafkaListenerEndpointContainer#3-0-C-1] INFO  o.a.k.clients.FetchSessionHandler [node1:8080] - [Consumer clientId=consumer-pattern-consumer-2, groupId=pattern-consumer] Error sending fetch request (sessionId=930618662, epoch=INITIAL) to node 1001:
org.apache.kafka.common.errors.DisconnectException: null
2025-12-11 07:29:49.117 [org.springframework.kafka.KafkaListenerEndpointContainer#2-0-C-1] INFO  o.a.k.clients.FetchSessionHandler [node1:8080] - [Consumer clientId=consumer-notification-batch-consumer-1, groupId=notification-batch-consumer] Error sending fetch request (sessionId=2032618788, epoch=INITIAL) to node 1001:
org.apache.kafka.common.errors.DisconnectException: null
2025-12-11 07:39:22.009 [org.springframework.kafka.KafkaListenerEndpointContainer#2-0-C-1] INFO  o.a.k.clients.FetchSessionHandler [node1:8080] - [Consumer clientId=consumer-notification-batch-consumer-1, groupId=notification-batch-consumer] Error sending fetch request (sessionId=2032618788, epoch=INITIAL) to node 1001:
org.apache.kafka.common.errors.DisconnectException: null
2025-12-11 07:39:22.010 [org.springframework.kafka.KafkaListenerEndpointContainer#3-0-C-1] INFO  o.a.k.clients.FetchSessionHandler [node1:8080] - [Consumer clientId=consumer-pattern-consumer-2, groupId=pattern-consumer] Error sending fetch request (sessionId=930618662, epoch=INITIAL) to node 1001:
org.apache.kafka.common.errors.DisconnectException: null
2025-12-11 07:39:22.010 [org.springframework.kafka.KafkaListenerEndpointContainer#1-0-C-1] INFO  o.a.k.clients.FetchSessionHandler [node1:8080] - [Consumer clientId=consumer-order-events-consumer-4, groupId=order-events-consumer] Error sending fetch request (sessionId=614027490, epoch=INITIAL) to node 1001:
org.apache.kafka.common.errors.DisconnectException: null
2025-12-11 07:39:42.717 [HikariPool-1 housekeeper] WARN  com.zaxxer.hikari.pool.HikariPool [node1:8080] - HikariPool-1 - Thread starvation or clock leap detected (housekeeper delta=9m45s323ms).
2025-12-11 07:39:52.251 [org.springframework.kafka.KafkaListenerEndpointContainer#2-0-C-1] INFO  o.a.k.clients.FetchSessionHandler [node1:8080] - [Consumer clientId=consumer-notification-batch-consumer-1, groupId=notification-batch-consumer] Error sending fetch request (sessionId=2032618788, epoch=INITIAL) to node 1001:
org.apache.kafka.common.errors.DisconnectException: null
2025-12-11 07:39:52.253 [org.springframework.kafka.KafkaListenerEndpointContainer#3-0-C-1] INFO  o.a.k.clients.FetchSessionHandler [node1:8080] - [Consumer clientId=consumer-pattern-consumer-2, groupId=pattern-consumer] Error sending fetch request (sessionId=930618662, epoch=INITIAL) to node 1001:
org.apache.kafka.common.errors.DisconnectException: null
2025-12-11 07:39:55.022 [org.springframework.kafka.KafkaListenerEndpointContainer#1-0-C-1] INFO  o.a.k.clients.FetchSessionHandler [node1:8080] - [Consumer clientId=consumer-order-events-consumer-4, groupId=order-events-consumer] Error sending fetch request (sessionId=614027490, epoch=INITIAL) to node 1001:
org.apache.kafka.common.errors.DisconnectException: null
2025-12-11 07:49:28.009 [org.springframework.kafka.KafkaListenerEndpointContainer#3-0-C-1] INFO  o.a.k.clients.FetchSessionHandler [node1:8080] - [Consumer clientId=consumer-pattern-consumer-2, groupId=pattern-consumer] Error sending fetch request (sessionId=930618662, epoch=INITIAL) to node 1001:
org.apache.kafka.common.errors.DisconnectException: null
2025-12-11 07:49:28.010 [org.springframework.kafka.KafkaListenerEndpointContainer#1-0-C-1] INFO  o.a.k.clients.FetchSessionHandler [node1:8080] - [Consumer clientId=consumer-order-events-consumer-4, groupId=order-events-consumer] Error sending fetch request (sessionId=614027490, epoch=INITIAL) to node 1001:
org.apache.kafka.common.errors.DisconnectException: null
2025-12-11 07:49:28.009 [org.springframework.kafka.KafkaListenerEndpointContainer#2-0-C-1] INFO  o.a.k.clients.FetchSessionHandler [node1:8080] - [Consumer clientId=consumer-notification-batch-consumer-1, groupId=notification-batch-consumer] Error sending fetch request (sessionId=2032618788, epoch=INITIAL) to node 1001:
org.apache.kafka.common.errors.DisconnectException: null
2025-12-11 07:49:28.121 [HikariPool-1 housekeeper] WARN  com.zaxxer.hikari.pool.HikariPool [node1:8080] - HikariPool-1 - Thread starvation or clock leap detected (housekeeper delta=9m45s404ms).
2025-12-11 07:50:01.029 [org.springframework.kafka.KafkaListenerEndpointContainer#2-0-C-1] INFO  o.a.k.clients.FetchSessionHandler [node1:8080] - [Consumer clientId=consumer-notification-batch-consumer-1, groupId=notification-batch-consumer] Error sending fetch request (sessionId=2032618788, epoch=INITIAL) to node 1001:
org.apache.kafka.common.errors.DisconnectException: null
2025-12-11 07:50:01.030 [org.springframework.kafka.KafkaListenerEndpointContainer#1-0-C-1] INFO  o.a.k.clients.FetchSessionHandler [node1:8080] - [Consumer clientId=consumer-order-events-consumer-4, groupId=order-events-consumer] Error sending fetch request (sessionId=614027490, epoch=INITIAL) to node 1001:
org.apache.kafka.common.errors.DisconnectException: null
2025-12-11 07:50:01.032 [org.springframework.kafka.KafkaListenerEndpointContainer#3-0-C-1] INFO  o.a.k.clients.FetchSessionHandler [node1:8080] - [Consumer clientId=consumer-pattern-consumer-2, groupId=pattern-consumer] Error sending fetch request (sessionId=930618662, epoch=INITIAL) to node 1001:
org.apache.kafka.common.errors.DisconnectException: null
2025-12-11 07:59:36.008 [org.springframework.kafka.KafkaListenerEndpointContainer#2-0-C-1] INFO  o.a.k.clients.FetchSessionHandler [node1:8080] - [Consumer clientId=consumer-notification-batch-consumer-1, groupId=notification-batch-consumer] Error sending fetch request (sessionId=2032618788, epoch=INITIAL) to node 1001:
org.apache.kafka.common.errors.DisconnectException: null
2025-12-11 07:59:36.009 [org.springframework.kafka.KafkaListenerEndpointContainer#1-0-C-1] INFO  o.a.k.clients.FetchSessionHandler [node1:8080] - [Consumer clientId=consumer-order-events-consumer-4, groupId=order-events-consumer] Error sending fetch request (sessionId=614027490, epoch=INITIAL) to node 1001:
org.apache.kafka.common.errors.DisconnectException: null
2025-12-11 07:59:37.088 [org.springframework.kafka.KafkaListenerEndpointContainer#3-0-C-1] INFO  o.a.k.clients.FetchSessionHandler [node1:8080] - [Consumer clientId=consumer-pattern-consumer-2, groupId=pattern-consumer] Error sending fetch request (sessionId=930618662, epoch=INITIAL) to node 1001:
org.apache.kafka.common.errors.DisconnectException: null
2025-12-11 07:59:45.947 [HikariPool-1 housekeeper] WARN  com.zaxxer.hikari.pool.HikariPool [node1:8080] - HikariPool-1 - Thread starvation or clock leap detected (housekeeper delta=9m47s752ms).
2025-12-11 08:00:07.110 [org.springframework.kafka.KafkaListenerEndpointContainer#2-0-C-1] INFO  o.a.k.clients.FetchSessionHandler [node1:8080] - [Consumer clientId=consumer-notification-batch-consumer-1, groupId=notification-batch-consumer] Error sending fetch request (sessionId=2032618788, epoch=INITIAL) to node 1001:
org.apache.kafka.common.errors.DisconnectException: null
2025-12-11 08:00:07.114 [org.springframework.kafka.KafkaListenerEndpointContainer#1-0-C-1] INFO  o.a.k.clients.FetchSessionHandler [node1:8080] - [Consumer clientId=consumer-order-events-consumer-4, groupId=order-events-consumer] Error sending fetch request (sessionId=614027490, epoch=INITIAL) to node 1001:
org.apache.kafka.common.errors.DisconnectException: null
2025-12-11 08:00:07.126 [org.springframework.kafka.KafkaListenerEndpointContainer#3-0-C-1] INFO  o.a.k.clients.FetchSessionHandler [node1:8080] - [Consumer clientId=consumer-pattern-consumer-2, groupId=pattern-consumer] Error sending fetch request (sessionId=930618662, epoch=INITIAL) to node 1001:
org.apache.kafka.common.errors.DisconnectException: null
2025-12-11 08:09:42.108 [org.springframework.kafka.KafkaListenerEndpointContainer#1-0-C-1] INFO  o.a.k.clients.FetchSessionHandler [node1:8080] - [Consumer clientId=consumer-order-events-consumer-4, groupId=order-events-consumer] Error sending fetch request (sessionId=614027490, epoch=INITIAL) to node 1001:
org.apache.kafka.common.errors.DisconnectException: null
2025-12-11 08:09:42.108 [org.springframework.kafka.KafkaListenerEndpointContainer#2-0-C-1] INFO  o.a.k.clients.FetchSessionHandler [node1:8080] - [Consumer clientId=consumer-notification-batch-consumer-1, groupId=notification-batch-consumer] Error sending fetch request (sessionId=2032618788, epoch=INITIAL) to node 1001:
org.apache.kafka.common.errors.DisconnectException: null
2025-12-11 08:09:42.124 [org.springframework.kafka.KafkaListenerEndpointContainer#3-0-C-1] INFO  o.a.k.clients.FetchSessionHandler [node1:8080] - [Consumer clientId=consumer-pattern-consumer-2, groupId=pattern-consumer] Error sending fetch request (sessionId=930618662, epoch=INITIAL) to node 1001:
org.apache.kafka.common.errors.DisconnectException: null
2025-12-11 08:09:59.265 [HikariPool-1 housekeeper] WARN  com.zaxxer.hikari.pool.HikariPool [node1:8080] - HikariPool-1 - Thread starvation or clock leap detected (housekeeper delta=9m43s298ms).
2025-12-11 08:10:13.094 [org.springframework.kafka.KafkaListenerEndpointContainer#3-0-C-1] INFO  o.a.k.clients.FetchSessionHandler [node1:8080] - [Consumer clientId=consumer-pattern-consumer-2, groupId=pattern-consumer] Error sending fetch request (sessionId=930618662, epoch=INITIAL) to node 1001:
org.apache.kafka.common.errors.DisconnectException: null
2025-12-11 08:10:15.119 [org.springframework.kafka.KafkaListenerEndpointContainer#2-0-C-1] INFO  o.a.k.clients.FetchSessionHandler [node1:8080] - [Consumer clientId=consumer-notification-batch-consumer-1, groupId=notification-batch-consumer] Error sending fetch request (sessionId=2032618788, epoch=INITIAL) to node 1001:
org.apache.kafka.common.errors.DisconnectException: null
2025-12-11 08:10:15.119 [org.springframework.kafka.KafkaListenerEndpointContainer#1-0-C-1] INFO  o.a.k.clients.FetchSessionHandler [node1:8080] - [Consumer clientId=consumer-order-events-consumer-4, groupId=order-events-consumer] Error sending fetch request (sessionId=614027490, epoch=INITIAL) to node 1001:
org.apache.kafka.common.errors.DisconnectException: null
2025-12-11 08:19:46.007 [HikariPool-1 housekeeper] WARN  com.zaxxer.hikari.pool.HikariPool [node1:8080] - HikariPool-1 - Thread starvation or clock leap detected (housekeeper delta=9m46s742ms).
2025-12-11 08:19:46.007 [org.springframework.kafka.KafkaListenerEndpointContainer#2-0-C-1] INFO  o.a.k.clients.FetchSessionHandler [node1:8080] - [Consumer clientId=consumer-notification-batch-consumer-1, groupId=notification-batch-consumer] Error sending fetch request (sessionId=2032618788, epoch=INITIAL) to node 1001:
org.apache.kafka.common.errors.DisconnectException: null
2025-12-11 08:19:46.007 [org.springframework.kafka.KafkaListenerEndpointContainer#1-0-C-1] INFO  o.a.k.clients.FetchSessionHandler [node1:8080] - [Consumer clientId=consumer-order-events-consumer-4, groupId=order-events-consumer] Error sending fetch request (sessionId=614027490, epoch=INITIAL) to node 1001:
org.apache.kafka.common.errors.DisconnectException: null
2025-12-11 08:19:46.586 [org.springframework.kafka.KafkaListenerEndpointContainer#3-0-C-1] INFO  o.a.k.clients.FetchSessionHandler [node1:8080] - [Consumer clientId=consumer-pattern-consumer-2, groupId=pattern-consumer] Error sending fetch request (sessionId=930618662, epoch=INITIAL) to node 1001:
org.apache.kafka.common.errors.DisconnectException: null
2025-12-11 08:20:17.126 [org.springframework.kafka.KafkaListenerEndpointContainer#2-0-C-1] INFO  o.a.k.clients.FetchSessionHandler [node1:8080] - [Consumer clientId=consumer-notification-batch-consumer-1, groupId=notification-batch-consumer] Error sending fetch request (sessionId=2032618788, epoch=INITIAL) to node 1001:
org.apache.kafka.common.errors.DisconnectException: null
2025-12-11 08:20:17.131 [org.springframework.kafka.KafkaListenerEndpointContainer#1-0-C-1] INFO  o.a.k.clients.FetchSessionHandler [node1:8080] - [Consumer clientId=consumer-order-events-consumer-4, groupId=order-events-consumer] Error sending fetch request (sessionId=614027490, epoch=INITIAL) to node 1001:
org.apache.kafka.common.errors.DisconnectException: null
2025-12-11 08:20:17.135 [org.springframework.kafka.KafkaListenerEndpointContainer#3-0-C-1] INFO  o.a.k.clients.FetchSessionHandler [node1:8080] - [Consumer clientId=consumer-pattern-consumer-2, groupId=pattern-consumer] Error sending fetch request (sessionId=930618662, epoch=INITIAL) to node 1001:
org.apache.kafka.common.errors.DisconnectException: null
2025-12-11 08:29:55.532 [org.springframework.kafka.KafkaListenerEndpointContainer#2-0-C-1] INFO  o.a.k.clients.FetchSessionHandler [node1:8080] - [Consumer clientId=consumer-notification-batch-consumer-1, groupId=notification-batch-consumer] Error sending fetch request (sessionId=2032618788, epoch=INITIAL) to node 1001:
org.apache.kafka.common.errors.DisconnectException: null
2025-12-11 08:29:55.535 [org.springframework.kafka.KafkaListenerEndpointContainer#1-0-C-1] INFO  o.a.k.clients.FetchSessionHandler [node1:8080] - [Consumer clientId=consumer-order-events-consumer-4, groupId=order-events-consumer] Error sending fetch request (sessionId=614027490, epoch=INITIAL) to node 1001:
org.apache.kafka.common.errors.DisconnectException: null
2025-12-11 08:29:55.540 [org.springframework.kafka.KafkaListenerEndpointContainer#3-0-C-1] INFO  o.a.k.clients.FetchSessionHandler [node1:8080] - [Consumer clientId=consumer-pattern-consumer-2, groupId=pattern-consumer] Error sending fetch request (sessionId=930618662, epoch=INITIAL) to node 1001:
org.apache.kafka.common.errors.DisconnectException: null
2025-12-11 08:30:02.508 [HikariPool-1 housekeeper] WARN  com.zaxxer.hikari.pool.HikariPool [node1:8080] - HikariPool-1 - Thread starvation or clock leap detected (housekeeper delta=9m43s480ms).
2025-12-11 08:30:28.542 [org.springframework.kafka.KafkaListenerEndpointContainer#2-0-C-1] INFO  o.a.k.clients.FetchSessionHandler [node1:8080] - [Consumer clientId=consumer-notification-batch-consumer-1, groupId=notification-batch-consumer] Error sending fetch request (sessionId=2032618788, epoch=INITIAL) to node 1001:
org.apache.kafka.common.errors.DisconnectException: null
2025-12-11 08:30:28.546 [org.springframework.kafka.KafkaListenerEndpointContainer#1-0-C-1] INFO  o.a.k.clients.FetchSessionHandler [node1:8080] - [Consumer clientId=consumer-order-events-consumer-4, groupId=order-events-consumer] Error sending fetch request (sessionId=614027490, epoch=INITIAL) to node 1001:
org.apache.kafka.common.errors.DisconnectException: null
2025-12-11 08:30:28.553 [org.springframework.kafka.KafkaListenerEndpointContainer#3-0-C-1] INFO  o.a.k.clients.FetchSessionHandler [node1:8080] - [Consumer clientId=consumer-pattern-consumer-2, groupId=pattern-consumer] Error sending fetch request (sessionId=930618662, epoch=INITIAL) to node 1001:
org.apache.kafka.common.errors.DisconnectException: null
2025-12-11 08:39:58.997 [org.springframework.kafka.KafkaListenerEndpointContainer#2-0-C-1] INFO  o.a.k.clients.FetchSessionHandler [node1:8080] - [Consumer clientId=consumer-notification-batch-consumer-1, groupId=notification-batch-consumer] Error sending fetch request (sessionId=2032618788, epoch=INITIAL) to node 1001:
org.apache.kafka.common.errors.DisconnectException: null
2025-12-11 08:39:59.003 [org.springframework.kafka.KafkaListenerEndpointContainer#1-0-C-1] INFO  o.a.k.clients.FetchSessionHandler [node1:8080] - [Consumer clientId=consumer-order-events-consumer-4, groupId=order-events-consumer] Error sending fetch request (sessionId=614027490, epoch=INITIAL) to node 1001:
org.apache.kafka.common.errors.DisconnectException: null
2025-12-11 08:39:59.007 [org.springframework.kafka.KafkaListenerEndpointContainer#3-0-C-1] INFO  o.a.k.clients.FetchSessionHandler [node1:8080] - [Consumer clientId=consumer-pattern-consumer-2, groupId=pattern-consumer] Error sending fetch request (sessionId=930618662, epoch=INITIAL) to node 1001:
org.apache.kafka.common.errors.DisconnectException: null
2025-12-11 08:40:20.002 [HikariPool-1 housekeeper] WARN  com.zaxxer.hikari.pool.HikariPool [node1:8080] - HikariPool-1 - Thread starvation or clock leap detected (housekeeper delta=9m47s493ms).
2025-12-11 08:40:29.175 [org.springframework.kafka.KafkaListenerEndpointContainer#1-0-C-1] INFO  o.a.k.clients.FetchSessionHandler [node1:8080] - [Consumer clientId=consumer-order-events-consumer-4, groupId=order-events-consumer] Error sending fetch request (sessionId=614027490, epoch=INITIAL) to node 1001:
org.apache.kafka.common.errors.DisconnectException: null
2025-12-11 08:40:29.175 [org.springframework.kafka.KafkaListenerEndpointContainer#2-0-C-1] INFO  o.a.k.clients.FetchSessionHandler [node1:8080] - [Consumer clientId=consumer-notification-batch-consumer-1, groupId=notification-batch-consumer] Error sending fetch request (sessionId=2032618788, epoch=INITIAL) to node 1001:
org.apache.kafka.common.errors.DisconnectException: null
2025-12-11 08:40:29.188 [org.springframework.kafka.KafkaListenerEndpointContainer#3-0-C-1] INFO  o.a.k.clients.FetchSessionHandler [node1:8080] - [Consumer clientId=consumer-pattern-consumer-2, groupId=pattern-consumer] Error sending fetch request (sessionId=930618662, epoch=INITIAL) to node 1001:
org.apache.kafka.common.errors.DisconnectException: null
2025-12-11 08:50:05.003 [org.springframework.kafka.KafkaListenerEndpointContainer#3-0-C-1] INFO  o.a.k.clients.FetchSessionHandler [node1:8080] - [Consumer clientId=consumer-pattern-consumer-2, groupId=pattern-consumer] Error sending fetch request (sessionId=930618662, epoch=INITIAL) to node 1001:
org.apache.kafka.common.errors.DisconnectException: null
2025-12-11 08:50:05.003 [org.springframework.kafka.KafkaListenerEndpointContainer#2-0-C-1] INFO  o.a.k.clients.FetchSessionHandler [node1:8080] - [Consumer clientId=consumer-notification-batch-consumer-1, groupId=notification-batch-consumer] Error sending fetch request (sessionId=2032618788, epoch=INITIAL) to node 1001:
org.apache.kafka.common.errors.DisconnectException: null
2025-12-11 08:50:05.003 [org.springframework.kafka.KafkaListenerEndpointContainer#1-0-C-1] INFO  o.a.k.clients.FetchSessionHandler [node1:8080] - [Consumer clientId=consumer-order-events-consumer-4, groupId=order-events-consumer] Error sending fetch request (sessionId=614027490, epoch=INITIAL) to node 1001:
org.apache.kafka.common.errors.DisconnectException: null
2025-12-11 08:50:05.102 [HikariPool-1 housekeeper] WARN  com.zaxxer.hikari.pool.HikariPool [node1:8080] - HikariPool-1 - Thread starvation or clock leap detected (housekeeper delta=9m45s100ms).
2025-12-11 08:50:38.015 [org.springframework.kafka.KafkaListenerEndpointContainer#3-0-C-1] INFO  o.a.k.clients.FetchSessionHandler [node1:8080] - [Consumer clientId=consumer-pattern-consumer-2, groupId=pattern-consumer] Error sending fetch request (sessionId=930618662, epoch=INITIAL) to node 1001:
org.apache.kafka.common.errors.DisconnectException: null
2025-12-11 08:50:38.015 [org.springframework.kafka.KafkaListenerEndpointContainer#1-0-C-1] INFO  o.a.k.clients.FetchSessionHandler [node1:8080] - [Consumer clientId=consumer-order-events-consumer-4, groupId=order-events-consumer] Error sending fetch request (sessionId=614027490, epoch=INITIAL) to node 1001:
org.apache.kafka.common.errors.DisconnectException: null
2025-12-11 08:50:39.117 [org.springframework.kafka.KafkaListenerEndpointContainer#2-0-C-1] INFO  o.a.k.clients.FetchSessionHandler [node1:8080] - [Consumer clientId=consumer-notification-batch-consumer-1, groupId=notification-batch-consumer] Error sending fetch request (sessionId=2032618788, epoch=INITIAL) to node 1001:
org.apache.kafka.common.errors.DisconnectException: null
2025-12-11 09:00:11.005 [org.springframework.kafka.KafkaListenerEndpointContainer#3-0-C-1] INFO  o.a.k.clients.FetchSessionHandler [node1:8080] - [Consumer clientId=consumer-pattern-consumer-2, groupId=pattern-consumer] Error sending fetch request (sessionId=930618662, epoch=INITIAL) to node 1001:
org.apache.kafka.common.errors.DisconnectException: null
2025-12-11 09:00:11.005 [org.springframework.kafka.KafkaListenerEndpointContainer#1-0-C-1] INFO  o.a.k.clients.FetchSessionHandler [node1:8080] - [Consumer clientId=consumer-order-events-consumer-4, groupId=order-events-consumer] Error sending fetch request (sessionId=614027490, epoch=INITIAL) to node 1001:
org.apache.kafka.common.errors.DisconnectException: null
2025-12-11 09:00:11.482 [org.springframework.kafka.KafkaListenerEndpointContainer#2-0-C-1] INFO  o.a.k.clients.FetchSessionHandler [node1:8080] - [Consumer clientId=consumer-notification-batch-consumer-1, groupId=notification-batch-consumer] Error sending fetch request (sessionId=2032618788, epoch=INITIAL) to node 1001:
org.apache.kafka.common.errors.DisconnectException: null
2025-12-11 09:00:19.878 [HikariPool-1 housekeeper] WARN  com.zaxxer.hikari.pool.HikariPool [node1:8080] - HikariPool-1 - Thread starvation or clock leap detected (housekeeper delta=9m43s540ms).
2025-12-11 09:00:44.019 [org.springframework.kafka.KafkaListenerEndpointContainer#3-0-C-1] INFO  o.a.k.clients.FetchSessionHandler [node1:8080] - [Consumer clientId=consumer-pattern-consumer-2, groupId=pattern-consumer] Error sending fetch request (sessionId=930618662, epoch=INITIAL) to node 1001:
org.apache.kafka.common.errors.DisconnectException: null
2025-12-11 09:00:44.019 [org.springframework.kafka.KafkaListenerEndpointContainer#1-0-C-1] INFO  o.a.k.clients.FetchSessionHandler [node1:8080] - [Consumer clientId=consumer-order-events-consumer-4, groupId=order-events-consumer] Error sending fetch request (sessionId=614027490, epoch=INITIAL) to node 1001:
org.apache.kafka.common.errors.DisconnectException: null
2025-12-11 09:00:44.492 [org.springframework.kafka.KafkaListenerEndpointContainer#2-0-C-1] INFO  o.a.k.clients.FetchSessionHandler [node1:8080] - [Consumer clientId=consumer-notification-batch-consumer-1, groupId=notification-batch-consumer] Error sending fetch request (sessionId=2032618788, epoch=INITIAL) to node 1001:
org.apache.kafka.common.errors.DisconnectException: null
2025-12-11 09:10:15.003 [org.springframework.kafka.KafkaListenerEndpointContainer#3-0-C-1] INFO  o.a.k.clients.FetchSessionHandler [node1:8080] - [Consumer clientId=consumer-pattern-consumer-2, groupId=pattern-consumer] Error sending fetch request (sessionId=930618662, epoch=INITIAL) to node 1001:
org.apache.kafka.common.errors.DisconnectException: null
2025-12-11 09:10:15.004 [org.springframework.kafka.KafkaListenerEndpointContainer#1-0-C-1] INFO  o.a.k.clients.FetchSessionHandler [node1:8080] - [Consumer clientId=consumer-order-events-consumer-4, groupId=order-events-consumer] Error sending fetch request (sessionId=614027490, epoch=INITIAL) to node 1001:
org.apache.kafka.common.errors.DisconnectException: null
2025-12-11 09:10:15.003 [org.springframework.kafka.KafkaListenerEndpointContainer#2-0-C-1] INFO  o.a.k.clients.FetchSessionHandler [node1:8080] - [Consumer clientId=consumer-notification-batch-consumer-1, groupId=notification-batch-consumer] Error sending fetch request (sessionId=2032618788, epoch=INITIAL) to node 1001:
org.apache.kafka.common.errors.DisconnectException: null
2025-12-11 09:10:37.239 [HikariPool-1 housekeeper] WARN  com.zaxxer.hikari.pool.HikariPool [node1:8080] - HikariPool-1 - Thread starvation or clock leap detected (housekeeper delta=9m47s359ms).
2025-12-11 09:10:46.106 [org.springframework.kafka.KafkaListenerEndpointContainer#2-0-C-1] INFO  o.a.k.clients.FetchSessionHandler [node1:8080] - [Consumer clientId=consumer-notification-batch-consumer-1, groupId=notification-batch-consumer] Error sending fetch request (sessionId=2032618788, epoch=INITIAL) to node 1001:
org.apache.kafka.common.errors.DisconnectException: null
2025-12-11 09:10:48.013 [org.springframework.kafka.KafkaListenerEndpointContainer#3-0-C-1] INFO  o.a.k.clients.FetchSessionHandler [node1:8080] - [Consumer clientId=consumer-pattern-consumer-2, groupId=pattern-consumer] Error sending fetch request (sessionId=930618662, epoch=INITIAL) to node 1001:
org.apache.kafka.common.errors.DisconnectException: null
2025-12-11 09:10:48.962 [org.springframework.kafka.KafkaListenerEndpointContainer#1-0-C-1] INFO  o.a.k.clients.FetchSessionHandler [node1:8080] - [Consumer clientId=consumer-order-events-consumer-4, groupId=order-events-consumer] Error sending fetch request (sessionId=614027490, epoch=INITIAL) to node 1001:
org.apache.kafka.common.errors.DisconnectException: null
2025-12-11 09:11:19.120 [org.springframework.kafka.KafkaListenerEndpointContainer#2-0-C-1] INFO  o.a.k.clients.FetchSessionHandler [node1:8080] - [Consumer clientId=consumer-notification-batch-consumer-1, groupId=notification-batch-consumer] Error sending fetch request (sessionId=2032618788, epoch=INITIAL) to node 1001:
org.apache.kafka.common.errors.DisconnectException: null
2025-12-11 09:11:20.023 [org.springframework.kafka.KafkaListenerEndpointContainer#3-0-C-1] INFO  o.a.k.clients.FetchSessionHandler [node1:8080] - [Consumer clientId=consumer-pattern-consumer-2, groupId=pattern-consumer] Error sending fetch request (sessionId=930618662, epoch=INITIAL) to node 1001:
org.apache.kafka.common.errors.DisconnectException: null
2025-12-11 09:11:20.972 [org.springframework.kafka.KafkaListenerEndpointContainer#1-0-C-1] INFO  o.a.k.clients.FetchSessionHandler [node1:8080] - [Consumer clientId=consumer-order-events-consumer-4, groupId=order-events-consumer] Error sending fetch request (sessionId=614027490, epoch=INITIAL) to node 1001:
org.apache.kafka.common.errors.DisconnectException: null
2025-12-11 09:11:51.125 [org.springframework.kafka.KafkaListenerEndpointContainer#2-0-C-1] INFO  o.a.k.clients.FetchSessionHandler [node1:8080] - [Consumer clientId=consumer-notification-batch-consumer-1, groupId=notification-batch-consumer] Error sending fetch request (sessionId=2032618788, epoch=INITIAL) to node 1001:
org.apache.kafka.common.errors.DisconnectException: null
2025-12-11 09:11:53.039 [org.springframework.kafka.KafkaListenerEndpointContainer#3-0-C-1] INFO  o.a.k.clients.FetchSessionHandler [node1:8080] - [Consumer clientId=consumer-pattern-consumer-2, groupId=pattern-consumer] Error sending fetch request (sessionId=930618662, epoch=INITIAL) to node 1001:
org.apache.kafka.common.errors.DisconnectException: null
2025-12-11 09:11:53.985 [org.springframework.kafka.KafkaListenerEndpointContainer#1-0-C-1] INFO  o.a.k.clients.FetchSessionHandler [node1:8080] - [Consumer clientId=consumer-order-events-consumer-4, groupId=order-events-consumer] Error sending fetch request (sessionId=614027490, epoch=INITIAL) to node 1001:
org.apache.kafka.common.errors.DisconnectException: null
2025-12-11 09:12:24.135 [org.springframework.kafka.KafkaListenerEndpointContainer#2-0-C-1] INFO  o.a.k.clients.FetchSessionHandler [node1:8080] - [Consumer clientId=consumer-notification-batch-consumer-1, groupId=notification-batch-consumer] Error sending fetch request (sessionId=2032618788, epoch=INITIAL) to node 1001:
org.apache.kafka.common.errors.DisconnectException: null
2025-12-11 09:12:25.048 [org.springframework.kafka.KafkaListenerEndpointContainer#3-0-C-1] INFO  o.a.k.clients.FetchSessionHandler [node1:8080] - [Consumer clientId=consumer-pattern-consumer-2, groupId=pattern-consumer] Error sending fetch request (sessionId=930618662, epoch=INITIAL) to node 1001:
org.apache.kafka.common.errors.DisconnectException: null
2025-12-11 09:12:25.995 [org.springframework.kafka.KafkaListenerEndpointContainer#1-0-C-1] INFO  o.a.k.clients.FetchSessionHandler [node1:8080] - [Consumer clientId=consumer-order-events-consumer-4, groupId=order-events-consumer] Error sending fetch request (sessionId=614027490, epoch=INITIAL) to node 1001:
org.apache.kafka.common.errors.DisconnectException: null
2025-12-11 09:12:56.144 [org.springframework.kafka.KafkaListenerEndpointContainer#2-0-C-1] INFO  o.a.k.clients.FetchSessionHandler [node1:8080] - [Consumer clientId=consumer-notification-batch-consumer-1, groupId=notification-batch-consumer] Error sending fetch request (sessionId=2032618788, epoch=INITIAL) to node 1001:
org.apache.kafka.common.errors.DisconnectException: null
2025-12-11 09:12:58.060 [org.springframework.kafka.KafkaListenerEndpointContainer#3-0-C-1] INFO  o.a.k.clients.FetchSessionHandler [node1:8080] - [Consumer clientId=consumer-pattern-consumer-2, groupId=pattern-consumer] Error sending fetch request (sessionId=930618662, epoch=INITIAL) to node 1001:
org.apache.kafka.common.errors.DisconnectException: null
2025-12-11 09:12:59.008 [org.springframework.kafka.KafkaListenerEndpointContainer#1-0-C-1] INFO  o.a.k.clients.FetchSessionHandler [node1:8080] - [Consumer clientId=consumer-order-events-consumer-4, groupId=order-events-consumer] Error sending fetch request (sessionId=614027490, epoch=INITIAL) to node 1001:
org.apache.kafka.common.errors.DisconnectException: null
2025-12-11 09:13:29.157 [org.springframework.kafka.KafkaListenerEndpointContainer#2-0-C-1] INFO  o.a.k.clients.FetchSessionHandler [node1:8080] - [Consumer clientId=consumer-notification-batch-consumer-1, groupId=notification-batch-consumer] Error sending fetch request (sessionId=2032618788, epoch=INITIAL) to node 1001:
org.apache.kafka.common.errors.DisconnectException: null
2025-12-11 09:13:30.067 [org.springframework.kafka.KafkaListenerEndpointContainer#3-0-C-1] INFO  o.a.k.clients.FetchSessionHandler [node1:8080] - [Consumer clientId=consumer-pattern-consumer-2, groupId=pattern-consumer] Error sending fetch request (sessionId=930618662, epoch=INITIAL) to node 1001:
org.apache.kafka.common.errors.DisconnectException: null
2025-12-11 09:13:31.017 [org.springframework.kafka.KafkaListenerEndpointContainer#1-0-C-1] INFO  o.a.k.clients.FetchSessionHandler [node1:8080] - [Consumer clientId=consumer-order-events-consumer-4, groupId=order-events-consumer] Error sending fetch request (sessionId=614027490, epoch=INITIAL) to node 1001:
org.apache.kafka.common.errors.DisconnectException: null
2025-12-11 09:14:01.166 [org.springframework.kafka.KafkaListenerEndpointContainer#2-0-C-1] INFO  o.a.k.clients.FetchSessionHandler [node1:8080] - [Consumer clientId=consumer-notification-batch-consumer-1, groupId=notification-batch-consumer] Error sending fetch request (sessionId=2032618788, epoch=INITIAL) to node 1001:
org.apache.kafka.common.errors.DisconnectException: null
2025-12-11 09:14:03.078 [org.springframework.kafka.KafkaListenerEndpointContainer#3-0-C-1] INFO  o.a.k.clients.FetchSessionHandler [node1:8080] - [Consumer clientId=consumer-pattern-consumer-2, groupId=pattern-consumer] Error sending fetch request (sessionId=930618662, epoch=INITIAL) to node 1001:
org.apache.kafka.common.errors.DisconnectException: null
2025-12-11 09:14:04.030 [org.springframework.kafka.KafkaListenerEndpointContainer#1-0-C-1] INFO  o.a.k.clients.FetchSessionHandler [node1:8080] - [Consumer clientId=consumer-order-events-consumer-4, groupId=order-events-consumer] Error sending fetch request (sessionId=614027490, epoch=INITIAL) to node 1001:
org.apache.kafka.common.errors.DisconnectException: null
2025-12-11 09:14:34.178 [org.springframework.kafka.KafkaListenerEndpointContainer#2-0-C-1] INFO  o.a.k.clients.FetchSessionHandler [node1:8080] - [Consumer clientId=consumer-notification-batch-consumer-1, groupId=notification-batch-consumer] Error sending fetch request (sessionId=2032618788, epoch=INITIAL) to node 1001:
org.apache.kafka.common.errors.DisconnectException: null
2025-12-11 09:14:35.086 [org.springframework.kafka.KafkaListenerEndpointContainer#3-0-C-1] INFO  o.a.k.clients.FetchSessionHandler [node1:8080] - [Consumer clientId=consumer-pattern-consumer-2, groupId=pattern-consumer] Error sending fetch request (sessionId=930618662, epoch=INITIAL) to node 1001:
org.apache.kafka.common.errors.DisconnectException: null
2025-12-11 09:14:36.046 [org.springframework.kafka.KafkaListenerEndpointContainer#1-0-C-1] INFO  o.a.k.clients.FetchSessionHandler [node1:8080] - [Consumer clientId=consumer-order-events-consumer-4, groupId=order-events-consumer] Error sending fetch request (sessionId=614027490, epoch=INITIAL) to node 1001:
org.apache.kafka.common.errors.DisconnectException: null
2025-12-11 09:15:06.183 [org.springframework.kafka.KafkaListenerEndpointContainer#2-0-C-1] INFO  o.a.k.clients.FetchSessionHandler [node1:8080] - [Consumer clientId=consumer-notification-batch-consumer-1, groupId=notification-batch-consumer] Error sending fetch request (sessionId=2032618788, epoch=INITIAL) to node 1001:
org.apache.kafka.common.errors.DisconnectException: null
2025-12-11 09:15:08.100 [org.springframework.kafka.KafkaListenerEndpointContainer#3-0-C-1] INFO  o.a.k.clients.FetchSessionHandler [node1:8080] - [Consumer clientId=consumer-pattern-consumer-2, groupId=pattern-consumer] Error sending fetch request (sessionId=930618662, epoch=INITIAL) to node 1001:
org.apache.kafka.common.errors.DisconnectException: null
2025-12-11 09:15:09.055 [org.springframework.kafka.KafkaListenerEndpointContainer#1-0-C-1] INFO  o.a.k.clients.FetchSessionHandler [node1:8080] - [Consumer clientId=consumer-order-events-consumer-4, groupId=order-events-consumer] Error sending fetch request (sessionId=614027490, epoch=INITIAL) to node 1001:
org.apache.kafka.common.errors.DisconnectException: null
2025-12-11 09:15:39.194 [org.springframework.kafka.KafkaListenerEndpointContainer#2-0-C-1] INFO  o.a.k.clients.FetchSessionHandler [node1:8080] - [Consumer clientId=consumer-notification-batch-consumer-1, groupId=notification-batch-consumer] Error sending fetch request (sessionId=2032618788, epoch=INITIAL) to node 1001:
org.apache.kafka.common.errors.DisconnectException: null
2025-12-11 09:15:40.110 [org.springframework.kafka.KafkaListenerEndpointContainer#3-0-C-1] INFO  o.a.k.clients.FetchSessionHandler [node1:8080] - [Consumer clientId=consumer-pattern-consumer-2, groupId=pattern-consumer] Error sending fetch request (sessionId=930618662, epoch=INITIAL) to node 1001:
org.apache.kafka.common.errors.DisconnectException: null
2025-12-11 09:15:41.067 [org.springframework.kafka.KafkaListenerEndpointContainer#1-0-C-1] INFO  o.a.k.clients.FetchSessionHandler [node1:8080] - [Consumer clientId=consumer-order-events-consumer-4, groupId=order-events-consumer] Error sending fetch request (sessionId=614027490, epoch=INITIAL) to node 1001:
org.apache.kafka.common.errors.DisconnectException: null
2025-12-11 09:16:11.199 [org.springframework.kafka.KafkaListenerEndpointContainer#2-0-C-1] INFO  o.a.k.clients.FetchSessionHandler [node1:8080] - [Consumer clientId=consumer-notification-batch-consumer-1, groupId=notification-batch-consumer] Error sending fetch request (sessionId=2032618788, epoch=INITIAL) to node 1001:
org.apache.kafka.common.errors.DisconnectException: null
2025-12-11 09:16:13.125 [org.springframework.kafka.KafkaListenerEndpointContainer#3-0-C-1] INFO  o.a.k.clients.FetchSessionHandler [node1:8080] - [Consumer clientId=consumer-pattern-consumer-2, groupId=pattern-consumer] Error sending fetch request (sessionId=930618662, epoch=INITIAL) to node 1001:
org.apache.kafka.common.errors.DisconnectException: null
2025-12-11 09:16:14.084 [org.springframework.kafka.KafkaListenerEndpointContainer#1-0-C-1] INFO  o.a.k.clients.FetchSessionHandler [node1:8080] - [Consumer clientId=consumer-order-events-consumer-4, groupId=order-events-consumer] Error sending fetch request (sessionId=614027490, epoch=INITIAL) to node 1001:
org.apache.kafka.common.errors.DisconnectException: null
2025-12-11 09:16:17.658 [HikariPool-1 connection adder] ERROR com.zaxxer.hikari.pool.HikariPool [node1:8080] - HikariPool-1 - Error thrown while acquiring connection from data source
com.mysql.cj.jdbc.exceptions.CommunicationsException: Communications link failure

The last packet successfully received from the server was 5,019 milliseconds ago. The last packet sent successfully to the server was 7,749 milliseconds ago.
	at com.mysql.cj.jdbc.exceptions.SQLError.createCommunicationsException(SQLError.java:174)
	at com.mysql.cj.jdbc.exceptions.SQLExceptionsMapping.translateException(SQLExceptionsMapping.java:64)
	at com.mysql.cj.jdbc.ConnectionImpl.isReadOnly(ConnectionImpl.java:1402)
	at com.mysql.cj.jdbc.ConnectionImpl.isReadOnly(ConnectionImpl.java:1387)
	at com.zaxxer.hikari.pool.PoolBase.setupConnection(PoolBase.java:408)
	at com.zaxxer.hikari.pool.PoolBase.newConnection(PoolBase.java:369)
	at com.zaxxer.hikari.pool.PoolBase.newPoolEntry(PoolBase.java:206)
	at com.zaxxer.hikari.pool.HikariPool.createPoolEntry(HikariPool.java:476)
	at com.zaxxer.hikari.pool.HikariPool.access$100(HikariPool.java:71)
	at com.zaxxer.hikari.pool.HikariPool$PoolEntryCreator.call(HikariPool.java:726)
	at com.zaxxer.hikari.pool.HikariPool$PoolEntryCreator.call(HikariPool.java:712)
	at java.base/java.util.concurrent.FutureTask.run(FutureTask.java:264)
	at java.base/java.util.concurrent.ThreadPoolExecutor.runWorker(ThreadPoolExecutor.java:1128)
	at java.base/java.util.concurrent.ThreadPoolExecutor$Worker.run(ThreadPoolExecutor.java:628)
	at java.base/java.lang.Thread.run(Thread.java:829)
Caused by: com.mysql.cj.exceptions.CJCommunicationsException: Communications link failure

The last packet successfully received from the server was 5,019 milliseconds ago. The last packet sent successfully to the server was 7,749 milliseconds ago.
	at jdk.internal.reflect.GeneratedConstructorAccessor68.newInstance(Unknown Source)
	at java.base/jdk.internal.reflect.DelegatingConstructorAccessorImpl.newInstance(DelegatingConstructorAccessorImpl.java:45)
	at java.base/java.lang.reflect.Constructor.newInstance(Constructor.java:490)
	at com.mysql.cj.exceptions.ExceptionFactory.createException(ExceptionFactory.java:61)
	at com.mysql.cj.exceptions.ExceptionFactory.createException(ExceptionFactory.java:105)
	at com.mysql.cj.exceptions.ExceptionFactory.createException(ExceptionFactory.java:151)
	at com.mysql.cj.exceptions.ExceptionFactory.createCommunicationsException(ExceptionFactory.java:167)
	at com.mysql.cj.protocol.a.NativeProtocol.readMessage(NativeProtocol.java:581)
	at com.mysql.cj.protocol.a.NativeProtocol.checkErrorMessage(NativeProtocol.java:761)
	at com.mysql.cj.protocol.a.NativeProtocol.sendCommand(NativeProtocol.java:700)
	at com.mysql.cj.protocol.a.NativeProtocol.sendCommand(NativeProtocol.java:155)
	at com.mysql.cj.NativeSession.queryServerVariable(NativeSession.java:597)
	at com.mysql.cj.jdbc.ConnectionImpl.isReadOnly(ConnectionImpl.java:1394)
	... 12 common frames omitted
Caused by: java.net.SocketTimeoutException: Read timed out
	at java.base/java.net.SocketInputStream.socketRead0(Native Method)
	at java.base/java.net.SocketInputStream.socketRead(SocketInputStream.java:115)
	at java.base/java.net.SocketInputStream.read(SocketInputStream.java:168)
	at java.base/java.net.SocketInputStream.read(SocketInputStream.java:140)
	at com.mysql.cj.protocol.ReadAheadInputStream.fill(ReadAheadInputStream.java:107)
	at com.mysql.cj.protocol.ReadAheadInputStream.readFromUnderlyingStreamIfNecessary(ReadAheadInputStream.java:150)
	at com.mysql.cj.protocol.ReadAheadInputStream.read(ReadAheadInputStream.java:180)
	at java.base/java.io.FilterInputStream.read(FilterInputStream.java:133)
	at com.mysql.cj.protocol.FullReadInputStream.readFully(FullReadInputStream.java:64)
	at com.mysql.cj.protocol.a.SimplePacketReader.readHeaderLocal(SimplePacketReader.java:81)
	at com.mysql.cj.protocol.a.SimplePacketReader.readHeader(SimplePacketReader.java:63)
	at com.mysql.cj.protocol.a.SimplePacketReader.readHeader(SimplePacketReader.java:45)
	at com.mysql.cj.protocol.a.TimeTrackingPacketReader.readHeader(TimeTrackingPacketReader.java:52)
	at com.mysql.cj.protocol.a.TimeTrackingPacketReader.readHeader(TimeTrackingPacketReader.java:41)
	at com.mysql.cj.protocol.a.MultiPacketReader.readHeader(MultiPacketReader.java:54)
	at com.mysql.cj.protocol.a.MultiPacketReader.readHeader(MultiPacketReader.java:44)
	at com.mysql.cj.protocol.a.NativeProtocol.readMessage(NativeProtocol.java:575)
	... 17 common frames omitted
2025-12-11 09:16:44.211 [org.springframework.kafka.KafkaListenerEndpointContainer#2-0-C-1] INFO  o.a.k.clients.FetchSessionHandler [node1:8080] - [Consumer clientId=consumer-notification-batch-consumer-1, groupId=notification-batch-consumer] Error sending fetch request (sessionId=2032618788, epoch=INITIAL) to node 1001:
org.apache.kafka.common.errors.DisconnectException: null
2025-12-11 09:16:45.132 [org.springframework.kafka.KafkaListenerEndpointContainer#3-0-C-1] INFO  o.a.k.clients.FetchSessionHandler [node1:8080] - [Consumer clientId=consumer-pattern-consumer-2, groupId=pattern-consumer] Error sending fetch request (sessionId=930618662, epoch=INITIAL) to node 1001:
org.apache.kafka.common.errors.DisconnectException: null
2025-12-11 09:16:46.092 [org.springframework.kafka.KafkaListenerEndpointContainer#1-0-C-1] INFO  o.a.k.clients.FetchSessionHandler [node1:8080] - [Consumer clientId=consumer-order-events-consumer-4, groupId=order-events-consumer] Error sending fetch request (sessionId=614027490, epoch=INITIAL) to node 1001:
org.apache.kafka.common.errors.DisconnectException: null
2025-12-11 09:17:16.220 [org.springframework.kafka.KafkaListenerEndpointContainer#2-0-C-1] INFO  o.a.k.clients.FetchSessionHandler [node1:8080] - [Consumer clientId=consumer-notification-batch-consumer-1, groupId=notification-batch-consumer] Error sending fetch request (sessionId=2032618788, epoch=INITIAL) to node 1001:
org.apache.kafka.common.errors.DisconnectException: null
2025-12-11 09:17:18.148 [org.springframework.kafka.KafkaListenerEndpointContainer#3-0-C-1] INFO  o.a.k.clients.FetchSessionHandler [node1:8080] - [Consumer clientId=consumer-pattern-consumer-2, groupId=pattern-consumer] Error sending fetch request (sessionId=930618662, epoch=INITIAL) to node 1001:
org.apache.kafka.common.errors.DisconnectException: null
2025-12-11 09:17:19.108 [org.springframework.kafka.KafkaListenerEndpointContainer#1-0-C-1] INFO  o.a.k.clients.FetchSessionHandler [node1:8080] - [Consumer clientId=consumer-order-events-consumer-4, groupId=order-events-consumer] Error sending fetch request (sessionId=614027490, epoch=INITIAL) to node 1001:
org.apache.kafka.common.errors.DisconnectException: null
2025-12-11 09:17:49.241 [org.springframework.kafka.KafkaListenerEndpointContainer#2-0-C-1] INFO  o.a.k.clients.FetchSessionHandler [node1:8080] - [Consumer clientId=consumer-notification-batch-consumer-1, groupId=notification-batch-consumer] Error sending fetch request (sessionId=2032618788, epoch=INITIAL) to node 1001:
org.apache.kafka.common.errors.DisconnectException: null
2025-12-11 09:17:50.156 [org.springframework.kafka.KafkaListenerEndpointContainer#3-0-C-1] INFO  o.a.k.clients.FetchSessionHandler [node1:8080] - [Consumer clientId=consumer-pattern-consumer-2, groupId=pattern-consumer] Error sending fetch request (sessionId=930618662, epoch=INITIAL) to node 1001:
org.apache.kafka.common.errors.DisconnectException: null
2025-12-11 09:17:51.124 [org.springframework.kafka.KafkaListenerEndpointContainer#1-0-C-1] INFO  o.a.k.clients.FetchSessionHandler [node1:8080] - [Consumer clientId=consumer-order-events-consumer-4, groupId=order-events-consumer] Error sending fetch request (sessionId=614027490, epoch=INITIAL) to node 1001:
org.apache.kafka.common.errors.DisconnectException: null
2025-12-11 09:18:21.246 [org.springframework.kafka.KafkaListenerEndpointContainer#2-0-C-1] INFO  o.a.k.clients.FetchSessionHandler [node1:8080] - [Consumer clientId=consumer-notification-batch-consumer-1, groupId=notification-batch-consumer] Error sending fetch request (sessionId=2032618788, epoch=INITIAL) to node 1001:
org.apache.kafka.common.errors.DisconnectException: null
2025-12-11 09:18:23.168 [org.springframework.kafka.KafkaListenerEndpointContainer#3-0-C-1] INFO  o.a.k.clients.FetchSessionHandler [node1:8080] - [Consumer clientId=consumer-pattern-consumer-2, groupId=pattern-consumer] Error sending fetch request (sessionId=930618662, epoch=INITIAL) to node 1001:
org.apache.kafka.common.errors.DisconnectException: null
2025-12-11 09:18:24.133 [org.springframework.kafka.KafkaListenerEndpointContainer#1-0-C-1] INFO  o.a.k.clients.FetchSessionHandler [node1:8080] - [Consumer clientId=consumer-order-events-consumer-4, groupId=order-events-consumer] Error sending fetch request (sessionId=614027490, epoch=INITIAL) to node 1001:
org.apache.kafka.common.errors.DisconnectException: null
2025-12-11 09:18:45.455 [HikariPool-1 connection adder] ERROR com.zaxxer.hikari.pool.HikariPool [node1:8080] - HikariPool-1 - Error thrown while acquiring connection from data source
com.mysql.cj.jdbc.exceptions.CommunicationsException: Communications link failure

The last packet successfully received from the server was 5,008 milliseconds ago. The last packet sent successfully to the server was 10,853 milliseconds ago.
	at com.mysql.cj.jdbc.exceptions.SQLError.createCommunicationsException(SQLError.java:174)
	at com.mysql.cj.jdbc.exceptions.SQLExceptionsMapping.translateException(SQLExceptionsMapping.java:64)
	at com.mysql.cj.jdbc.ConnectionImpl.isReadOnly(ConnectionImpl.java:1402)
	at com.mysql.cj.jdbc.ConnectionImpl.isReadOnly(ConnectionImpl.java:1387)
	at com.zaxxer.hikari.pool.PoolBase.setupConnection(PoolBase.java:408)
	at com.zaxxer.hikari.pool.PoolBase.newConnection(PoolBase.java:369)
	at com.zaxxer.hikari.pool.PoolBase.newPoolEntry(PoolBase.java:206)
	at com.zaxxer.hikari.pool.HikariPool.createPoolEntry(HikariPool.java:476)
	at com.zaxxer.hikari.pool.HikariPool.access$100(HikariPool.java:71)
	at com.zaxxer.hikari.pool.HikariPool$PoolEntryCreator.call(HikariPool.java:726)
	at com.zaxxer.hikari.pool.HikariPool$PoolEntryCreator.call(HikariPool.java:712)
	at java.base/java.util.concurrent.FutureTask.run(FutureTask.java:264)
	at java.base/java.util.concurrent.ThreadPoolExecutor.runWorker(ThreadPoolExecutor.java:1128)
	at java.base/java.util.concurrent.ThreadPoolExecutor$Worker.run(ThreadPoolExecutor.java:628)
	at java.base/java.lang.Thread.run(Thread.java:829)
Caused by: com.mysql.cj.exceptions.CJCommunicationsException: Communications link failure

The last packet successfully received from the server was 5,008 milliseconds ago. The last packet sent successfully to the server was 10,853 milliseconds ago.
	at jdk.internal.reflect.GeneratedConstructorAccessor68.newInstance(Unknown Source)
	at java.base/jdk.internal.reflect.DelegatingConstructorAccessorImpl.newInstance(DelegatingConstructorAccessorImpl.java:45)
	at java.base/java.lang.reflect.Constructor.newInstance(Constructor.java:490)
	at com.mysql.cj.exceptions.ExceptionFactory.createException(ExceptionFactory.java:61)
	at com.mysql.cj.exceptions.ExceptionFactory.createException(ExceptionFactory.java:105)
	at com.mysql.cj.exceptions.ExceptionFactory.createException(ExceptionFactory.java:151)
	at com.mysql.cj.exceptions.ExceptionFactory.createCommunicationsException(ExceptionFactory.java:167)
	at com.mysql.cj.protocol.a.NativeProtocol.readMessage(NativeProtocol.java:581)
	at com.mysql.cj.protocol.a.NativeProtocol.checkErrorMessage(NativeProtocol.java:761)
	at com.mysql.cj.protocol.a.NativeProtocol.sendCommand(NativeProtocol.java:700)
	at com.mysql.cj.protocol.a.NativeProtocol.sendCommand(NativeProtocol.java:155)
	at com.mysql.cj.NativeSession.queryServerVariable(NativeSession.java:597)
	at com.mysql.cj.jdbc.ConnectionImpl.isReadOnly(ConnectionImpl.java:1394)
	... 12 common frames omitted
Caused by: java.net.SocketTimeoutException: Read timed out
	at java.base/java.net.SocketInputStream.socketRead0(Native Method)
	at java.base/java.net.SocketInputStream.socketRead(SocketInputStream.java:115)
	at java.base/java.net.SocketInputStream.read(SocketInputStream.java:168)
	at java.base/java.net.SocketInputStream.read(SocketInputStream.java:140)
	at com.mysql.cj.protocol.ReadAheadInputStream.fill(ReadAheadInputStream.java:107)
	at com.mysql.cj.protocol.ReadAheadInputStream.readFromUnderlyingStreamIfNecessary(ReadAheadInputStream.java:150)
	at com.mysql.cj.protocol.ReadAheadInputStream.read(ReadAheadInputStream.java:180)
	at java.base/java.io.FilterInputStream.read(FilterInputStream.java:133)
	at com.mysql.cj.protocol.FullReadInputStream.readFully(FullReadInputStream.java:64)
	at com.mysql.cj.protocol.a.SimplePacketReader.readHeaderLocal(SimplePacketReader.java:81)
	at com.mysql.cj.protocol.a.SimplePacketReader.readHeader(SimplePacketReader.java:63)
	at com.mysql.cj.protocol.a.SimplePacketReader.readHeader(SimplePacketReader.java:45)
	at com.mysql.cj.protocol.a.TimeTrackingPacketReader.readHeader(TimeTrackingPacketReader.java:52)
	at com.mysql.cj.protocol.a.TimeTrackingPacketReader.readHeader(TimeTrackingPacketReader.java:41)
	at com.mysql.cj.protocol.a.MultiPacketReader.readHeader(MultiPacketReader.java:54)
	at com.mysql.cj.protocol.a.MultiPacketReader.readHeader(MultiPacketReader.java:44)
	at com.mysql.cj.protocol.a.NativeProtocol.readMessage(NativeProtocol.java:575)
	... 17 common frames omitted
2025-12-11 09:18:54.258 [org.springframework.kafka.KafkaListenerEndpointContainer#2-0-C-1] INFO  o.a.k.clients.FetchSessionHandler [node1:8080] - [Consumer clientId=consumer-notification-batch-consumer-1, groupId=notification-batch-consumer] Error sending fetch request (sessionId=2032618788, epoch=INITIAL) to node 1001:
org.apache.kafka.common.errors.DisconnectException: null
2025-12-11 09:18:55.176 [org.springframework.kafka.KafkaListenerEndpointContainer#3-0-C-1] INFO  o.a.k.clients.FetchSessionHandler [node1:8080] - [Consumer clientId=consumer-pattern-consumer-2, groupId=pattern-consumer] Error sending fetch request (sessionId=930618662, epoch=INITIAL) to node 1001:
org.apache.kafka.common.errors.DisconnectException: null
2025-12-11 09:18:56.141 [org.springframework.kafka.KafkaListenerEndpointContainer#1-0-C-1] INFO  o.a.k.clients.FetchSessionHandler [node1:8080] - [Consumer clientId=consumer-order-events-consumer-4, groupId=order-events-consumer] Error sending fetch request (sessionId=614027490, epoch=INITIAL) to node 1001:
org.apache.kafka.common.errors.DisconnectException: null
2025-12-11 09:19:26.265 [org.springframework.kafka.KafkaListenerEndpointContainer#2-0-C-1] INFO  o.a.k.clients.FetchSessionHandler [node1:8080] - [Consumer clientId=consumer-notification-batch-consumer-1, groupId=notification-batch-consumer] Error sending fetch request (sessionId=2032618788, epoch=INITIAL) to node 1001:
org.apache.kafka.common.errors.DisconnectException: null
2025-12-11 09:19:28.200 [org.springframework.kafka.KafkaListenerEndpointContainer#3-0-C-1] INFO  o.a.k.clients.FetchSessionHandler [node1:8080] - [Consumer clientId=consumer-pattern-consumer-2, groupId=pattern-consumer] Error sending fetch request (sessionId=930618662, epoch=INITIAL) to node 1001:
org.apache.kafka.common.errors.DisconnectException: null
2025-12-11 09:19:29.156 [org.springframework.kafka.KafkaListenerEndpointContainer#1-0-C-1] INFO  o.a.k.clients.FetchSessionHandler [node1:8080] - [Consumer clientId=consumer-order-events-consumer-4, groupId=order-events-consumer] Error sending fetch request (sessionId=614027490, epoch=INITIAL) to node 1001:
org.apache.kafka.common.errors.DisconnectException: null
2025-12-11 09:19:59.277 [org.springframework.kafka.KafkaListenerEndpointContainer#2-0-C-1] INFO  o.a.k.clients.FetchSessionHandler [node1:8080] - [Consumer clientId=consumer-notification-batch-consumer-1, groupId=notification-batch-consumer] Error sending fetch request (sessionId=2032618788, epoch=INITIAL) to node 1001:
org.apache.kafka.common.errors.DisconnectException: null
2025-12-11 09:20:00.212 [org.springframework.kafka.KafkaListenerEndpointContainer#3-0-C-1] INFO  o.a.k.clients.FetchSessionHandler [node1:8080] - [Consumer clientId=consumer-pattern-consumer-2, groupId=pattern-consumer] Error sending fetch request (sessionId=930618662, epoch=INITIAL) to node 1001:
org.apache.kafka.common.errors.DisconnectException: null
2025-12-11 09:20:01.165 [org.springframework.kafka.KafkaListenerEndpointContainer#1-0-C-1] INFO  o.a.k.clients.FetchSessionHandler [node1:8080] - [Consumer clientId=consumer-order-events-consumer-4, groupId=order-events-consumer] Error sending fetch request (sessionId=614027490, epoch=INITIAL) to node 1001:
org.apache.kafka.common.errors.DisconnectException: null
2025-12-11 09:20:31.286 [org.springframework.kafka.KafkaListenerEndpointContainer#2-0-C-1] INFO  o.a.k.clients.FetchSessionHandler [node1:8080] - [Consumer clientId=consumer-notification-batch-consumer-1, groupId=notification-batch-consumer] Error sending fetch request (sessionId=2032618788, epoch=INITIAL) to node 1001:
org.apache.kafka.common.errors.DisconnectException: null
2025-12-11 09:20:33.229 [org.springframework.kafka.KafkaListenerEndpointContainer#3-0-C-1] INFO  o.a.k.clients.FetchSessionHandler [node1:8080] - [Consumer clientId=consumer-pattern-consumer-2, groupId=pattern-consumer] Error sending fetch request (sessionId=930618662, epoch=INITIAL) to node 1001:
org.apache.kafka.common.errors.DisconnectException: null
2025-12-11 09:20:34.180 [org.springframework.kafka.KafkaListenerEndpointContainer#1-0-C-1] INFO  o.a.k.clients.FetchSessionHandler [node1:8080] - [Consumer clientId=consumer-order-events-consumer-4, groupId=order-events-consumer] Error sending fetch request (sessionId=614027490, epoch=INITIAL) to node 1001:
org.apache.kafka.common.errors.DisconnectException: null
2025-12-11 09:21:04.304 [org.springframework.kafka.KafkaListenerEndpointContainer#2-0-C-1] INFO  o.a.k.clients.FetchSessionHandler [node1:8080] - [Consumer clientId=consumer-notification-batch-consumer-1, groupId=notification-batch-consumer] Error sending fetch request (sessionId=2032618788, epoch=INITIAL) to node 1001:
org.apache.kafka.common.errors.DisconnectException: null
2025-12-11 09:21:05.237 [org.springframework.kafka.KafkaListenerEndpointContainer#3-0-C-1] INFO  o.a.k.clients.FetchSessionHandler [node1:8080] - [Consumer clientId=consumer-pattern-consumer-2, groupId=pattern-consumer] Error sending fetch request (sessionId=930618662, epoch=INITIAL) to node 1001:
org.apache.kafka.common.errors.DisconnectException: null
2025-12-11 09:21:06.186 [org.springframework.kafka.KafkaListenerEndpointContainer#1-0-C-1] INFO  o.a.k.clients.FetchSessionHandler [node1:8080] - [Consumer clientId=consumer-order-events-consumer-4, groupId=order-events-consumer] Error sending fetch request (sessionId=614027490, epoch=INITIAL) to node 1001:
org.apache.kafka.common.errors.DisconnectException: null
2025-12-11 09:21:36.319 [org.springframework.kafka.KafkaListenerEndpointContainer#2-0-C-1] INFO  o.a.k.clients.FetchSessionHandler [node1:8080] - [Consumer clientId=consumer-notification-batch-consumer-1, groupId=notification-batch-consumer] Error sending fetch request (sessionId=2032618788, epoch=INITIAL) to node 1001:
org.apache.kafka.common.errors.DisconnectException: null
2025-12-11 09:21:38.257 [org.springframework.kafka.KafkaListenerEndpointContainer#3-0-C-1] INFO  o.a.k.clients.FetchSessionHandler [node1:8080] - [Consumer clientId=consumer-pattern-consumer-2, groupId=pattern-consumer] Error sending fetch request (sessionId=930618662, epoch=INITIAL) to node 1001:
org.apache.kafka.common.errors.DisconnectException: null
2025-12-11 09:21:39.206 [org.springframework.kafka.KafkaListenerEndpointContainer#1-0-C-1] INFO  o.a.k.clients.FetchSessionHandler [node1:8080] - [Consumer clientId=consumer-order-events-consumer-4, groupId=order-events-consumer] Error sending fetch request (sessionId=614027490, epoch=INITIAL) to node 1001:
org.apache.kafka.common.errors.DisconnectException: null
2025-12-11 09:22:09.335 [org.springframework.kafka.KafkaListenerEndpointContainer#2-0-C-1] INFO  o.a.k.clients.FetchSessionHandler [node1:8080] - [Consumer clientId=consumer-notification-batch-consumer-1, groupId=notification-batch-consumer] Error sending fetch request (sessionId=2032618788, epoch=INITIAL) to node 1001:
org.apache.kafka.common.errors.DisconnectException: null
2025-12-11 09:22:10.275 [org.springframework.kafka.KafkaListenerEndpointContainer#3-0-C-1] INFO  o.a.k.clients.FetchSessionHandler [node1:8080] - [Consumer clientId=consumer-pattern-consumer-2, groupId=pattern-consumer] Error sending fetch request (sessionId=930618662, epoch=INITIAL) to node 1001:
org.apache.kafka.common.errors.DisconnectException: null
2025-12-11 09:22:11.215 [org.springframework.kafka.KafkaListenerEndpointContainer#1-0-C-1] INFO  o.a.k.clients.FetchSessionHandler [node1:8080] - [Consumer clientId=consumer-order-events-consumer-4, groupId=order-events-consumer] Error sending fetch request (sessionId=614027490, epoch=INITIAL) to node 1001:
org.apache.kafka.common.errors.DisconnectException: null
2025-12-11 09:22:41.342 [org.springframework.kafka.KafkaListenerEndpointContainer#2-0-C-1] INFO  o.a.k.clients.FetchSessionHandler [node1:8080] - [Consumer clientId=consumer-notification-batch-consumer-1, groupId=notification-batch-consumer] Error sending fetch request (sessionId=2032618788, epoch=INITIAL) to node 1001:
org.apache.kafka.common.errors.DisconnectException: null
2025-12-11 09:22:43.298 [org.springframework.kafka.KafkaListenerEndpointContainer#3-0-C-1] INFO  o.a.k.clients.FetchSessionHandler [node1:8080] - [Consumer clientId=consumer-pattern-consumer-2, groupId=pattern-consumer] Error sending fetch request (sessionId=930618662, epoch=INITIAL) to node 1001:
org.apache.kafka.common.errors.DisconnectException: null
2025-12-11 09:22:44.227 [org.springframework.kafka.KafkaListenerEndpointContainer#1-0-C-1] INFO  o.a.k.clients.FetchSessionHandler [node1:8080] - [Consumer clientId=consumer-order-events-consumer-4, groupId=order-events-consumer] Error sending fetch request (sessionId=614027490, epoch=INITIAL) to node 1001:
org.apache.kafka.common.errors.DisconnectException: null
2025-12-11 09:23:14.367 [org.springframework.kafka.KafkaListenerEndpointContainer#2-0-C-1] INFO  o.a.k.clients.FetchSessionHandler [node1:8080] - [Consumer clientId=consumer-notification-batch-consumer-1, groupId=notification-batch-consumer] Error sending fetch request (sessionId=2032618788, epoch=INITIAL) to node 1001:
org.apache.kafka.common.errors.DisconnectException: null
2025-12-11 09:23:15.310 [org.springframework.kafka.KafkaListenerEndpointContainer#3-0-C-1] INFO  o.a.k.clients.FetchSessionHandler [node1:8080] - [Consumer clientId=consumer-pattern-consumer-2, groupId=pattern-consumer] Error sending fetch request (sessionId=930618662, epoch=INITIAL) to node 1001:
org.apache.kafka.common.errors.DisconnectException: null
2025-12-11 09:23:16.241 [org.springframework.kafka.KafkaListenerEndpointContainer#1-0-C-1] INFO  o.a.k.clients.FetchSessionHandler [node1:8080] - [Consumer clientId=consumer-order-events-consumer-4, groupId=order-events-consumer] Error sending fetch request (sessionId=614027490, epoch=INITIAL) to node 1001:
org.apache.kafka.common.errors.DisconnectException: null
2025-12-11 09:23:45.541 [HikariPool-1 connection adder] ERROR com.zaxxer.hikari.pool.HikariPool [node1:8080] - HikariPool-1 - Error thrown while acquiring connection from data source
com.mysql.cj.jdbc.exceptions.CommunicationsException: Communications link failure

The last packet successfully received from the server was 5,001 milliseconds ago. The last packet sent successfully to the server was 5,001 milliseconds ago.
	at com.mysql.cj.jdbc.exceptions.SQLError.createCommunicationsException(SQLError.java:174)
	at com.mysql.cj.jdbc.exceptions.SQLExceptionsMapping.translateException(SQLExceptionsMapping.java:64)
	at com.mysql.cj.jdbc.ConnectionImpl.isReadOnly(ConnectionImpl.java:1402)
	at com.mysql.cj.jdbc.ConnectionImpl.isReadOnly(ConnectionImpl.java:1387)
	at com.zaxxer.hikari.pool.PoolBase.setupConnection(PoolBase.java:408)
	at com.zaxxer.hikari.pool.PoolBase.newConnection(PoolBase.java:369)
	at com.zaxxer.hikari.pool.PoolBase.newPoolEntry(PoolBase.java:206)
	at com.zaxxer.hikari.pool.HikariPool.createPoolEntry(HikariPool.java:476)
	at com.zaxxer.hikari.pool.HikariPool.access$100(HikariPool.java:71)
	at com.zaxxer.hikari.pool.HikariPool$PoolEntryCreator.call(HikariPool.java:726)
	at com.zaxxer.hikari.pool.HikariPool$PoolEntryCreator.call(HikariPool.java:712)
	at java.base/java.util.concurrent.FutureTask.run(FutureTask.java:264)
	at java.base/java.util.concurrent.ThreadPoolExecutor.runWorker(ThreadPoolExecutor.java:1128)
	at java.base/java.util.concurrent.ThreadPoolExecutor$Worker.run(ThreadPoolExecutor.java:628)
	at java.base/java.lang.Thread.run(Thread.java:829)
Caused by: com.mysql.cj.exceptions.CJCommunicationsException: Communications link failure

The last packet successfully received from the server was 5,001 milliseconds ago. The last packet sent successfully to the server was 5,001 milliseconds ago.
	at jdk.internal.reflect.GeneratedConstructorAccessor68.newInstance(Unknown Source)
	at java.base/jdk.internal.reflect.DelegatingConstructorAccessorImpl.newInstance(DelegatingConstructorAccessorImpl.java:45)
	at java.base/java.lang.reflect.Constructor.newInstance(Constructor.java:490)
	at com.mysql.cj.exceptions.ExceptionFactory.createException(ExceptionFactory.java:61)
	at com.mysql.cj.exceptions.ExceptionFactory.createException(ExceptionFactory.java:105)
	at com.mysql.cj.exceptions.ExceptionFactory.createException(ExceptionFactory.java:151)
	at com.mysql.cj.exceptions.ExceptionFactory.createCommunicationsException(ExceptionFactory.java:167)
	at com.mysql.cj.protocol.a.NativeProtocol.readMessage(NativeProtocol.java:581)
	at com.mysql.cj.protocol.a.NativeProtocol.checkErrorMessage(NativeProtocol.java:761)
	at com.mysql.cj.protocol.a.NativeProtocol.sendCommand(NativeProtocol.java:700)
	at com.mysql.cj.protocol.a.NativeProtocol.sendCommand(NativeProtocol.java:155)
	at com.mysql.cj.NativeSession.queryServerVariable(NativeSession.java:597)
	at com.mysql.cj.jdbc.ConnectionImpl.isReadOnly(ConnectionImpl.java:1394)
	... 12 common frames omitted
Caused by: java.net.SocketTimeoutException: Read timed out
	at java.base/java.net.SocketInputStream.socketRead0(Native Method)
	at java.base/java.net.SocketInputStream.socketRead(SocketInputStream.java:115)
	at java.base/java.net.SocketInputStream.read(SocketInputStream.java:168)
	at java.base/java.net.SocketInputStream.read(SocketInputStream.java:140)
	at com.mysql.cj.protocol.ReadAheadInputStream.fill(ReadAheadInputStream.java:107)
	at com.mysql.cj.protocol.ReadAheadInputStream.readFromUnderlyingStreamIfNecessary(ReadAheadInputStream.java:150)
	at com.mysql.cj.protocol.ReadAheadInputStream.read(ReadAheadInputStream.java:180)
	at java.base/java.io.FilterInputStream.read(FilterInputStream.java:133)
	at com.mysql.cj.protocol.FullReadInputStream.readFully(FullReadInputStream.java:64)
	at com.mysql.cj.protocol.a.SimplePacketReader.readHeaderLocal(SimplePacketReader.java:81)
	at com.mysql.cj.protocol.a.SimplePacketReader.readHeader(SimplePacketReader.java:63)
	at com.mysql.cj.protocol.a.SimplePacketReader.readHeader(SimplePacketReader.java:45)
	at com.mysql.cj.protocol.a.TimeTrackingPacketReader.readHeader(TimeTrackingPacketReader.java:52)
	at com.mysql.cj.protocol.a.TimeTrackingPacketReader.readHeader(TimeTrackingPacketReader.java:41)
	at com.mysql.cj.protocol.a.MultiPacketReader.readHeader(MultiPacketReader.java:54)
	at com.mysql.cj.protocol.a.MultiPacketReader.readHeader(MultiPacketReader.java:44)
	at com.mysql.cj.protocol.a.NativeProtocol.readMessage(NativeProtocol.java:575)
	... 17 common frames omitted
2025-12-11 09:23:46.376 [org.springframework.kafka.KafkaListenerEndpointContainer#2-0-C-1] INFO  o.a.k.clients.FetchSessionHandler [node1:8080] - [Consumer clientId=consumer-notification-batch-consumer-1, groupId=notification-batch-consumer] Error sending fetch request (sessionId=2032618788, epoch=INITIAL) to node 1001:
org.apache.kafka.common.errors.DisconnectException: null
2025-12-11 09:23:48.327 [org.springframework.kafka.KafkaListenerEndpointContainer#3-0-C-1] INFO  o.a.k.clients.FetchSessionHandler [node1:8080] - [Consumer clientId=consumer-pattern-consumer-2, groupId=pattern-consumer] Error sending fetch request (sessionId=930618662, epoch=INITIAL) to node 1001:
org.apache.kafka.common.errors.DisconnectException: null
2025-12-11 09:23:49.260 [org.springframework.kafka.KafkaListenerEndpointContainer#1-0-C-1] INFO  o.a.k.clients.FetchSessionHandler [node1:8080] - [Consumer clientId=consumer-order-events-consumer-4, groupId=order-events-consumer] Error sending fetch request (sessionId=614027490, epoch=INITIAL) to node 1001:
org.apache.kafka.common.errors.DisconnectException: null
2025-12-11 09:24:19.391 [org.springframework.kafka.KafkaListenerEndpointContainer#2-0-C-1] INFO  o.a.k.clients.FetchSessionHandler [node1:8080] - [Consumer clientId=consumer-notification-batch-consumer-1, groupId=notification-batch-consumer] Error sending fetch request (sessionId=2032618788, epoch=INITIAL) to node 1001:
org.apache.kafka.common.errors.DisconnectException: null
2025-12-11 09:24:20.346 [org.springframework.kafka.KafkaListenerEndpointContainer#3-0-C-1] INFO  o.a.k.clients.FetchSessionHandler [node1:8080] - [Consumer clientId=consumer-pattern-consumer-2, groupId=pattern-consumer] Error sending fetch request (sessionId=930618662, epoch=INITIAL) to node 1001:
org.apache.kafka.common.errors.DisconnectException: null
2025-12-11 09:24:21.269 [org.springframework.kafka.KafkaListenerEndpointContainer#1-0-C-1] INFO  o.a.k.clients.FetchSessionHandler [node1:8080] - [Consumer clientId=consumer-order-events-consumer-4, groupId=order-events-consumer] Error sending fetch request (sessionId=614027490, epoch=INITIAL) to node 1001:
org.apache.kafka.common.errors.DisconnectException: null
2025-12-11 09:24:51.398 [org.springframework.kafka.KafkaListenerEndpointContainer#2-0-C-1] INFO  o.a.k.clients.FetchSessionHandler [node1:8080] - [Consumer clientId=consumer-notification-batch-consumer-1, groupId=notification-batch-consumer] Error sending fetch request (sessionId=2032618788, epoch=INITIAL) to node 1001:
org.apache.kafka.common.errors.DisconnectException: null
2025-12-11 09:24:53.364 [org.springframework.kafka.KafkaListenerEndpointContainer#3-0-C-1] INFO  o.a.k.clients.FetchSessionHandler [node1:8080] - [Consumer clientId=consumer-pattern-consumer-2, groupId=pattern-consumer] Error sending fetch request (sessionId=930618662, epoch=INITIAL) to node 1001:
org.apache.kafka.common.errors.DisconnectException: null
2025-12-11 09:24:54.284 [org.springframework.kafka.KafkaListenerEndpointContainer#1-0-C-1] INFO  o.a.k.clients.FetchSessionHandler [node1:8080] - [Consumer clientId=consumer-order-events-consumer-4, groupId=order-events-consumer] Error sending fetch request (sessionId=614027490, epoch=INITIAL) to node 1001:
org.apache.kafka.common.errors.DisconnectException: null
2025-12-11 09:25:24.414 [org.springframework.kafka.KafkaListenerEndpointContainer#2-0-C-1] INFO  o.a.k.clients.FetchSessionHandler [node1:8080] - [Consumer clientId=consumer-notification-batch-consumer-1, groupId=notification-batch-consumer] Error sending fetch request (sessionId=2032618788, epoch=INITIAL) to node 1001:
org.apache.kafka.common.errors.DisconnectException: null
2025-12-11 09:25:25.375 [org.springframework.kafka.KafkaListenerEndpointContainer#3-0-C-1] INFO  o.a.k.clients.FetchSessionHandler [node1:8080] - [Consumer clientId=consumer-pattern-consumer-2, groupId=pattern-consumer] Error sending fetch request (sessionId=930618662, epoch=INITIAL) to node 1001:
org.apache.kafka.common.errors.DisconnectException: null
2025-12-11 09:25:26.294 [org.springframework.kafka.KafkaListenerEndpointContainer#1-0-C-1] INFO  o.a.k.clients.FetchSessionHandler [node1:8080] - [Consumer clientId=consumer-order-events-consumer-4, groupId=order-events-consumer] Error sending fetch request (sessionId=614027490, epoch=INITIAL) to node 1001:
org.apache.kafka.common.errors.DisconnectException: null
2025-12-11 09:25:56.423 [org.springframework.kafka.KafkaListenerEndpointContainer#2-0-C-1] INFO  o.a.k.clients.FetchSessionHandler [node1:8080] - [Consumer clientId=consumer-notification-batch-consumer-1, groupId=notification-batch-consumer] Error sending fetch request (sessionId=2032618788, epoch=INITIAL) to node 1001:
org.apache.kafka.common.errors.DisconnectException: null
2025-12-11 09:25:58.394 [org.springframework.kafka.KafkaListenerEndpointContainer#3-0-C-1] INFO  o.a.k.clients.FetchSessionHandler [node1:8080] - [Consumer clientId=consumer-pattern-consumer-2, groupId=pattern-consumer] Error sending fetch request (sessionId=930618662, epoch=INITIAL) to node 1001:
org.apache.kafka.common.errors.DisconnectException: null
2025-12-11 09:25:59.310 [org.springframework.kafka.KafkaListenerEndpointContainer#1-0-C-1] INFO  o.a.k.clients.FetchSessionHandler [node1:8080] - [Consumer clientId=consumer-order-events-consumer-4, groupId=order-events-consumer] Error sending fetch request (sessionId=614027490, epoch=INITIAL) to node 1001:
org.apache.kafka.common.errors.DisconnectException: null
2025-12-11 09:26:02.680 [HikariPool-1 connection adder] ERROR com.zaxxer.hikari.pool.HikariPool [node1:8080] - HikariPool-1 - Error thrown while acquiring connection from data source
com.mysql.cj.jdbc.exceptions.CommunicationsException: Communications link failure

The last packet successfully received from the server was 5,010 milliseconds ago. The last packet sent successfully to the server was 16,766 milliseconds ago.
	at com.mysql.cj.jdbc.exceptions.SQLError.createCommunicationsException(SQLError.java:174)
	at com.mysql.cj.jdbc.exceptions.SQLExceptionsMapping.translateException(SQLExceptionsMapping.java:64)
	at com.mysql.cj.jdbc.ConnectionImpl.isReadOnly(ConnectionImpl.java:1402)
	at com.mysql.cj.jdbc.ConnectionImpl.isReadOnly(ConnectionImpl.java:1387)
	at com.zaxxer.hikari.pool.PoolBase.setupConnection(PoolBase.java:408)
	at com.zaxxer.hikari.pool.PoolBase.newConnection(PoolBase.java:369)
	at com.zaxxer.hikari.pool.PoolBase.newPoolEntry(PoolBase.java:206)
	at com.zaxxer.hikari.pool.HikariPool.createPoolEntry(HikariPool.java:476)
	at com.zaxxer.hikari.pool.HikariPool.access$100(HikariPool.java:71)
	at com.zaxxer.hikari.pool.HikariPool$PoolEntryCreator.call(HikariPool.java:726)
	at com.zaxxer.hikari.pool.HikariPool$PoolEntryCreator.call(HikariPool.java:712)
	at java.base/java.util.concurrent.FutureTask.run(FutureTask.java:264)
	at java.base/java.util.concurrent.ThreadPoolExecutor.runWorker(ThreadPoolExecutor.java:1128)
	at java.base/java.util.concurrent.ThreadPoolExecutor$Worker.run(ThreadPoolExecutor.java:628)
	at java.base/java.lang.Thread.run(Thread.java:829)
Caused by: com.mysql.cj.exceptions.CJCommunicationsException: Communications link failure

The last packet successfully received from the server was 5,010 milliseconds ago. The last packet sent successfully to the server was 16,766 milliseconds ago.
	at jdk.internal.reflect.GeneratedConstructorAccessor68.newInstance(Unknown Source)
	at java.base/jdk.internal.reflect.DelegatingConstructorAccessorImpl.newInstance(DelegatingConstructorAccessorImpl.java:45)
	at java.base/java.lang.reflect.Constructor.newInstance(Constructor.java:490)
	at com.mysql.cj.exceptions.ExceptionFactory.createException(ExceptionFactory.java:61)
	at com.mysql.cj.exceptions.ExceptionFactory.createException(ExceptionFactory.java:105)
	at com.mysql.cj.exceptions.ExceptionFactory.createException(ExceptionFactory.java:151)
	at com.mysql.cj.exceptions.ExceptionFactory.createCommunicationsException(ExceptionFactory.java:167)
	at com.mysql.cj.protocol.a.NativeProtocol.readMessage(NativeProtocol.java:581)
	at com.mysql.cj.protocol.a.NativeProtocol.checkErrorMessage(NativeProtocol.java:761)
	at com.mysql.cj.protocol.a.NativeProtocol.sendCommand(NativeProtocol.java:700)
	at com.mysql.cj.protocol.a.NativeProtocol.sendCommand(NativeProtocol.java:155)
	at com.mysql.cj.NativeSession.queryServerVariable(NativeSession.java:597)
	at com.mysql.cj.jdbc.ConnectionImpl.isReadOnly(ConnectionImpl.java:1394)
	... 12 common frames omitted
Caused by: java.net.SocketTimeoutException: Read timed out
	at java.base/java.net.SocketInputStream.socketRead0(Native Method)
	at java.base/java.net.SocketInputStream.socketRead(SocketInputStream.java:115)
	at java.base/java.net.SocketInputStream.read(SocketInputStream.java:168)
	at java.base/java.net.SocketInputStream.read(SocketInputStream.java:140)
	at com.mysql.cj.protocol.ReadAheadInputStream.fill(ReadAheadInputStream.java:107)
	at com.mysql.cj.protocol.ReadAheadInputStream.readFromUnderlyingStreamIfNecessary(ReadAheadInputStream.java:150)
	at com.mysql.cj.protocol.ReadAheadInputStream.read(ReadAheadInputStream.java:180)
	at java.base/java.io.FilterInputStream.read(FilterInputStream.java:133)
	at com.mysql.cj.protocol.FullReadInputStream.readFully(FullReadInputStream.java:64)
	at com.mysql.cj.protocol.a.SimplePacketReader.readHeaderLocal(SimplePacketReader.java:81)
	at com.mysql.cj.protocol.a.SimplePacketReader.readHeader(SimplePacketReader.java:63)
	at com.mysql.cj.protocol.a.SimplePacketReader.readHeader(SimplePacketReader.java:45)
	at com.mysql.cj.protocol.a.TimeTrackingPacketReader.readHeader(TimeTrackingPacketReader.java:52)
	at com.mysql.cj.protocol.a.TimeTrackingPacketReader.readHeader(TimeTrackingPacketReader.java:41)
	at com.mysql.cj.protocol.a.MultiPacketReader.readHeader(MultiPacketReader.java:54)
	at com.mysql.cj.protocol.a.MultiPacketReader.readHeader(MultiPacketReader.java:44)
	at com.mysql.cj.protocol.a.NativeProtocol.readMessage(NativeProtocol.java:575)
	... 17 common frames omitted
2025-12-11 09:26:29.443 [org.springframework.kafka.KafkaListenerEndpointContainer#2-0-C-1] INFO  o.a.k.clients.FetchSessionHandler [node1:8080] - [Consumer clientId=consumer-notification-batch-consumer-1, groupId=notification-batch-consumer] Error sending fetch request (sessionId=2032618788, epoch=INITIAL) to node 1001:
org.apache.kafka.common.errors.DisconnectException: null
2025-12-11 09:26:30.410 [org.springframework.kafka.KafkaListenerEndpointContainer#3-0-C-1] INFO  o.a.k.clients.FetchSessionHandler [node1:8080] - [Consumer clientId=consumer-pattern-consumer-2, groupId=pattern-consumer] Error sending fetch request (sessionId=930618662, epoch=INITIAL) to node 1001:
org.apache.kafka.common.errors.DisconnectException: null
2025-12-11 09:26:31.330 [org.springframework.kafka.KafkaListenerEndpointContainer#1-0-C-1] INFO  o.a.k.clients.FetchSessionHandler [node1:8080] - [Consumer clientId=consumer-order-events-consumer-4, groupId=order-events-consumer] Error sending fetch request (sessionId=614027490, epoch=INITIAL) to node 1001:
org.apache.kafka.common.errors.DisconnectException: null
2025-12-11 09:27:01.449 [org.springframework.kafka.KafkaListenerEndpointContainer#2-0-C-1] INFO  o.a.k.clients.FetchSessionHandler [node1:8080] - [Consumer clientId=consumer-notification-batch-consumer-1, groupId=notification-batch-consumer] Error sending fetch request (sessionId=2032618788, epoch=INITIAL) to node 1001:
org.apache.kafka.common.errors.DisconnectException: null
2025-12-11 09:27:03.428 [org.springframework.kafka.KafkaListenerEndpointContainer#3-0-C-1] INFO  o.a.k.clients.FetchSessionHandler [node1:8080] - [Consumer clientId=consumer-pattern-consumer-2, groupId=pattern-consumer] Error sending fetch request (sessionId=930618662, epoch=INITIAL) to node 1001:
org.apache.kafka.common.errors.DisconnectException: null
2025-12-11 09:27:04.350 [org.springframework.kafka.KafkaListenerEndpointContainer#1-0-C-1] INFO  o.a.k.clients.FetchSessionHandler [node1:8080] - [Consumer clientId=consumer-order-events-consumer-4, groupId=order-events-consumer] Error sending fetch request (sessionId=614027490, epoch=INITIAL) to node 1001:
org.apache.kafka.common.errors.DisconnectException: null
2025-12-11 09:27:34.465 [org.springframework.kafka.KafkaListenerEndpointContainer#2-0-C-1] INFO  o.a.k.clients.FetchSessionHandler [node1:8080] - [Consumer clientId=consumer-notification-batch-consumer-1, groupId=notification-batch-consumer] Error sending fetch request (sessionId=2032618788, epoch=INITIAL) to node 1001:
org.apache.kafka.common.errors.DisconnectException: null
2025-12-11 09:27:35.443 [org.springframework.kafka.KafkaListenerEndpointContainer#3-0-C-1] INFO  o.a.k.clients.FetchSessionHandler [node1:8080] - [Consumer clientId=consumer-pattern-consumer-2, groupId=pattern-consumer] Error sending fetch request (sessionId=930618662, epoch=INITIAL) to node 1001:
org.apache.kafka.common.errors.DisconnectException: null
2025-12-11 09:27:36.359 [org.springframework.kafka.KafkaListenerEndpointContainer#1-0-C-1] INFO  o.a.k.clients.FetchSessionHandler [node1:8080] - [Consumer clientId=consumer-order-events-consumer-4, groupId=order-events-consumer] Error sending fetch request (sessionId=614027490, epoch=INITIAL) to node 1001:
org.apache.kafka.common.errors.DisconnectException: null
2025-12-11 09:28:06.474 [org.springframework.kafka.KafkaListenerEndpointContainer#2-0-C-1] INFO  o.a.k.clients.FetchSessionHandler [node1:8080] - [Consumer clientId=consumer-notification-batch-consumer-1, groupId=notification-batch-consumer] Error sending fetch request (sessionId=2032618788, epoch=INITIAL) to node 1001:
org.apache.kafka.common.errors.DisconnectException: null
2025-12-11 09:28:08.463 [org.springframework.kafka.KafkaListenerEndpointContainer#3-0-C-1] INFO  o.a.k.clients.FetchSessionHandler [node1:8080] - [Consumer clientId=consumer-pattern-consumer-2, groupId=pattern-consumer] Error sending fetch request (sessionId=930618662, epoch=INITIAL) to node 1001:
org.apache.kafka.common.errors.DisconnectException: null
2025-12-11 09:28:09.380 [org.springframework.kafka.KafkaListenerEndpointContainer#1-0-C-1] INFO  o.a.k.clients.FetchSessionHandler [node1:8080] - [Consumer clientId=consumer-order-events-consumer-4, groupId=order-events-consumer] Error sending fetch request (sessionId=614027490, epoch=INITIAL) to node 1001:
org.apache.kafka.common.errors.DisconnectException: null
2025-12-11 09:28:39.500 [org.springframework.kafka.KafkaListenerEndpointContainer#2-0-C-1] INFO  o.a.k.clients.FetchSessionHandler [node1:8080] - [Consumer clientId=consumer-notification-batch-consumer-1, groupId=notification-batch-consumer] Error sending fetch request (sessionId=2032618788, epoch=INITIAL) to node 1001:
org.apache.kafka.common.errors.DisconnectException: null
2025-12-11 09:28:40.477 [org.springframework.kafka.KafkaListenerEndpointContainer#3-0-C-1] INFO  o.a.k.clients.FetchSessionHandler [node1:8080] - [Consumer clientId=consumer-pattern-consumer-2, groupId=pattern-consumer] Error sending fetch request (sessionId=930618662, epoch=INITIAL) to node 1001:
org.apache.kafka.common.errors.DisconnectException: null
2025-12-11 09:28:41.389 [org.springframework.kafka.KafkaListenerEndpointContainer#1-0-C-1] INFO  o.a.k.clients.FetchSessionHandler [node1:8080] - [Consumer clientId=consumer-order-events-consumer-4, groupId=order-events-consumer] Error sending fetch request (sessionId=614027490, epoch=INITIAL) to node 1001:
org.apache.kafka.common.errors.DisconnectException: null
2025-12-11 09:29:11.512 [org.springframework.kafka.KafkaListenerEndpointContainer#2-0-C-1] INFO  o.a.k.clients.FetchSessionHandler [node1:8080] - [Consumer clientId=consumer-notification-batch-consumer-1, groupId=notification-batch-consumer] Error sending fetch request (sessionId=2032618788, epoch=INITIAL) to node 1001:
org.apache.kafka.common.errors.DisconnectException: null
2025-12-11 09:29:13.504 [org.springframework.kafka.KafkaListenerEndpointContainer#3-0-C-1] INFO  o.a.k.clients.FetchSessionHandler [node1:8080] - [Consumer clientId=consumer-pattern-consumer-2, groupId=pattern-consumer] Error sending fetch request (sessionId=930618662, epoch=INITIAL) to node 1001:
org.apache.kafka.common.errors.DisconnectException: null
2025-12-11 09:29:14.406 [org.springframework.kafka.KafkaListenerEndpointContainer#1-0-C-1] INFO  o.a.k.clients.FetchSessionHandler [node1:8080] - [Consumer clientId=consumer-order-events-consumer-4, groupId=order-events-consumer] Error sending fetch request (sessionId=614027490, epoch=INITIAL) to node 1001:
org.apache.kafka.common.errors.DisconnectException: null
2025-12-11 09:29:44.525 [org.springframework.kafka.KafkaListenerEndpointContainer#2-0-C-1] INFO  o.a.k.clients.FetchSessionHandler [node1:8080] - [Consumer clientId=consumer-notification-batch-consumer-1, groupId=notification-batch-consumer] Error sending fetch request (sessionId=2032618788, epoch=INITIAL) to node 1001:
org.apache.kafka.common.errors.DisconnectException: null
2025-12-11 09:29:45.516 [org.springframework.kafka.KafkaListenerEndpointContainer#3-0-C-1] INFO  o.a.k.clients.FetchSessionHandler [node1:8080] - [Consumer clientId=consumer-pattern-consumer-2, groupId=pattern-consumer] Error sending fetch request (sessionId=930618662, epoch=INITIAL) to node 1001:
org.apache.kafka.common.errors.DisconnectException: null
2025-12-11 09:29:46.420 [org.springframework.kafka.KafkaListenerEndpointContainer#1-0-C-1] INFO  o.a.k.clients.FetchSessionHandler [node1:8080] - [Consumer clientId=consumer-order-events-consumer-4, groupId=order-events-consumer] Error sending fetch request (sessionId=614027490, epoch=INITIAL) to node 1001:
org.apache.kafka.common.errors.DisconnectException: null
2025-12-11 09:30:16.531 [org.springframework.kafka.KafkaListenerEndpointContainer#2-0-C-1] INFO  o.a.k.clients.FetchSessionHandler [node1:8080] - [Consumer clientId=consumer-notification-batch-consumer-1, groupId=notification-batch-consumer] Error sending fetch request (sessionId=2032618788, epoch=INITIAL) to node 1001:
org.apache.kafka.common.errors.DisconnectException: null
2025-12-11 09:30:18.523 [org.springframework.kafka.KafkaListenerEndpointContainer#3-0-C-1] INFO  o.a.k.clients.FetchSessionHandler [node1:8080] - [Consumer clientId=consumer-pattern-consumer-2, groupId=pattern-consumer] Error sending fetch request (sessionId=930618662, epoch=INITIAL) to node 1001:
org.apache.kafka.common.errors.DisconnectException: null
2025-12-11 09:30:19.435 [org.springframework.kafka.KafkaListenerEndpointContainer#1-0-C-1] INFO  o.a.k.clients.FetchSessionHandler [node1:8080] - [Consumer clientId=consumer-order-events-consumer-4, groupId=order-events-consumer] Error sending fetch request (sessionId=614027490, epoch=INITIAL) to node 1001:
org.apache.kafka.common.errors.DisconnectException: null
2025-12-11 09:30:49.548 [org.springframework.kafka.KafkaListenerEndpointContainer#2-0-C-1] INFO  o.a.k.clients.FetchSessionHandler [node1:8080] - [Consumer clientId=consumer-notification-batch-consumer-1, groupId=notification-batch-consumer] Error sending fetch request (sessionId=2032618788, epoch=INITIAL) to node 1001:
org.apache.kafka.common.errors.DisconnectException: null
2025-12-11 09:30:50.533 [org.springframework.kafka.KafkaListenerEndpointContainer#3-0-C-1] INFO  o.a.k.clients.FetchSessionHandler [node1:8080] - [Consumer clientId=consumer-pattern-consumer-2, groupId=pattern-consumer] Error sending fetch request (sessionId=930618662, epoch=INITIAL) to node 1001:
org.apache.kafka.common.errors.DisconnectException: null
2025-12-11 09:30:51.446 [org.springframework.kafka.KafkaListenerEndpointContainer#1-0-C-1] INFO  o.a.k.clients.FetchSessionHandler [node1:8080] - [Consumer clientId=consumer-order-events-consumer-4, groupId=order-events-consumer] Error sending fetch request (sessionId=614027490, epoch=INITIAL) to node 1001:
org.apache.kafka.common.errors.DisconnectException: null
2025-12-11 09:31:21.552 [org.springframework.kafka.KafkaListenerEndpointContainer#2-0-C-1] INFO  o.a.k.clients.FetchSessionHandler [node1:8080] - [Consumer clientId=consumer-notification-batch-consumer-1, groupId=notification-batch-consumer] Error sending fetch request (sessionId=2032618788, epoch=INITIAL) to node 1001:
org.apache.kafka.common.errors.DisconnectException: null
2025-12-11 09:31:23.558 [org.springframework.kafka.KafkaListenerEndpointContainer#3-0-C-1] INFO  o.a.k.clients.FetchSessionHandler [node1:8080] - [Consumer clientId=consumer-pattern-consumer-2, groupId=pattern-consumer] Error sending fetch request (sessionId=930618662, epoch=INITIAL) to node 1001:
org.apache.kafka.common.errors.DisconnectException: null
2025-12-11 09:31:24.461 [org.springframework.kafka.KafkaListenerEndpointContainer#1-0-C-1] INFO  o.a.k.clients.FetchSessionHandler [node1:8080] - [Consumer clientId=consumer-order-events-consumer-4, groupId=order-events-consumer] Error sending fetch request (sessionId=614027490, epoch=INITIAL) to node 1001:
org.apache.kafka.common.errors.DisconnectException: null
2025-12-11 09:31:54.562 [org.springframework.kafka.KafkaListenerEndpointContainer#2-0-C-1] INFO  o.a.k.clients.FetchSessionHandler [node1:8080] - [Consumer clientId=consumer-notification-batch-consumer-1, groupId=notification-batch-consumer] Error sending fetch request (sessionId=2032618788, epoch=INITIAL) to node 1001:
org.apache.kafka.common.errors.DisconnectException: null
2025-12-11 09:31:55.566 [org.springframework.kafka.KafkaListenerEndpointContainer#3-0-C-1] INFO  o.a.k.clients.FetchSessionHandler [node1:8080] - [Consumer clientId=consumer-pattern-consumer-2, groupId=pattern-consumer] Error sending fetch request (sessionId=930618662, epoch=INITIAL) to node 1001:
org.apache.kafka.common.errors.DisconnectException: null
2025-12-11 09:31:56.469 [org.springframework.kafka.KafkaListenerEndpointContainer#1-0-C-1] INFO  o.a.k.clients.FetchSessionHandler [node1:8080] - [Consumer clientId=consumer-order-events-consumer-4, groupId=order-events-consumer] Error sending fetch request (sessionId=614027490, epoch=INITIAL) to node 1001:
org.apache.kafka.common.errors.DisconnectException: null
2025-12-11 09:32:26.572 [org.springframework.kafka.KafkaListenerEndpointContainer#2-0-C-1] INFO  o.a.k.clients.FetchSessionHandler [node1:8080] - [Consumer clientId=consumer-notification-batch-consumer-1, groupId=notification-batch-consumer] Error sending fetch request (sessionId=2032618788, epoch=INITIAL) to node 1001:
org.apache.kafka.common.errors.DisconnectException: null
2025-12-11 09:32:28.587 [org.springframework.kafka.KafkaListenerEndpointContainer#3-0-C-1] INFO  o.a.k.clients.FetchSessionHandler [node1:8080] - [Consumer clientId=consumer-pattern-consumer-2, groupId=pattern-consumer] Error sending fetch request (sessionId=930618662, epoch=INITIAL) to node 1001:
org.apache.kafka.common.errors.DisconnectException: null
2025-12-11 09:32:29.487 [org.springframework.kafka.KafkaListenerEndpointContainer#1-0-C-1] INFO  o.a.k.clients.FetchSessionHandler [node1:8080] - [Consumer clientId=consumer-order-events-consumer-4, groupId=order-events-consumer] Error sending fetch request (sessionId=614027490, epoch=INITIAL) to node 1001:
org.apache.kafka.common.errors.DisconnectException: null
2025-12-11 09:32:59.588 [org.springframework.kafka.KafkaListenerEndpointContainer#2-0-C-1] INFO  o.a.k.clients.FetchSessionHandler [node1:8080] - [Consumer clientId=consumer-notification-batch-consumer-1, groupId=notification-batch-consumer] Error sending fetch request (sessionId=2032618788, epoch=INITIAL) to node 1001:
org.apache.kafka.common.errors.DisconnectException: null
2025-12-11 09:33:00.596 [org.springframework.kafka.KafkaListenerEndpointContainer#3-0-C-1] INFO  o.a.k.clients.FetchSessionHandler [node1:8080] - [Consumer clientId=consumer-pattern-consumer-2, groupId=pattern-consumer] Error sending fetch request (sessionId=930618662, epoch=INITIAL) to node 1001:
org.apache.kafka.common.errors.DisconnectException: null
2025-12-11 09:33:01.498 [org.springframework.kafka.KafkaListenerEndpointContainer#1-0-C-1] INFO  o.a.k.clients.FetchSessionHandler [node1:8080] - [Consumer clientId=consumer-order-events-consumer-4, groupId=order-events-consumer] Error sending fetch request (sessionId=614027490, epoch=INITIAL) to node 1001:
org.apache.kafka.common.errors.DisconnectException: null
2025-12-11 09:33:31.600 [org.springframework.kafka.KafkaListenerEndpointContainer#2-0-C-1] INFO  o.a.k.clients.FetchSessionHandler [node1:8080] - [Consumer clientId=consumer-notification-batch-consumer-1, groupId=notification-batch-consumer] Error sending fetch request (sessionId=2032618788, epoch=INITIAL) to node 1001:
org.apache.kafka.common.errors.DisconnectException: null
2025-12-11 09:33:33.612 [org.springframework.kafka.KafkaListenerEndpointContainer#3-0-C-1] INFO  o.a.k.clients.FetchSessionHandler [node1:8080] - [Consumer clientId=consumer-pattern-consumer-2, groupId=pattern-consumer] Error sending fetch request (sessionId=930618662, epoch=INITIAL) to node 1001:
org.apache.kafka.common.errors.DisconnectException: null
2025-12-11 09:33:34.512 [org.springframework.kafka.KafkaListenerEndpointContainer#1-0-C-1] INFO  o.a.k.clients.FetchSessionHandler [node1:8080] - [Consumer clientId=consumer-order-events-consumer-4, groupId=order-events-consumer] Error sending fetch request (sessionId=614027490, epoch=INITIAL) to node 1001:
org.apache.kafka.common.errors.DisconnectException: null
2025-12-11 09:34:04.614 [org.springframework.kafka.KafkaListenerEndpointContainer#2-0-C-1] INFO  o.a.k.clients.FetchSessionHandler [node1:8080] - [Consumer clientId=consumer-notification-batch-consumer-1, groupId=notification-batch-consumer] Error sending fetch request (sessionId=2032618788, epoch=INITIAL) to node 1001:
org.apache.kafka.common.errors.DisconnectException: null
2025-12-11 09:34:05.621 [org.springframework.kafka.KafkaListenerEndpointContainer#3-0-C-1] INFO  o.a.k.clients.FetchSessionHandler [node1:8080] - [Consumer clientId=consumer-pattern-consumer-2, groupId=pattern-consumer] Error sending fetch request (sessionId=930618662, epoch=INITIAL) to node 1001:
org.apache.kafka.common.errors.DisconnectException: null
2025-12-11 09:34:06.522 [org.springframework.kafka.KafkaListenerEndpointContainer#1-0-C-1] INFO  o.a.k.clients.FetchSessionHandler [node1:8080] - [Consumer clientId=consumer-order-events-consumer-4, groupId=order-events-consumer] Error sending fetch request (sessionId=614027490, epoch=INITIAL) to node 1001:
org.apache.kafka.common.errors.DisconnectException: null
2025-12-11 09:34:36.622 [org.springframework.kafka.KafkaListenerEndpointContainer#2-0-C-1] INFO  o.a.k.clients.FetchSessionHandler [node1:8080] - [Consumer clientId=consumer-notification-batch-consumer-1, groupId=notification-batch-consumer] Error sending fetch request (sessionId=2032618788, epoch=INITIAL) to node 1001:
org.apache.kafka.common.errors.DisconnectException: null
2025-12-11 09:34:38.631 [org.springframework.kafka.KafkaListenerEndpointContainer#3-0-C-1] INFO  o.a.k.clients.FetchSessionHandler [node1:8080] - [Consumer clientId=consumer-pattern-consumer-2, groupId=pattern-consumer] Error sending fetch request (sessionId=930618662, epoch=INITIAL) to node 1001:
org.apache.kafka.common.errors.DisconnectException: null
2025-12-11 09:34:39.534 [org.springframework.kafka.KafkaListenerEndpointContainer#1-0-C-1] INFO  o.a.k.clients.FetchSessionHandler [node1:8080] - [Consumer clientId=consumer-order-events-consumer-4, groupId=order-events-consumer] Error sending fetch request (sessionId=614027490, epoch=INITIAL) to node 1001:
org.apache.kafka.common.errors.DisconnectException: null
2025-12-11 09:35:09.637 [org.springframework.kafka.KafkaListenerEndpointContainer#2-0-C-1] INFO  o.a.k.clients.FetchSessionHandler [node1:8080] - [Consumer clientId=consumer-notification-batch-consumer-1, groupId=notification-batch-consumer] Error sending fetch request (sessionId=2032618788, epoch=INITIAL) to node 1001:
org.apache.kafka.common.errors.DisconnectException: null
2025-12-11 09:35:10.649 [org.springframework.kafka.KafkaListenerEndpointContainer#3-0-C-1] INFO  o.a.k.clients.FetchSessionHandler [node1:8080] - [Consumer clientId=consumer-pattern-consumer-2, groupId=pattern-consumer] Error sending fetch request (sessionId=930618662, epoch=INITIAL) to node 1001:
org.apache.kafka.common.errors.DisconnectException: null
2025-12-11 09:35:11.550 [org.springframework.kafka.KafkaListenerEndpointContainer#1-0-C-1] INFO  o.a.k.clients.FetchSessionHandler [node1:8080] - [Consumer clientId=consumer-order-events-consumer-4, groupId=order-events-consumer] Error sending fetch request (sessionId=614027490, epoch=INITIAL) to node 1001:
org.apache.kafka.common.errors.DisconnectException: null
2025-12-11 09:35:41.645 [org.springframework.kafka.KafkaListenerEndpointContainer#2-0-C-1] INFO  o.a.k.clients.FetchSessionHandler [node1:8080] - [Consumer clientId=consumer-notification-batch-consumer-1, groupId=notification-batch-consumer] Error sending fetch request (sessionId=2032618788, epoch=INITIAL) to node 1001:
org.apache.kafka.common.errors.DisconnectException: null
2025-12-11 09:35:43.662 [org.springframework.kafka.KafkaListenerEndpointContainer#3-0-C-1] INFO  o.a.k.clients.FetchSessionHandler [node1:8080] - [Consumer clientId=consumer-pattern-consumer-2, groupId=pattern-consumer] Error sending fetch request (sessionId=930618662, epoch=INITIAL) to node 1001:
org.apache.kafka.common.errors.DisconnectException: null
2025-12-11 09:35:44.568 [org.springframework.kafka.KafkaListenerEndpointContainer#1-0-C-1] INFO  o.a.k.clients.FetchSessionHandler [node1:8080] - [Consumer clientId=consumer-order-events-consumer-4, groupId=order-events-consumer] Error sending fetch request (sessionId=614027490, epoch=INITIAL) to node 1001:
org.apache.kafka.common.errors.DisconnectException: null
2025-12-11 09:36:14.655 [org.springframework.kafka.KafkaListenerEndpointContainer#2-0-C-1] INFO  o.a.k.clients.FetchSessionHandler [node1:8080] - [Consumer clientId=consumer-notification-batch-consumer-1, groupId=notification-batch-consumer] Error sending fetch request (sessionId=2032618788, epoch=INITIAL) to node 1001:
org.apache.kafka.common.errors.DisconnectException: null
2025-12-11 09:36:15.678 [org.springframework.kafka.KafkaListenerEndpointContainer#3-0-C-1] INFO  o.a.k.clients.FetchSessionHandler [node1:8080] - [Consumer clientId=consumer-pattern-consumer-2, groupId=pattern-consumer] Error sending fetch request (sessionId=930618662, epoch=INITIAL) to node 1001:
org.apache.kafka.common.errors.DisconnectException: null
2025-12-11 09:36:16.577 [org.springframework.kafka.KafkaListenerEndpointContainer#1-0-C-1] INFO  o.a.k.clients.FetchSessionHandler [node1:8080] - [Consumer clientId=consumer-order-events-consumer-4, groupId=order-events-consumer] Error sending fetch request (sessionId=614027490, epoch=INITIAL) to node 1001:
org.apache.kafka.common.errors.DisconnectException: null
2025-12-11 09:36:46.663 [org.springframework.kafka.KafkaListenerEndpointContainer#2-0-C-1] INFO  o.a.k.clients.FetchSessionHandler [node1:8080] - [Consumer clientId=consumer-notification-batch-consumer-1, groupId=notification-batch-consumer] Error sending fetch request (sessionId=2032618788, epoch=INITIAL) to node 1001:
org.apache.kafka.common.errors.DisconnectException: null
2025-12-11 09:36:48.697 [org.springframework.kafka.KafkaListenerEndpointContainer#3-0-C-1] INFO  o.a.k.clients.FetchSessionHandler [node1:8080] - [Consumer clientId=consumer-pattern-consumer-2, groupId=pattern-consumer] Error sending fetch request (sessionId=930618662, epoch=INITIAL) to node 1001:
org.apache.kafka.common.errors.DisconnectException: null
2025-12-11 09:36:49.602 [org.springframework.kafka.KafkaListenerEndpointContainer#1-0-C-1] INFO  o.a.k.clients.FetchSessionHandler [node1:8080] - [Consumer clientId=consumer-order-events-consumer-4, groupId=order-events-consumer] Error sending fetch request (sessionId=614027490, epoch=INITIAL) to node 1001:
org.apache.kafka.common.errors.DisconnectException: null
2025-12-11 09:37:19.675 [org.springframework.kafka.KafkaListenerEndpointContainer#2-0-C-1] INFO  o.a.k.clients.FetchSessionHandler [node1:8080] - [Consumer clientId=consumer-notification-batch-consumer-1, groupId=notification-batch-consumer] Error sending fetch request (sessionId=2032618788, epoch=INITIAL) to node 1001:
org.apache.kafka.common.errors.DisconnectException: null
2025-12-11 09:37:20.707 [org.springframework.kafka.KafkaListenerEndpointContainer#3-0-C-1] INFO  o.a.k.clients.FetchSessionHandler [node1:8080] - [Consumer clientId=consumer-pattern-consumer-2, groupId=pattern-consumer] Error sending fetch request (sessionId=930618662, epoch=INITIAL) to node 1001:
org.apache.kafka.common.errors.DisconnectException: null
2025-12-11 09:37:21.612 [org.springframework.kafka.KafkaListenerEndpointContainer#1-0-C-1] INFO  o.a.k.clients.FetchSessionHandler [node1:8080] - [Consumer clientId=consumer-order-events-consumer-4, groupId=order-events-consumer] Error sending fetch request (sessionId=614027490, epoch=INITIAL) to node 1001:
org.apache.kafka.common.errors.DisconnectException: null
2025-12-11 09:37:51.679 [org.springframework.kafka.KafkaListenerEndpointContainer#2-0-C-1] INFO  o.a.k.clients.FetchSessionHandler [node1:8080] - [Consumer clientId=consumer-notification-batch-consumer-1, groupId=notification-batch-consumer] Error sending fetch request (sessionId=2032618788, epoch=INITIAL) to node 1001:
org.apache.kafka.common.errors.DisconnectException: null
2025-12-11 09:37:53.725 [org.springframework.kafka.KafkaListenerEndpointContainer#3-0-C-1] INFO  o.a.k.clients.FetchSessionHandler [node1:8080] - [Consumer clientId=consumer-pattern-consumer-2, groupId=pattern-consumer] Error sending fetch request (sessionId=930618662, epoch=INITIAL) to node 1001:
org.apache.kafka.common.errors.DisconnectException: null
2025-12-11 09:37:54.627 [org.springframework.kafka.KafkaListenerEndpointContainer#1-0-C-1] INFO  o.a.k.clients.FetchSessionHandler [node1:8080] - [Consumer clientId=consumer-order-events-consumer-4, groupId=order-events-consumer] Error sending fetch request (sessionId=614027490, epoch=INITIAL) to node 1001:
org.apache.kafka.common.errors.DisconnectException: null
2025-12-11 09:38:24.688 [org.springframework.kafka.KafkaListenerEndpointContainer#2-0-C-1] INFO  o.a.k.clients.FetchSessionHandler [node1:8080] - [Consumer clientId=consumer-notification-batch-consumer-1, groupId=notification-batch-consumer] Error sending fetch request (sessionId=2032618788, epoch=INITIAL) to node 1001:
org.apache.kafka.common.errors.DisconnectException: null
2025-12-11 09:38:25.733 [org.springframework.kafka.KafkaListenerEndpointContainer#3-0-C-1] INFO  o.a.k.clients.FetchSessionHandler [node1:8080] - [Consumer clientId=consumer-pattern-consumer-2, groupId=pattern-consumer] Error sending fetch request (sessionId=930618662, epoch=INITIAL) to node 1001:
org.apache.kafka.common.errors.DisconnectException: null
2025-12-11 09:38:26.634 [org.springframework.kafka.KafkaListenerEndpointContainer#1-0-C-1] INFO  o.a.k.clients.FetchSessionHandler [node1:8080] - [Consumer clientId=consumer-order-events-consumer-4, groupId=order-events-consumer] Error sending fetch request (sessionId=614027490, epoch=INITIAL) to node 1001:
org.apache.kafka.common.errors.DisconnectException: null
2025-12-11 09:38:56.702 [org.springframework.kafka.KafkaListenerEndpointContainer#2-0-C-1] INFO  o.a.k.clients.FetchSessionHandler [node1:8080] - [Consumer clientId=consumer-notification-batch-consumer-1, groupId=notification-batch-consumer] Error sending fetch request (sessionId=2032618788, epoch=INITIAL) to node 1001:
org.apache.kafka.common.errors.DisconnectException: null
2025-12-11 09:38:58.738 [org.springframework.kafka.KafkaListenerEndpointContainer#3-0-C-1] INFO  o.a.k.clients.FetchSessionHandler [node1:8080] - [Consumer clientId=consumer-pattern-consumer-2, groupId=pattern-consumer] Error sending fetch request (sessionId=930618662, epoch=INITIAL) to node 1001:
org.apache.kafka.common.errors.DisconnectException: null
2025-12-11 09:38:59.230 [org.springframework.kafka.KafkaListenerEndpointContainer#2-0-C-1] INFO  o.a.k.c.c.i.ConsumerCoordinator [node1:8080] - [Consumer clientId=consumer-notification-batch-consumer-1, groupId=notification-batch-consumer] Discovered group coordinator localhost:9093 (id: 2147482646 rack: null)
2025-12-11 09:38:59.269 [org.springframework.kafka.KafkaListenerEndpointContainer#3-0-C-1] INFO  o.a.k.c.c.i.ConsumerCoordinator [node1:8080] - [Consumer clientId=consumer-pattern-consumer-2, groupId=pattern-consumer] Discovered group coordinator localhost:9093 (id: 2147482646 rack: null)
2025-12-11 09:38:59.528 [org.springframework.kafka.KafkaListenerEndpointContainer#2-0-C-1] INFO  o.a.k.c.c.i.ConsumerCoordinator [node1:8080] - [Consumer clientId=consumer-notification-batch-consumer-1, groupId=notification-batch-consumer] Attempt to heartbeat with Generation{generationId=31, memberId='consumer-notification-batch-consumer-1-3f1a4d13-ab4b-4f72-a784-6c584b751ff1', protocol='range'} and group instance id Optional.empty failed due to UNKNOWN_MEMBER_ID, resetting generation
2025-12-11 09:38:59.530 [org.springframework.kafka.KafkaListenerEndpointContainer#2-0-C-1] INFO  o.a.k.c.c.i.ConsumerCoordinator [node1:8080] - [Consumer clientId=consumer-notification-batch-consumer-1, groupId=notification-batch-consumer] Resetting generation due to: encountered UNKNOWN_MEMBER_ID from HEARTBEAT response
2025-12-11 09:38:59.530 [org.springframework.kafka.KafkaListenerEndpointContainer#2-0-C-1] INFO  o.a.k.c.c.i.ConsumerCoordinator [node1:8080] - [Consumer clientId=consumer-notification-batch-consumer-1, groupId=notification-batch-consumer] Request joining group due to: encountered UNKNOWN_MEMBER_ID from HEARTBEAT response
2025-12-11 09:38:59.531 [org.springframework.kafka.KafkaListenerEndpointContainer#2-0-C-1] INFO  o.a.k.c.c.i.ConsumerCoordinator [node1:8080] - [Consumer clientId=consumer-notification-batch-consumer-1, groupId=notification-batch-consumer] Giving away all assigned partitions as lost since generation has been reset,indicating that consumer is no longer part of the group
2025-12-11 09:38:59.532 [org.springframework.kafka.KafkaListenerEndpointContainer#2-0-C-1] INFO  o.a.k.c.c.i.ConsumerCoordinator [node1:8080] - [Consumer clientId=consumer-notification-batch-consumer-1, groupId=notification-batch-consumer] Lost previously assigned partitions notification-topic-0
2025-12-11 09:38:59.538 [org.springframework.kafka.KafkaListenerEndpointContainer#2-0-C-1] INFO  o.s.k.l.KafkaMessageListenerContainer [node1:8080] - notification-batch-consumer: partitions lost: [notification-topic-0]
2025-12-11 09:38:59.539 [org.springframework.kafka.KafkaListenerEndpointContainer#2-0-C-1] INFO  o.s.k.l.KafkaMessageListenerContainer [node1:8080] - notification-batch-consumer: partitions revoked: [notification-topic-0]
2025-12-11 09:38:59.541 [org.springframework.kafka.KafkaListenerEndpointContainer#2-0-C-1] INFO  o.a.k.c.c.i.ConsumerCoordinator [node1:8080] - [Consumer clientId=consumer-notification-batch-consumer-1, groupId=notification-batch-consumer] (Re-)joining group
2025-12-11 09:38:59.543 [org.springframework.kafka.KafkaListenerEndpointContainer#3-0-C-1] INFO  o.a.k.c.c.i.ConsumerCoordinator [node1:8080] - [Consumer clientId=consumer-pattern-consumer-2, groupId=pattern-consumer] Attempt to heartbeat with Generation{generationId=29, memberId='consumer-pattern-consumer-2-c2c8d7ca-95a6-4006-821c-25bfbdd831ad', protocol='range'} and group instance id Optional.empty failed due to UNKNOWN_MEMBER_ID, resetting generation
2025-12-11 09:38:59.543 [org.springframework.kafka.KafkaListenerEndpointContainer#0-0-C-1] INFO  o.a.k.c.c.i.ConsumerCoordinator [node1:8080] - [Consumer clientId=consumer-user-events-consumer-3, groupId=user-events-consumer] Discovered group coordinator localhost:9093 (id: 2147482646 rack: null)
2025-12-11 09:38:59.544 [org.springframework.kafka.KafkaListenerEndpointContainer#3-0-C-1] INFO  o.a.k.c.c.i.ConsumerCoordinator [node1:8080] - [Consumer clientId=consumer-pattern-consumer-2, groupId=pattern-consumer] Resetting generation due to: encountered UNKNOWN_MEMBER_ID from HEARTBEAT response
2025-12-11 09:38:59.544 [org.springframework.kafka.KafkaListenerEndpointContainer#3-0-C-1] INFO  o.a.k.c.c.i.ConsumerCoordinator [node1:8080] - [Consumer clientId=consumer-pattern-consumer-2, groupId=pattern-consumer] Request joining group due to: encountered UNKNOWN_MEMBER_ID from HEARTBEAT response
2025-12-11 09:38:59.545 [org.springframework.kafka.KafkaListenerEndpointContainer#0-0-C-1] INFO  o.a.k.c.c.i.ConsumerCoordinator [node1:8080] - [Consumer clientId=consumer-user-events-consumer-3, groupId=user-events-consumer] (Re-)joining group
2025-12-11 09:38:59.639 [org.springframework.kafka.KafkaListenerEndpointContainer#1-0-C-1] INFO  o.a.k.clients.FetchSessionHandler [node1:8080] - [Consumer clientId=consumer-order-events-consumer-4, groupId=order-events-consumer] Error sending fetch request (sessionId=614027490, epoch=INITIAL) to node 1001:
org.apache.kafka.common.errors.DisconnectException: null
2025-12-11 09:38:59.757 [org.springframework.kafka.KafkaListenerEndpointContainer#2-0-C-1] INFO  o.a.k.c.c.i.ConsumerCoordinator [node1:8080] - [Consumer clientId=consumer-notification-batch-consumer-1, groupId=notification-batch-consumer] Request joining group due to: need to re-join with the given member-id
2025-12-11 09:38:59.758 [org.springframework.kafka.KafkaListenerEndpointContainer#2-0-C-1] INFO  o.a.k.c.c.i.ConsumerCoordinator [node1:8080] - [Consumer clientId=consumer-notification-batch-consumer-1, groupId=notification-batch-consumer] (Re-)joining group
2025-12-11 09:38:59.796 [org.springframework.kafka.KafkaListenerEndpointContainer#1-0-C-1] INFO  o.a.k.c.c.i.ConsumerCoordinator [node1:8080] - [Consumer clientId=consumer-order-events-consumer-4, groupId=order-events-consumer] Discovered group coordinator localhost:9093 (id: 2147482646 rack: null)
2025-12-11 09:38:59.828 [org.springframework.kafka.KafkaListenerEndpointContainer#0-0-C-1] INFO  o.a.k.c.c.i.ConsumerCoordinator [node1:8080] - [Consumer clientId=consumer-user-events-consumer-3, groupId=user-events-consumer] JoinGroup failed: The coordinator is not aware of this member. Need to re-join the group. Sent generation was Generation{generationId=-1, memberId='consumer-user-events-consumer-3-b6c0eb35-1673-4e5a-bad0-1a5d04bf6d7f', protocol='null'}
2025-12-11 09:38:59.830 [org.springframework.kafka.KafkaListenerEndpointContainer#0-0-C-1] INFO  o.a.k.c.c.i.ConsumerCoordinator [node1:8080] - [Consumer clientId=consumer-user-events-consumer-3, groupId=user-events-consumer] Resetting generation due to: encountered UNKNOWN_MEMBER_ID from JOIN_GROUP response
2025-12-11 09:38:59.830 [org.springframework.kafka.KafkaListenerEndpointContainer#0-0-C-1] INFO  o.a.k.c.c.i.ConsumerCoordinator [node1:8080] - [Consumer clientId=consumer-user-events-consumer-3, groupId=user-events-consumer] Request joining group due to: encountered UNKNOWN_MEMBER_ID from JOIN_GROUP response
2025-12-11 09:38:59.830 [org.springframework.kafka.KafkaListenerEndpointContainer#0-0-C-1] INFO  o.a.k.c.c.i.ConsumerCoordinator [node1:8080] - [Consumer clientId=consumer-user-events-consumer-3, groupId=user-events-consumer] (Re-)joining group
2025-12-11 09:38:59.883 [org.springframework.kafka.KafkaListenerEndpointContainer#1-0-C-1] INFO  o.a.k.c.c.i.ConsumerCoordinator [node1:8080] - [Consumer clientId=consumer-order-events-consumer-4, groupId=order-events-consumer] Attempt to heartbeat with Generation{generationId=29, memberId='consumer-order-events-consumer-4-37eaffb7-6e7f-4b83-8170-051531f9f74c', protocol='range'} and group instance id Optional.empty failed due to UNKNOWN_MEMBER_ID, resetting generation
2025-12-11 09:38:59.883 [org.springframework.kafka.KafkaListenerEndpointContainer#1-0-C-1] INFO  o.a.k.c.c.i.ConsumerCoordinator [node1:8080] - [Consumer clientId=consumer-order-events-consumer-4, groupId=order-events-consumer] Resetting generation due to: encountered UNKNOWN_MEMBER_ID from HEARTBEAT response
2025-12-11 09:38:59.883 [org.springframework.kafka.KafkaListenerEndpointContainer#1-0-C-1] INFO  o.a.k.c.c.i.ConsumerCoordinator [node1:8080] - [Consumer clientId=consumer-order-events-consumer-4, groupId=order-events-consumer] Request joining group due to: encountered UNKNOWN_MEMBER_ID from HEARTBEAT response
2025-12-11 09:38:59.884 [org.springframework.kafka.KafkaListenerEndpointContainer#1-0-C-1] INFO  o.a.k.c.c.i.ConsumerCoordinator [node1:8080] - [Consumer clientId=consumer-order-events-consumer-4, groupId=order-events-consumer] Giving away all assigned partitions as lost since generation has been reset,indicating that consumer is no longer part of the group
2025-12-11 09:38:59.884 [org.springframework.kafka.KafkaListenerEndpointContainer#1-0-C-1] INFO  o.a.k.c.c.i.ConsumerCoordinator [node1:8080] - [Consumer clientId=consumer-order-events-consumer-4, groupId=order-events-consumer] Lost previously assigned partitions order-events-topic-4, order-events-topic-2, order-events-topic-3, order-events-topic-0, order-events-topic-1
2025-12-11 09:38:59.884 [org.springframework.kafka.KafkaListenerEndpointContainer#1-0-C-1] INFO  o.s.k.l.KafkaMessageListenerContainer [node1:8080] - order-events-consumer: partitions lost: [order-events-topic-4, order-events-topic-2, order-events-topic-3, order-events-topic-0, order-events-topic-1]
2025-12-11 09:38:59.884 [org.springframework.kafka.KafkaListenerEndpointContainer#1-0-C-1] INFO  o.s.k.l.KafkaMessageListenerContainer [node1:8080] - order-events-consumer: partitions revoked: [order-events-topic-4, order-events-topic-2, order-events-topic-3, order-events-topic-0, order-events-topic-1]
2025-12-11 09:38:59.884 [org.springframework.kafka.KafkaListenerEndpointContainer#1-0-C-1] INFO  o.a.k.c.c.i.ConsumerCoordinator [node1:8080] - [Consumer clientId=consumer-order-events-consumer-4, groupId=order-events-consumer] (Re-)joining group
2025-12-11 09:38:59.907 [org.springframework.kafka.KafkaListenerEndpointContainer#0-0-C-1] INFO  o.a.k.c.c.i.ConsumerCoordinator [node1:8080] - [Consumer clientId=consumer-user-events-consumer-3, groupId=user-events-consumer] Request joining group due to: need to re-join with the given member-id
2025-12-11 09:38:59.907 [org.springframework.kafka.KafkaListenerEndpointContainer#0-0-C-1] INFO  o.a.k.c.c.i.ConsumerCoordinator [node1:8080] - [Consumer clientId=consumer-user-events-consumer-3, groupId=user-events-consumer] (Re-)joining group
2025-12-11 09:39:00.035 [org.springframework.kafka.KafkaListenerEndpointContainer#1-0-C-1] INFO  o.a.k.c.c.i.ConsumerCoordinator [node1:8080] - [Consumer clientId=consumer-order-events-consumer-4, groupId=order-events-consumer] Request joining group due to: need to re-join with the given member-id
2025-12-11 09:39:00.036 [org.springframework.kafka.KafkaListenerEndpointContainer#1-0-C-1] INFO  o.a.k.c.c.i.ConsumerCoordinator [node1:8080] - [Consumer clientId=consumer-order-events-consumer-4, groupId=order-events-consumer] (Re-)joining group
2025-12-11 09:39:00.036 [org.springframework.kafka.KafkaListenerEndpointContainer#3-0-C-1] INFO  o.a.k.c.c.i.ConsumerCoordinator [node1:8080] - [Consumer clientId=consumer-pattern-consumer-2, groupId=pattern-consumer] Giving away all assigned partitions as lost since generation has been reset,indicating that consumer is no longer part of the group
2025-12-11 09:39:00.036 [org.springframework.kafka.KafkaListenerEndpointContainer#3-0-C-1] INFO  o.a.k.c.c.i.ConsumerCoordinator [node1:8080] - [Consumer clientId=consumer-pattern-consumer-2, groupId=pattern-consumer] Lost previously assigned partitions user-events-topic-1, user-events-topic-2, order-events-topic-4, user-events-topic-0, order-events-topic-2, order-events-topic-3, order-events-topic-0, order-events-topic-1
2025-12-11 09:39:00.037 [org.springframework.kafka.KafkaListenerEndpointContainer#3-0-C-1] INFO  o.s.k.l.KafkaMessageListenerContainer [node1:8080] - pattern-consumer: partitions lost: [user-events-topic-1, user-events-topic-2, order-events-topic-4, user-events-topic-0, order-events-topic-2, order-events-topic-3, order-events-topic-0, order-events-topic-1]
2025-12-11 09:39:00.037 [org.springframework.kafka.KafkaListenerEndpointContainer#3-0-C-1] INFO  o.s.k.l.KafkaMessageListenerContainer [node1:8080] - pattern-consumer: partitions revoked: [user-events-topic-1, user-events-topic-2, order-events-topic-4, user-events-topic-0, order-events-topic-2, order-events-topic-3, order-events-topic-0, order-events-topic-1]
2025-12-11 09:39:00.038 [org.springframework.kafka.KafkaListenerEndpointContainer#3-0-C-1] INFO  o.a.k.c.c.i.ConsumerCoordinator [node1:8080] - [Consumer clientId=consumer-pattern-consumer-2, groupId=pattern-consumer] (Re-)joining group
2025-12-11 09:39:00.062 [org.springframework.kafka.KafkaListenerEndpointContainer#3-0-C-1] INFO  o.a.k.c.c.i.ConsumerCoordinator [node1:8080] - [Consumer clientId=consumer-pattern-consumer-2, groupId=pattern-consumer] Request joining group due to: need to re-join with the given member-id
2025-12-11 09:39:00.064 [org.springframework.kafka.KafkaListenerEndpointContainer#3-0-C-1] INFO  o.a.k.c.c.i.ConsumerCoordinator [node1:8080] - [Consumer clientId=consumer-pattern-consumer-2, groupId=pattern-consumer] (Re-)joining group
2025-12-11 09:39:03.351 [org.springframework.kafka.KafkaListenerEndpointContainer#1-0-C-1] INFO  o.a.k.c.c.i.ConsumerCoordinator [node1:8080] - [Consumer clientId=consumer-order-events-consumer-4, groupId=order-events-consumer] Successfully joined group with generation Generation{generationId=31, memberId='consumer-order-events-consumer-4-528e9d1f-7f71-4359-8164-a2dea8e04fc5', protocol='range'}
2025-12-11 09:39:03.455 [org.springframework.kafka.KafkaListenerEndpointContainer#1-0-C-1] INFO  o.a.k.c.c.i.ConsumerCoordinator [node1:8080] - [Consumer clientId=consumer-order-events-consumer-4, groupId=order-events-consumer] Finished assignment for group at generation 31: {consumer-order-events-consumer-4-528e9d1f-7f71-4359-8164-a2dea8e04fc5=Assignment(partitions=[order-events-topic-0, order-events-topic-1, order-events-topic-2, order-events-topic-3, order-events-topic-4])}
2025-12-11 09:39:04.778 [org.springframework.kafka.KafkaListenerEndpointContainer#2-0-C-1] INFO  o.a.k.c.c.i.ConsumerCoordinator [node1:8080] - [Consumer clientId=consumer-notification-batch-consumer-1, groupId=notification-batch-consumer] Successfully joined group with generation Generation{generationId=33, memberId='consumer-notification-batch-consumer-1-21efec55-3fae-43a0-a736-7fb8e21dd778', protocol='range'}
2025-12-11 09:39:04.780 [org.springframework.kafka.KafkaListenerEndpointContainer#0-0-C-1] INFO  o.a.k.c.c.i.ConsumerCoordinator [node1:8080] - [Consumer clientId=consumer-user-events-consumer-3, groupId=user-events-consumer] Successfully joined group with generation Generation{generationId=35, memberId='consumer-user-events-consumer-3-0c7daa73-8fda-4931-a704-b4581cc8fb7c', protocol='range'}
2025-12-11 09:39:04.781 [org.springframework.kafka.KafkaListenerEndpointContainer#0-0-C-1] INFO  o.a.k.c.c.i.ConsumerCoordinator [node1:8080] - [Consumer clientId=consumer-user-events-consumer-3, groupId=user-events-consumer] Finished assignment for group at generation 35: {consumer-user-events-consumer-3-0c7daa73-8fda-4931-a704-b4581cc8fb7c=Assignment(partitions=[user-events-topic-0, user-events-topic-1, user-events-topic-2])}
2025-12-11 09:39:04.781 [org.springframework.kafka.KafkaListenerEndpointContainer#2-0-C-1] INFO  o.a.k.c.c.i.ConsumerCoordinator [node1:8080] - [Consumer clientId=consumer-notification-batch-consumer-1, groupId=notification-batch-consumer] Finished assignment for group at generation 33: {consumer-notification-batch-consumer-1-21efec55-3fae-43a0-a736-7fb8e21dd778=Assignment(partitions=[notification-topic-0])}
2025-12-11 09:39:11.814 [org.springframework.kafka.KafkaListenerEndpointContainer#2-0-C-1] INFO  o.a.k.c.c.i.ConsumerCoordinator [node1:8080] - [Consumer clientId=consumer-notification-batch-consumer-1, groupId=notification-batch-consumer] Successfully synced group in generation Generation{generationId=33, memberId='consumer-notification-batch-consumer-1-21efec55-3fae-43a0-a736-7fb8e21dd778', protocol='range'}
2025-12-11 09:39:11.814 [org.springframework.kafka.KafkaListenerEndpointContainer#1-0-C-1] INFO  o.a.k.c.c.i.ConsumerCoordinator [node1:8080] - [Consumer clientId=consumer-order-events-consumer-4, groupId=order-events-consumer] Successfully synced group in generation Generation{generationId=31, memberId='consumer-order-events-consumer-4-528e9d1f-7f71-4359-8164-a2dea8e04fc5', protocol='range'}
2025-12-11 09:39:11.814 [org.springframework.kafka.KafkaListenerEndpointContainer#0-0-C-1] INFO  o.a.k.c.c.i.ConsumerCoordinator [node1:8080] - [Consumer clientId=consumer-user-events-consumer-3, groupId=user-events-consumer] Successfully synced group in generation Generation{generationId=35, memberId='consumer-user-events-consumer-3-0c7daa73-8fda-4931-a704-b4581cc8fb7c', protocol='range'}
2025-12-11 09:39:11.814 [org.springframework.kafka.KafkaListenerEndpointContainer#3-0-C-1] INFO  o.a.k.c.c.i.ConsumerCoordinator [node1:8080] - [Consumer clientId=consumer-pattern-consumer-2, groupId=pattern-consumer] Successfully joined group with generation Generation{generationId=31, memberId='consumer-pattern-consumer-2-4bf13761-8d01-499b-b26a-f726eabdf2c2', protocol='range'}
2025-12-11 09:39:11.828 [org.springframework.kafka.KafkaListenerEndpointContainer#2-0-C-1] INFO  o.a.k.c.c.i.ConsumerCoordinator [node1:8080] - [Consumer clientId=consumer-notification-batch-consumer-1, groupId=notification-batch-consumer] Notifying assignor about the new Assignment(partitions=[notification-topic-0])
2025-12-11 09:39:11.829 [org.springframework.kafka.KafkaListenerEndpointContainer#1-0-C-1] INFO  o.a.k.c.c.i.ConsumerCoordinator [node1:8080] - [Consumer clientId=consumer-order-events-consumer-4, groupId=order-events-consumer] Notifying assignor about the new Assignment(partitions=[order-events-topic-0, order-events-topic-1, order-events-topic-2, order-events-topic-3, order-events-topic-4])
2025-12-11 09:39:11.828 [org.springframework.kafka.KafkaListenerEndpointContainer#0-0-C-1] INFO  o.a.k.c.c.i.ConsumerCoordinator [node1:8080] - [Consumer clientId=consumer-user-events-consumer-3, groupId=user-events-consumer] Notifying assignor about the new Assignment(partitions=[user-events-topic-0, user-events-topic-1, user-events-topic-2])
2025-12-11 09:39:11.840 [org.springframework.kafka.KafkaListenerEndpointContainer#1-0-C-1] INFO  o.a.k.c.c.i.ConsumerCoordinator [node1:8080] - [Consumer clientId=consumer-order-events-consumer-4, groupId=order-events-consumer] Adding newly assigned partitions: order-events-topic-4, order-events-topic-2, order-events-topic-3, order-events-topic-0, order-events-topic-1
2025-12-11 09:39:11.840 [org.springframework.kafka.KafkaListenerEndpointContainer#0-0-C-1] INFO  o.a.k.c.c.i.ConsumerCoordinator [node1:8080] - [Consumer clientId=consumer-user-events-consumer-3, groupId=user-events-consumer] Adding newly assigned partitions: user-events-topic-1, user-events-topic-2, user-events-topic-0
2025-12-11 09:39:11.840 [org.springframework.kafka.KafkaListenerEndpointContainer#2-0-C-1] INFO  o.a.k.c.c.i.ConsumerCoordinator [node1:8080] - [Consumer clientId=consumer-notification-batch-consumer-1, groupId=notification-batch-consumer] Adding newly assigned partitions: notification-topic-0
2025-12-11 09:39:19.502 [org.springframework.kafka.KafkaListenerEndpointContainer#1-0-C-1] INFO  o.a.k.c.c.i.ConsumerCoordinator [node1:8080] - [Consumer clientId=consumer-order-events-consumer-4, groupId=order-events-consumer] Setting offset for partition order-events-topic-4 to the committed offset FetchPosition{offset=0, offsetEpoch=Optional.empty, currentLeader=LeaderAndEpoch{leader=Optional[localhost:9093 (id: 1001 rack: null)], epoch=0}}
2025-12-11 09:39:19.505 [org.springframework.kafka.KafkaListenerEndpointContainer#1-0-C-1] INFO  o.a.k.c.c.i.ConsumerCoordinator [node1:8080] - [Consumer clientId=consumer-order-events-consumer-4, groupId=order-events-consumer] Setting offset for partition order-events-topic-2 to the committed offset FetchPosition{offset=0, offsetEpoch=Optional.empty, currentLeader=LeaderAndEpoch{leader=Optional[localhost:9093 (id: 1001 rack: null)], epoch=0}}
2025-12-11 09:39:19.506 [org.springframework.kafka.KafkaListenerEndpointContainer#1-0-C-1] INFO  o.a.k.c.c.i.ConsumerCoordinator [node1:8080] - [Consumer clientId=consumer-order-events-consumer-4, groupId=order-events-consumer] Setting offset for partition order-events-topic-3 to the committed offset FetchPosition{offset=0, offsetEpoch=Optional.empty, currentLeader=LeaderAndEpoch{leader=Optional[localhost:9093 (id: 1001 rack: null)], epoch=0}}
2025-12-11 09:39:19.506 [org.springframework.kafka.KafkaListenerEndpointContainer#1-0-C-1] INFO  o.a.k.c.c.i.ConsumerCoordinator [node1:8080] - [Consumer clientId=consumer-order-events-consumer-4, groupId=order-events-consumer] Setting offset for partition order-events-topic-0 to the committed offset FetchPosition{offset=0, offsetEpoch=Optional.empty, currentLeader=LeaderAndEpoch{leader=Optional[localhost:9093 (id: 1001 rack: null)], epoch=0}}
2025-12-11 09:39:19.506 [org.springframework.kafka.KafkaListenerEndpointContainer#1-0-C-1] INFO  o.a.k.c.c.i.ConsumerCoordinator [node1:8080] - [Consumer clientId=consumer-order-events-consumer-4, groupId=order-events-consumer] Setting offset for partition order-events-topic-1 to the committed offset FetchPosition{offset=0, offsetEpoch=Optional.empty, currentLeader=LeaderAndEpoch{leader=Optional[localhost:9093 (id: 1001 rack: null)], epoch=0}}
2025-12-11 09:39:19.528 [org.springframework.kafka.KafkaListenerEndpointContainer#2-0-C-1] INFO  o.a.k.c.c.i.ConsumerCoordinator [node1:8080] - [Consumer clientId=consumer-notification-batch-consumer-1, groupId=notification-batch-consumer] Setting offset for partition notification-topic-0 to the committed offset FetchPosition{offset=0, offsetEpoch=Optional.empty, currentLeader=LeaderAndEpoch{leader=Optional[localhost:9093 (id: 1001 rack: null)], epoch=0}}
2025-12-11 09:39:19.531 [org.springframework.kafka.KafkaListenerEndpointContainer#2-0-C-1] INFO  o.s.k.l.KafkaMessageListenerContainer [node1:8080] - notification-batch-consumer: partitions assigned: [notification-topic-0]
2025-12-11 09:39:19.536 [org.springframework.kafka.KafkaListenerEndpointContainer#1-0-C-1] INFO  o.s.k.l.KafkaMessageListenerContainer [node1:8080] - order-events-consumer: partitions assigned: [order-events-topic-4, order-events-topic-2, order-events-topic-3, order-events-topic-0, order-events-topic-1]
2025-12-11 09:39:19.538 [org.springframework.kafka.KafkaListenerEndpointContainer#0-0-C-1] INFO  o.a.k.c.c.i.ConsumerCoordinator [node1:8080] - [Consumer clientId=consumer-user-events-consumer-3, groupId=user-events-consumer] Setting offset for partition user-events-topic-1 to the committed offset FetchPosition{offset=4, offsetEpoch=Optional.empty, currentLeader=LeaderAndEpoch{leader=Optional[localhost:9093 (id: 1001 rack: null)], epoch=0}}
2025-12-11 09:39:19.538 [org.springframework.kafka.KafkaListenerEndpointContainer#0-0-C-1] INFO  o.a.k.c.c.i.ConsumerCoordinator [node1:8080] - [Consumer clientId=consumer-user-events-consumer-3, groupId=user-events-consumer] Setting offset for partition user-events-topic-2 to the committed offset FetchPosition{offset=4, offsetEpoch=Optional.empty, currentLeader=LeaderAndEpoch{leader=Optional[localhost:9093 (id: 1001 rack: null)], epoch=0}}
2025-12-11 09:39:19.538 [org.springframework.kafka.KafkaListenerEndpointContainer#0-0-C-1] INFO  o.a.k.c.c.i.ConsumerCoordinator [node1:8080] - [Consumer clientId=consumer-user-events-consumer-3, groupId=user-events-consumer] Setting offset for partition user-events-topic-0 to the committed offset FetchPosition{offset=7, offsetEpoch=Optional.empty, currentLeader=LeaderAndEpoch{leader=Optional[localhost:9093 (id: 1001 rack: null)], epoch=0}}
2025-12-11 09:39:19.539 [org.springframework.kafka.KafkaListenerEndpointContainer#0-0-C-1] INFO  o.s.k.l.KafkaMessageListenerContainer [node1:8080] - user-events-consumer: partitions assigned: [user-events-topic-1, user-events-topic-2, user-events-topic-0]
2025-12-11 09:39:19.547 [org.springframework.kafka.KafkaListenerEndpointContainer#3-0-C-1] INFO  o.a.k.c.c.i.ConsumerCoordinator [node1:8080] - [Consumer clientId=consumer-pattern-consumer-2, groupId=pattern-consumer] Finished assignment for group at generation 31: {consumer-pattern-consumer-2-4bf13761-8d01-499b-b26a-f726eabdf2c2=Assignment(partitions=[user-events-topic-0, user-events-topic-1, user-events-topic-2, order-events-topic-0, order-events-topic-1, order-events-topic-2, order-events-topic-3, order-events-topic-4])}
2025-12-11 09:39:19.819 [org.springframework.kafka.KafkaListenerEndpointContainer#3-0-C-1] INFO  o.a.k.c.c.i.ConsumerCoordinator [node1:8080] - [Consumer clientId=consumer-pattern-consumer-2, groupId=pattern-consumer] Successfully synced group in generation Generation{generationId=31, memberId='consumer-pattern-consumer-2-4bf13761-8d01-499b-b26a-f726eabdf2c2', protocol='range'}
2025-12-11 09:39:19.837 [org.springframework.kafka.KafkaListenerEndpointContainer#3-0-C-1] INFO  o.a.k.c.c.i.ConsumerCoordinator [node1:8080] - [Consumer clientId=consumer-pattern-consumer-2, groupId=pattern-consumer] Notifying assignor about the new Assignment(partitions=[user-events-topic-0, user-events-topic-1, user-events-topic-2, order-events-topic-0, order-events-topic-1, order-events-topic-2, order-events-topic-3, order-events-topic-4])
2025-12-11 09:39:19.838 [org.springframework.kafka.KafkaListenerEndpointContainer#3-0-C-1] INFO  o.a.k.c.c.i.ConsumerCoordinator [node1:8080] - [Consumer clientId=consumer-pattern-consumer-2, groupId=pattern-consumer] Adding newly assigned partitions: user-events-topic-1, user-events-topic-2, order-events-topic-4, user-events-topic-0, order-events-topic-2, order-events-topic-3, order-events-topic-0, order-events-topic-1
2025-12-11 09:39:19.846 [org.springframework.kafka.KafkaListenerEndpointContainer#3-0-C-1] INFO  o.a.k.c.c.i.ConsumerCoordinator [node1:8080] - [Consumer clientId=consumer-pattern-consumer-2, groupId=pattern-consumer] Setting offset for partition user-events-topic-1 to the committed offset FetchPosition{offset=4, offsetEpoch=Optional.empty, currentLeader=LeaderAndEpoch{leader=Optional[localhost:9093 (id: 1001 rack: null)], epoch=0}}
2025-12-11 09:39:19.847 [org.springframework.kafka.KafkaListenerEndpointContainer#3-0-C-1] INFO  o.a.k.c.c.i.ConsumerCoordinator [node1:8080] - [Consumer clientId=consumer-pattern-consumer-2, groupId=pattern-consumer] Setting offset for partition user-events-topic-2 to the committed offset FetchPosition{offset=4, offsetEpoch=Optional.empty, currentLeader=LeaderAndEpoch{leader=Optional[localhost:9093 (id: 1001 rack: null)], epoch=0}}
2025-12-11 09:39:19.848 [org.springframework.kafka.KafkaListenerEndpointContainer#3-0-C-1] INFO  o.a.k.c.c.i.ConsumerCoordinator [node1:8080] - [Consumer clientId=consumer-pattern-consumer-2, groupId=pattern-consumer] Setting offset for partition order-events-topic-4 to the committed offset FetchPosition{offset=0, offsetEpoch=Optional.empty, currentLeader=LeaderAndEpoch{leader=Optional[localhost:9093 (id: 1001 rack: null)], epoch=0}}
2025-12-11 09:39:19.848 [org.springframework.kafka.KafkaListenerEndpointContainer#3-0-C-1] INFO  o.a.k.c.c.i.ConsumerCoordinator [node1:8080] - [Consumer clientId=consumer-pattern-consumer-2, groupId=pattern-consumer] Setting offset for partition user-events-topic-0 to the committed offset FetchPosition{offset=7, offsetEpoch=Optional.empty, currentLeader=LeaderAndEpoch{leader=Optional[localhost:9093 (id: 1001 rack: null)], epoch=0}}
2025-12-11 09:39:19.848 [org.springframework.kafka.KafkaListenerEndpointContainer#3-0-C-1] INFO  o.a.k.c.c.i.ConsumerCoordinator [node1:8080] - [Consumer clientId=consumer-pattern-consumer-2, groupId=pattern-consumer] Setting offset for partition order-events-topic-2 to the committed offset FetchPosition{offset=0, offsetEpoch=Optional.empty, currentLeader=LeaderAndEpoch{leader=Optional[localhost:9093 (id: 1001 rack: null)], epoch=0}}
2025-12-11 09:39:19.849 [org.springframework.kafka.KafkaListenerEndpointContainer#3-0-C-1] INFO  o.a.k.c.c.i.ConsumerCoordinator [node1:8080] - [Consumer clientId=consumer-pattern-consumer-2, groupId=pattern-consumer] Setting offset for partition order-events-topic-3 to the committed offset FetchPosition{offset=0, offsetEpoch=Optional.empty, currentLeader=LeaderAndEpoch{leader=Optional[localhost:9093 (id: 1001 rack: null)], epoch=0}}
2025-12-11 09:39:19.849 [org.springframework.kafka.KafkaListenerEndpointContainer#3-0-C-1] INFO  o.a.k.c.c.i.ConsumerCoordinator [node1:8080] - [Consumer clientId=consumer-pattern-consumer-2, groupId=pattern-consumer] Setting offset for partition order-events-topic-0 to the committed offset FetchPosition{offset=0, offsetEpoch=Optional.empty, currentLeader=LeaderAndEpoch{leader=Optional[localhost:9093 (id: 1001 rack: null)], epoch=0}}
2025-12-11 09:39:19.849 [org.springframework.kafka.KafkaListenerEndpointContainer#3-0-C-1] INFO  o.a.k.c.c.i.ConsumerCoordinator [node1:8080] - [Consumer clientId=consumer-pattern-consumer-2, groupId=pattern-consumer] Setting offset for partition order-events-topic-1 to the committed offset FetchPosition{offset=0, offsetEpoch=Optional.empty, currentLeader=LeaderAndEpoch{leader=Optional[localhost:9093 (id: 1001 rack: null)], epoch=0}}
2025-12-11 09:39:19.850 [org.springframework.kafka.KafkaListenerEndpointContainer#3-0-C-1] INFO  o.s.k.l.KafkaMessageListenerContainer [node1:8080] - pattern-consumer: partitions assigned: [user-events-topic-1, user-events-topic-2, order-events-topic-4, user-events-topic-0, order-events-topic-2, order-events-topic-3, order-events-topic-0, order-events-topic-1]
2025-12-11 10:35:07.358 [Thread-1] WARN  c.a.n.c.http.HttpClientBeanHolder [node1:8080] - [HttpClientBeanHolder] Start destroying common HttpClient
2025-12-11 10:35:07.359 [Thread-6] WARN  c.a.nacos.common.notify.NotifyCenter [node1:8080] - [NotifyCenter] Start destroying Publisher
2025-12-11 10:35:07.393 [Thread-6] WARN  c.a.nacos.common.notify.NotifyCenter [node1:8080] - [NotifyCenter] Destruction of the end
2025-12-11 10:35:07.705 [Thread-1] WARN  c.a.n.c.http.HttpClientBeanHolder [node1:8080] - [HttpClientBeanHolder] Destruction of the end
2025-12-11 10:35:09.727 [org.springframework.kafka.KafkaListenerEndpointContainer#2-0-C-1] INFO  o.a.k.c.c.i.ConsumerCoordinator [node1:8080] - [Consumer clientId=consumer-notification-batch-consumer-1, groupId=notification-batch-consumer] Revoke previously assigned partitions notification-topic-0
2025-12-11 10:35:09.727 [org.springframework.kafka.KafkaListenerEndpointContainer#0-0-C-1] INFO  o.a.k.c.c.i.ConsumerCoordinator [node1:8080] - [Consumer clientId=consumer-user-events-consumer-3, groupId=user-events-consumer] Revoke previously assigned partitions user-events-topic-1, user-events-topic-2, user-events-topic-0
2025-12-11 10:35:09.728 [org.springframework.kafka.KafkaListenerEndpointContainer#3-0-C-1] INFO  o.a.k.c.c.i.ConsumerCoordinator [node1:8080] - [Consumer clientId=consumer-pattern-consumer-2, groupId=pattern-consumer] Revoke previously assigned partitions user-events-topic-1, user-events-topic-2, order-events-topic-4, user-events-topic-0, order-events-topic-2, order-events-topic-3, order-events-topic-0, order-events-topic-1
2025-12-11 10:35:09.730 [org.springframework.kafka.KafkaListenerEndpointContainer#0-0-C-1] INFO  o.s.k.l.KafkaMessageListenerContainer [node1:8080] - user-events-consumer: partitions revoked: [user-events-topic-1, user-events-topic-2, user-events-topic-0]
2025-12-11 10:35:09.727 [org.springframework.kafka.KafkaListenerEndpointContainer#1-0-C-1] INFO  o.a.k.c.c.i.ConsumerCoordinator [node1:8080] - [Consumer clientId=consumer-order-events-consumer-4, groupId=order-events-consumer] Revoke previously assigned partitions order-events-topic-4, order-events-topic-2, order-events-topic-3, order-events-topic-0, order-events-topic-1
2025-12-11 10:35:09.731 [org.springframework.kafka.KafkaListenerEndpointContainer#1-0-C-1] INFO  o.s.k.l.KafkaMessageListenerContainer [node1:8080] - order-events-consumer: partitions revoked: [order-events-topic-4, order-events-topic-2, order-events-topic-3, order-events-topic-0, order-events-topic-1]
2025-12-11 10:35:09.731 [org.springframework.kafka.KafkaListenerEndpointContainer#2-0-C-1] INFO  o.s.k.l.KafkaMessageListenerContainer [node1:8080] - notification-batch-consumer: partitions revoked: [notification-topic-0]
2025-12-11 10:35:09.731 [org.springframework.kafka.KafkaListenerEndpointContainer#3-0-C-1] INFO  o.s.k.l.KafkaMessageListenerContainer [node1:8080] - pattern-consumer: partitions revoked: [user-events-topic-1, user-events-topic-2, order-events-topic-4, user-events-topic-0, order-events-topic-2, order-events-topic-3, order-events-topic-0, order-events-topic-1]
2025-12-11 10:35:09.733 [org.springframework.kafka.KafkaListenerEndpointContainer#2-0-C-1] INFO  o.a.k.c.c.i.ConsumerCoordinator [node1:8080] - [Consumer clientId=consumer-notification-batch-consumer-1, groupId=notification-batch-consumer] Member consumer-notification-batch-consumer-1-21efec55-3fae-43a0-a736-7fb8e21dd778 sending LeaveGroup request to coordinator localhost:9093 (id: 2147482646 rack: null) due to the consumer unsubscribed from all topics
2025-12-11 10:35:09.734 [org.springframework.kafka.KafkaListenerEndpointContainer#1-0-C-1] INFO  o.a.k.c.c.i.ConsumerCoordinator [node1:8080] - [Consumer clientId=consumer-order-events-consumer-4, groupId=order-events-consumer] Member consumer-order-events-consumer-4-528e9d1f-7f71-4359-8164-a2dea8e04fc5 sending LeaveGroup request to coordinator localhost:9093 (id: 2147482646 rack: null) due to the consumer unsubscribed from all topics
2025-12-11 10:35:09.734 [org.springframework.kafka.KafkaListenerEndpointContainer#0-0-C-1] INFO  o.a.k.c.c.i.ConsumerCoordinator [node1:8080] - [Consumer clientId=consumer-user-events-consumer-3, groupId=user-events-consumer] Member consumer-user-events-consumer-3-0c7daa73-8fda-4931-a704-b4581cc8fb7c sending LeaveGroup request to coordinator localhost:9093 (id: 2147482646 rack: null) due to the consumer unsubscribed from all topics
2025-12-11 10:35:09.734 [org.springframework.kafka.KafkaListenerEndpointContainer#3-0-C-1] INFO  o.a.k.c.c.i.ConsumerCoordinator [node1:8080] - [Consumer clientId=consumer-pattern-consumer-2, groupId=pattern-consumer] Member consumer-pattern-consumer-2-4bf13761-8d01-499b-b26a-f726eabdf2c2 sending LeaveGroup request to coordinator localhost:9093 (id: 2147482646 rack: null) due to the consumer unsubscribed from all topics
2025-12-11 10:35:09.774 [org.springframework.kafka.KafkaListenerEndpointContainer#2-0-C-1] INFO  o.a.k.c.c.i.ConsumerCoordinator [node1:8080] - [Consumer clientId=consumer-notification-batch-consumer-1, groupId=notification-batch-consumer] Resetting generation due to: consumer pro-actively leaving the group
2025-12-11 10:35:09.774 [org.springframework.kafka.KafkaListenerEndpointContainer#1-0-C-1] INFO  o.a.k.c.c.i.ConsumerCoordinator [node1:8080] - [Consumer clientId=consumer-order-events-consumer-4, groupId=order-events-consumer] Resetting generation due to: consumer pro-actively leaving the group
2025-12-11 10:35:09.775 [org.springframework.kafka.KafkaListenerEndpointContainer#2-0-C-1] INFO  o.a.k.c.c.i.ConsumerCoordinator [node1:8080] - [Consumer clientId=consumer-notification-batch-consumer-1, groupId=notification-batch-consumer] Request joining group due to: consumer pro-actively leaving the group
2025-12-11 10:35:09.774 [org.springframework.kafka.KafkaListenerEndpointContainer#3-0-C-1] INFO  o.a.k.c.c.i.ConsumerCoordinator [node1:8080] - [Consumer clientId=consumer-pattern-consumer-2, groupId=pattern-consumer] Resetting generation due to: consumer pro-actively leaving the group
2025-12-11 10:35:09.775 [org.springframework.kafka.KafkaListenerEndpointContainer#1-0-C-1] INFO  o.a.k.c.c.i.ConsumerCoordinator [node1:8080] - [Consumer clientId=consumer-order-events-consumer-4, groupId=order-events-consumer] Request joining group due to: consumer pro-actively leaving the group
2025-12-11 10:35:09.775 [org.springframework.kafka.KafkaListenerEndpointContainer#2-0-C-1] INFO  o.a.k.clients.consumer.KafkaConsumer [node1:8080] - [Consumer clientId=consumer-notification-batch-consumer-1, groupId=notification-batch-consumer] Unsubscribed all topics or patterns and assigned partitions
2025-12-11 10:35:09.775 [org.springframework.kafka.KafkaListenerEndpointContainer#3-0-C-1] INFO  o.a.k.c.c.i.ConsumerCoordinator [node1:8080] - [Consumer clientId=consumer-pattern-consumer-2, groupId=pattern-consumer] Request joining group due to: consumer pro-actively leaving the group
2025-12-11 10:35:09.775 [org.springframework.kafka.KafkaListenerEndpointContainer#1-0-C-1] INFO  o.a.k.clients.consumer.KafkaConsumer [node1:8080] - [Consumer clientId=consumer-order-events-consumer-4, groupId=order-events-consumer] Unsubscribed all topics or patterns and assigned partitions
2025-12-11 10:35:09.775 [org.springframework.kafka.KafkaListenerEndpointContainer#3-0-C-1] INFO  o.a.k.clients.consumer.KafkaConsumer [node1:8080] - [Consumer clientId=consumer-pattern-consumer-2, groupId=pattern-consumer] Unsubscribed all topics or patterns and assigned partitions
2025-12-11 10:35:09.774 [org.springframework.kafka.KafkaListenerEndpointContainer#0-0-C-1] INFO  o.a.k.c.c.i.ConsumerCoordinator [node1:8080] - [Consumer clientId=consumer-user-events-consumer-3, groupId=user-events-consumer] Resetting generation due to: consumer pro-actively leaving the group
2025-12-11 10:35:09.776 [org.springframework.kafka.KafkaListenerEndpointContainer#0-0-C-1] INFO  o.a.k.c.c.i.ConsumerCoordinator [node1:8080] - [Consumer clientId=consumer-user-events-consumer-3, groupId=user-events-consumer] Request joining group due to: consumer pro-actively leaving the group
2025-12-11 10:35:09.776 [org.springframework.kafka.KafkaListenerEndpointContainer#0-0-C-1] INFO  o.a.k.clients.consumer.KafkaConsumer [node1:8080] - [Consumer clientId=consumer-user-events-consumer-3, groupId=user-events-consumer] Unsubscribed all topics or patterns and assigned partitions
2025-12-11 10:35:09.784 [org.springframework.kafka.KafkaListenerEndpointContainer#3-0-C-1] INFO  o.a.k.c.c.i.ConsumerCoordinator [node1:8080] - [Consumer clientId=consumer-pattern-consumer-2, groupId=pattern-consumer] Resetting generation due to: consumer pro-actively leaving the group
2025-12-11 10:35:09.784 [org.springframework.kafka.KafkaListenerEndpointContainer#3-0-C-1] INFO  o.a.k.c.c.i.ConsumerCoordinator [node1:8080] - [Consumer clientId=consumer-pattern-consumer-2, groupId=pattern-consumer] Request joining group due to: consumer pro-actively leaving the group
2025-12-11 10:35:09.785 [org.springframework.kafka.KafkaListenerEndpointContainer#2-0-C-1] INFO  o.a.k.c.c.i.ConsumerCoordinator [node1:8080] - [Consumer clientId=consumer-notification-batch-consumer-1, groupId=notification-batch-consumer] Resetting generation due to: consumer pro-actively leaving the group
2025-12-11 10:35:09.785 [org.springframework.kafka.KafkaListenerEndpointContainer#0-0-C-1] INFO  o.a.k.c.c.i.ConsumerCoordinator [node1:8080] - [Consumer clientId=consumer-user-events-consumer-3, groupId=user-events-consumer] Resetting generation due to: consumer pro-actively leaving the group
2025-12-11 10:35:09.785 [org.springframework.kafka.KafkaListenerEndpointContainer#1-0-C-1] INFO  o.a.k.c.c.i.ConsumerCoordinator [node1:8080] - [Consumer clientId=consumer-order-events-consumer-4, groupId=order-events-consumer] Resetting generation due to: consumer pro-actively leaving the group
2025-12-11 10:35:09.785 [org.springframework.kafka.KafkaListenerEndpointContainer#0-0-C-1] INFO  o.a.k.c.c.i.ConsumerCoordinator [node1:8080] - [Consumer clientId=consumer-user-events-consumer-3, groupId=user-events-consumer] Request joining group due to: consumer pro-actively leaving the group
2025-12-11 10:35:09.785 [org.springframework.kafka.KafkaListenerEndpointContainer#1-0-C-1] INFO  o.a.k.c.c.i.ConsumerCoordinator [node1:8080] - [Consumer clientId=consumer-order-events-consumer-4, groupId=order-events-consumer] Request joining group due to: consumer pro-actively leaving the group
2025-12-11 10:35:09.785 [org.springframework.kafka.KafkaListenerEndpointContainer#2-0-C-1] INFO  o.a.k.c.c.i.ConsumerCoordinator [node1:8080] - [Consumer clientId=consumer-notification-batch-consumer-1, groupId=notification-batch-consumer] Request joining group due to: consumer pro-actively leaving the group
2025-12-11 10:35:11.216 [org.springframework.kafka.KafkaListenerEndpointContainer#2-0-C-1] INFO  o.a.kafka.common.metrics.Metrics [node1:8080] - Metrics scheduler closed
2025-12-11 10:35:11.217 [org.springframework.kafka.KafkaListenerEndpointContainer#0-0-C-1] INFO  o.a.kafka.common.metrics.Metrics [node1:8080] - Metrics scheduler closed
2025-12-11 10:35:11.217 [org.springframework.kafka.KafkaListenerEndpointContainer#1-0-C-1] INFO  o.a.kafka.common.metrics.Metrics [node1:8080] - Metrics scheduler closed
2025-12-11 10:35:11.220 [org.springframework.kafka.KafkaListenerEndpointContainer#0-0-C-1] INFO  o.a.kafka.common.metrics.Metrics [node1:8080] - Closing reporter org.apache.kafka.common.metrics.JmxReporter
2025-12-11 10:35:11.220 [org.springframework.kafka.KafkaListenerEndpointContainer#2-0-C-1] INFO  o.a.kafka.common.metrics.Metrics [node1:8080] - Closing reporter org.apache.kafka.common.metrics.JmxReporter
2025-12-11 10:35:11.220 [org.springframework.kafka.KafkaListenerEndpointContainer#0-0-C-1] INFO  o.a.kafka.common.metrics.Metrics [node1:8080] - Metrics reporters closed
2025-12-11 10:35:11.220 [org.springframework.kafka.KafkaListenerEndpointContainer#1-0-C-1] INFO  o.a.kafka.common.metrics.Metrics [node1:8080] - Closing reporter org.apache.kafka.common.metrics.JmxReporter
2025-12-11 10:35:11.221 [org.springframework.kafka.KafkaListenerEndpointContainer#2-0-C-1] INFO  o.a.kafka.common.metrics.Metrics [node1:8080] - Metrics reporters closed
2025-12-11 10:35:11.222 [org.springframework.kafka.KafkaListenerEndpointContainer#1-0-C-1] INFO  o.a.kafka.common.metrics.Metrics [node1:8080] - Metrics reporters closed
2025-12-11 10:35:11.224 [org.springframework.kafka.KafkaListenerEndpointContainer#3-0-C-1] INFO  o.a.kafka.common.metrics.Metrics [node1:8080] - Metrics scheduler closed
2025-12-11 10:35:11.224 [org.springframework.kafka.KafkaListenerEndpointContainer#3-0-C-1] INFO  o.a.kafka.common.metrics.Metrics [node1:8080] - Closing reporter org.apache.kafka.common.metrics.JmxReporter
2025-12-11 10:35:11.225 [org.springframework.kafka.KafkaListenerEndpointContainer#3-0-C-1] INFO  o.a.kafka.common.metrics.Metrics [node1:8080] - Metrics reporters closed
2025-12-11 10:35:11.263 [org.springframework.kafka.KafkaListenerEndpointContainer#1-0-C-1] INFO  o.a.kafka.common.utils.AppInfoParser [node1:8080] - App info kafka.consumer for consumer-order-events-consumer-4 unregistered
2025-12-11 10:35:11.277 [org.springframework.kafka.KafkaListenerEndpointContainer#0-0-C-1] INFO  o.a.kafka.common.utils.AppInfoParser [node1:8080] - App info kafka.consumer for consumer-user-events-consumer-3 unregistered
2025-12-11 10:35:11.279 [org.springframework.kafka.KafkaListenerEndpointContainer#2-0-C-1] INFO  o.a.kafka.common.utils.AppInfoParser [node1:8080] - App info kafka.consumer for consumer-notification-batch-consumer-1 unregistered
2025-12-11 10:35:11.282 [org.springframework.kafka.KafkaListenerEndpointContainer#3-0-C-1] INFO  o.a.kafka.common.utils.AppInfoParser [node1:8080] - App info kafka.consumer for consumer-pattern-consumer-2 unregistered
2025-12-11 10:35:11.282 [org.springframework.kafka.KafkaListenerEndpointContainer#2-0-C-1] INFO  o.s.k.l.KafkaMessageListenerContainer [node1:8080] - notification-batch-consumer: Consumer stopped
2025-12-11 10:35:11.282 [org.springframework.kafka.KafkaListenerEndpointContainer#1-0-C-1] INFO  o.s.k.l.KafkaMessageListenerContainer [node1:8080] - order-events-consumer: Consumer stopped
2025-12-11 10:35:11.282 [org.springframework.kafka.KafkaListenerEndpointContainer#0-0-C-1] INFO  o.s.k.l.KafkaMessageListenerContainer [node1:8080] - user-events-consumer: Consumer stopped
2025-12-11 10:35:11.283 [org.springframework.kafka.KafkaListenerEndpointContainer#3-0-C-1] INFO  o.s.k.l.KafkaMessageListenerContainer [node1:8080] - pattern-consumer: Consumer stopped
2025-12-11 10:35:11.421 [SpringApplicationShutdownHook] INFO  c.a.c.n.r.NacosServiceRegistry [node1:8080] - De-registering from Nacos Server now...
2025-12-11 10:35:11.583 [SpringApplicationShutdownHook] INFO  c.a.c.n.r.NacosServiceRegistry [node1:8080] - De-registration finished.
2025-12-11 10:35:12.387 [SpringApplicationShutdownHook] INFO  o.s.o.j.LocalContainerEntityManagerFactoryBean [node1:8080] - Closing JPA EntityManagerFactory for persistence unit 'default'
2025-12-11 10:35:12.533 [SpringApplicationShutdownHook] INFO  com.zaxxer.hikari.HikariDataSource [node1:8080] - HikariPool-1 - Shutdown initiated...
2025-12-11 10:35:12.580 [SpringApplicationShutdownHook] INFO  com.zaxxer.hikari.HikariDataSource [node1:8080] - HikariPool-1 - Shutdown completed.
2025-12-11 10:35:52.321 [main] INFO  com.example.demo.DemoApplication [node1:8080] - Starting DemoApplication using Java 11.0.11 on zhouwenwudeMacBook-Pro.local with PID 57073 (/Users/markchou/Documents/code-demo-pratice/application-demo/target/classes started by markchou in /Users/markchou/Documents/code-demo-pratice)
2025-12-11 10:35:52.328 [main] INFO  com.example.demo.DemoApplication [node1:8080] - The following 1 profile is active: "local-nacos"
2025-12-11 10:35:52.491 [main] INFO  c.a.c.n.c.NacosConfigDataLoader [node1:8080] - [Nacos Config] Load config[dataId=nacos-demo-service-local.properties, group=DEFAULT_GROUP] success
2025-12-11 10:35:55.042 [main] INFO  o.s.d.r.c.RepositoryConfigurationDelegate [node1:8080] - Multiple Spring Data modules found, entering strict repository configuration mode
2025-12-11 10:35:55.045 [main] INFO  o.s.d.r.c.RepositoryConfigurationDelegate [node1:8080] - Bootstrapping Spring Data Elasticsearch repositories in DEFAULT mode.
2025-12-11 10:35:55.074 [main] INFO  o.s.d.r.c.RepositoryConfigurationDelegate [node1:8080] - Finished Spring Data repository scanning in 17 ms. Found 0 Elasticsearch repository interfaces.
2025-12-11 10:35:55.629 [main] DEBUG org.apache.ibatis.logging.LogFactory [node1:8080] - Logging initialized using 'class org.apache.ibatis.logging.slf4j.Slf4jImpl' adapter.
2025-12-11 10:35:55.649 [main] DEBUG o.m.s.mapper.ClassPathMapperScanner [node1:8080] - Identified candidate component class: file [/Users/markchou/Documents/code-demo-pratice/application-demo/target/classes/com/example/demo/mapper/SysUserMapper.class]
2025-12-11 10:35:55.652 [main] DEBUG o.m.s.mapper.ClassPathMapperScanner [node1:8080] - Creating MapperFactoryBean with name 'sysUserMapper' and 'com.example.demo.mapper.SysUserMapper' mapperInterface
2025-12-11 10:35:55.655 [main] DEBUG o.m.s.mapper.ClassPathMapperScanner [node1:8080] - Enabling autowire by type for MapperFactoryBean with name 'sysUserMapper'.
2025-12-11 10:35:56.696 [main] INFO  o.s.d.r.c.RepositoryConfigurationDelegate [node1:8080] - Multiple Spring Data modules found, entering strict repository configuration mode
2025-12-11 10:35:56.697 [main] INFO  o.s.d.r.c.RepositoryConfigurationDelegate [node1:8080] - Bootstrapping Spring Data Elasticsearch repositories in DEFAULT mode.
2025-12-11 10:35:56.775 [main] INFO  o.s.d.r.c.RepositoryConfigurationExtensionSupport [node1:8080] - Spring Data Elasticsearch - Could not safely identify store assignment for repository candidate interface com.example.demo.repository.PayAccountGroupRepository; If you want this repository to be a Elasticsearch repository, consider annotating your entities with one of these annotations: org.springframework.data.elasticsearch.annotations.Document (preferred), or consider extending one of the following types with your repository: org.springframework.data.elasticsearch.repository.ElasticsearchRepository, org.springframework.data.elasticsearch.repository.ElasticsearchRepository
2025-12-11 10:35:56.937 [main] INFO  o.s.d.r.c.RepositoryConfigurationDelegate [node1:8080] - Finished Spring Data repository scanning in 239 ms. Found 1 Elasticsearch repository interfaces.
2025-12-11 10:35:56.954 [main] INFO  o.s.d.r.c.RepositoryConfigurationDelegate [node1:8080] - Multiple Spring Data modules found, entering strict repository configuration mode
2025-12-11 10:35:56.955 [main] INFO  o.s.d.r.c.RepositoryConfigurationDelegate [node1:8080] - Bootstrapping Spring Data Reactive Elasticsearch repositories in DEFAULT mode.
2025-12-11 10:35:56.972 [main] INFO  o.s.d.r.c.RepositoryConfigurationExtensionSupport [node1:8080] - Spring Data Reactive Elasticsearch - Could not safely identify store assignment for repository candidate interface com.example.demo.repository.PayAccountGroupRepository; If you want this repository to be a Reactive Elasticsearch repository, consider annotating your entities with one of these annotations: org.springframework.data.elasticsearch.annotations.Document (preferred), or consider extending one of the following types with your repository: org.springframework.data.elasticsearch.repository.ReactiveElasticsearchRepository
2025-12-11 10:35:56.977 [main] INFO  o.s.d.r.c.RepositoryConfigurationDelegate [node1:8080] - Finished Spring Data repository scanning in 21 ms. Found 0 Reactive Elasticsearch repository interfaces.
2025-12-11 10:35:57.011 [main] INFO  o.s.d.r.c.RepositoryConfigurationDelegate [node1:8080] - Multiple Spring Data modules found, entering strict repository configuration mode
2025-12-11 10:35:57.013 [main] INFO  o.s.d.r.c.RepositoryConfigurationDelegate [node1:8080] - Bootstrapping Spring Data JPA repositories in DEFAULT mode.
2025-12-11 10:35:57.064 [main] INFO  o.s.d.r.c.RepositoryConfigurationExtensionSupport [node1:8080] - Spring Data JPA - Could not safely identify store assignment for repository candidate interface com.example.demo.repository.ProductRepository; If you want this repository to be a JPA repository, consider annotating your entities with one of these annotations: javax.persistence.Entity, javax.persistence.MappedSuperclass (preferred), or consider extending one of the following types with your repository: org.springframework.data.jpa.repository.JpaRepository
2025-12-11 10:35:57.093 [main] INFO  o.s.d.r.c.RepositoryConfigurationDelegate [node1:8080] - Finished Spring Data repository scanning in 63 ms. Found 1 JPA repository interfaces.
2025-12-11 10:35:57.145 [main] INFO  o.s.d.r.c.RepositoryConfigurationDelegate [node1:8080] - Multiple Spring Data modules found, entering strict repository configuration mode
2025-12-11 10:35:57.150 [main] INFO  o.s.d.r.c.RepositoryConfigurationDelegate [node1:8080] - Bootstrapping Spring Data Redis repositories in DEFAULT mode.
2025-12-11 10:35:57.208 [main] INFO  o.s.d.r.c.RepositoryConfigurationExtensionSupport [node1:8080] - Spring Data Redis - Could not safely identify store assignment for repository candidate interface com.example.demo.repository.PayAccountGroupRepository; If you want this repository to be a Redis repository, consider annotating your entities with one of these annotations: org.springframework.data.redis.core.RedisHash (preferred), or consider extending one of the following types with your repository: org.springframework.data.keyvalue.repository.KeyValueRepository
2025-12-11 10:35:57.214 [main] INFO  o.s.d.r.c.RepositoryConfigurationExtensionSupport [node1:8080] - Spring Data Redis - Could not safely identify store assignment for repository candidate interface com.example.demo.repository.ProductRepository; If you want this repository to be a Redis repository, consider annotating your entities with one of these annotations: org.springframework.data.redis.core.RedisHash (preferred), or consider extending one of the following types with your repository: org.springframework.data.keyvalue.repository.KeyValueRepository
2025-12-11 10:35:57.215 [main] INFO  o.s.d.r.c.RepositoryConfigurationDelegate [node1:8080] - Finished Spring Data repository scanning in 23 ms. Found 0 Redis repository interfaces.
2025-12-11 10:35:58.259 [main] INFO  o.s.cloud.context.scope.GenericScope [node1:8080] - BeanFactory id=f377186a-b00d-3f92-bdc2-f1982d9232b0
2025-12-11 10:36:01.206 [main] INFO  o.s.b.w.e.tomcat.TomcatWebServer [node1:8080] - Tomcat initialized with port(s): 8080 (http)
2025-12-11 10:36:01.235 [main] INFO  o.a.catalina.core.StandardService [node1:8080] - Starting service [Tomcat]
2025-12-11 10:36:01.236 [main] INFO  o.a.catalina.core.StandardEngine [node1:8080] - Starting Servlet engine: [Apache Tomcat/9.0.68]
2025-12-11 10:36:01.810 [main] INFO  o.a.c.c.C.[Tomcat].[localhost].[/] [node1:8080] - Initializing Spring embedded WebApplicationContext
2025-12-11 10:36:01.811 [main] INFO  o.s.b.w.s.c.ServletWebServerApplicationContext [node1:8080] - Root WebApplicationContext: initialization completed in 9314 ms
2025-12-11 10:36:04.994 [main] INFO  com.zaxxer.hikari.HikariDataSource [node1:8080] - HikariPool-1 - Starting...
2025-12-11 10:36:05.907 [main] INFO  com.zaxxer.hikari.HikariDataSource [node1:8080] - HikariPool-1 - Start completed.
2025-12-11 10:36:10.691 [main] INFO  o.s.o.j.LocalContainerEntityManagerFactoryBean [node1:8080] - Initialized JPA EntityManagerFactory for persistence unit 'default'
2025-12-11 10:36:11.055 [main] INFO  org.redisson.Version [node1:8080] - Redisson 3.16.0
2025-12-11 10:36:11.160 [main] WARN  i.n.r.d.DnsServerAddressStreamProviders [node1:8080] - Can not find io.netty.resolver.dns.macos.MacOSDnsServerAddressStreamProvider in the classpath, fallback to system defaults. This may result in incorrect DNS resolutions on MacOS. Check whether you have a dependency on 'io.netty:netty-resolver-dns-native-macos'
2025-12-11 10:36:12.015 [redisson-netty-2-13] INFO  o.r.c.p.MasterPubSubConnectionPool [node1:8080] - 1 connections initialized for 127.0.0.1/127.0.0.1:6379
2025-12-11 10:36:12.317 [redisson-netty-2-19] INFO  o.r.c.pool.MasterConnectionPool [node1:8080] - 24 connections initialized for 127.0.0.1/127.0.0.1:6379
2025-12-11 10:36:13.258 [main] DEBUG o.m.spring.SqlSessionFactoryBean [node1:8080] - Property 'mapperLocations' was not specified or no matching resources found
2025-12-11 10:36:19.337 [main] WARN  org.elasticsearch.client.RestClient [node1:8080] - request [HEAD http://localhost:9200/products?ignore_throttled=false&ignore_unavailable=false&expand_wildcards=open%2Cclosed&allow_no_indices=false] returned 1 warnings: [299 Elasticsearch-7.17.0-bee86328705acaa9a6daede7140defd4d9ec56bd "[ignore_throttled] parameter is deprecated because frozen indices have been deprecated. Consider cold or frozen tiers in place of frozen indices."]
2025-12-11 10:36:20.018 [main] WARN  o.s.b.a.o.j.JpaBaseConfiguration$JpaWebConfiguration [node1:8080] - spring.jpa.open-in-view is enabled by default. Therefore, database queries may be performed during view rendering. Explicitly configure spring.jpa.open-in-view to disable this warning
2025-12-11 10:36:21.635 [main] INFO  c.a.c.s.SentinelWebMvcConfigurer [node1:8080] - [Sentinel Starter] register SentinelWebInterceptor with urlPatterns: [/**].
2025-12-11 10:36:25.759 [main] INFO  o.s.b.a.e.web.EndpointLinksResolver [node1:8080] - Exposing 1 endpoint(s) beneath base path '/actuator'
2025-12-11 10:36:26.211 [main] INFO  o.a.k.c.admin.AdminClientConfig [node1:8080] - AdminClientConfig values: 
	bootstrap.servers = [127.0.0.1:9093]
	client.dns.lookup = use_all_dns_ips
	client.id = 
	connections.max.idle.ms = 300000
	default.api.timeout.ms = 60000
	metadata.max.age.ms = 300000
	metric.reporters = []
	metrics.num.samples = 2
	metrics.recording.level = INFO
	metrics.sample.window.ms = 30000
	receive.buffer.bytes = 65536
	reconnect.backoff.max.ms = 1000
	reconnect.backoff.ms = 50
	request.timeout.ms = 30000
	retries = 2147483647
	retry.backoff.ms = 100
	sasl.client.callback.handler.class = null
	sasl.jaas.config = null
	sasl.kerberos.kinit.cmd = /usr/bin/kinit
	sasl.kerberos.min.time.before.relogin = 60000
	sasl.kerberos.service.name = null
	sasl.kerberos.ticket.renew.jitter = 0.05
	sasl.kerberos.ticket.renew.window.factor = 0.8
	sasl.login.callback.handler.class = null
	sasl.login.class = null
	sasl.login.refresh.buffer.seconds = 300
	sasl.login.refresh.min.period.seconds = 60
	sasl.login.refresh.window.factor = 0.8
	sasl.login.refresh.window.jitter = 0.05
	sasl.mechanism = GSSAPI
	security.protocol = PLAINTEXT
	security.providers = null
	send.buffer.bytes = 131072
	socket.connection.setup.timeout.max.ms = 30000
	socket.connection.setup.timeout.ms = 10000
	ssl.cipher.suites = null
	ssl.enabled.protocols = [TLSv1.2, TLSv1.3]
	ssl.endpoint.identification.algorithm = https
	ssl.engine.factory.class = null
	ssl.key.password = null
	ssl.keymanager.algorithm = SunX509
	ssl.keystore.certificate.chain = null
	ssl.keystore.key = null
	ssl.keystore.location = null
	ssl.keystore.password = null
	ssl.keystore.type = JKS
	ssl.protocol = TLSv1.3
	ssl.provider = null
	ssl.secure.random.implementation = null
	ssl.trustmanager.algorithm = PKIX
	ssl.truststore.certificates = null
	ssl.truststore.location = null
	ssl.truststore.password = null
	ssl.truststore.type = JKS

2025-12-11 10:36:26.358 [main] INFO  o.a.kafka.common.utils.AppInfoParser [node1:8080] - Kafka version: 3.0.2
2025-12-11 10:36:26.358 [main] INFO  o.a.kafka.common.utils.AppInfoParser [node1:8080] - Kafka commitId: 25b1aea02e37da14
2025-12-11 10:36:26.359 [main] INFO  o.a.kafka.common.utils.AppInfoParser [node1:8080] - Kafka startTimeMs: 1765420586355
2025-12-11 10:36:27.356 [kafka-admin-client-thread | adminclient-1] INFO  o.a.kafka.common.utils.AppInfoParser [node1:8080] - App info kafka.admin.client for adminclient-1 unregistered
2025-12-11 10:36:27.371 [kafka-admin-client-thread | adminclient-1] INFO  o.a.kafka.common.metrics.Metrics [node1:8080] - Metrics scheduler closed
2025-12-11 10:36:27.371 [kafka-admin-client-thread | adminclient-1] INFO  o.a.kafka.common.metrics.Metrics [node1:8080] - Closing reporter org.apache.kafka.common.metrics.JmxReporter
2025-12-11 10:36:27.372 [kafka-admin-client-thread | adminclient-1] INFO  o.a.kafka.common.metrics.Metrics [node1:8080] - Metrics reporters closed
2025-12-11 10:36:27.438 [main] INFO  o.a.k.c.consumer.ConsumerConfig [node1:8080] - ConsumerConfig values: 
	allow.auto.create.topics = true
	auto.commit.interval.ms = 5000
	auto.offset.reset = latest
	bootstrap.servers = [127.0.0.1:9093]
	check.crcs = true
	client.dns.lookup = use_all_dns_ips
	client.id = consumer-notification-batch-consumer-1
	client.rack = 
	connections.max.idle.ms = 540000
	default.api.timeout.ms = 60000
	enable.auto.commit = false
	exclude.internal.topics = true
	fetch.max.bytes = 52428800
	fetch.max.wait.ms = 500
	fetch.min.bytes = 1
	group.id = notification-batch-consumer
	group.instance.id = null
	heartbeat.interval.ms = 3000
	interceptor.classes = []
	internal.leave.group.on.close = true
	internal.throw.on.fetch.stable.offset.unsupported = false
	isolation.level = read_uncommitted
	key.deserializer = class org.apache.kafka.common.serialization.StringDeserializer
	max.partition.fetch.bytes = 1048576
	max.poll.interval.ms = 300000
	max.poll.records = 500
	metadata.max.age.ms = 300000
	metric.reporters = []
	metrics.num.samples = 2
	metrics.recording.level = INFO
	metrics.sample.window.ms = 30000
	partition.assignment.strategy = [class org.apache.kafka.clients.consumer.RangeAssignor, class org.apache.kafka.clients.consumer.CooperativeStickyAssignor]
	receive.buffer.bytes = 65536
	reconnect.backoff.max.ms = 1000
	reconnect.backoff.ms = 50
	request.timeout.ms = 30000
	retry.backoff.ms = 100
	sasl.client.callback.handler.class = null
	sasl.jaas.config = null
	sasl.kerberos.kinit.cmd = /usr/bin/kinit
	sasl.kerberos.min.time.before.relogin = 60000
	sasl.kerberos.service.name = null
	sasl.kerberos.ticket.renew.jitter = 0.05
	sasl.kerberos.ticket.renew.window.factor = 0.8
	sasl.login.callback.handler.class = null
	sasl.login.class = null
	sasl.login.refresh.buffer.seconds = 300
	sasl.login.refresh.min.period.seconds = 60
	sasl.login.refresh.window.factor = 0.8
	sasl.login.refresh.window.jitter = 0.05
	sasl.mechanism = GSSAPI
	security.protocol = PLAINTEXT
	security.providers = null
	send.buffer.bytes = 131072
	session.timeout.ms = 45000
	socket.connection.setup.timeout.max.ms = 30000
	socket.connection.setup.timeout.ms = 10000
	ssl.cipher.suites = null
	ssl.enabled.protocols = [TLSv1.2, TLSv1.3]
	ssl.endpoint.identification.algorithm = https
	ssl.engine.factory.class = null
	ssl.key.password = null
	ssl.keymanager.algorithm = SunX509
	ssl.keystore.certificate.chain = null
	ssl.keystore.key = null
	ssl.keystore.location = null
	ssl.keystore.password = null
	ssl.keystore.type = JKS
	ssl.protocol = TLSv1.3
	ssl.provider = null
	ssl.secure.random.implementation = null
	ssl.trustmanager.algorithm = PKIX
	ssl.truststore.certificates = null
	ssl.truststore.location = null
	ssl.truststore.password = null
	ssl.truststore.type = JKS
	value.deserializer = class org.apache.kafka.common.serialization.StringDeserializer

2025-12-11 10:36:27.517 [main] INFO  o.a.kafka.common.utils.AppInfoParser [node1:8080] - Kafka version: 3.0.2
2025-12-11 10:36:27.517 [main] INFO  o.a.kafka.common.utils.AppInfoParser [node1:8080] - Kafka commitId: 25b1aea02e37da14
2025-12-11 10:36:27.517 [main] INFO  o.a.kafka.common.utils.AppInfoParser [node1:8080] - Kafka startTimeMs: 1765420587517
2025-12-11 10:36:27.521 [main] INFO  o.a.k.clients.consumer.KafkaConsumer [node1:8080] - [Consumer clientId=consumer-notification-batch-consumer-1, groupId=notification-batch-consumer] Subscribed to topic(s): notification-topic
2025-12-11 10:36:27.558 [main] INFO  o.a.k.c.consumer.ConsumerConfig [node1:8080] - ConsumerConfig values: 
	allow.auto.create.topics = true
	auto.commit.interval.ms = 5000
	auto.offset.reset = earliest
	bootstrap.servers = [127.0.0.1:9093]
	check.crcs = true
	client.dns.lookup = use_all_dns_ips
	client.id = consumer-pattern-consumer-2
	client.rack = 
	connections.max.idle.ms = 540000
	default.api.timeout.ms = 60000
	enable.auto.commit = false
	exclude.internal.topics = true
	fetch.max.bytes = 52428800
	fetch.max.wait.ms = 500
	fetch.min.bytes = 1
	group.id = pattern-consumer
	group.instance.id = null
	heartbeat.interval.ms = 3000
	interceptor.classes = []
	internal.leave.group.on.close = true
	internal.throw.on.fetch.stable.offset.unsupported = false
	isolation.level = read_uncommitted
	key.deserializer = class org.apache.kafka.common.serialization.StringDeserializer
	max.partition.fetch.bytes = 1048576
	max.poll.interval.ms = 300000
	max.poll.records = 500
	metadata.max.age.ms = 300000
	metric.reporters = []
	metrics.num.samples = 2
	metrics.recording.level = INFO
	metrics.sample.window.ms = 30000
	partition.assignment.strategy = [class org.apache.kafka.clients.consumer.RangeAssignor, class org.apache.kafka.clients.consumer.CooperativeStickyAssignor]
	receive.buffer.bytes = 65536
	reconnect.backoff.max.ms = 1000
	reconnect.backoff.ms = 50
	request.timeout.ms = 30000
	retry.backoff.ms = 100
	sasl.client.callback.handler.class = null
	sasl.jaas.config = null
	sasl.kerberos.kinit.cmd = /usr/bin/kinit
	sasl.kerberos.min.time.before.relogin = 60000
	sasl.kerberos.service.name = null
	sasl.kerberos.ticket.renew.jitter = 0.05
	sasl.kerberos.ticket.renew.window.factor = 0.8
	sasl.login.callback.handler.class = null
	sasl.login.class = null
	sasl.login.refresh.buffer.seconds = 300
	sasl.login.refresh.min.period.seconds = 60
	sasl.login.refresh.window.factor = 0.8
	sasl.login.refresh.window.jitter = 0.05
	sasl.mechanism = GSSAPI
	security.protocol = PLAINTEXT
	security.providers = null
	send.buffer.bytes = 131072
	session.timeout.ms = 45000
	socket.connection.setup.timeout.max.ms = 30000
	socket.connection.setup.timeout.ms = 10000
	ssl.cipher.suites = null
	ssl.enabled.protocols = [TLSv1.2, TLSv1.3]
	ssl.endpoint.identification.algorithm = https
	ssl.engine.factory.class = null
	ssl.key.password = null
	ssl.keymanager.algorithm = SunX509
	ssl.keystore.certificate.chain = null
	ssl.keystore.key = null
	ssl.keystore.location = null
	ssl.keystore.password = null
	ssl.keystore.type = JKS
	ssl.protocol = TLSv1.3
	ssl.provider = null
	ssl.secure.random.implementation = null
	ssl.trustmanager.algorithm = PKIX
	ssl.truststore.certificates = null
	ssl.truststore.location = null
	ssl.truststore.password = null
	ssl.truststore.type = JKS
	value.deserializer = class org.apache.kafka.common.serialization.StringDeserializer

2025-12-11 10:36:27.577 [main] INFO  o.a.kafka.common.utils.AppInfoParser [node1:8080] - Kafka version: 3.0.2
2025-12-11 10:36:27.578 [main] INFO  o.a.kafka.common.utils.AppInfoParser [node1:8080] - Kafka commitId: 25b1aea02e37da14
2025-12-11 10:36:27.578 [main] INFO  o.a.kafka.common.utils.AppInfoParser [node1:8080] - Kafka startTimeMs: 1765420587577
2025-12-11 10:36:27.579 [main] INFO  o.a.k.clients.consumer.KafkaConsumer [node1:8080] - [Consumer clientId=consumer-pattern-consumer-2, groupId=pattern-consumer] Subscribed to pattern: '.*-events-topic'
2025-12-11 10:36:27.607 [main] INFO  o.a.k.c.consumer.ConsumerConfig [node1:8080] - ConsumerConfig values: 
	allow.auto.create.topics = true
	auto.commit.interval.ms = 5000
	auto.offset.reset = latest
	bootstrap.servers = [127.0.0.1:9093]
	check.crcs = true
	client.dns.lookup = use_all_dns_ips
	client.id = consumer-user-events-consumer-3
	client.rack = 
	connections.max.idle.ms = 540000
	default.api.timeout.ms = 60000
	enable.auto.commit = false
	exclude.internal.topics = true
	fetch.max.bytes = 52428800
	fetch.max.wait.ms = 500
	fetch.min.bytes = 1
	group.id = user-events-consumer
	group.instance.id = null
	heartbeat.interval.ms = 3000
	interceptor.classes = []
	internal.leave.group.on.close = true
	internal.throw.on.fetch.stable.offset.unsupported = false
	isolation.level = read_uncommitted
	key.deserializer = class org.apache.kafka.common.serialization.StringDeserializer
	max.partition.fetch.bytes = 1048576
	max.poll.interval.ms = 300000
	max.poll.records = 500
	metadata.max.age.ms = 300000
	metric.reporters = []
	metrics.num.samples = 2
	metrics.recording.level = INFO
	metrics.sample.window.ms = 30000
	partition.assignment.strategy = [class org.apache.kafka.clients.consumer.RangeAssignor, class org.apache.kafka.clients.consumer.CooperativeStickyAssignor]
	receive.buffer.bytes = 65536
	reconnect.backoff.max.ms = 1000
	reconnect.backoff.ms = 50
	request.timeout.ms = 30000
	retry.backoff.ms = 100
	sasl.client.callback.handler.class = null
	sasl.jaas.config = null
	sasl.kerberos.kinit.cmd = /usr/bin/kinit
	sasl.kerberos.min.time.before.relogin = 60000
	sasl.kerberos.service.name = null
	sasl.kerberos.ticket.renew.jitter = 0.05
	sasl.kerberos.ticket.renew.window.factor = 0.8
	sasl.login.callback.handler.class = null
	sasl.login.class = null
	sasl.login.refresh.buffer.seconds = 300
	sasl.login.refresh.min.period.seconds = 60
	sasl.login.refresh.window.factor = 0.8
	sasl.login.refresh.window.jitter = 0.05
	sasl.mechanism = GSSAPI
	security.protocol = PLAINTEXT
	security.providers = null
	send.buffer.bytes = 131072
	session.timeout.ms = 45000
	socket.connection.setup.timeout.max.ms = 30000
	socket.connection.setup.timeout.ms = 10000
	ssl.cipher.suites = null
	ssl.enabled.protocols = [TLSv1.2, TLSv1.3]
	ssl.endpoint.identification.algorithm = https
	ssl.engine.factory.class = null
	ssl.key.password = null
	ssl.keymanager.algorithm = SunX509
	ssl.keystore.certificate.chain = null
	ssl.keystore.key = null
	ssl.keystore.location = null
	ssl.keystore.password = null
	ssl.keystore.type = JKS
	ssl.protocol = TLSv1.3
	ssl.provider = null
	ssl.secure.random.implementation = null
	ssl.trustmanager.algorithm = PKIX
	ssl.truststore.certificates = null
	ssl.truststore.location = null
	ssl.truststore.password = null
	ssl.truststore.type = JKS
	value.deserializer = class org.apache.kafka.common.serialization.StringDeserializer

2025-12-11 10:36:27.633 [main] INFO  o.a.kafka.common.utils.AppInfoParser [node1:8080] - Kafka version: 3.0.2
2025-12-11 10:36:27.636 [main] INFO  o.a.kafka.common.utils.AppInfoParser [node1:8080] - Kafka commitId: 25b1aea02e37da14
2025-12-11 10:36:27.636 [main] INFO  o.a.kafka.common.utils.AppInfoParser [node1:8080] - Kafka startTimeMs: 1765420587633
2025-12-11 10:36:27.637 [main] INFO  o.a.k.clients.consumer.KafkaConsumer [node1:8080] - [Consumer clientId=consumer-user-events-consumer-3, groupId=user-events-consumer] Subscribed to topic(s): user-events-topic
2025-12-11 10:36:27.668 [main] INFO  o.a.k.c.consumer.ConsumerConfig [node1:8080] - ConsumerConfig values: 
	allow.auto.create.topics = true
	auto.commit.interval.ms = 5000
	auto.offset.reset = earliest
	bootstrap.servers = [127.0.0.1:9093]
	check.crcs = true
	client.dns.lookup = use_all_dns_ips
	client.id = consumer-order-events-consumer-4
	client.rack = 
	connections.max.idle.ms = 540000
	default.api.timeout.ms = 60000
	enable.auto.commit = false
	exclude.internal.topics = true
	fetch.max.bytes = 52428800
	fetch.max.wait.ms = 500
	fetch.min.bytes = 1
	group.id = order-events-consumer
	group.instance.id = null
	heartbeat.interval.ms = 3000
	interceptor.classes = []
	internal.leave.group.on.close = true
	internal.throw.on.fetch.stable.offset.unsupported = false
	isolation.level = read_uncommitted
	key.deserializer = class org.apache.kafka.common.serialization.StringDeserializer
	max.partition.fetch.bytes = 1048576
	max.poll.interval.ms = 300000
	max.poll.records = 500
	metadata.max.age.ms = 300000
	metric.reporters = []
	metrics.num.samples = 2
	metrics.recording.level = INFO
	metrics.sample.window.ms = 30000
	partition.assignment.strategy = [class org.apache.kafka.clients.consumer.RangeAssignor, class org.apache.kafka.clients.consumer.CooperativeStickyAssignor]
	receive.buffer.bytes = 65536
	reconnect.backoff.max.ms = 1000
	reconnect.backoff.ms = 50
	request.timeout.ms = 30000
	retry.backoff.ms = 100
	sasl.client.callback.handler.class = null
	sasl.jaas.config = null
	sasl.kerberos.kinit.cmd = /usr/bin/kinit
	sasl.kerberos.min.time.before.relogin = 60000
	sasl.kerberos.service.name = null
	sasl.kerberos.ticket.renew.jitter = 0.05
	sasl.kerberos.ticket.renew.window.factor = 0.8
	sasl.login.callback.handler.class = null
	sasl.login.class = null
	sasl.login.refresh.buffer.seconds = 300
	sasl.login.refresh.min.period.seconds = 60
	sasl.login.refresh.window.factor = 0.8
	sasl.login.refresh.window.jitter = 0.05
	sasl.mechanism = GSSAPI
	security.protocol = PLAINTEXT
	security.providers = null
	send.buffer.bytes = 131072
	session.timeout.ms = 45000
	socket.connection.setup.timeout.max.ms = 30000
	socket.connection.setup.timeout.ms = 10000
	ssl.cipher.suites = null
	ssl.enabled.protocols = [TLSv1.2, TLSv1.3]
	ssl.endpoint.identification.algorithm = https
	ssl.engine.factory.class = null
	ssl.key.password = null
	ssl.keymanager.algorithm = SunX509
	ssl.keystore.certificate.chain = null
	ssl.keystore.key = null
	ssl.keystore.location = null
	ssl.keystore.password = null
	ssl.keystore.type = JKS
	ssl.protocol = TLSv1.3
	ssl.provider = null
	ssl.secure.random.implementation = null
	ssl.trustmanager.algorithm = PKIX
	ssl.truststore.certificates = null
	ssl.truststore.location = null
	ssl.truststore.password = null
	ssl.truststore.type = JKS
	value.deserializer = class org.apache.kafka.common.serialization.StringDeserializer

2025-12-11 10:36:27.677 [org.springframework.kafka.KafkaListenerEndpointContainer#2-0-C-1] INFO  org.apache.kafka.clients.Metadata [node1:8080] - [Consumer clientId=consumer-notification-batch-consumer-1, groupId=notification-batch-consumer] Resetting the last seen epoch of partition notification-topic-0 to 0 since the associated topicId changed from null to ijmXFJA0Rrmn4LFk4ULykA
2025-12-11 10:36:27.679 [org.springframework.kafka.KafkaListenerEndpointContainer#2-0-C-1] INFO  org.apache.kafka.clients.Metadata [node1:8080] - [Consumer clientId=consumer-notification-batch-consumer-1, groupId=notification-batch-consumer] Cluster ID: sOJBYIVSQLWpg94NPVJ1_g
2025-12-11 10:36:27.681 [org.springframework.kafka.KafkaListenerEndpointContainer#3-0-C-1] INFO  org.apache.kafka.clients.Metadata [node1:8080] - [Consumer clientId=consumer-pattern-consumer-2, groupId=pattern-consumer] Resetting the last seen epoch of partition order-events-topic-0 to 0 since the associated topicId changed from null to S-jFKcJPSjSUm6FAu4JKEQ
2025-12-11 10:36:27.682 [org.springframework.kafka.KafkaListenerEndpointContainer#3-0-C-1] INFO  org.apache.kafka.clients.Metadata [node1:8080] - [Consumer clientId=consumer-pattern-consumer-2, groupId=pattern-consumer] Resetting the last seen epoch of partition order-events-topic-4 to 0 since the associated topicId changed from null to S-jFKcJPSjSUm6FAu4JKEQ
2025-12-11 10:36:27.682 [org.springframework.kafka.KafkaListenerEndpointContainer#3-0-C-1] INFO  org.apache.kafka.clients.Metadata [node1:8080] - [Consumer clientId=consumer-pattern-consumer-2, groupId=pattern-consumer] Resetting the last seen epoch of partition order-events-topic-1 to 0 since the associated topicId changed from null to S-jFKcJPSjSUm6FAu4JKEQ
2025-12-11 10:36:27.682 [org.springframework.kafka.KafkaListenerEndpointContainer#3-0-C-1] INFO  org.apache.kafka.clients.Metadata [node1:8080] - [Consumer clientId=consumer-pattern-consumer-2, groupId=pattern-consumer] Resetting the last seen epoch of partition order-events-topic-2 to 0 since the associated topicId changed from null to S-jFKcJPSjSUm6FAu4JKEQ
2025-12-11 10:36:27.682 [org.springframework.kafka.KafkaListenerEndpointContainer#3-0-C-1] INFO  org.apache.kafka.clients.Metadata [node1:8080] - [Consumer clientId=consumer-pattern-consumer-2, groupId=pattern-consumer] Resetting the last seen epoch of partition order-events-topic-3 to 0 since the associated topicId changed from null to S-jFKcJPSjSUm6FAu4JKEQ
2025-12-11 10:36:27.683 [org.springframework.kafka.KafkaListenerEndpointContainer#3-0-C-1] INFO  org.apache.kafka.clients.Metadata [node1:8080] - [Consumer clientId=consumer-pattern-consumer-2, groupId=pattern-consumer] Resetting the last seen epoch of partition user-events-topic-0 to 0 since the associated topicId changed from null to fcT4s_ILQFSo6P7BMOCX_Q
2025-12-11 10:36:27.683 [main] INFO  o.a.kafka.common.utils.AppInfoParser [node1:8080] - Kafka version: 3.0.2
2025-12-11 10:36:27.683 [main] INFO  o.a.kafka.common.utils.AppInfoParser [node1:8080] - Kafka commitId: 25b1aea02e37da14
2025-12-11 10:36:27.684 [main] INFO  o.a.kafka.common.utils.AppInfoParser [node1:8080] - Kafka startTimeMs: 1765420587683
2025-12-11 10:36:27.683 [org.springframework.kafka.KafkaListenerEndpointContainer#3-0-C-1] INFO  org.apache.kafka.clients.Metadata [node1:8080] - [Consumer clientId=consumer-pattern-consumer-2, groupId=pattern-consumer] Resetting the last seen epoch of partition user-events-topic-2 to 0 since the associated topicId changed from null to fcT4s_ILQFSo6P7BMOCX_Q
2025-12-11 10:36:27.685 [org.springframework.kafka.KafkaListenerEndpointContainer#3-0-C-1] INFO  org.apache.kafka.clients.Metadata [node1:8080] - [Consumer clientId=consumer-pattern-consumer-2, groupId=pattern-consumer] Resetting the last seen epoch of partition user-events-topic-1 to 0 since the associated topicId changed from null to fcT4s_ILQFSo6P7BMOCX_Q
2025-12-11 10:36:27.689 [main] INFO  o.a.k.clients.consumer.KafkaConsumer [node1:8080] - [Consumer clientId=consumer-order-events-consumer-4, groupId=order-events-consumer] Subscribed to topic(s): order-events-topic
2025-12-11 10:36:27.691 [org.springframework.kafka.KafkaListenerEndpointContainer#3-0-C-1] INFO  org.apache.kafka.clients.Metadata [node1:8080] - [Consumer clientId=consumer-pattern-consumer-2, groupId=pattern-consumer] Cluster ID: sOJBYIVSQLWpg94NPVJ1_g
2025-12-11 10:36:27.743 [main] INFO  o.s.b.w.e.tomcat.TomcatWebServer [node1:8080] - Tomcat started on port(s): 8080 (http) with context path ''
2025-12-11 10:36:27.757 [org.springframework.kafka.KafkaListenerEndpointContainer#1-0-C-1] INFO  org.apache.kafka.clients.Metadata [node1:8080] - [Consumer clientId=consumer-order-events-consumer-4, groupId=order-events-consumer] Resetting the last seen epoch of partition order-events-topic-0 to 0 since the associated topicId changed from null to S-jFKcJPSjSUm6FAu4JKEQ
2025-12-11 10:36:27.757 [org.springframework.kafka.KafkaListenerEndpointContainer#0-0-C-1] INFO  org.apache.kafka.clients.Metadata [node1:8080] - [Consumer clientId=consumer-user-events-consumer-3, groupId=user-events-consumer] Resetting the last seen epoch of partition user-events-topic-0 to 0 since the associated topicId changed from null to fcT4s_ILQFSo6P7BMOCX_Q
2025-12-11 10:36:27.757 [org.springframework.kafka.KafkaListenerEndpointContainer#1-0-C-1] INFO  org.apache.kafka.clients.Metadata [node1:8080] - [Consumer clientId=consumer-order-events-consumer-4, groupId=order-events-consumer] Resetting the last seen epoch of partition order-events-topic-4 to 0 since the associated topicId changed from null to S-jFKcJPSjSUm6FAu4JKEQ
2025-12-11 10:36:27.757 [org.springframework.kafka.KafkaListenerEndpointContainer#0-0-C-1] INFO  org.apache.kafka.clients.Metadata [node1:8080] - [Consumer clientId=consumer-user-events-consumer-3, groupId=user-events-consumer] Resetting the last seen epoch of partition user-events-topic-2 to 0 since the associated topicId changed from null to fcT4s_ILQFSo6P7BMOCX_Q
2025-12-11 10:36:27.758 [org.springframework.kafka.KafkaListenerEndpointContainer#0-0-C-1] INFO  org.apache.kafka.clients.Metadata [node1:8080] - [Consumer clientId=consumer-user-events-consumer-3, groupId=user-events-consumer] Resetting the last seen epoch of partition user-events-topic-1 to 0 since the associated topicId changed from null to fcT4s_ILQFSo6P7BMOCX_Q
2025-12-11 10:36:27.758 [org.springframework.kafka.KafkaListenerEndpointContainer#1-0-C-1] INFO  org.apache.kafka.clients.Metadata [node1:8080] - [Consumer clientId=consumer-order-events-consumer-4, groupId=order-events-consumer] Resetting the last seen epoch of partition order-events-topic-1 to 0 since the associated topicId changed from null to S-jFKcJPSjSUm6FAu4JKEQ
2025-12-11 10:36:27.758 [org.springframework.kafka.KafkaListenerEndpointContainer#1-0-C-1] INFO  org.apache.kafka.clients.Metadata [node1:8080] - [Consumer clientId=consumer-order-events-consumer-4, groupId=order-events-consumer] Resetting the last seen epoch of partition order-events-topic-2 to 0 since the associated topicId changed from null to S-jFKcJPSjSUm6FAu4JKEQ
2025-12-11 10:36:27.758 [org.springframework.kafka.KafkaListenerEndpointContainer#0-0-C-1] INFO  org.apache.kafka.clients.Metadata [node1:8080] - [Consumer clientId=consumer-user-events-consumer-3, groupId=user-events-consumer] Cluster ID: sOJBYIVSQLWpg94NPVJ1_g
2025-12-11 10:36:27.758 [org.springframework.kafka.KafkaListenerEndpointContainer#1-0-C-1] INFO  org.apache.kafka.clients.Metadata [node1:8080] - [Consumer clientId=consumer-order-events-consumer-4, groupId=order-events-consumer] Resetting the last seen epoch of partition order-events-topic-3 to 0 since the associated topicId changed from null to S-jFKcJPSjSUm6FAu4JKEQ
2025-12-11 10:36:27.759 [org.springframework.kafka.KafkaListenerEndpointContainer#1-0-C-1] INFO  org.apache.kafka.clients.Metadata [node1:8080] - [Consumer clientId=consumer-order-events-consumer-4, groupId=order-events-consumer] Cluster ID: sOJBYIVSQLWpg94NPVJ1_g
2025-12-11 10:36:27.790 [org.springframework.kafka.KafkaListenerEndpointContainer#3-0-C-1] INFO  o.a.k.c.c.i.ConsumerCoordinator [node1:8080] - [Consumer clientId=consumer-pattern-consumer-2, groupId=pattern-consumer] Discovered group coordinator localhost:9093 (id: 2147482646 rack: null)
2025-12-11 10:36:27.794 [main] INFO  c.a.n.p.a.s.c.ClientAuthPluginManager [node1:8080] - [ClientAuthPluginManager] Load ClientAuthService com.alibaba.nacos.client.auth.impl.NacosClientAuthServiceImpl success.
2025-12-11 10:36:27.795 [main] INFO  c.a.n.p.a.s.c.ClientAuthPluginManager [node1:8080] - [ClientAuthPluginManager] Load ClientAuthService com.alibaba.nacos.client.auth.ram.RamClientAuthServiceImpl success.
2025-12-11 10:36:27.829 [org.springframework.kafka.KafkaListenerEndpointContainer#2-0-C-1] INFO  o.a.k.c.c.i.ConsumerCoordinator [node1:8080] - [Consumer clientId=consumer-notification-batch-consumer-1, groupId=notification-batch-consumer] Discovered group coordinator localhost:9093 (id: 2147482646 rack: null)
2025-12-11 10:36:27.849 [org.springframework.kafka.KafkaListenerEndpointContainer#2-0-C-1] INFO  o.a.k.c.c.i.ConsumerCoordinator [node1:8080] - [Consumer clientId=consumer-notification-batch-consumer-1, groupId=notification-batch-consumer] (Re-)joining group
2025-12-11 10:36:27.884 [org.springframework.kafka.KafkaListenerEndpointContainer#0-0-C-1] INFO  o.a.k.c.c.i.ConsumerCoordinator [node1:8080] - [Consumer clientId=consumer-user-events-consumer-3, groupId=user-events-consumer] Discovered group coordinator localhost:9093 (id: 2147482646 rack: null)
2025-12-11 10:36:27.885 [org.springframework.kafka.KafkaListenerEndpointContainer#0-0-C-1] INFO  o.a.k.c.c.i.ConsumerCoordinator [node1:8080] - [Consumer clientId=consumer-user-events-consumer-3, groupId=user-events-consumer] (Re-)joining group
2025-12-11 10:36:27.944 [org.springframework.kafka.KafkaListenerEndpointContainer#1-0-C-1] INFO  o.a.k.c.c.i.ConsumerCoordinator [node1:8080] - [Consumer clientId=consumer-order-events-consumer-4, groupId=order-events-consumer] Discovered group coordinator localhost:9093 (id: 2147482646 rack: null)
2025-12-11 10:36:27.947 [org.springframework.kafka.KafkaListenerEndpointContainer#1-0-C-1] INFO  o.a.k.c.c.i.ConsumerCoordinator [node1:8080] - [Consumer clientId=consumer-order-events-consumer-4, groupId=order-events-consumer] (Re-)joining group
2025-12-11 10:36:27.983 [org.springframework.kafka.KafkaListenerEndpointContainer#3-0-C-1] INFO  o.a.k.c.c.i.ConsumerCoordinator [node1:8080] - [Consumer clientId=consumer-pattern-consumer-2, groupId=pattern-consumer] (Re-)joining group
2025-12-11 10:36:28.098 [main] INFO  c.a.c.n.r.NacosServiceRegistry [node1:8080] - nacos registry, DEFAULT_GROUP nacos-demo-service 192.168.31.227:8080 register finished
2025-12-11 10:36:28.141 [org.springframework.kafka.KafkaListenerEndpointContainer#3-0-C-1] INFO  o.a.k.c.c.i.ConsumerCoordinator [node1:8080] - [Consumer clientId=consumer-pattern-consumer-2, groupId=pattern-consumer] Request joining group due to: need to re-join with the given member-id
2025-12-11 10:36:28.141 [org.springframework.kafka.KafkaListenerEndpointContainer#2-0-C-1] INFO  o.a.k.c.c.i.ConsumerCoordinator [node1:8080] - [Consumer clientId=consumer-notification-batch-consumer-1, groupId=notification-batch-consumer] Request joining group due to: need to re-join with the given member-id
2025-12-11 10:36:28.142 [org.springframework.kafka.KafkaListenerEndpointContainer#2-0-C-1] INFO  o.a.k.c.c.i.ConsumerCoordinator [node1:8080] - [Consumer clientId=consumer-notification-batch-consumer-1, groupId=notification-batch-consumer] (Re-)joining group
2025-12-11 10:36:28.150 [org.springframework.kafka.KafkaListenerEndpointContainer#1-0-C-1] INFO  o.a.k.c.c.i.ConsumerCoordinator [node1:8080] - [Consumer clientId=consumer-order-events-consumer-4, groupId=order-events-consumer] Request joining group due to: need to re-join with the given member-id
2025-12-11 10:36:28.151 [org.springframework.kafka.KafkaListenerEndpointContainer#1-0-C-1] INFO  o.a.k.c.c.i.ConsumerCoordinator [node1:8080] - [Consumer clientId=consumer-order-events-consumer-4, groupId=order-events-consumer] (Re-)joining group
2025-12-11 10:36:28.157 [org.springframework.kafka.KafkaListenerEndpointContainer#3-0-C-1] INFO  o.a.k.c.c.i.ConsumerCoordinator [node1:8080] - [Consumer clientId=consumer-pattern-consumer-2, groupId=pattern-consumer] (Re-)joining group
2025-12-11 10:36:28.173 [org.springframework.kafka.KafkaListenerEndpointContainer#0-0-C-1] INFO  o.a.k.c.c.i.ConsumerCoordinator [node1:8080] - [Consumer clientId=consumer-user-events-consumer-3, groupId=user-events-consumer] Request joining group due to: need to re-join with the given member-id
2025-12-11 10:36:28.174 [org.springframework.kafka.KafkaListenerEndpointContainer#0-0-C-1] INFO  o.a.k.c.c.i.ConsumerCoordinator [node1:8080] - [Consumer clientId=consumer-user-events-consumer-3, groupId=user-events-consumer] (Re-)joining group
2025-12-11 10:36:28.196 [main] INFO  com.example.demo.DemoApplication [node1:8080] - Started DemoApplication in 43.694 seconds (JVM running for 47.466)
2025-12-11 10:36:28.279 [main] INFO  c.a.c.n.r.NacosContextRefresher [node1:8080] - [Nacos Config] Listening config: dataId=nacos-demo-service-local.properties, group=DEFAULT_GROUP
2025-12-11 10:36:28.282 [main] INFO  com.example.demo.DemoApplication [node1:8080] - 应用启动完成，开始测试日志输出
2025-12-11 10:36:28.504 [RMI TCP Connection(2)-127.0.0.1] INFO  o.a.c.c.C.[Tomcat].[localhost].[/] [node1:8080] - Initializing Spring DispatcherServlet 'dispatcherServlet'
2025-12-11 10:36:28.505 [RMI TCP Connection(2)-127.0.0.1] INFO  o.s.web.servlet.DispatcherServlet [node1:8080] - Initializing Servlet 'dispatcherServlet'
2025-12-11 10:36:28.511 [RMI TCP Connection(2)-127.0.0.1] INFO  o.s.web.servlet.DispatcherServlet [node1:8080] - Completed initialization in 6 ms
2025-12-11 10:36:31.941 [org.springframework.kafka.KafkaListenerEndpointContainer#0-0-C-1] INFO  o.a.k.c.c.i.ConsumerCoordinator [node1:8080] - [Consumer clientId=consumer-user-events-consumer-3, groupId=user-events-consumer] Successfully joined group with generation Generation{generationId=37, memberId='consumer-user-events-consumer-3-c422a34f-5117-490a-a05e-7ddd940cb73d', protocol='range'}
2025-12-11 10:36:31.947 [org.springframework.kafka.KafkaListenerEndpointContainer#0-0-C-1] INFO  o.a.k.c.c.i.ConsumerCoordinator [node1:8080] - [Consumer clientId=consumer-user-events-consumer-3, groupId=user-events-consumer] Finished assignment for group at generation 37: {consumer-user-events-consumer-3-c422a34f-5117-490a-a05e-7ddd940cb73d=Assignment(partitions=[user-events-topic-0, user-events-topic-1, user-events-topic-2])}
2025-12-11 10:36:32.034 [org.springframework.kafka.KafkaListenerEndpointContainer#1-0-C-1] INFO  o.a.k.c.c.i.ConsumerCoordinator [node1:8080] - [Consumer clientId=consumer-order-events-consumer-4, groupId=order-events-consumer] Successfully joined group with generation Generation{generationId=33, memberId='consumer-order-events-consumer-4-dc79d347-0dc0-4348-9a50-598147a01655', protocol='range'}
2025-12-11 10:36:32.035 [org.springframework.kafka.KafkaListenerEndpointContainer#1-0-C-1] INFO  o.a.k.c.c.i.ConsumerCoordinator [node1:8080] - [Consumer clientId=consumer-order-events-consumer-4, groupId=order-events-consumer] Finished assignment for group at generation 33: {consumer-order-events-consumer-4-dc79d347-0dc0-4348-9a50-598147a01655=Assignment(partitions=[order-events-topic-0, order-events-topic-1, order-events-topic-2, order-events-topic-3, order-events-topic-4])}
2025-12-11 10:36:32.392 [org.springframework.kafka.KafkaListenerEndpointContainer#3-0-C-1] INFO  o.a.k.c.c.i.ConsumerCoordinator [node1:8080] - [Consumer clientId=consumer-pattern-consumer-2, groupId=pattern-consumer] Successfully joined group with generation Generation{generationId=33, memberId='consumer-pattern-consumer-2-450ee408-c9be-46fb-aea1-75dc97d82b56', protocol='range'}
2025-12-11 10:36:32.393 [org.springframework.kafka.KafkaListenerEndpointContainer#3-0-C-1] INFO  o.a.k.c.c.i.ConsumerCoordinator [node1:8080] - [Consumer clientId=consumer-pattern-consumer-2, groupId=pattern-consumer] Finished assignment for group at generation 33: {consumer-pattern-consumer-2-450ee408-c9be-46fb-aea1-75dc97d82b56=Assignment(partitions=[user-events-topic-0, user-events-topic-1, user-events-topic-2, order-events-topic-0, order-events-topic-1, order-events-topic-2, order-events-topic-3, order-events-topic-4])}
2025-12-11 10:36:32.617 [org.springframework.kafka.KafkaListenerEndpointContainer#2-0-C-1] INFO  o.a.k.c.c.i.ConsumerCoordinator [node1:8080] - [Consumer clientId=consumer-notification-batch-consumer-1, groupId=notification-batch-consumer] Successfully joined group with generation Generation{generationId=35, memberId='consumer-notification-batch-consumer-1-6ab9bf6c-1876-4fe4-9170-44c5fe3ba570', protocol='range'}
2025-12-11 10:36:32.618 [org.springframework.kafka.KafkaListenerEndpointContainer#2-0-C-1] INFO  o.a.k.c.c.i.ConsumerCoordinator [node1:8080] - [Consumer clientId=consumer-notification-batch-consumer-1, groupId=notification-batch-consumer] Finished assignment for group at generation 35: {consumer-notification-batch-consumer-1-6ab9bf6c-1876-4fe4-9170-44c5fe3ba570=Assignment(partitions=[notification-topic-0])}
2025-12-11 10:36:32.796 [org.springframework.kafka.KafkaListenerEndpointContainer#1-0-C-1] INFO  o.a.k.c.c.i.ConsumerCoordinator [node1:8080] - [Consumer clientId=consumer-order-events-consumer-4, groupId=order-events-consumer] Successfully synced group in generation Generation{generationId=33, memberId='consumer-order-events-consumer-4-dc79d347-0dc0-4348-9a50-598147a01655', protocol='range'}
2025-12-11 10:36:32.825 [org.springframework.kafka.KafkaListenerEndpointContainer#1-0-C-1] INFO  o.a.k.c.c.i.ConsumerCoordinator [node1:8080] - [Consumer clientId=consumer-order-events-consumer-4, groupId=order-events-consumer] Notifying assignor about the new Assignment(partitions=[order-events-topic-0, order-events-topic-1, order-events-topic-2, order-events-topic-3, order-events-topic-4])
2025-12-11 10:36:32.842 [org.springframework.kafka.KafkaListenerEndpointContainer#1-0-C-1] INFO  o.a.k.c.c.i.ConsumerCoordinator [node1:8080] - [Consumer clientId=consumer-order-events-consumer-4, groupId=order-events-consumer] Adding newly assigned partitions: order-events-topic-4, order-events-topic-2, order-events-topic-3, order-events-topic-0, order-events-topic-1
2025-12-11 10:36:32.871 [org.springframework.kafka.KafkaListenerEndpointContainer#3-0-C-1] INFO  o.a.k.c.c.i.ConsumerCoordinator [node1:8080] - [Consumer clientId=consumer-pattern-consumer-2, groupId=pattern-consumer] Successfully synced group in generation Generation{generationId=33, memberId='consumer-pattern-consumer-2-450ee408-c9be-46fb-aea1-75dc97d82b56', protocol='range'}
2025-12-11 10:36:32.872 [org.springframework.kafka.KafkaListenerEndpointContainer#3-0-C-1] INFO  o.a.k.c.c.i.ConsumerCoordinator [node1:8080] - [Consumer clientId=consumer-pattern-consumer-2, groupId=pattern-consumer] Notifying assignor about the new Assignment(partitions=[user-events-topic-0, user-events-topic-1, user-events-topic-2, order-events-topic-0, order-events-topic-1, order-events-topic-2, order-events-topic-3, order-events-topic-4])
2025-12-11 10:36:32.872 [org.springframework.kafka.KafkaListenerEndpointContainer#3-0-C-1] INFO  o.a.k.c.c.i.ConsumerCoordinator [node1:8080] - [Consumer clientId=consumer-pattern-consumer-2, groupId=pattern-consumer] Adding newly assigned partitions: user-events-topic-1, user-events-topic-2, order-events-topic-4, user-events-topic-0, order-events-topic-2, order-events-topic-3, order-events-topic-0, order-events-topic-1
2025-12-11 10:36:33.054 [org.springframework.kafka.KafkaListenerEndpointContainer#2-0-C-1] INFO  o.a.k.c.c.i.ConsumerCoordinator [node1:8080] - [Consumer clientId=consumer-notification-batch-consumer-1, groupId=notification-batch-consumer] Successfully synced group in generation Generation{generationId=35, memberId='consumer-notification-batch-consumer-1-6ab9bf6c-1876-4fe4-9170-44c5fe3ba570', protocol='range'}
2025-12-11 10:36:33.054 [org.springframework.kafka.KafkaListenerEndpointContainer#0-0-C-1] INFO  o.a.k.c.c.i.ConsumerCoordinator [node1:8080] - [Consumer clientId=consumer-user-events-consumer-3, groupId=user-events-consumer] Successfully synced group in generation Generation{generationId=37, memberId='consumer-user-events-consumer-3-c422a34f-5117-490a-a05e-7ddd940cb73d', protocol='range'}
2025-12-11 10:36:33.055 [org.springframework.kafka.KafkaListenerEndpointContainer#2-0-C-1] INFO  o.a.k.c.c.i.ConsumerCoordinator [node1:8080] - [Consumer clientId=consumer-notification-batch-consumer-1, groupId=notification-batch-consumer] Notifying assignor about the new Assignment(partitions=[notification-topic-0])
2025-12-11 10:36:33.055 [org.springframework.kafka.KafkaListenerEndpointContainer#0-0-C-1] INFO  o.a.k.c.c.i.ConsumerCoordinator [node1:8080] - [Consumer clientId=consumer-user-events-consumer-3, groupId=user-events-consumer] Notifying assignor about the new Assignment(partitions=[user-events-topic-0, user-events-topic-1, user-events-topic-2])
2025-12-11 10:36:33.055 [org.springframework.kafka.KafkaListenerEndpointContainer#2-0-C-1] INFO  o.a.k.c.c.i.ConsumerCoordinator [node1:8080] - [Consumer clientId=consumer-notification-batch-consumer-1, groupId=notification-batch-consumer] Adding newly assigned partitions: notification-topic-0
2025-12-11 10:36:33.056 [org.springframework.kafka.KafkaListenerEndpointContainer#0-0-C-1] INFO  o.a.k.c.c.i.ConsumerCoordinator [node1:8080] - [Consumer clientId=consumer-user-events-consumer-3, groupId=user-events-consumer] Adding newly assigned partitions: user-events-topic-1, user-events-topic-2, user-events-topic-0
2025-12-11 10:36:33.508 [org.springframework.kafka.KafkaListenerEndpointContainer#3-0-C-1] INFO  o.a.k.c.c.i.ConsumerCoordinator [node1:8080] - [Consumer clientId=consumer-pattern-consumer-2, groupId=pattern-consumer] Setting offset for partition user-events-topic-1 to the committed offset FetchPosition{offset=4, offsetEpoch=Optional.empty, currentLeader=LeaderAndEpoch{leader=Optional[localhost:9093 (id: 1001 rack: null)], epoch=0}}
2025-12-11 10:36:33.508 [org.springframework.kafka.KafkaListenerEndpointContainer#1-0-C-1] INFO  o.a.k.c.c.i.ConsumerCoordinator [node1:8080] - [Consumer clientId=consumer-order-events-consumer-4, groupId=order-events-consumer] Setting offset for partition order-events-topic-4 to the committed offset FetchPosition{offset=0, offsetEpoch=Optional.empty, currentLeader=LeaderAndEpoch{leader=Optional[localhost:9093 (id: 1001 rack: null)], epoch=0}}
2025-12-11 10:36:33.509 [org.springframework.kafka.KafkaListenerEndpointContainer#3-0-C-1] INFO  o.a.k.c.c.i.ConsumerCoordinator [node1:8080] - [Consumer clientId=consumer-pattern-consumer-2, groupId=pattern-consumer] Setting offset for partition user-events-topic-2 to the committed offset FetchPosition{offset=4, offsetEpoch=Optional.empty, currentLeader=LeaderAndEpoch{leader=Optional[localhost:9093 (id: 1001 rack: null)], epoch=0}}
2025-12-11 10:36:33.509 [org.springframework.kafka.KafkaListenerEndpointContainer#1-0-C-1] INFO  o.a.k.c.c.i.ConsumerCoordinator [node1:8080] - [Consumer clientId=consumer-order-events-consumer-4, groupId=order-events-consumer] Setting offset for partition order-events-topic-2 to the committed offset FetchPosition{offset=0, offsetEpoch=Optional.empty, currentLeader=LeaderAndEpoch{leader=Optional[localhost:9093 (id: 1001 rack: null)], epoch=0}}
2025-12-11 10:36:33.509 [org.springframework.kafka.KafkaListenerEndpointContainer#3-0-C-1] INFO  o.a.k.c.c.i.ConsumerCoordinator [node1:8080] - [Consumer clientId=consumer-pattern-consumer-2, groupId=pattern-consumer] Setting offset for partition order-events-topic-4 to the committed offset FetchPosition{offset=0, offsetEpoch=Optional.empty, currentLeader=LeaderAndEpoch{leader=Optional[localhost:9093 (id: 1001 rack: null)], epoch=0}}
2025-12-11 10:36:33.509 [org.springframework.kafka.KafkaListenerEndpointContainer#1-0-C-1] INFO  o.a.k.c.c.i.ConsumerCoordinator [node1:8080] - [Consumer clientId=consumer-order-events-consumer-4, groupId=order-events-consumer] Setting offset for partition order-events-topic-3 to the committed offset FetchPosition{offset=0, offsetEpoch=Optional.empty, currentLeader=LeaderAndEpoch{leader=Optional[localhost:9093 (id: 1001 rack: null)], epoch=0}}
2025-12-11 10:36:33.509 [org.springframework.kafka.KafkaListenerEndpointContainer#3-0-C-1] INFO  o.a.k.c.c.i.ConsumerCoordinator [node1:8080] - [Consumer clientId=consumer-pattern-consumer-2, groupId=pattern-consumer] Setting offset for partition user-events-topic-0 to the committed offset FetchPosition{offset=7, offsetEpoch=Optional.empty, currentLeader=LeaderAndEpoch{leader=Optional[localhost:9093 (id: 1001 rack: null)], epoch=0}}
2025-12-11 10:36:33.509 [org.springframework.kafka.KafkaListenerEndpointContainer#1-0-C-1] INFO  o.a.k.c.c.i.ConsumerCoordinator [node1:8080] - [Consumer clientId=consumer-order-events-consumer-4, groupId=order-events-consumer] Setting offset for partition order-events-topic-0 to the committed offset FetchPosition{offset=0, offsetEpoch=Optional.empty, currentLeader=LeaderAndEpoch{leader=Optional[localhost:9093 (id: 1001 rack: null)], epoch=0}}
2025-12-11 10:36:33.509 [org.springframework.kafka.KafkaListenerEndpointContainer#3-0-C-1] INFO  o.a.k.c.c.i.ConsumerCoordinator [node1:8080] - [Consumer clientId=consumer-pattern-consumer-2, groupId=pattern-consumer] Setting offset for partition order-events-topic-2 to the committed offset FetchPosition{offset=0, offsetEpoch=Optional.empty, currentLeader=LeaderAndEpoch{leader=Optional[localhost:9093 (id: 1001 rack: null)], epoch=0}}
2025-12-11 10:36:33.509 [org.springframework.kafka.KafkaListenerEndpointContainer#3-0-C-1] INFO  o.a.k.c.c.i.ConsumerCoordinator [node1:8080] - [Consumer clientId=consumer-pattern-consumer-2, groupId=pattern-consumer] Setting offset for partition order-events-topic-3 to the committed offset FetchPosition{offset=0, offsetEpoch=Optional.empty, currentLeader=LeaderAndEpoch{leader=Optional[localhost:9093 (id: 1001 rack: null)], epoch=0}}
2025-12-11 10:36:33.509 [org.springframework.kafka.KafkaListenerEndpointContainer#1-0-C-1] INFO  o.a.k.c.c.i.ConsumerCoordinator [node1:8080] - [Consumer clientId=consumer-order-events-consumer-4, groupId=order-events-consumer] Setting offset for partition order-events-topic-1 to the committed offset FetchPosition{offset=0, offsetEpoch=Optional.empty, currentLeader=LeaderAndEpoch{leader=Optional[localhost:9093 (id: 1001 rack: null)], epoch=0}}
2025-12-11 10:36:33.510 [org.springframework.kafka.KafkaListenerEndpointContainer#3-0-C-1] INFO  o.a.k.c.c.i.ConsumerCoordinator [node1:8080] - [Consumer clientId=consumer-pattern-consumer-2, groupId=pattern-consumer] Setting offset for partition order-events-topic-0 to the committed offset FetchPosition{offset=0, offsetEpoch=Optional.empty, currentLeader=LeaderAndEpoch{leader=Optional[localhost:9093 (id: 1001 rack: null)], epoch=0}}
2025-12-11 10:36:33.510 [org.springframework.kafka.KafkaListenerEndpointContainer#3-0-C-1] INFO  o.a.k.c.c.i.ConsumerCoordinator [node1:8080] - [Consumer clientId=consumer-pattern-consumer-2, groupId=pattern-consumer] Setting offset for partition order-events-topic-1 to the committed offset FetchPosition{offset=0, offsetEpoch=Optional.empty, currentLeader=LeaderAndEpoch{leader=Optional[localhost:9093 (id: 1001 rack: null)], epoch=0}}
2025-12-11 10:36:33.513 [org.springframework.kafka.KafkaListenerEndpointContainer#3-0-C-1] INFO  o.s.k.l.KafkaMessageListenerContainer [node1:8080] - pattern-consumer: partitions assigned: [user-events-topic-1, user-events-topic-2, order-events-topic-4, user-events-topic-0, order-events-topic-2, order-events-topic-3, order-events-topic-0, order-events-topic-1]
2025-12-11 10:36:33.513 [org.springframework.kafka.KafkaListenerEndpointContainer#1-0-C-1] INFO  o.s.k.l.KafkaMessageListenerContainer [node1:8080] - order-events-consumer: partitions assigned: [order-events-topic-4, order-events-topic-2, order-events-topic-3, order-events-topic-0, order-events-topic-1]
2025-12-11 10:36:33.568 [org.springframework.kafka.KafkaListenerEndpointContainer#0-0-C-1] INFO  o.a.k.c.c.i.ConsumerCoordinator [node1:8080] - [Consumer clientId=consumer-user-events-consumer-3, groupId=user-events-consumer] Setting offset for partition user-events-topic-1 to the committed offset FetchPosition{offset=4, offsetEpoch=Optional.empty, currentLeader=LeaderAndEpoch{leader=Optional[localhost:9093 (id: 1001 rack: null)], epoch=0}}
2025-12-11 10:36:33.569 [org.springframework.kafka.KafkaListenerEndpointContainer#0-0-C-1] INFO  o.a.k.c.c.i.ConsumerCoordinator [node1:8080] - [Consumer clientId=consumer-user-events-consumer-3, groupId=user-events-consumer] Setting offset for partition user-events-topic-2 to the committed offset FetchPosition{offset=4, offsetEpoch=Optional.empty, currentLeader=LeaderAndEpoch{leader=Optional[localhost:9093 (id: 1001 rack: null)], epoch=0}}
2025-12-11 10:36:33.569 [org.springframework.kafka.KafkaListenerEndpointContainer#0-0-C-1] INFO  o.a.k.c.c.i.ConsumerCoordinator [node1:8080] - [Consumer clientId=consumer-user-events-consumer-3, groupId=user-events-consumer] Setting offset for partition user-events-topic-0 to the committed offset FetchPosition{offset=7, offsetEpoch=Optional.empty, currentLeader=LeaderAndEpoch{leader=Optional[localhost:9093 (id: 1001 rack: null)], epoch=0}}
2025-12-11 10:36:33.570 [org.springframework.kafka.KafkaListenerEndpointContainer#0-0-C-1] INFO  o.s.k.l.KafkaMessageListenerContainer [node1:8080] - user-events-consumer: partitions assigned: [user-events-topic-1, user-events-topic-2, user-events-topic-0]
2025-12-11 10:36:33.661 [org.springframework.kafka.KafkaListenerEndpointContainer#2-0-C-1] INFO  o.a.k.c.c.i.ConsumerCoordinator [node1:8080] - [Consumer clientId=consumer-notification-batch-consumer-1, groupId=notification-batch-consumer] Setting offset for partition notification-topic-0 to the committed offset FetchPosition{offset=0, offsetEpoch=Optional.empty, currentLeader=LeaderAndEpoch{leader=Optional[localhost:9093 (id: 1001 rack: null)], epoch=0}}
2025-12-11 10:36:33.661 [org.springframework.kafka.KafkaListenerEndpointContainer#2-0-C-1] INFO  o.s.k.l.KafkaMessageListenerContainer [node1:8080] - notification-batch-consumer: partitions assigned: [notification-topic-0]
2025-12-11 10:37:15.492 [http-nio-8080-exec-4] INFO  c.example.demo.aop.WebControllerAOP [node1:8080] - [请求开始] ID: 78a997b4
2025-12-11 10:37:15.493 [http-nio-8080-exec-4] INFO  c.example.demo.aop.WebControllerAOP [node1:8080] - 请求路径: /api/redis/api
2025-12-11 10:37:15.493 [http-nio-8080-exec-4] INFO  c.example.demo.aop.WebControllerAOP [node1:8080] - 客户端IP: 0:0:0:0:0:0:0:1
2025-12-11 10:37:15.494 [http-nio-8080-exec-4] INFO  c.example.demo.aop.WebControllerAOP [node1:8080] - 方法: DemoController.request
2025-12-11 10:37:15.695 [http-nio-8080-exec-4] INFO  c.example.demo.aop.WebControllerAOP [node1:8080] - 参数: {}
2025-12-11 10:37:15.869 [http-nio-8080-exec-4] DEBUG org.mybatis.spring.SqlSessionUtils [node1:8080] - Creating a new SqlSession
2025-12-11 10:37:15.879 [http-nio-8080-exec-4] DEBUG org.mybatis.spring.SqlSessionUtils [node1:8080] - SqlSession [org.apache.ibatis.session.defaults.DefaultSqlSession@7fdddd0a] was not registered for synchronization because synchronization is not active
2025-12-11 10:37:16.036 [http-nio-8080-exec-4] DEBUG o.m.s.t.SpringManagedTransaction [node1:8080] - JDBC Connection [HikariProxyConnection@1565333315 wrapping com.mysql.cj.jdbc.ConnectionImpl@55db7ee5] will not be managed by Spring
2025-12-11 10:37:16.216 [http-nio-8080-exec-4] DEBUG org.mybatis.spring.SqlSessionUtils [node1:8080] - Closing non transactional SqlSession [org.apache.ibatis.session.defaults.DefaultSqlSession@7fdddd0a]
2025-12-11 10:37:16.333 [http-nio-8080-exec-4] ERROR o.a.c.c.C.[.[.[.[dispatcherServlet] [node1:8080] - Servlet.service() for servlet [dispatcherServlet] in context with path [] threw exception [Request processing failed; nested exception is org.springframework.dao.InvalidDataAccessApiUsageException: NOREPLICAS Not enough good replicas to write.. channel: [id: 0x7b94a312, L:/127.0.0.1:50672 - R:127.0.0.1/127.0.0.1:6379] command: (SETEX), params: [[116, 101, 115, 116, 58, 115, 121, 115, 80, 97, ...], 18000, [123, 34, 105, 100, 95, 34, 58, 49, 44, 34, ...]]; nested exception is org.redisson.client.RedisException: NOREPLICAS Not enough good replicas to write.. channel: [id: 0x7b94a312, L:/127.0.0.1:50672 - R:127.0.0.1/127.0.0.1:6379] command: (SETEX), params: [[116, 101, 115, 116, 58, 115, 121, 115, 80, 97, ...], 18000, [123, 34, 105, 100, 95, 34, 58, 49, 44, 34, ...]]] with root cause
org.redisson.client.RedisException: NOREPLICAS Not enough good replicas to write.. channel: [id: 0x7b94a312, L:/127.0.0.1:50672 - R:127.0.0.1/127.0.0.1:6379] command: (SETEX), params: [[116, 101, 115, 116, 58, 115, 121, 115, 80, 97, ...], 18000, [123, 34, 105, 100, 95, 34, 58, 49, 44, 34, ...]]
	at org.redisson.client.handler.CommandDecoder.decode(CommandDecoder.java:345)
	at org.redisson.client.handler.CommandDecoder.decodeCommand(CommandDecoder.java:177)
	at org.redisson.client.handler.CommandDecoder.decode(CommandDecoder.java:116)
	at org.redisson.client.handler.CommandDecoder.decode(CommandDecoder.java:101)
	at io.netty.handler.codec.ByteToMessageDecoder.decodeRemovalReentryProtection(ByteToMessageDecoder.java:519)
	at io.netty.handler.codec.ReplayingDecoder.callDecode(ReplayingDecoder.java:366)
	at io.netty.handler.codec.ByteToMessageDecoder.channelRead(ByteToMessageDecoder.java:280)
	at io.netty.channel.AbstractChannelHandlerContext.invokeChannelRead(AbstractChannelHandlerContext.java:444)
	at io.netty.channel.AbstractChannelHandlerContext.invokeChannelRead(AbstractChannelHandlerContext.java:420)
	at io.netty.channel.AbstractChannelHandlerContext.fireChannelRead(AbstractChannelHandlerContext.java:412)
	at io.netty.channel.DefaultChannelPipeline$HeadContext.channelRead(DefaultChannelPipeline.java:1410)
	at io.netty.channel.AbstractChannelHandlerContext.invokeChannelRead(AbstractChannelHandlerContext.java:440)
	at io.netty.channel.AbstractChannelHandlerContext.invokeChannelRead(AbstractChannelHandlerContext.java:420)
	at io.netty.channel.DefaultChannelPipeline.fireChannelRead(DefaultChannelPipeline.java:919)
	at io.netty.channel.nio.AbstractNioByteChannel$NioByteUnsafe.read(AbstractNioByteChannel.java:166)
	at io.netty.channel.nio.NioEventLoop.processSelectedKey(NioEventLoop.java:788)
	at io.netty.channel.nio.NioEventLoop.processSelectedKeysOptimized(NioEventLoop.java:724)
	at io.netty.channel.nio.NioEventLoop.processSelectedKeys(NioEventLoop.java:650)
	at io.netty.channel.nio.NioEventLoop.run(NioEventLoop.java:562)
	at io.netty.util.concurrent.SingleThreadEventExecutor$4.run(SingleThreadEventExecutor.java:997)
	at io.netty.util.internal.ThreadExecutorMap$2.run(ThreadExecutorMap.java:74)
	at io.netty.util.concurrent.FastThreadLocalRunnable.run(FastThreadLocalRunnable.java:30)
	at java.base/java.lang.Thread.run(Thread.java:829)
2025-12-11 10:39:35.306 [nacos.client.cachedata.internal.notifier] INFO  c.a.c.n.c.NacosConfigDataLoader [node1:8080] - [Nacos Config] Load config[dataId=nacos-demo-service-local.properties, group=DEFAULT_GROUP] success
2025-12-11 10:39:36.385 [nacos.client.cachedata.internal.notifier] INFO  o.s.c.e.event.RefreshEventListener [node1:8080] - Refresh keys changed: [spring.redis.lettuce.read-from]
2025-12-11 10:39:48.189 [Thread-1] WARN  c.a.n.c.http.HttpClientBeanHolder [node1:8080] - [HttpClientBeanHolder] Start destroying common HttpClient
2025-12-11 10:39:48.191 [Thread-6] WARN  c.a.nacos.common.notify.NotifyCenter [node1:8080] - [NotifyCenter] Start destroying Publisher
2025-12-11 10:39:48.192 [Thread-1] WARN  c.a.n.c.http.HttpClientBeanHolder [node1:8080] - [HttpClientBeanHolder] Destruction of the end
2025-12-11 10:39:48.193 [Thread-6] WARN  c.a.nacos.common.notify.NotifyCenter [node1:8080] - [NotifyCenter] Destruction of the end
2025-12-11 10:39:48.260 [org.springframework.kafka.KafkaListenerEndpointContainer#2-0-C-1] INFO  o.a.k.c.c.i.ConsumerCoordinator [node1:8080] - [Consumer clientId=consumer-notification-batch-consumer-1, groupId=notification-batch-consumer] Revoke previously assigned partitions notification-topic-0
2025-12-11 10:39:48.260 [org.springframework.kafka.KafkaListenerEndpointContainer#0-0-C-1] INFO  o.a.k.c.c.i.ConsumerCoordinator [node1:8080] - [Consumer clientId=consumer-user-events-consumer-3, groupId=user-events-consumer] Revoke previously assigned partitions user-events-topic-1, user-events-topic-2, user-events-topic-0
2025-12-11 10:39:48.260 [org.springframework.kafka.KafkaListenerEndpointContainer#3-0-C-1] INFO  o.a.k.c.c.i.ConsumerCoordinator [node1:8080] - [Consumer clientId=consumer-pattern-consumer-2, groupId=pattern-consumer] Revoke previously assigned partitions user-events-topic-1, user-events-topic-2, order-events-topic-4, user-events-topic-0, order-events-topic-2, order-events-topic-3, order-events-topic-0, order-events-topic-1
2025-12-11 10:39:48.260 [org.springframework.kafka.KafkaListenerEndpointContainer#1-0-C-1] INFO  o.a.k.c.c.i.ConsumerCoordinator [node1:8080] - [Consumer clientId=consumer-order-events-consumer-4, groupId=order-events-consumer] Revoke previously assigned partitions order-events-topic-4, order-events-topic-2, order-events-topic-3, order-events-topic-0, order-events-topic-1
2025-12-11 10:39:48.262 [org.springframework.kafka.KafkaListenerEndpointContainer#2-0-C-1] INFO  o.s.k.l.KafkaMessageListenerContainer [node1:8080] - notification-batch-consumer: partitions revoked: [notification-topic-0]
2025-12-11 10:39:48.263 [org.springframework.kafka.KafkaListenerEndpointContainer#0-0-C-1] INFO  o.s.k.l.KafkaMessageListenerContainer [node1:8080] - user-events-consumer: partitions revoked: [user-events-topic-1, user-events-topic-2, user-events-topic-0]
2025-12-11 10:39:48.263 [org.springframework.kafka.KafkaListenerEndpointContainer#1-0-C-1] INFO  o.s.k.l.KafkaMessageListenerContainer [node1:8080] - order-events-consumer: partitions revoked: [order-events-topic-4, order-events-topic-2, order-events-topic-3, order-events-topic-0, order-events-topic-1]
2025-12-11 10:39:48.263 [org.springframework.kafka.KafkaListenerEndpointContainer#3-0-C-1] INFO  o.s.k.l.KafkaMessageListenerContainer [node1:8080] - pattern-consumer: partitions revoked: [user-events-topic-1, user-events-topic-2, order-events-topic-4, user-events-topic-0, order-events-topic-2, order-events-topic-3, order-events-topic-0, order-events-topic-1]
2025-12-11 10:39:48.264 [org.springframework.kafka.KafkaListenerEndpointContainer#2-0-C-1] INFO  o.a.k.c.c.i.ConsumerCoordinator [node1:8080] - [Consumer clientId=consumer-notification-batch-consumer-1, groupId=notification-batch-consumer] Member consumer-notification-batch-consumer-1-6ab9bf6c-1876-4fe4-9170-44c5fe3ba570 sending LeaveGroup request to coordinator localhost:9093 (id: 2147482646 rack: null) due to the consumer unsubscribed from all topics
2025-12-11 10:39:48.264 [org.springframework.kafka.KafkaListenerEndpointContainer#3-0-C-1] INFO  o.a.k.c.c.i.ConsumerCoordinator [node1:8080] - [Consumer clientId=consumer-pattern-consumer-2, groupId=pattern-consumer] Member consumer-pattern-consumer-2-450ee408-c9be-46fb-aea1-75dc97d82b56 sending LeaveGroup request to coordinator localhost:9093 (id: 2147482646 rack: null) due to the consumer unsubscribed from all topics
2025-12-11 10:39:48.264 [org.springframework.kafka.KafkaListenerEndpointContainer#0-0-C-1] INFO  o.a.k.c.c.i.ConsumerCoordinator [node1:8080] - [Consumer clientId=consumer-user-events-consumer-3, groupId=user-events-consumer] Member consumer-user-events-consumer-3-c422a34f-5117-490a-a05e-7ddd940cb73d sending LeaveGroup request to coordinator localhost:9093 (id: 2147482646 rack: null) due to the consumer unsubscribed from all topics
2025-12-11 10:39:48.264 [org.springframework.kafka.KafkaListenerEndpointContainer#1-0-C-1] INFO  o.a.k.c.c.i.ConsumerCoordinator [node1:8080] - [Consumer clientId=consumer-order-events-consumer-4, groupId=order-events-consumer] Member consumer-order-events-consumer-4-dc79d347-0dc0-4348-9a50-598147a01655 sending LeaveGroup request to coordinator localhost:9093 (id: 2147482646 rack: null) due to the consumer unsubscribed from all topics
2025-12-11 10:39:48.271 [org.springframework.kafka.KafkaListenerEndpointContainer#2-0-C-1] INFO  o.a.k.c.c.i.ConsumerCoordinator [node1:8080] - [Consumer clientId=consumer-notification-batch-consumer-1, groupId=notification-batch-consumer] Resetting generation due to: consumer pro-actively leaving the group
2025-12-11 10:39:48.271 [org.springframework.kafka.KafkaListenerEndpointContainer#1-0-C-1] INFO  o.a.k.c.c.i.ConsumerCoordinator [node1:8080] - [Consumer clientId=consumer-order-events-consumer-4, groupId=order-events-consumer] Resetting generation due to: consumer pro-actively leaving the group
2025-12-11 10:39:48.271 [org.springframework.kafka.KafkaListenerEndpointContainer#0-0-C-1] INFO  o.a.k.c.c.i.ConsumerCoordinator [node1:8080] - [Consumer clientId=consumer-user-events-consumer-3, groupId=user-events-consumer] Resetting generation due to: consumer pro-actively leaving the group
2025-12-11 10:39:48.271 [org.springframework.kafka.KafkaListenerEndpointContainer#1-0-C-1] INFO  o.a.k.c.c.i.ConsumerCoordinator [node1:8080] - [Consumer clientId=consumer-order-events-consumer-4, groupId=order-events-consumer] Request joining group due to: consumer pro-actively leaving the group
2025-12-11 10:39:48.271 [org.springframework.kafka.KafkaListenerEndpointContainer#2-0-C-1] INFO  o.a.k.c.c.i.ConsumerCoordinator [node1:8080] - [Consumer clientId=consumer-notification-batch-consumer-1, groupId=notification-batch-consumer] Request joining group due to: consumer pro-actively leaving the group
2025-12-11 10:39:48.271 [org.springframework.kafka.KafkaListenerEndpointContainer#3-0-C-1] INFO  o.a.k.c.c.i.ConsumerCoordinator [node1:8080] - [Consumer clientId=consumer-pattern-consumer-2, groupId=pattern-consumer] Resetting generation due to: consumer pro-actively leaving the group
2025-12-11 10:39:48.271 [org.springframework.kafka.KafkaListenerEndpointContainer#0-0-C-1] INFO  o.a.k.c.c.i.ConsumerCoordinator [node1:8080] - [Consumer clientId=consumer-user-events-consumer-3, groupId=user-events-consumer] Request joining group due to: consumer pro-actively leaving the group
2025-12-11 10:39:48.272 [org.springframework.kafka.KafkaListenerEndpointContainer#1-0-C-1] INFO  o.a.k.clients.consumer.KafkaConsumer [node1:8080] - [Consumer clientId=consumer-order-events-consumer-4, groupId=order-events-consumer] Unsubscribed all topics or patterns and assigned partitions
2025-12-11 10:39:48.272 [org.springframework.kafka.KafkaListenerEndpointContainer#2-0-C-1] INFO  o.a.k.clients.consumer.KafkaConsumer [node1:8080] - [Consumer clientId=consumer-notification-batch-consumer-1, groupId=notification-batch-consumer] Unsubscribed all topics or patterns and assigned partitions
2025-12-11 10:39:48.272 [org.springframework.kafka.KafkaListenerEndpointContainer#3-0-C-1] INFO  o.a.k.c.c.i.ConsumerCoordinator [node1:8080] - [Consumer clientId=consumer-pattern-consumer-2, groupId=pattern-consumer] Request joining group due to: consumer pro-actively leaving the group
2025-12-11 10:39:48.272 [org.springframework.kafka.KafkaListenerEndpointContainer#0-0-C-1] INFO  o.a.k.clients.consumer.KafkaConsumer [node1:8080] - [Consumer clientId=consumer-user-events-consumer-3, groupId=user-events-consumer] Unsubscribed all topics or patterns and assigned partitions
2025-12-11 10:39:48.272 [org.springframework.kafka.KafkaListenerEndpointContainer#3-0-C-1] INFO  o.a.k.clients.consumer.KafkaConsumer [node1:8080] - [Consumer clientId=consumer-pattern-consumer-2, groupId=pattern-consumer] Unsubscribed all topics or patterns and assigned partitions
2025-12-11 10:39:48.273 [org.springframework.kafka.KafkaListenerEndpointContainer#0-0-C-1] INFO  o.a.k.c.c.i.ConsumerCoordinator [node1:8080] - [Consumer clientId=consumer-user-events-consumer-3, groupId=user-events-consumer] Resetting generation due to: consumer pro-actively leaving the group
2025-12-11 10:39:48.273 [org.springframework.kafka.KafkaListenerEndpointContainer#3-0-C-1] INFO  o.a.k.c.c.i.ConsumerCoordinator [node1:8080] - [Consumer clientId=consumer-pattern-consumer-2, groupId=pattern-consumer] Resetting generation due to: consumer pro-actively leaving the group
2025-12-11 10:39:48.273 [org.springframework.kafka.KafkaListenerEndpointContainer#0-0-C-1] INFO  o.a.k.c.c.i.ConsumerCoordinator [node1:8080] - [Consumer clientId=consumer-user-events-consumer-3, groupId=user-events-consumer] Request joining group due to: consumer pro-actively leaving the group
2025-12-11 10:39:48.273 [org.springframework.kafka.KafkaListenerEndpointContainer#2-0-C-1] INFO  o.a.k.c.c.i.ConsumerCoordinator [node1:8080] - [Consumer clientId=consumer-notification-batch-consumer-1, groupId=notification-batch-consumer] Resetting generation due to: consumer pro-actively leaving the group
2025-12-11 10:39:48.273 [org.springframework.kafka.KafkaListenerEndpointContainer#3-0-C-1] INFO  o.a.k.c.c.i.ConsumerCoordinator [node1:8080] - [Consumer clientId=consumer-pattern-consumer-2, groupId=pattern-consumer] Request joining group due to: consumer pro-actively leaving the group
2025-12-11 10:39:48.273 [org.springframework.kafka.KafkaListenerEndpointContainer#1-0-C-1] INFO  o.a.k.c.c.i.ConsumerCoordinator [node1:8080] - [Consumer clientId=consumer-order-events-consumer-4, groupId=order-events-consumer] Resetting generation due to: consumer pro-actively leaving the group
2025-12-11 10:39:48.273 [org.springframework.kafka.KafkaListenerEndpointContainer#2-0-C-1] INFO  o.a.k.c.c.i.ConsumerCoordinator [node1:8080] - [Consumer clientId=consumer-notification-batch-consumer-1, groupId=notification-batch-consumer] Request joining group due to: consumer pro-actively leaving the group
2025-12-11 10:39:48.273 [org.springframework.kafka.KafkaListenerEndpointContainer#1-0-C-1] INFO  o.a.k.c.c.i.ConsumerCoordinator [node1:8080] - [Consumer clientId=consumer-order-events-consumer-4, groupId=order-events-consumer] Request joining group due to: consumer pro-actively leaving the group
2025-12-11 10:39:48.352 [org.springframework.kafka.KafkaListenerEndpointContainer#2-0-C-1] INFO  o.a.kafka.common.metrics.Metrics [node1:8080] - Metrics scheduler closed
2025-12-11 10:39:48.352 [org.springframework.kafka.KafkaListenerEndpointContainer#2-0-C-1] INFO  o.a.kafka.common.metrics.Metrics [node1:8080] - Closing reporter org.apache.kafka.common.metrics.JmxReporter
2025-12-11 10:39:48.353 [org.springframework.kafka.KafkaListenerEndpointContainer#2-0-C-1] INFO  o.a.kafka.common.metrics.Metrics [node1:8080] - Metrics reporters closed
2025-12-11 10:39:48.359 [org.springframework.kafka.KafkaListenerEndpointContainer#2-0-C-1] INFO  o.a.kafka.common.utils.AppInfoParser [node1:8080] - App info kafka.consumer for consumer-notification-batch-consumer-1 unregistered
2025-12-11 10:39:48.360 [org.springframework.kafka.KafkaListenerEndpointContainer#2-0-C-1] INFO  o.s.k.l.KafkaMessageListenerContainer [node1:8080] - notification-batch-consumer: Consumer stopped
2025-12-11 10:39:48.390 [org.springframework.kafka.KafkaListenerEndpointContainer#1-0-C-1] INFO  o.a.kafka.common.metrics.Metrics [node1:8080] - Metrics scheduler closed
2025-12-11 10:39:48.390 [org.springframework.kafka.KafkaListenerEndpointContainer#1-0-C-1] INFO  o.a.kafka.common.metrics.Metrics [node1:8080] - Closing reporter org.apache.kafka.common.metrics.JmxReporter
2025-12-11 10:39:48.390 [org.springframework.kafka.KafkaListenerEndpointContainer#1-0-C-1] INFO  o.a.kafka.common.metrics.Metrics [node1:8080] - Metrics reporters closed
2025-12-11 10:39:48.396 [org.springframework.kafka.KafkaListenerEndpointContainer#1-0-C-1] INFO  o.a.kafka.common.utils.AppInfoParser [node1:8080] - App info kafka.consumer for consumer-order-events-consumer-4 unregistered
2025-12-11 10:39:48.396 [org.springframework.kafka.KafkaListenerEndpointContainer#1-0-C-1] INFO  o.s.k.l.KafkaMessageListenerContainer [node1:8080] - order-events-consumer: Consumer stopped
2025-12-11 10:39:48.402 [org.springframework.kafka.KafkaListenerEndpointContainer#0-0-C-1] INFO  o.a.kafka.common.metrics.Metrics [node1:8080] - Metrics scheduler closed
2025-12-11 10:39:48.402 [org.springframework.kafka.KafkaListenerEndpointContainer#0-0-C-1] INFO  o.a.kafka.common.metrics.Metrics [node1:8080] - Closing reporter org.apache.kafka.common.metrics.JmxReporter
2025-12-11 10:39:48.403 [org.springframework.kafka.KafkaListenerEndpointContainer#0-0-C-1] INFO  o.a.kafka.common.metrics.Metrics [node1:8080] - Metrics reporters closed
2025-12-11 10:39:48.408 [org.springframework.kafka.KafkaListenerEndpointContainer#0-0-C-1] INFO  o.a.kafka.common.utils.AppInfoParser [node1:8080] - App info kafka.consumer for consumer-user-events-consumer-3 unregistered
2025-12-11 10:39:48.408 [org.springframework.kafka.KafkaListenerEndpointContainer#0-0-C-1] INFO  o.s.k.l.KafkaMessageListenerContainer [node1:8080] - user-events-consumer: Consumer stopped
2025-12-11 10:39:48.753 [org.springframework.kafka.KafkaListenerEndpointContainer#3-0-C-1] INFO  o.a.kafka.common.metrics.Metrics [node1:8080] - Metrics scheduler closed
2025-12-11 10:39:48.753 [org.springframework.kafka.KafkaListenerEndpointContainer#3-0-C-1] INFO  o.a.kafka.common.metrics.Metrics [node1:8080] - Closing reporter org.apache.kafka.common.metrics.JmxReporter
2025-12-11 10:39:48.753 [org.springframework.kafka.KafkaListenerEndpointContainer#3-0-C-1] INFO  o.a.kafka.common.metrics.Metrics [node1:8080] - Metrics reporters closed
2025-12-11 10:39:48.760 [org.springframework.kafka.KafkaListenerEndpointContainer#3-0-C-1] INFO  o.a.kafka.common.utils.AppInfoParser [node1:8080] - App info kafka.consumer for consumer-pattern-consumer-2 unregistered
2025-12-11 10:39:48.761 [org.springframework.kafka.KafkaListenerEndpointContainer#3-0-C-1] INFO  o.s.k.l.KafkaMessageListenerContainer [node1:8080] - pattern-consumer: Consumer stopped
2025-12-11 10:39:48.786 [SpringApplicationShutdownHook] INFO  c.a.c.n.r.NacosServiceRegistry [node1:8080] - De-registering from Nacos Server now...
2025-12-11 10:39:48.804 [SpringApplicationShutdownHook] INFO  c.a.c.n.r.NacosServiceRegistry [node1:8080] - De-registration finished.
2025-12-11 10:39:48.956 [SpringApplicationShutdownHook] INFO  o.s.o.j.LocalContainerEntityManagerFactoryBean [node1:8080] - Closing JPA EntityManagerFactory for persistence unit 'default'
2025-12-11 10:39:48.966 [SpringApplicationShutdownHook] INFO  com.zaxxer.hikari.HikariDataSource [node1:8080] - HikariPool-1 - Shutdown initiated...
2025-12-11 10:39:48.991 [SpringApplicationShutdownHook] INFO  com.zaxxer.hikari.HikariDataSource [node1:8080] - HikariPool-1 - Shutdown completed.
2025-12-11 10:40:05.052 [main] INFO  com.example.demo.DemoApplication [node1:8080] - Starting DemoApplication using Java 11.0.11 on zhouwenwudeMacBook-Pro.local with PID 57150 (/Users/markchou/Documents/code-demo-pratice/application-demo/target/classes started by markchou in /Users/markchou/Documents/code-demo-pratice)
2025-12-11 10:40:05.060 [main] INFO  com.example.demo.DemoApplication [node1:8080] - The following 1 profile is active: "local-nacos"
2025-12-11 10:40:05.178 [main] INFO  c.a.c.n.c.NacosConfigDataLoader [node1:8080] - [Nacos Config] Load config[dataId=nacos-demo-service-local.properties, group=DEFAULT_GROUP] success
2025-12-11 10:40:07.749 [main] INFO  o.s.d.r.c.RepositoryConfigurationDelegate [node1:8080] - Multiple Spring Data modules found, entering strict repository configuration mode
2025-12-11 10:40:07.752 [main] INFO  o.s.d.r.c.RepositoryConfigurationDelegate [node1:8080] - Bootstrapping Spring Data Elasticsearch repositories in DEFAULT mode.
2025-12-11 10:40:07.782 [main] INFO  o.s.d.r.c.RepositoryConfigurationDelegate [node1:8080] - Finished Spring Data repository scanning in 18 ms. Found 0 Elasticsearch repository interfaces.
2025-12-11 10:40:08.350 [main] DEBUG org.apache.ibatis.logging.LogFactory [node1:8080] - Logging initialized using 'class org.apache.ibatis.logging.slf4j.Slf4jImpl' adapter.
2025-12-11 10:40:08.369 [main] DEBUG o.m.s.mapper.ClassPathMapperScanner [node1:8080] - Identified candidate component class: file [/Users/markchou/Documents/code-demo-pratice/application-demo/target/classes/com/example/demo/mapper/SysUserMapper.class]
2025-12-11 10:40:08.373 [main] DEBUG o.m.s.mapper.ClassPathMapperScanner [node1:8080] - Creating MapperFactoryBean with name 'sysUserMapper' and 'com.example.demo.mapper.SysUserMapper' mapperInterface
2025-12-11 10:40:08.376 [main] DEBUG o.m.s.mapper.ClassPathMapperScanner [node1:8080] - Enabling autowire by type for MapperFactoryBean with name 'sysUserMapper'.
2025-12-11 10:40:09.384 [main] INFO  o.s.d.r.c.RepositoryConfigurationDelegate [node1:8080] - Multiple Spring Data modules found, entering strict repository configuration mode
2025-12-11 10:40:09.386 [main] INFO  o.s.d.r.c.RepositoryConfigurationDelegate [node1:8080] - Bootstrapping Spring Data Elasticsearch repositories in DEFAULT mode.
2025-12-11 10:40:09.463 [main] INFO  o.s.d.r.c.RepositoryConfigurationExtensionSupport [node1:8080] - Spring Data Elasticsearch - Could not safely identify store assignment for repository candidate interface com.example.demo.repository.PayAccountGroupRepository; If you want this repository to be a Elasticsearch repository, consider annotating your entities with one of these annotations: org.springframework.data.elasticsearch.annotations.Document (preferred), or consider extending one of the following types with your repository: org.springframework.data.elasticsearch.repository.ElasticsearchRepository, org.springframework.data.elasticsearch.repository.ElasticsearchRepository
2025-12-11 10:40:09.646 [main] INFO  o.s.d.r.c.RepositoryConfigurationDelegate [node1:8080] - Finished Spring Data repository scanning in 259 ms. Found 1 Elasticsearch repository interfaces.
2025-12-11 10:40:09.660 [main] INFO  o.s.d.r.c.RepositoryConfigurationDelegate [node1:8080] - Multiple Spring Data modules found, entering strict repository configuration mode
2025-12-11 10:40:09.662 [main] INFO  o.s.d.r.c.RepositoryConfigurationDelegate [node1:8080] - Bootstrapping Spring Data Reactive Elasticsearch repositories in DEFAULT mode.
2025-12-11 10:40:09.676 [main] INFO  o.s.d.r.c.RepositoryConfigurationExtensionSupport [node1:8080] - Spring Data Reactive Elasticsearch - Could not safely identify store assignment for repository candidate interface com.example.demo.repository.PayAccountGroupRepository; If you want this repository to be a Reactive Elasticsearch repository, consider annotating your entities with one of these annotations: org.springframework.data.elasticsearch.annotations.Document (preferred), or consider extending one of the following types with your repository: org.springframework.data.elasticsearch.repository.ReactiveElasticsearchRepository
2025-12-11 10:40:09.720 [main] INFO  o.s.d.r.c.RepositoryConfigurationDelegate [node1:8080] - Finished Spring Data repository scanning in 57 ms. Found 0 Reactive Elasticsearch repository interfaces.
2025-12-11 10:40:09.751 [main] INFO  o.s.d.r.c.RepositoryConfigurationDelegate [node1:8080] - Multiple Spring Data modules found, entering strict repository configuration mode
2025-12-11 10:40:09.752 [main] INFO  o.s.d.r.c.RepositoryConfigurationDelegate [node1:8080] - Bootstrapping Spring Data JPA repositories in DEFAULT mode.
2025-12-11 10:40:09.795 [main] INFO  o.s.d.r.c.RepositoryConfigurationExtensionSupport [node1:8080] - Spring Data JPA - Could not safely identify store assignment for repository candidate interface com.example.demo.repository.ProductRepository; If you want this repository to be a JPA repository, consider annotating your entities with one of these annotations: javax.persistence.Entity, javax.persistence.MappedSuperclass (preferred), or consider extending one of the following types with your repository: org.springframework.data.jpa.repository.JpaRepository
2025-12-11 10:40:09.812 [main] INFO  o.s.d.r.c.RepositoryConfigurationDelegate [node1:8080] - Finished Spring Data repository scanning in 46 ms. Found 1 JPA repository interfaces.
2025-12-11 10:40:09.855 [main] INFO  o.s.d.r.c.RepositoryConfigurationDelegate [node1:8080] - Multiple Spring Data modules found, entering strict repository configuration mode
2025-12-11 10:40:09.861 [main] INFO  o.s.d.r.c.RepositoryConfigurationDelegate [node1:8080] - Bootstrapping Spring Data Redis repositories in DEFAULT mode.
2025-12-11 10:40:09.910 [main] INFO  o.s.d.r.c.RepositoryConfigurationExtensionSupport [node1:8080] - Spring Data Redis - Could not safely identify store assignment for repository candidate interface com.example.demo.repository.PayAccountGroupRepository; If you want this repository to be a Redis repository, consider annotating your entities with one of these annotations: org.springframework.data.redis.core.RedisHash (preferred), or consider extending one of the following types with your repository: org.springframework.data.keyvalue.repository.KeyValueRepository
2025-12-11 10:40:09.912 [main] INFO  o.s.d.r.c.RepositoryConfigurationExtensionSupport [node1:8080] - Spring Data Redis - Could not safely identify store assignment for repository candidate interface com.example.demo.repository.ProductRepository; If you want this repository to be a Redis repository, consider annotating your entities with one of these annotations: org.springframework.data.redis.core.RedisHash (preferred), or consider extending one of the following types with your repository: org.springframework.data.keyvalue.repository.KeyValueRepository
2025-12-11 10:40:09.913 [main] INFO  o.s.d.r.c.RepositoryConfigurationDelegate [node1:8080] - Finished Spring Data repository scanning in 22 ms. Found 0 Redis repository interfaces.
2025-12-11 10:40:10.624 [main] INFO  o.s.cloud.context.scope.GenericScope [node1:8080] - BeanFactory id=f377186a-b00d-3f92-bdc2-f1982d9232b0
2025-12-11 10:40:12.556 [main] INFO  o.s.b.w.e.tomcat.TomcatWebServer [node1:8080] - Tomcat initialized with port(s): 8080 (http)
2025-12-11 10:40:12.592 [main] INFO  o.a.catalina.core.StandardService [node1:8080] - Starting service [Tomcat]
2025-12-11 10:40:12.594 [main] INFO  o.a.catalina.core.StandardEngine [node1:8080] - Starting Servlet engine: [Apache Tomcat/9.0.68]
2025-12-11 10:40:13.192 [main] INFO  o.a.c.c.C.[Tomcat].[localhost].[/] [node1:8080] - Initializing Spring embedded WebApplicationContext
2025-12-11 10:40:13.193 [main] INFO  o.s.b.w.s.c.ServletWebServerApplicationContext [node1:8080] - Root WebApplicationContext: initialization completed in 8011 ms
2025-12-11 10:40:15.255 [main] INFO  com.zaxxer.hikari.HikariDataSource [node1:8080] - HikariPool-1 - Starting...
2025-12-11 10:40:15.871 [main] INFO  com.zaxxer.hikari.HikariDataSource [node1:8080] - HikariPool-1 - Start completed.
2025-12-11 10:40:18.980 [main] INFO  o.s.o.j.LocalContainerEntityManagerFactoryBean [node1:8080] - Initialized JPA EntityManagerFactory for persistence unit 'default'
2025-12-11 10:40:19.419 [main] INFO  org.redisson.Version [node1:8080] - Redisson 3.16.0
2025-12-11 10:40:19.525 [main] WARN  i.n.r.d.DnsServerAddressStreamProviders [node1:8080] - Can not find io.netty.resolver.dns.macos.MacOSDnsServerAddressStreamProvider in the classpath, fallback to system defaults. This may result in incorrect DNS resolutions on MacOS. Check whether you have a dependency on 'io.netty:netty-resolver-dns-native-macos'
2025-12-11 10:40:20.138 [redisson-netty-2-17] INFO  o.r.c.p.MasterPubSubConnectionPool [node1:8080] - 1 connections initialized for 127.0.0.1/127.0.0.1:6379
2025-12-11 10:40:20.328 [redisson-netty-2-19] INFO  o.r.c.pool.MasterConnectionPool [node1:8080] - 24 connections initialized for 127.0.0.1/127.0.0.1:6379
2025-12-11 10:40:21.366 [main] DEBUG o.m.spring.SqlSessionFactoryBean [node1:8080] - Property 'mapperLocations' was not specified or no matching resources found
2025-12-11 10:40:26.830 [main] WARN  org.elasticsearch.client.RestClient [node1:8080] - request [HEAD http://localhost:9200/products?ignore_throttled=false&ignore_unavailable=false&expand_wildcards=open%2Cclosed&allow_no_indices=false] returned 1 warnings: [299 Elasticsearch-7.17.0-bee86328705acaa9a6daede7140defd4d9ec56bd "[ignore_throttled] parameter is deprecated because frozen indices have been deprecated. Consider cold or frozen tiers in place of frozen indices."]
2025-12-11 10:40:27.386 [main] WARN  o.s.b.a.o.j.JpaBaseConfiguration$JpaWebConfiguration [node1:8080] - spring.jpa.open-in-view is enabled by default. Therefore, database queries may be performed during view rendering. Explicitly configure spring.jpa.open-in-view to disable this warning
2025-12-11 10:40:28.395 [main] INFO  c.a.c.s.SentinelWebMvcConfigurer [node1:8080] - [Sentinel Starter] register SentinelWebInterceptor with urlPatterns: [/**].
2025-12-11 10:40:31.912 [main] INFO  o.s.b.a.e.web.EndpointLinksResolver [node1:8080] - Exposing 1 endpoint(s) beneath base path '/actuator'
2025-12-11 10:40:32.393 [main] INFO  o.a.k.c.admin.AdminClientConfig [node1:8080] - AdminClientConfig values: 
	bootstrap.servers = [127.0.0.1:9093]
	client.dns.lookup = use_all_dns_ips
	client.id = 
	connections.max.idle.ms = 300000
	default.api.timeout.ms = 60000
	metadata.max.age.ms = 300000
	metric.reporters = []
	metrics.num.samples = 2
	metrics.recording.level = INFO
	metrics.sample.window.ms = 30000
	receive.buffer.bytes = 65536
	reconnect.backoff.max.ms = 1000
	reconnect.backoff.ms = 50
	request.timeout.ms = 30000
	retries = 2147483647
	retry.backoff.ms = 100
	sasl.client.callback.handler.class = null
	sasl.jaas.config = null
	sasl.kerberos.kinit.cmd = /usr/bin/kinit
	sasl.kerberos.min.time.before.relogin = 60000
	sasl.kerberos.service.name = null
	sasl.kerberos.ticket.renew.jitter = 0.05
	sasl.kerberos.ticket.renew.window.factor = 0.8
	sasl.login.callback.handler.class = null
	sasl.login.class = null
	sasl.login.refresh.buffer.seconds = 300
	sasl.login.refresh.min.period.seconds = 60
	sasl.login.refresh.window.factor = 0.8
	sasl.login.refresh.window.jitter = 0.05
	sasl.mechanism = GSSAPI
	security.protocol = PLAINTEXT
	security.providers = null
	send.buffer.bytes = 131072
	socket.connection.setup.timeout.max.ms = 30000
	socket.connection.setup.timeout.ms = 10000
	ssl.cipher.suites = null
	ssl.enabled.protocols = [TLSv1.2, TLSv1.3]
	ssl.endpoint.identification.algorithm = https
	ssl.engine.factory.class = null
	ssl.key.password = null
	ssl.keymanager.algorithm = SunX509
	ssl.keystore.certificate.chain = null
	ssl.keystore.key = null
	ssl.keystore.location = null
	ssl.keystore.password = null
	ssl.keystore.type = JKS
	ssl.protocol = TLSv1.3
	ssl.provider = null
	ssl.secure.random.implementation = null
	ssl.trustmanager.algorithm = PKIX
	ssl.truststore.certificates = null
	ssl.truststore.location = null
	ssl.truststore.password = null
	ssl.truststore.type = JKS

2025-12-11 10:40:32.510 [main] INFO  o.a.kafka.common.utils.AppInfoParser [node1:8080] - Kafka version: 3.0.2
2025-12-11 10:40:32.511 [main] INFO  o.a.kafka.common.utils.AppInfoParser [node1:8080] - Kafka commitId: 25b1aea02e37da14
2025-12-11 10:40:32.511 [main] INFO  o.a.kafka.common.utils.AppInfoParser [node1:8080] - Kafka startTimeMs: 1765420832508
2025-12-11 10:40:33.440 [kafka-admin-client-thread | adminclient-1] INFO  o.a.kafka.common.utils.AppInfoParser [node1:8080] - App info kafka.admin.client for adminclient-1 unregistered
2025-12-11 10:40:33.458 [kafka-admin-client-thread | adminclient-1] INFO  o.a.kafka.common.metrics.Metrics [node1:8080] - Metrics scheduler closed
2025-12-11 10:40:33.458 [kafka-admin-client-thread | adminclient-1] INFO  o.a.kafka.common.metrics.Metrics [node1:8080] - Closing reporter org.apache.kafka.common.metrics.JmxReporter
2025-12-11 10:40:33.459 [kafka-admin-client-thread | adminclient-1] INFO  o.a.kafka.common.metrics.Metrics [node1:8080] - Metrics reporters closed
2025-12-11 10:40:33.530 [main] INFO  o.a.k.c.consumer.ConsumerConfig [node1:8080] - ConsumerConfig values: 
	allow.auto.create.topics = true
	auto.commit.interval.ms = 5000
	auto.offset.reset = latest
	bootstrap.servers = [127.0.0.1:9093]
	check.crcs = true
	client.dns.lookup = use_all_dns_ips
	client.id = consumer-notification-batch-consumer-1
	client.rack = 
	connections.max.idle.ms = 540000
	default.api.timeout.ms = 60000
	enable.auto.commit = false
	exclude.internal.topics = true
	fetch.max.bytes = 52428800
	fetch.max.wait.ms = 500
	fetch.min.bytes = 1
	group.id = notification-batch-consumer
	group.instance.id = null
	heartbeat.interval.ms = 3000
	interceptor.classes = []
	internal.leave.group.on.close = true
	internal.throw.on.fetch.stable.offset.unsupported = false
	isolation.level = read_uncommitted
	key.deserializer = class org.apache.kafka.common.serialization.StringDeserializer
	max.partition.fetch.bytes = 1048576
	max.poll.interval.ms = 300000
	max.poll.records = 500
	metadata.max.age.ms = 300000
	metric.reporters = []
	metrics.num.samples = 2
	metrics.recording.level = INFO
	metrics.sample.window.ms = 30000
	partition.assignment.strategy = [class org.apache.kafka.clients.consumer.RangeAssignor, class org.apache.kafka.clients.consumer.CooperativeStickyAssignor]
	receive.buffer.bytes = 65536
	reconnect.backoff.max.ms = 1000
	reconnect.backoff.ms = 50
	request.timeout.ms = 30000
	retry.backoff.ms = 100
	sasl.client.callback.handler.class = null
	sasl.jaas.config = null
	sasl.kerberos.kinit.cmd = /usr/bin/kinit
	sasl.kerberos.min.time.before.relogin = 60000
	sasl.kerberos.service.name = null
	sasl.kerberos.ticket.renew.jitter = 0.05
	sasl.kerberos.ticket.renew.window.factor = 0.8
	sasl.login.callback.handler.class = null
	sasl.login.class = null
	sasl.login.refresh.buffer.seconds = 300
	sasl.login.refresh.min.period.seconds = 60
	sasl.login.refresh.window.factor = 0.8
	sasl.login.refresh.window.jitter = 0.05
	sasl.mechanism = GSSAPI
	security.protocol = PLAINTEXT
	security.providers = null
	send.buffer.bytes = 131072
	session.timeout.ms = 45000
	socket.connection.setup.timeout.max.ms = 30000
	socket.connection.setup.timeout.ms = 10000
	ssl.cipher.suites = null
	ssl.enabled.protocols = [TLSv1.2, TLSv1.3]
	ssl.endpoint.identification.algorithm = https
	ssl.engine.factory.class = null
	ssl.key.password = null
	ssl.keymanager.algorithm = SunX509
	ssl.keystore.certificate.chain = null
	ssl.keystore.key = null
	ssl.keystore.location = null
	ssl.keystore.password = null
	ssl.keystore.type = JKS
	ssl.protocol = TLSv1.3
	ssl.provider = null
	ssl.secure.random.implementation = null
	ssl.trustmanager.algorithm = PKIX
	ssl.truststore.certificates = null
	ssl.truststore.location = null
	ssl.truststore.password = null
	ssl.truststore.type = JKS
	value.deserializer = class org.apache.kafka.common.serialization.StringDeserializer

2025-12-11 10:40:33.614 [main] INFO  o.a.kafka.common.utils.AppInfoParser [node1:8080] - Kafka version: 3.0.2
2025-12-11 10:40:33.615 [main] INFO  o.a.kafka.common.utils.AppInfoParser [node1:8080] - Kafka commitId: 25b1aea02e37da14
2025-12-11 10:40:33.615 [main] INFO  o.a.kafka.common.utils.AppInfoParser [node1:8080] - Kafka startTimeMs: 1765420833614
2025-12-11 10:40:33.619 [main] INFO  o.a.k.clients.consumer.KafkaConsumer [node1:8080] - [Consumer clientId=consumer-notification-batch-consumer-1, groupId=notification-batch-consumer] Subscribed to topic(s): notification-topic
2025-12-11 10:40:33.656 [main] INFO  o.a.k.c.consumer.ConsumerConfig [node1:8080] - ConsumerConfig values: 
	allow.auto.create.topics = true
	auto.commit.interval.ms = 5000
	auto.offset.reset = earliest
	bootstrap.servers = [127.0.0.1:9093]
	check.crcs = true
	client.dns.lookup = use_all_dns_ips
	client.id = consumer-pattern-consumer-2
	client.rack = 
	connections.max.idle.ms = 540000
	default.api.timeout.ms = 60000
	enable.auto.commit = false
	exclude.internal.topics = true
	fetch.max.bytes = 52428800
	fetch.max.wait.ms = 500
	fetch.min.bytes = 1
	group.id = pattern-consumer
	group.instance.id = null
	heartbeat.interval.ms = 3000
	interceptor.classes = []
	internal.leave.group.on.close = true
	internal.throw.on.fetch.stable.offset.unsupported = false
	isolation.level = read_uncommitted
	key.deserializer = class org.apache.kafka.common.serialization.StringDeserializer
	max.partition.fetch.bytes = 1048576
	max.poll.interval.ms = 300000
	max.poll.records = 500
	metadata.max.age.ms = 300000
	metric.reporters = []
	metrics.num.samples = 2
	metrics.recording.level = INFO
	metrics.sample.window.ms = 30000
	partition.assignment.strategy = [class org.apache.kafka.clients.consumer.RangeAssignor, class org.apache.kafka.clients.consumer.CooperativeStickyAssignor]
	receive.buffer.bytes = 65536
	reconnect.backoff.max.ms = 1000
	reconnect.backoff.ms = 50
	request.timeout.ms = 30000
	retry.backoff.ms = 100
	sasl.client.callback.handler.class = null
	sasl.jaas.config = null
	sasl.kerberos.kinit.cmd = /usr/bin/kinit
	sasl.kerberos.min.time.before.relogin = 60000
	sasl.kerberos.service.name = null
	sasl.kerberos.ticket.renew.jitter = 0.05
	sasl.kerberos.ticket.renew.window.factor = 0.8
	sasl.login.callback.handler.class = null
	sasl.login.class = null
	sasl.login.refresh.buffer.seconds = 300
	sasl.login.refresh.min.period.seconds = 60
	sasl.login.refresh.window.factor = 0.8
	sasl.login.refresh.window.jitter = 0.05
	sasl.mechanism = GSSAPI
	security.protocol = PLAINTEXT
	security.providers = null
	send.buffer.bytes = 131072
	session.timeout.ms = 45000
	socket.connection.setup.timeout.max.ms = 30000
	socket.connection.setup.timeout.ms = 10000
	ssl.cipher.suites = null
	ssl.enabled.protocols = [TLSv1.2, TLSv1.3]
	ssl.endpoint.identification.algorithm = https
	ssl.engine.factory.class = null
	ssl.key.password = null
	ssl.keymanager.algorithm = SunX509
	ssl.keystore.certificate.chain = null
	ssl.keystore.key = null
	ssl.keystore.location = null
	ssl.keystore.password = null
	ssl.keystore.type = JKS
	ssl.protocol = TLSv1.3
	ssl.provider = null
	ssl.secure.random.implementation = null
	ssl.trustmanager.algorithm = PKIX
	ssl.truststore.certificates = null
	ssl.truststore.location = null
	ssl.truststore.password = null
	ssl.truststore.type = JKS
	value.deserializer = class org.apache.kafka.common.serialization.StringDeserializer

2025-12-11 10:40:33.675 [main] INFO  o.a.kafka.common.utils.AppInfoParser [node1:8080] - Kafka version: 3.0.2
2025-12-11 10:40:33.676 [main] INFO  o.a.kafka.common.utils.AppInfoParser [node1:8080] - Kafka commitId: 25b1aea02e37da14
2025-12-11 10:40:33.676 [main] INFO  o.a.kafka.common.utils.AppInfoParser [node1:8080] - Kafka startTimeMs: 1765420833675
2025-12-11 10:40:33.677 [main] INFO  o.a.k.clients.consumer.KafkaConsumer [node1:8080] - [Consumer clientId=consumer-pattern-consumer-2, groupId=pattern-consumer] Subscribed to pattern: '.*-events-topic'
2025-12-11 10:40:33.686 [main] INFO  o.a.k.c.consumer.ConsumerConfig [node1:8080] - ConsumerConfig values: 
	allow.auto.create.topics = true
	auto.commit.interval.ms = 5000
	auto.offset.reset = latest
	bootstrap.servers = [127.0.0.1:9093]
	check.crcs = true
	client.dns.lookup = use_all_dns_ips
	client.id = consumer-user-events-consumer-3
	client.rack = 
	connections.max.idle.ms = 540000
	default.api.timeout.ms = 60000
	enable.auto.commit = false
	exclude.internal.topics = true
	fetch.max.bytes = 52428800
	fetch.max.wait.ms = 500
	fetch.min.bytes = 1
	group.id = user-events-consumer
	group.instance.id = null
	heartbeat.interval.ms = 3000
	interceptor.classes = []
	internal.leave.group.on.close = true
	internal.throw.on.fetch.stable.offset.unsupported = false
	isolation.level = read_uncommitted
	key.deserializer = class org.apache.kafka.common.serialization.StringDeserializer
	max.partition.fetch.bytes = 1048576
	max.poll.interval.ms = 300000
	max.poll.records = 500
	metadata.max.age.ms = 300000
	metric.reporters = []
	metrics.num.samples = 2
	metrics.recording.level = INFO
	metrics.sample.window.ms = 30000
	partition.assignment.strategy = [class org.apache.kafka.clients.consumer.RangeAssignor, class org.apache.kafka.clients.consumer.CooperativeStickyAssignor]
	receive.buffer.bytes = 65536
	reconnect.backoff.max.ms = 1000
	reconnect.backoff.ms = 50
	request.timeout.ms = 30000
	retry.backoff.ms = 100
	sasl.client.callback.handler.class = null
	sasl.jaas.config = null
	sasl.kerberos.kinit.cmd = /usr/bin/kinit
	sasl.kerberos.min.time.before.relogin = 60000
	sasl.kerberos.service.name = null
	sasl.kerberos.ticket.renew.jitter = 0.05
	sasl.kerberos.ticket.renew.window.factor = 0.8
	sasl.login.callback.handler.class = null
	sasl.login.class = null
	sasl.login.refresh.buffer.seconds = 300
	sasl.login.refresh.min.period.seconds = 60
	sasl.login.refresh.window.factor = 0.8
	sasl.login.refresh.window.jitter = 0.05
	sasl.mechanism = GSSAPI
	security.protocol = PLAINTEXT
	security.providers = null
	send.buffer.bytes = 131072
	session.timeout.ms = 45000
	socket.connection.setup.timeout.max.ms = 30000
	socket.connection.setup.timeout.ms = 10000
	ssl.cipher.suites = null
	ssl.enabled.protocols = [TLSv1.2, TLSv1.3]
	ssl.endpoint.identification.algorithm = https
	ssl.engine.factory.class = null
	ssl.key.password = null
	ssl.keymanager.algorithm = SunX509
	ssl.keystore.certificate.chain = null
	ssl.keystore.key = null
	ssl.keystore.location = null
	ssl.keystore.password = null
	ssl.keystore.type = JKS
	ssl.protocol = TLSv1.3
	ssl.provider = null
	ssl.secure.random.implementation = null
	ssl.trustmanager.algorithm = PKIX
	ssl.truststore.certificates = null
	ssl.truststore.location = null
	ssl.truststore.password = null
	ssl.truststore.type = JKS
	value.deserializer = class org.apache.kafka.common.serialization.StringDeserializer

2025-12-11 10:40:33.710 [main] INFO  o.a.kafka.common.utils.AppInfoParser [node1:8080] - Kafka version: 3.0.2
2025-12-11 10:40:33.711 [main] INFO  o.a.kafka.common.utils.AppInfoParser [node1:8080] - Kafka commitId: 25b1aea02e37da14
2025-12-11 10:40:33.711 [main] INFO  o.a.kafka.common.utils.AppInfoParser [node1:8080] - Kafka startTimeMs: 1765420833710
2025-12-11 10:40:33.712 [main] INFO  o.a.k.clients.consumer.KafkaConsumer [node1:8080] - [Consumer clientId=consumer-user-events-consumer-3, groupId=user-events-consumer] Subscribed to topic(s): user-events-topic
2025-12-11 10:40:33.740 [main] INFO  o.a.k.c.consumer.ConsumerConfig [node1:8080] - ConsumerConfig values: 
	allow.auto.create.topics = true
	auto.commit.interval.ms = 5000
	auto.offset.reset = earliest
	bootstrap.servers = [127.0.0.1:9093]
	check.crcs = true
	client.dns.lookup = use_all_dns_ips
	client.id = consumer-order-events-consumer-4
	client.rack = 
	connections.max.idle.ms = 540000
	default.api.timeout.ms = 60000
	enable.auto.commit = false
	exclude.internal.topics = true
	fetch.max.bytes = 52428800
	fetch.max.wait.ms = 500
	fetch.min.bytes = 1
	group.id = order-events-consumer
	group.instance.id = null
	heartbeat.interval.ms = 3000
	interceptor.classes = []
	internal.leave.group.on.close = true
	internal.throw.on.fetch.stable.offset.unsupported = false
	isolation.level = read_uncommitted
	key.deserializer = class org.apache.kafka.common.serialization.StringDeserializer
	max.partition.fetch.bytes = 1048576
	max.poll.interval.ms = 300000
	max.poll.records = 500
	metadata.max.age.ms = 300000
	metric.reporters = []
	metrics.num.samples = 2
	metrics.recording.level = INFO
	metrics.sample.window.ms = 30000
	partition.assignment.strategy = [class org.apache.kafka.clients.consumer.RangeAssignor, class org.apache.kafka.clients.consumer.CooperativeStickyAssignor]
	receive.buffer.bytes = 65536
	reconnect.backoff.max.ms = 1000
	reconnect.backoff.ms = 50
	request.timeout.ms = 30000
	retry.backoff.ms = 100
	sasl.client.callback.handler.class = null
	sasl.jaas.config = null
	sasl.kerberos.kinit.cmd = /usr/bin/kinit
	sasl.kerberos.min.time.before.relogin = 60000
	sasl.kerberos.service.name = null
	sasl.kerberos.ticket.renew.jitter = 0.05
	sasl.kerberos.ticket.renew.window.factor = 0.8
	sasl.login.callback.handler.class = null
	sasl.login.class = null
	sasl.login.refresh.buffer.seconds = 300
	sasl.login.refresh.min.period.seconds = 60
	sasl.login.refresh.window.factor = 0.8
	sasl.login.refresh.window.jitter = 0.05
	sasl.mechanism = GSSAPI
	security.protocol = PLAINTEXT
	security.providers = null
	send.buffer.bytes = 131072
	session.timeout.ms = 45000
	socket.connection.setup.timeout.max.ms = 30000
	socket.connection.setup.timeout.ms = 10000
	ssl.cipher.suites = null
	ssl.enabled.protocols = [TLSv1.2, TLSv1.3]
	ssl.endpoint.identification.algorithm = https
	ssl.engine.factory.class = null
	ssl.key.password = null
	ssl.keymanager.algorithm = SunX509
	ssl.keystore.certificate.chain = null
	ssl.keystore.key = null
	ssl.keystore.location = null
	ssl.keystore.password = null
	ssl.keystore.type = JKS
	ssl.protocol = TLSv1.3
	ssl.provider = null
	ssl.secure.random.implementation = null
	ssl.trustmanager.algorithm = PKIX
	ssl.truststore.certificates = null
	ssl.truststore.location = null
	ssl.truststore.password = null
	ssl.truststore.type = JKS
	value.deserializer = class org.apache.kafka.common.serialization.StringDeserializer

2025-12-11 10:40:33.757 [main] INFO  o.a.kafka.common.utils.AppInfoParser [node1:8080] - Kafka version: 3.0.2
2025-12-11 10:40:33.757 [main] INFO  o.a.kafka.common.utils.AppInfoParser [node1:8080] - Kafka commitId: 25b1aea02e37da14
2025-12-11 10:40:33.758 [main] INFO  o.a.kafka.common.utils.AppInfoParser [node1:8080] - Kafka startTimeMs: 1765420833757
2025-12-11 10:40:33.759 [main] INFO  o.a.k.clients.consumer.KafkaConsumer [node1:8080] - [Consumer clientId=consumer-order-events-consumer-4, groupId=order-events-consumer] Subscribed to topic(s): order-events-topic
2025-12-11 10:40:33.800 [org.springframework.kafka.KafkaListenerEndpointContainer#3-0-C-1] INFO  org.apache.kafka.clients.Metadata [node1:8080] - [Consumer clientId=consumer-pattern-consumer-2, groupId=pattern-consumer] Resetting the last seen epoch of partition order-events-topic-0 to 0 since the associated topicId changed from null to S-jFKcJPSjSUm6FAu4JKEQ
2025-12-11 10:40:33.801 [org.springframework.kafka.KafkaListenerEndpointContainer#2-0-C-1] INFO  org.apache.kafka.clients.Metadata [node1:8080] - [Consumer clientId=consumer-notification-batch-consumer-1, groupId=notification-batch-consumer] Resetting the last seen epoch of partition notification-topic-0 to 0 since the associated topicId changed from null to ijmXFJA0Rrmn4LFk4ULykA
2025-12-11 10:40:33.801 [org.springframework.kafka.KafkaListenerEndpointContainer#3-0-C-1] INFO  org.apache.kafka.clients.Metadata [node1:8080] - [Consumer clientId=consumer-pattern-consumer-2, groupId=pattern-consumer] Resetting the last seen epoch of partition order-events-topic-4 to 0 since the associated topicId changed from null to S-jFKcJPSjSUm6FAu4JKEQ
2025-12-11 10:40:33.801 [org.springframework.kafka.KafkaListenerEndpointContainer#3-0-C-1] INFO  org.apache.kafka.clients.Metadata [node1:8080] - [Consumer clientId=consumer-pattern-consumer-2, groupId=pattern-consumer] Resetting the last seen epoch of partition order-events-topic-1 to 0 since the associated topicId changed from null to S-jFKcJPSjSUm6FAu4JKEQ
2025-12-11 10:40:33.801 [org.springframework.kafka.KafkaListenerEndpointContainer#3-0-C-1] INFO  org.apache.kafka.clients.Metadata [node1:8080] - [Consumer clientId=consumer-pattern-consumer-2, groupId=pattern-consumer] Resetting the last seen epoch of partition order-events-topic-2 to 0 since the associated topicId changed from null to S-jFKcJPSjSUm6FAu4JKEQ
2025-12-11 10:40:33.802 [org.springframework.kafka.KafkaListenerEndpointContainer#3-0-C-1] INFO  org.apache.kafka.clients.Metadata [node1:8080] - [Consumer clientId=consumer-pattern-consumer-2, groupId=pattern-consumer] Resetting the last seen epoch of partition order-events-topic-3 to 0 since the associated topicId changed from null to S-jFKcJPSjSUm6FAu4JKEQ
2025-12-11 10:40:33.802 [org.springframework.kafka.KafkaListenerEndpointContainer#3-0-C-1] INFO  org.apache.kafka.clients.Metadata [node1:8080] - [Consumer clientId=consumer-pattern-consumer-2, groupId=pattern-consumer] Resetting the last seen epoch of partition user-events-topic-0 to 0 since the associated topicId changed from null to fcT4s_ILQFSo6P7BMOCX_Q
2025-12-11 10:40:33.802 [org.springframework.kafka.KafkaListenerEndpointContainer#3-0-C-1] INFO  org.apache.kafka.clients.Metadata [node1:8080] - [Consumer clientId=consumer-pattern-consumer-2, groupId=pattern-consumer] Resetting the last seen epoch of partition user-events-topic-2 to 0 since the associated topicId changed from null to fcT4s_ILQFSo6P7BMOCX_Q
2025-12-11 10:40:33.803 [org.springframework.kafka.KafkaListenerEndpointContainer#3-0-C-1] INFO  org.apache.kafka.clients.Metadata [node1:8080] - [Consumer clientId=consumer-pattern-consumer-2, groupId=pattern-consumer] Resetting the last seen epoch of partition user-events-topic-1 to 0 since the associated topicId changed from null to fcT4s_ILQFSo6P7BMOCX_Q
2025-12-11 10:40:33.803 [org.springframework.kafka.KafkaListenerEndpointContainer#2-0-C-1] INFO  org.apache.kafka.clients.Metadata [node1:8080] - [Consumer clientId=consumer-notification-batch-consumer-1, groupId=notification-batch-consumer] Cluster ID: sOJBYIVSQLWpg94NPVJ1_g
2025-12-11 10:40:33.803 [org.springframework.kafka.KafkaListenerEndpointContainer#3-0-C-1] INFO  org.apache.kafka.clients.Metadata [node1:8080] - [Consumer clientId=consumer-pattern-consumer-2, groupId=pattern-consumer] Cluster ID: sOJBYIVSQLWpg94NPVJ1_g
2025-12-11 10:40:33.812 [main] INFO  o.s.b.w.e.tomcat.TomcatWebServer [node1:8080] - Tomcat started on port(s): 8080 (http) with context path ''
2025-12-11 10:40:33.822 [org.springframework.kafka.KafkaListenerEndpointContainer#3-0-C-1] INFO  o.a.k.c.c.i.ConsumerCoordinator [node1:8080] - [Consumer clientId=consumer-pattern-consumer-2, groupId=pattern-consumer] Discovered group coordinator localhost:9093 (id: 2147482646 rack: null)
2025-12-11 10:40:33.828 [org.springframework.kafka.KafkaListenerEndpointContainer#3-0-C-1] INFO  o.a.k.c.c.i.ConsumerCoordinator [node1:8080] - [Consumer clientId=consumer-pattern-consumer-2, groupId=pattern-consumer] (Re-)joining group
2025-12-11 10:40:33.840 [org.springframework.kafka.KafkaListenerEndpointContainer#2-0-C-1] INFO  o.a.k.c.c.i.ConsumerCoordinator [node1:8080] - [Consumer clientId=consumer-notification-batch-consumer-1, groupId=notification-batch-consumer] Discovered group coordinator localhost:9093 (id: 2147482646 rack: null)
2025-12-11 10:40:33.842 [org.springframework.kafka.KafkaListenerEndpointContainer#2-0-C-1] INFO  o.a.k.c.c.i.ConsumerCoordinator [node1:8080] - [Consumer clientId=consumer-notification-batch-consumer-1, groupId=notification-batch-consumer] (Re-)joining group
2025-12-11 10:40:33.844 [org.springframework.kafka.KafkaListenerEndpointContainer#1-0-C-1] INFO  org.apache.kafka.clients.Metadata [node1:8080] - [Consumer clientId=consumer-order-events-consumer-4, groupId=order-events-consumer] Resetting the last seen epoch of partition order-events-topic-0 to 0 since the associated topicId changed from null to S-jFKcJPSjSUm6FAu4JKEQ
2025-12-11 10:40:33.845 [org.springframework.kafka.KafkaListenerEndpointContainer#1-0-C-1] INFO  org.apache.kafka.clients.Metadata [node1:8080] - [Consumer clientId=consumer-order-events-consumer-4, groupId=order-events-consumer] Resetting the last seen epoch of partition order-events-topic-4 to 0 since the associated topicId changed from null to S-jFKcJPSjSUm6FAu4JKEQ
2025-12-11 10:40:33.845 [org.springframework.kafka.KafkaListenerEndpointContainer#1-0-C-1] INFO  org.apache.kafka.clients.Metadata [node1:8080] - [Consumer clientId=consumer-order-events-consumer-4, groupId=order-events-consumer] Resetting the last seen epoch of partition order-events-topic-1 to 0 since the associated topicId changed from null to S-jFKcJPSjSUm6FAu4JKEQ
2025-12-11 10:40:33.845 [org.springframework.kafka.KafkaListenerEndpointContainer#1-0-C-1] INFO  org.apache.kafka.clients.Metadata [node1:8080] - [Consumer clientId=consumer-order-events-consumer-4, groupId=order-events-consumer] Resetting the last seen epoch of partition order-events-topic-2 to 0 since the associated topicId changed from null to S-jFKcJPSjSUm6FAu4JKEQ
2025-12-11 10:40:33.845 [org.springframework.kafka.KafkaListenerEndpointContainer#1-0-C-1] INFO  org.apache.kafka.clients.Metadata [node1:8080] - [Consumer clientId=consumer-order-events-consumer-4, groupId=order-events-consumer] Resetting the last seen epoch of partition order-events-topic-3 to 0 since the associated topicId changed from null to S-jFKcJPSjSUm6FAu4JKEQ
2025-12-11 10:40:33.846 [org.springframework.kafka.KafkaListenerEndpointContainer#1-0-C-1] INFO  org.apache.kafka.clients.Metadata [node1:8080] - [Consumer clientId=consumer-order-events-consumer-4, groupId=order-events-consumer] Cluster ID: sOJBYIVSQLWpg94NPVJ1_g
2025-12-11 10:40:33.872 [org.springframework.kafka.KafkaListenerEndpointContainer#1-0-C-1] INFO  o.a.k.c.c.i.ConsumerCoordinator [node1:8080] - [Consumer clientId=consumer-order-events-consumer-4, groupId=order-events-consumer] Discovered group coordinator localhost:9093 (id: 2147482646 rack: null)
2025-12-11 10:40:33.874 [org.springframework.kafka.KafkaListenerEndpointContainer#1-0-C-1] INFO  o.a.k.c.c.i.ConsumerCoordinator [node1:8080] - [Consumer clientId=consumer-order-events-consumer-4, groupId=order-events-consumer] (Re-)joining group
2025-12-11 10:40:33.893 [org.springframework.kafka.KafkaListenerEndpointContainer#0-0-C-1] INFO  org.apache.kafka.clients.Metadata [node1:8080] - [Consumer clientId=consumer-user-events-consumer-3, groupId=user-events-consumer] Resetting the last seen epoch of partition user-events-topic-0 to 0 since the associated topicId changed from null to fcT4s_ILQFSo6P7BMOCX_Q
2025-12-11 10:40:33.894 [org.springframework.kafka.KafkaListenerEndpointContainer#0-0-C-1] INFO  org.apache.kafka.clients.Metadata [node1:8080] - [Consumer clientId=consumer-user-events-consumer-3, groupId=user-events-consumer] Resetting the last seen epoch of partition user-events-topic-2 to 0 since the associated topicId changed from null to fcT4s_ILQFSo6P7BMOCX_Q
2025-12-11 10:40:33.895 [org.springframework.kafka.KafkaListenerEndpointContainer#0-0-C-1] INFO  org.apache.kafka.clients.Metadata [node1:8080] - [Consumer clientId=consumer-user-events-consumer-3, groupId=user-events-consumer] Resetting the last seen epoch of partition user-events-topic-1 to 0 since the associated topicId changed from null to fcT4s_ILQFSo6P7BMOCX_Q
2025-12-11 10:40:33.896 [org.springframework.kafka.KafkaListenerEndpointContainer#0-0-C-1] INFO  org.apache.kafka.clients.Metadata [node1:8080] - [Consumer clientId=consumer-user-events-consumer-3, groupId=user-events-consumer] Cluster ID: sOJBYIVSQLWpg94NPVJ1_g
2025-12-11 10:40:33.920 [main] INFO  c.a.n.p.a.s.c.ClientAuthPluginManager [node1:8080] - [ClientAuthPluginManager] Load ClientAuthService com.alibaba.nacos.client.auth.impl.NacosClientAuthServiceImpl success.
2025-12-11 10:40:33.921 [main] INFO  c.a.n.p.a.s.c.ClientAuthPluginManager [node1:8080] - [ClientAuthPluginManager] Load ClientAuthService com.alibaba.nacos.client.auth.ram.RamClientAuthServiceImpl success.
2025-12-11 10:40:33.982 [org.springframework.kafka.KafkaListenerEndpointContainer#0-0-C-1] INFO  o.a.k.c.c.i.ConsumerCoordinator [node1:8080] - [Consumer clientId=consumer-user-events-consumer-3, groupId=user-events-consumer] Discovered group coordinator localhost:9093 (id: 2147482646 rack: null)
2025-12-11 10:40:33.986 [org.springframework.kafka.KafkaListenerEndpointContainer#0-0-C-1] INFO  o.a.k.c.c.i.ConsumerCoordinator [node1:8080] - [Consumer clientId=consumer-user-events-consumer-3, groupId=user-events-consumer] (Re-)joining group
2025-12-11 10:40:33.992 [org.springframework.kafka.KafkaListenerEndpointContainer#3-0-C-1] INFO  o.a.k.c.c.i.ConsumerCoordinator [node1:8080] - [Consumer clientId=consumer-pattern-consumer-2, groupId=pattern-consumer] Request joining group due to: need to re-join with the given member-id
2025-12-11 10:40:33.996 [org.springframework.kafka.KafkaListenerEndpointContainer#3-0-C-1] INFO  o.a.k.c.c.i.ConsumerCoordinator [node1:8080] - [Consumer clientId=consumer-pattern-consumer-2, groupId=pattern-consumer] (Re-)joining group
2025-12-11 10:40:34.030 [org.springframework.kafka.KafkaListenerEndpointContainer#2-0-C-1] INFO  o.a.k.c.c.i.ConsumerCoordinator [node1:8080] - [Consumer clientId=consumer-notification-batch-consumer-1, groupId=notification-batch-consumer] Request joining group due to: need to re-join with the given member-id
2025-12-11 10:40:34.031 [org.springframework.kafka.KafkaListenerEndpointContainer#2-0-C-1] INFO  o.a.k.c.c.i.ConsumerCoordinator [node1:8080] - [Consumer clientId=consumer-notification-batch-consumer-1, groupId=notification-batch-consumer] (Re-)joining group
2025-12-11 10:40:34.189 [org.springframework.kafka.KafkaListenerEndpointContainer#1-0-C-1] INFO  o.a.k.c.c.i.ConsumerCoordinator [node1:8080] - [Consumer clientId=consumer-order-events-consumer-4, groupId=order-events-consumer] Request joining group due to: need to re-join with the given member-id
2025-12-11 10:40:34.190 [org.springframework.kafka.KafkaListenerEndpointContainer#1-0-C-1] INFO  o.a.k.c.c.i.ConsumerCoordinator [node1:8080] - [Consumer clientId=consumer-order-events-consumer-4, groupId=order-events-consumer] (Re-)joining group
2025-12-11 10:40:34.198 [main] INFO  c.a.c.n.r.NacosServiceRegistry [node1:8080] - nacos registry, DEFAULT_GROUP nacos-demo-service 192.168.31.227:8080 register finished
2025-12-11 10:40:34.221 [org.springframework.kafka.KafkaListenerEndpointContainer#0-0-C-1] INFO  o.a.k.c.c.i.ConsumerCoordinator [node1:8080] - [Consumer clientId=consumer-user-events-consumer-3, groupId=user-events-consumer] Request joining group due to: need to re-join with the given member-id
2025-12-11 10:40:34.223 [org.springframework.kafka.KafkaListenerEndpointContainer#0-0-C-1] INFO  o.a.k.c.c.i.ConsumerCoordinator [node1:8080] - [Consumer clientId=consumer-user-events-consumer-3, groupId=user-events-consumer] (Re-)joining group
2025-12-11 10:40:34.295 [main] INFO  com.example.demo.DemoApplication [node1:8080] - Started DemoApplication in 34.779 seconds (JVM running for 37.947)
2025-12-11 10:40:34.362 [main] INFO  c.a.c.n.r.NacosContextRefresher [node1:8080] - [Nacos Config] Listening config: dataId=nacos-demo-service-local.properties, group=DEFAULT_GROUP
2025-12-11 10:40:34.366 [main] INFO  com.example.demo.DemoApplication [node1:8080] - 应用启动完成，开始测试日志输出
2025-12-11 10:40:34.822 [RMI TCP Connection(4)-127.0.0.1] INFO  o.a.c.c.C.[Tomcat].[localhost].[/] [node1:8080] - Initializing Spring DispatcherServlet 'dispatcherServlet'
2025-12-11 10:40:34.822 [RMI TCP Connection(4)-127.0.0.1] INFO  o.s.web.servlet.DispatcherServlet [node1:8080] - Initializing Servlet 'dispatcherServlet'
2025-12-11 10:40:34.827 [RMI TCP Connection(4)-127.0.0.1] INFO  o.s.web.servlet.DispatcherServlet [node1:8080] - Completed initialization in 5 ms
2025-12-11 10:40:37.070 [org.springframework.kafka.KafkaListenerEndpointContainer#2-0-C-1] INFO  o.a.k.c.c.i.ConsumerCoordinator [node1:8080] - [Consumer clientId=consumer-notification-batch-consumer-1, groupId=notification-batch-consumer] Successfully joined group with generation Generation{generationId=37, memberId='consumer-notification-batch-consumer-1-f75fdddd-2d32-46bd-8a37-361945b2c342', protocol='range'}
2025-12-11 10:40:37.073 [org.springframework.kafka.KafkaListenerEndpointContainer#2-0-C-1] INFO  o.a.k.c.c.i.ConsumerCoordinator [node1:8080] - [Consumer clientId=consumer-notification-batch-consumer-1, groupId=notification-batch-consumer] Finished assignment for group at generation 37: {consumer-notification-batch-consumer-1-f75fdddd-2d32-46bd-8a37-361945b2c342=Assignment(partitions=[notification-topic-0])}
2025-12-11 10:40:37.144 [org.springframework.kafka.KafkaListenerEndpointContainer#2-0-C-1] INFO  o.a.k.c.c.i.ConsumerCoordinator [node1:8080] - [Consumer clientId=consumer-notification-batch-consumer-1, groupId=notification-batch-consumer] Successfully synced group in generation Generation{generationId=37, memberId='consumer-notification-batch-consumer-1-f75fdddd-2d32-46bd-8a37-361945b2c342', protocol='range'}
2025-12-11 10:40:37.147 [org.springframework.kafka.KafkaListenerEndpointContainer#2-0-C-1] INFO  o.a.k.c.c.i.ConsumerCoordinator [node1:8080] - [Consumer clientId=consumer-notification-batch-consumer-1, groupId=notification-batch-consumer] Notifying assignor about the new Assignment(partitions=[notification-topic-0])
2025-12-11 10:40:37.153 [org.springframework.kafka.KafkaListenerEndpointContainer#2-0-C-1] INFO  o.a.k.c.c.i.ConsumerCoordinator [node1:8080] - [Consumer clientId=consumer-notification-batch-consumer-1, groupId=notification-batch-consumer] Adding newly assigned partitions: notification-topic-0
2025-12-11 10:40:37.223 [org.springframework.kafka.KafkaListenerEndpointContainer#3-0-C-1] INFO  o.a.k.c.c.i.ConsumerCoordinator [node1:8080] - [Consumer clientId=consumer-pattern-consumer-2, groupId=pattern-consumer] Successfully joined group with generation Generation{generationId=35, memberId='consumer-pattern-consumer-2-95a71234-85ee-440f-aa3a-953ac6fa8af5', protocol='range'}
2025-12-11 10:40:37.228 [org.springframework.kafka.KafkaListenerEndpointContainer#3-0-C-1] INFO  o.a.k.c.c.i.ConsumerCoordinator [node1:8080] - [Consumer clientId=consumer-pattern-consumer-2, groupId=pattern-consumer] Finished assignment for group at generation 35: {consumer-pattern-consumer-2-95a71234-85ee-440f-aa3a-953ac6fa8af5=Assignment(partitions=[user-events-topic-0, user-events-topic-1, user-events-topic-2, order-events-topic-0, order-events-topic-1, order-events-topic-2, order-events-topic-3, order-events-topic-4])}
2025-12-11 10:40:37.678 [org.springframework.kafka.KafkaListenerEndpointContainer#1-0-C-1] INFO  o.a.k.c.c.i.ConsumerCoordinator [node1:8080] - [Consumer clientId=consumer-order-events-consumer-4, groupId=order-events-consumer] Successfully joined group with generation Generation{generationId=35, memberId='consumer-order-events-consumer-4-ac132e5b-7ef3-449b-8d35-44a71b1e2cf8', protocol='range'}
2025-12-11 10:40:37.679 [org.springframework.kafka.KafkaListenerEndpointContainer#2-0-C-1] INFO  o.a.k.c.c.i.ConsumerCoordinator [node1:8080] - [Consumer clientId=consumer-notification-batch-consumer-1, groupId=notification-batch-consumer] Setting offset for partition notification-topic-0 to the committed offset FetchPosition{offset=0, offsetEpoch=Optional.empty, currentLeader=LeaderAndEpoch{leader=Optional[localhost:9093 (id: 1001 rack: null)], epoch=0}}
2025-12-11 10:40:37.679 [org.springframework.kafka.KafkaListenerEndpointContainer#1-0-C-1] INFO  o.a.k.c.c.i.ConsumerCoordinator [node1:8080] - [Consumer clientId=consumer-order-events-consumer-4, groupId=order-events-consumer] Finished assignment for group at generation 35: {consumer-order-events-consumer-4-ac132e5b-7ef3-449b-8d35-44a71b1e2cf8=Assignment(partitions=[order-events-topic-0, order-events-topic-1, order-events-topic-2, order-events-topic-3, order-events-topic-4])}
2025-12-11 10:40:37.690 [org.springframework.kafka.KafkaListenerEndpointContainer#3-0-C-1] INFO  o.a.k.c.c.i.ConsumerCoordinator [node1:8080] - [Consumer clientId=consumer-pattern-consumer-2, groupId=pattern-consumer] Successfully synced group in generation Generation{generationId=35, memberId='consumer-pattern-consumer-2-95a71234-85ee-440f-aa3a-953ac6fa8af5', protocol='range'}
2025-12-11 10:40:37.690 [org.springframework.kafka.KafkaListenerEndpointContainer#3-0-C-1] INFO  o.a.k.c.c.i.ConsumerCoordinator [node1:8080] - [Consumer clientId=consumer-pattern-consumer-2, groupId=pattern-consumer] Notifying assignor about the new Assignment(partitions=[user-events-topic-0, user-events-topic-1, user-events-topic-2, order-events-topic-0, order-events-topic-1, order-events-topic-2, order-events-topic-3, order-events-topic-4])
2025-12-11 10:40:37.691 [org.springframework.kafka.KafkaListenerEndpointContainer#3-0-C-1] INFO  o.a.k.c.c.i.ConsumerCoordinator [node1:8080] - [Consumer clientId=consumer-pattern-consumer-2, groupId=pattern-consumer] Adding newly assigned partitions: user-events-topic-1, user-events-topic-2, order-events-topic-4, user-events-topic-0, order-events-topic-2, order-events-topic-3, order-events-topic-0, order-events-topic-1
2025-12-11 10:40:37.691 [org.springframework.kafka.KafkaListenerEndpointContainer#0-0-C-1] INFO  o.a.k.c.c.i.ConsumerCoordinator [node1:8080] - [Consumer clientId=consumer-user-events-consumer-3, groupId=user-events-consumer] Successfully joined group with generation Generation{generationId=39, memberId='consumer-user-events-consumer-3-f00ed72d-eb56-4647-a4b4-ba50d0bb58b2', protocol='range'}
2025-12-11 10:40:37.691 [org.springframework.kafka.KafkaListenerEndpointContainer#0-0-C-1] INFO  o.a.k.c.c.i.ConsumerCoordinator [node1:8080] - [Consumer clientId=consumer-user-events-consumer-3, groupId=user-events-consumer] Finished assignment for group at generation 39: {consumer-user-events-consumer-3-f00ed72d-eb56-4647-a4b4-ba50d0bb58b2=Assignment(partitions=[user-events-topic-0, user-events-topic-1, user-events-topic-2])}
2025-12-11 10:40:37.729 [org.springframework.kafka.KafkaListenerEndpointContainer#1-0-C-1] INFO  o.a.k.c.c.i.ConsumerCoordinator [node1:8080] - [Consumer clientId=consumer-order-events-consumer-4, groupId=order-events-consumer] Successfully synced group in generation Generation{generationId=35, memberId='consumer-order-events-consumer-4-ac132e5b-7ef3-449b-8d35-44a71b1e2cf8', protocol='range'}
2025-12-11 10:40:37.730 [org.springframework.kafka.KafkaListenerEndpointContainer#1-0-C-1] INFO  o.a.k.c.c.i.ConsumerCoordinator [node1:8080] - [Consumer clientId=consumer-order-events-consumer-4, groupId=order-events-consumer] Notifying assignor about the new Assignment(partitions=[order-events-topic-0, order-events-topic-1, order-events-topic-2, order-events-topic-3, order-events-topic-4])
2025-12-11 10:40:37.730 [org.springframework.kafka.KafkaListenerEndpointContainer#1-0-C-1] INFO  o.a.k.c.c.i.ConsumerCoordinator [node1:8080] - [Consumer clientId=consumer-order-events-consumer-4, groupId=order-events-consumer] Adding newly assigned partitions: order-events-topic-4, order-events-topic-2, order-events-topic-3, order-events-topic-0, order-events-topic-1
2025-12-11 10:40:37.739 [org.springframework.kafka.KafkaListenerEndpointContainer#0-0-C-1] INFO  o.a.k.c.c.i.ConsumerCoordinator [node1:8080] - [Consumer clientId=consumer-user-events-consumer-3, groupId=user-events-consumer] Successfully synced group in generation Generation{generationId=39, memberId='consumer-user-events-consumer-3-f00ed72d-eb56-4647-a4b4-ba50d0bb58b2', protocol='range'}
2025-12-11 10:40:37.739 [org.springframework.kafka.KafkaListenerEndpointContainer#3-0-C-1] INFO  o.a.k.c.c.i.ConsumerCoordinator [node1:8080] - [Consumer clientId=consumer-pattern-consumer-2, groupId=pattern-consumer] Setting offset for partition user-events-topic-1 to the committed offset FetchPosition{offset=4, offsetEpoch=Optional.empty, currentLeader=LeaderAndEpoch{leader=Optional[localhost:9093 (id: 1001 rack: null)], epoch=0}}
2025-12-11 10:40:37.740 [org.springframework.kafka.KafkaListenerEndpointContainer#3-0-C-1] INFO  o.a.k.c.c.i.ConsumerCoordinator [node1:8080] - [Consumer clientId=consumer-pattern-consumer-2, groupId=pattern-consumer] Setting offset for partition user-events-topic-2 to the committed offset FetchPosition{offset=4, offsetEpoch=Optional.empty, currentLeader=LeaderAndEpoch{leader=Optional[localhost:9093 (id: 1001 rack: null)], epoch=0}}
2025-12-11 10:40:37.740 [org.springframework.kafka.KafkaListenerEndpointContainer#0-0-C-1] INFO  o.a.k.c.c.i.ConsumerCoordinator [node1:8080] - [Consumer clientId=consumer-user-events-consumer-3, groupId=user-events-consumer] Notifying assignor about the new Assignment(partitions=[user-events-topic-0, user-events-topic-1, user-events-topic-2])
2025-12-11 10:40:37.740 [org.springframework.kafka.KafkaListenerEndpointContainer#3-0-C-1] INFO  o.a.k.c.c.i.ConsumerCoordinator [node1:8080] - [Consumer clientId=consumer-pattern-consumer-2, groupId=pattern-consumer] Setting offset for partition order-events-topic-4 to the committed offset FetchPosition{offset=0, offsetEpoch=Optional.empty, currentLeader=LeaderAndEpoch{leader=Optional[localhost:9093 (id: 1001 rack: null)], epoch=0}}
2025-12-11 10:40:37.740 [org.springframework.kafka.KafkaListenerEndpointContainer#0-0-C-1] INFO  o.a.k.c.c.i.ConsumerCoordinator [node1:8080] - [Consumer clientId=consumer-user-events-consumer-3, groupId=user-events-consumer] Adding newly assigned partitions: user-events-topic-1, user-events-topic-2, user-events-topic-0
2025-12-11 10:40:37.740 [org.springframework.kafka.KafkaListenerEndpointContainer#3-0-C-1] INFO  o.a.k.c.c.i.ConsumerCoordinator [node1:8080] - [Consumer clientId=consumer-pattern-consumer-2, groupId=pattern-consumer] Setting offset for partition user-events-topic-0 to the committed offset FetchPosition{offset=7, offsetEpoch=Optional.empty, currentLeader=LeaderAndEpoch{leader=Optional[localhost:9093 (id: 1001 rack: null)], epoch=0}}
2025-12-11 10:40:37.740 [org.springframework.kafka.KafkaListenerEndpointContainer#3-0-C-1] INFO  o.a.k.c.c.i.ConsumerCoordinator [node1:8080] - [Consumer clientId=consumer-pattern-consumer-2, groupId=pattern-consumer] Setting offset for partition order-events-topic-2 to the committed offset FetchPosition{offset=0, offsetEpoch=Optional.empty, currentLeader=LeaderAndEpoch{leader=Optional[localhost:9093 (id: 1001 rack: null)], epoch=0}}
2025-12-11 10:40:37.740 [org.springframework.kafka.KafkaListenerEndpointContainer#3-0-C-1] INFO  o.a.k.c.c.i.ConsumerCoordinator [node1:8080] - [Consumer clientId=consumer-pattern-consumer-2, groupId=pattern-consumer] Setting offset for partition order-events-topic-3 to the committed offset FetchPosition{offset=0, offsetEpoch=Optional.empty, currentLeader=LeaderAndEpoch{leader=Optional[localhost:9093 (id: 1001 rack: null)], epoch=0}}
2025-12-11 10:40:37.741 [org.springframework.kafka.KafkaListenerEndpointContainer#3-0-C-1] INFO  o.a.k.c.c.i.ConsumerCoordinator [node1:8080] - [Consumer clientId=consumer-pattern-consumer-2, groupId=pattern-consumer] Setting offset for partition order-events-topic-0 to the committed offset FetchPosition{offset=0, offsetEpoch=Optional.empty, currentLeader=LeaderAndEpoch{leader=Optional[localhost:9093 (id: 1001 rack: null)], epoch=0}}
2025-12-11 10:40:37.741 [org.springframework.kafka.KafkaListenerEndpointContainer#3-0-C-1] INFO  o.a.k.c.c.i.ConsumerCoordinator [node1:8080] - [Consumer clientId=consumer-pattern-consumer-2, groupId=pattern-consumer] Setting offset for partition order-events-topic-1 to the committed offset FetchPosition{offset=0, offsetEpoch=Optional.empty, currentLeader=LeaderAndEpoch{leader=Optional[localhost:9093 (id: 1001 rack: null)], epoch=0}}
2025-12-11 10:40:37.742 [org.springframework.kafka.KafkaListenerEndpointContainer#3-0-C-1] INFO  o.s.k.l.KafkaMessageListenerContainer [node1:8080] - pattern-consumer: partitions assigned: [user-events-topic-1, user-events-topic-2, order-events-topic-4, user-events-topic-0, order-events-topic-2, order-events-topic-3, order-events-topic-0, order-events-topic-1]
2025-12-11 10:40:37.782 [org.springframework.kafka.KafkaListenerEndpointContainer#2-0-C-1] INFO  o.s.k.l.KafkaMessageListenerContainer [node1:8080] - notification-batch-consumer: partitions assigned: [notification-topic-0]
2025-12-11 10:40:37.830 [org.springframework.kafka.KafkaListenerEndpointContainer#1-0-C-1] INFO  o.a.k.c.c.i.ConsumerCoordinator [node1:8080] - [Consumer clientId=consumer-order-events-consumer-4, groupId=order-events-consumer] Setting offset for partition order-events-topic-4 to the committed offset FetchPosition{offset=0, offsetEpoch=Optional.empty, currentLeader=LeaderAndEpoch{leader=Optional[localhost:9093 (id: 1001 rack: null)], epoch=0}}
2025-12-11 10:40:37.831 [org.springframework.kafka.KafkaListenerEndpointContainer#1-0-C-1] INFO  o.a.k.c.c.i.ConsumerCoordinator [node1:8080] - [Consumer clientId=consumer-order-events-consumer-4, groupId=order-events-consumer] Setting offset for partition order-events-topic-2 to the committed offset FetchPosition{offset=0, offsetEpoch=Optional.empty, currentLeader=LeaderAndEpoch{leader=Optional[localhost:9093 (id: 1001 rack: null)], epoch=0}}
2025-12-11 10:40:37.831 [org.springframework.kafka.KafkaListenerEndpointContainer#1-0-C-1] INFO  o.a.k.c.c.i.ConsumerCoordinator [node1:8080] - [Consumer clientId=consumer-order-events-consumer-4, groupId=order-events-consumer] Setting offset for partition order-events-topic-3 to the committed offset FetchPosition{offset=0, offsetEpoch=Optional.empty, currentLeader=LeaderAndEpoch{leader=Optional[localhost:9093 (id: 1001 rack: null)], epoch=0}}
2025-12-11 10:40:37.831 [org.springframework.kafka.KafkaListenerEndpointContainer#1-0-C-1] INFO  o.a.k.c.c.i.ConsumerCoordinator [node1:8080] - [Consumer clientId=consumer-order-events-consumer-4, groupId=order-events-consumer] Setting offset for partition order-events-topic-0 to the committed offset FetchPosition{offset=0, offsetEpoch=Optional.empty, currentLeader=LeaderAndEpoch{leader=Optional[localhost:9093 (id: 1001 rack: null)], epoch=0}}
2025-12-11 10:40:37.832 [org.springframework.kafka.KafkaListenerEndpointContainer#1-0-C-1] INFO  o.a.k.c.c.i.ConsumerCoordinator [node1:8080] - [Consumer clientId=consumer-order-events-consumer-4, groupId=order-events-consumer] Setting offset for partition order-events-topic-1 to the committed offset FetchPosition{offset=0, offsetEpoch=Optional.empty, currentLeader=LeaderAndEpoch{leader=Optional[localhost:9093 (id: 1001 rack: null)], epoch=0}}
2025-12-11 10:40:37.832 [org.springframework.kafka.KafkaListenerEndpointContainer#1-0-C-1] INFO  o.s.k.l.KafkaMessageListenerContainer [node1:8080] - order-events-consumer: partitions assigned: [order-events-topic-4, order-events-topic-2, order-events-topic-3, order-events-topic-0, order-events-topic-1]
2025-12-11 10:40:37.874 [org.springframework.kafka.KafkaListenerEndpointContainer#0-0-C-1] INFO  o.a.k.c.c.i.ConsumerCoordinator [node1:8080] - [Consumer clientId=consumer-user-events-consumer-3, groupId=user-events-consumer] Setting offset for partition user-events-topic-1 to the committed offset FetchPosition{offset=4, offsetEpoch=Optional.empty, currentLeader=LeaderAndEpoch{leader=Optional[localhost:9093 (id: 1001 rack: null)], epoch=0}}
2025-12-11 10:40:37.874 [org.springframework.kafka.KafkaListenerEndpointContainer#0-0-C-1] INFO  o.a.k.c.c.i.ConsumerCoordinator [node1:8080] - [Consumer clientId=consumer-user-events-consumer-3, groupId=user-events-consumer] Setting offset for partition user-events-topic-2 to the committed offset FetchPosition{offset=4, offsetEpoch=Optional.empty, currentLeader=LeaderAndEpoch{leader=Optional[localhost:9093 (id: 1001 rack: null)], epoch=0}}
2025-12-11 10:40:37.875 [org.springframework.kafka.KafkaListenerEndpointContainer#0-0-C-1] INFO  o.a.k.c.c.i.ConsumerCoordinator [node1:8080] - [Consumer clientId=consumer-user-events-consumer-3, groupId=user-events-consumer] Setting offset for partition user-events-topic-0 to the committed offset FetchPosition{offset=7, offsetEpoch=Optional.empty, currentLeader=LeaderAndEpoch{leader=Optional[localhost:9093 (id: 1001 rack: null)], epoch=0}}
2025-12-11 10:40:37.979 [org.springframework.kafka.KafkaListenerEndpointContainer#0-0-C-1] INFO  o.s.k.l.KafkaMessageListenerContainer [node1:8080] - user-events-consumer: partitions assigned: [user-events-topic-1, user-events-topic-2, user-events-topic-0]
2025-12-11 10:40:41.633 [http-nio-8080-exec-1] INFO  c.example.demo.aop.WebControllerAOP [node1:8080] - [请求开始] ID: e5bc7b70
2025-12-11 10:40:41.636 [http-nio-8080-exec-1] INFO  c.example.demo.aop.WebControllerAOP [node1:8080] - 请求路径: /api/redis/api
2025-12-11 10:40:41.637 [http-nio-8080-exec-1] INFO  c.example.demo.aop.WebControllerAOP [node1:8080] - 客户端IP: 0:0:0:0:0:0:0:1
2025-12-11 10:40:41.638 [http-nio-8080-exec-1] INFO  c.example.demo.aop.WebControllerAOP [node1:8080] - 方法: DemoController.request
2025-12-11 10:40:41.829 [http-nio-8080-exec-1] INFO  c.example.demo.aop.WebControllerAOP [node1:8080] - 参数: {}
2025-12-11 10:40:41.995 [http-nio-8080-exec-1] DEBUG org.mybatis.spring.SqlSessionUtils [node1:8080] - Creating a new SqlSession
2025-12-11 10:40:42.029 [http-nio-8080-exec-1] DEBUG org.mybatis.spring.SqlSessionUtils [node1:8080] - SqlSession [org.apache.ibatis.session.defaults.DefaultSqlSession@40fdceae] was not registered for synchronization because synchronization is not active
2025-12-11 10:40:42.279 [http-nio-8080-exec-1] DEBUG o.m.s.t.SpringManagedTransaction [node1:8080] - JDBC Connection [HikariProxyConnection@2028960569 wrapping com.mysql.cj.jdbc.ConnectionImpl@1441b63b] will not be managed by Spring
2025-12-11 10:40:42.483 [http-nio-8080-exec-1] DEBUG org.mybatis.spring.SqlSessionUtils [node1:8080] - Closing non transactional SqlSession [org.apache.ibatis.session.defaults.DefaultSqlSession@40fdceae]
2025-12-11 10:40:42.630 [http-nio-8080-exec-1] ERROR o.a.c.c.C.[.[.[.[dispatcherServlet] [node1:8080] - Servlet.service() for servlet [dispatcherServlet] in context with path [] threw exception [Request processing failed; nested exception is org.springframework.dao.InvalidDataAccessApiUsageException: NOREPLICAS Not enough good replicas to write.. channel: [id: 0xa7acb9a2, L:/127.0.0.1:51050 - R:127.0.0.1/127.0.0.1:6379] command: (SETEX), params: [[116, 101, 115, 116, 58, 115, 121, 115, 80, 97, ...], 18000, [123, 34, 105, 100, 95, 34, 58, 49, 44, 34, ...]]; nested exception is org.redisson.client.RedisException: NOREPLICAS Not enough good replicas to write.. channel: [id: 0xa7acb9a2, L:/127.0.0.1:51050 - R:127.0.0.1/127.0.0.1:6379] command: (SETEX), params: [[116, 101, 115, 116, 58, 115, 121, 115, 80, 97, ...], 18000, [123, 34, 105, 100, 95, 34, 58, 49, 44, 34, ...]]] with root cause
org.redisson.client.RedisException: NOREPLICAS Not enough good replicas to write.. channel: [id: 0xa7acb9a2, L:/127.0.0.1:51050 - R:127.0.0.1/127.0.0.1:6379] command: (SETEX), params: [[116, 101, 115, 116, 58, 115, 121, 115, 80, 97, ...], 18000, [123, 34, 105, 100, 95, 34, 58, 49, 44, 34, ...]]
	at org.redisson.client.handler.CommandDecoder.decode(CommandDecoder.java:345)
	at org.redisson.client.handler.CommandDecoder.decodeCommand(CommandDecoder.java:177)
	at org.redisson.client.handler.CommandDecoder.decode(CommandDecoder.java:116)
	at org.redisson.client.handler.CommandDecoder.decode(CommandDecoder.java:101)
	at io.netty.handler.codec.ByteToMessageDecoder.decodeRemovalReentryProtection(ByteToMessageDecoder.java:519)
	at io.netty.handler.codec.ReplayingDecoder.callDecode(ReplayingDecoder.java:366)
	at io.netty.handler.codec.ByteToMessageDecoder.channelRead(ByteToMessageDecoder.java:280)
	at io.netty.channel.AbstractChannelHandlerContext.invokeChannelRead(AbstractChannelHandlerContext.java:444)
	at io.netty.channel.AbstractChannelHandlerContext.invokeChannelRead(AbstractChannelHandlerContext.java:420)
	at io.netty.channel.AbstractChannelHandlerContext.fireChannelRead(AbstractChannelHandlerContext.java:412)
	at io.netty.channel.DefaultChannelPipeline$HeadContext.channelRead(DefaultChannelPipeline.java:1410)
	at io.netty.channel.AbstractChannelHandlerContext.invokeChannelRead(AbstractChannelHandlerContext.java:440)
	at io.netty.channel.AbstractChannelHandlerContext.invokeChannelRead(AbstractChannelHandlerContext.java:420)
	at io.netty.channel.DefaultChannelPipeline.fireChannelRead(DefaultChannelPipeline.java:919)
	at io.netty.channel.nio.AbstractNioByteChannel$NioByteUnsafe.read(AbstractNioByteChannel.java:166)
	at io.netty.channel.nio.NioEventLoop.processSelectedKey(NioEventLoop.java:788)
	at io.netty.channel.nio.NioEventLoop.processSelectedKeysOptimized(NioEventLoop.java:724)
	at io.netty.channel.nio.NioEventLoop.processSelectedKeys(NioEventLoop.java:650)
	at io.netty.channel.nio.NioEventLoop.run(NioEventLoop.java:562)
	at io.netty.util.concurrent.SingleThreadEventExecutor$4.run(SingleThreadEventExecutor.java:997)
	at io.netty.util.internal.ThreadExecutorMap$2.run(ThreadExecutorMap.java:74)
	at io.netty.util.concurrent.FastThreadLocalRunnable.run(FastThreadLocalRunnable.java:30)
	at java.base/java.lang.Thread.run(Thread.java:829)
2025-12-11 10:48:07.354 [Thread-1] WARN  c.a.n.c.http.HttpClientBeanHolder [node1:8080] - [HttpClientBeanHolder] Start destroying common HttpClient
2025-12-11 10:48:07.354 [Thread-6] WARN  c.a.nacos.common.notify.NotifyCenter [node1:8080] - [NotifyCenter] Start destroying Publisher
2025-12-11 10:48:07.371 [Thread-6] WARN  c.a.nacos.common.notify.NotifyCenter [node1:8080] - [NotifyCenter] Destruction of the end
2025-12-11 10:48:07.478 [Thread-1] WARN  c.a.n.c.http.HttpClientBeanHolder [node1:8080] - [HttpClientBeanHolder] Destruction of the end
2025-12-11 10:48:07.787 [org.springframework.kafka.KafkaListenerEndpointContainer#3-0-C-1] INFO  o.a.k.c.c.i.ConsumerCoordinator [node1:8080] - [Consumer clientId=consumer-pattern-consumer-2, groupId=pattern-consumer] Revoke previously assigned partitions user-events-topic-1, user-events-topic-2, order-events-topic-4, user-events-topic-0, order-events-topic-2, order-events-topic-3, order-events-topic-0, order-events-topic-1
2025-12-11 10:48:07.787 [org.springframework.kafka.KafkaListenerEndpointContainer#0-0-C-1] INFO  o.a.k.c.c.i.ConsumerCoordinator [node1:8080] - [Consumer clientId=consumer-user-events-consumer-3, groupId=user-events-consumer] Revoke previously assigned partitions user-events-topic-1, user-events-topic-2, user-events-topic-0
2025-12-11 10:48:07.787 [org.springframework.kafka.KafkaListenerEndpointContainer#2-0-C-1] INFO  o.a.k.c.c.i.ConsumerCoordinator [node1:8080] - [Consumer clientId=consumer-notification-batch-consumer-1, groupId=notification-batch-consumer] Revoke previously assigned partitions notification-topic-0
2025-12-11 10:48:07.787 [org.springframework.kafka.KafkaListenerEndpointContainer#1-0-C-1] INFO  o.a.k.c.c.i.ConsumerCoordinator [node1:8080] - [Consumer clientId=consumer-order-events-consumer-4, groupId=order-events-consumer] Revoke previously assigned partitions order-events-topic-4, order-events-topic-2, order-events-topic-3, order-events-topic-0, order-events-topic-1
2025-12-11 10:48:07.788 [org.springframework.kafka.KafkaListenerEndpointContainer#2-0-C-1] INFO  o.s.k.l.KafkaMessageListenerContainer [node1:8080] - notification-batch-consumer: partitions revoked: [notification-topic-0]
2025-12-11 10:48:07.788 [org.springframework.kafka.KafkaListenerEndpointContainer#0-0-C-1] INFO  o.s.k.l.KafkaMessageListenerContainer [node1:8080] - user-events-consumer: partitions revoked: [user-events-topic-1, user-events-topic-2, user-events-topic-0]
2025-12-11 10:48:07.788 [org.springframework.kafka.KafkaListenerEndpointContainer#1-0-C-1] INFO  o.s.k.l.KafkaMessageListenerContainer [node1:8080] - order-events-consumer: partitions revoked: [order-events-topic-4, order-events-topic-2, order-events-topic-3, order-events-topic-0, order-events-topic-1]
2025-12-11 10:48:07.788 [org.springframework.kafka.KafkaListenerEndpointContainer#3-0-C-1] INFO  o.s.k.l.KafkaMessageListenerContainer [node1:8080] - pattern-consumer: partitions revoked: [user-events-topic-1, user-events-topic-2, order-events-topic-4, user-events-topic-0, order-events-topic-2, order-events-topic-3, order-events-topic-0, order-events-topic-1]
2025-12-11 10:48:07.791 [org.springframework.kafka.KafkaListenerEndpointContainer#1-0-C-1] INFO  o.a.k.c.c.i.ConsumerCoordinator [node1:8080] - [Consumer clientId=consumer-order-events-consumer-4, groupId=order-events-consumer] Member consumer-order-events-consumer-4-ac132e5b-7ef3-449b-8d35-44a71b1e2cf8 sending LeaveGroup request to coordinator localhost:9093 (id: 2147482646 rack: null) due to the consumer unsubscribed from all topics
2025-12-11 10:48:07.791 [org.springframework.kafka.KafkaListenerEndpointContainer#3-0-C-1] INFO  o.a.k.c.c.i.ConsumerCoordinator [node1:8080] - [Consumer clientId=consumer-pattern-consumer-2, groupId=pattern-consumer] Member consumer-pattern-consumer-2-95a71234-85ee-440f-aa3a-953ac6fa8af5 sending LeaveGroup request to coordinator localhost:9093 (id: 2147482646 rack: null) due to the consumer unsubscribed from all topics
2025-12-11 10:48:07.791 [org.springframework.kafka.KafkaListenerEndpointContainer#0-0-C-1] INFO  o.a.k.c.c.i.ConsumerCoordinator [node1:8080] - [Consumer clientId=consumer-user-events-consumer-3, groupId=user-events-consumer] Member consumer-user-events-consumer-3-f00ed72d-eb56-4647-a4b4-ba50d0bb58b2 sending LeaveGroup request to coordinator localhost:9093 (id: 2147482646 rack: null) due to the consumer unsubscribed from all topics
2025-12-11 10:48:07.791 [org.springframework.kafka.KafkaListenerEndpointContainer#2-0-C-1] INFO  o.a.k.c.c.i.ConsumerCoordinator [node1:8080] - [Consumer clientId=consumer-notification-batch-consumer-1, groupId=notification-batch-consumer] Member consumer-notification-batch-consumer-1-f75fdddd-2d32-46bd-8a37-361945b2c342 sending LeaveGroup request to coordinator localhost:9093 (id: 2147482646 rack: null) due to the consumer unsubscribed from all topics
2025-12-11 10:48:07.797 [org.springframework.kafka.KafkaListenerEndpointContainer#0-0-C-1] INFO  o.a.k.c.c.i.ConsumerCoordinator [node1:8080] - [Consumer clientId=consumer-user-events-consumer-3, groupId=user-events-consumer] Resetting generation due to: consumer pro-actively leaving the group
2025-12-11 10:48:07.797 [org.springframework.kafka.KafkaListenerEndpointContainer#3-0-C-1] INFO  o.a.k.c.c.i.ConsumerCoordinator [node1:8080] - [Consumer clientId=consumer-pattern-consumer-2, groupId=pattern-consumer] Resetting generation due to: consumer pro-actively leaving the group
2025-12-11 10:48:07.797 [org.springframework.kafka.KafkaListenerEndpointContainer#2-0-C-1] INFO  o.a.k.c.c.i.ConsumerCoordinator [node1:8080] - [Consumer clientId=consumer-notification-batch-consumer-1, groupId=notification-batch-consumer] Resetting generation due to: consumer pro-actively leaving the group
2025-12-11 10:48:07.797 [org.springframework.kafka.KafkaListenerEndpointContainer#1-0-C-1] INFO  o.a.k.c.c.i.ConsumerCoordinator [node1:8080] - [Consumer clientId=consumer-order-events-consumer-4, groupId=order-events-consumer] Resetting generation due to: consumer pro-actively leaving the group
2025-12-11 10:48:07.797 [org.springframework.kafka.KafkaListenerEndpointContainer#0-0-C-1] INFO  o.a.k.c.c.i.ConsumerCoordinator [node1:8080] - [Consumer clientId=consumer-user-events-consumer-3, groupId=user-events-consumer] Request joining group due to: consumer pro-actively leaving the group
2025-12-11 10:48:07.797 [org.springframework.kafka.KafkaListenerEndpointContainer#3-0-C-1] INFO  o.a.k.c.c.i.ConsumerCoordinator [node1:8080] - [Consumer clientId=consumer-pattern-consumer-2, groupId=pattern-consumer] Request joining group due to: consumer pro-actively leaving the group
2025-12-11 10:48:07.797 [org.springframework.kafka.KafkaListenerEndpointContainer#2-0-C-1] INFO  o.a.k.c.c.i.ConsumerCoordinator [node1:8080] - [Consumer clientId=consumer-notification-batch-consumer-1, groupId=notification-batch-consumer] Request joining group due to: consumer pro-actively leaving the group
2025-12-11 10:48:07.797 [org.springframework.kafka.KafkaListenerEndpointContainer#1-0-C-1] INFO  o.a.k.c.c.i.ConsumerCoordinator [node1:8080] - [Consumer clientId=consumer-order-events-consumer-4, groupId=order-events-consumer] Request joining group due to: consumer pro-actively leaving the group
2025-12-11 10:48:07.798 [org.springframework.kafka.KafkaListenerEndpointContainer#2-0-C-1] INFO  o.a.k.clients.consumer.KafkaConsumer [node1:8080] - [Consumer clientId=consumer-notification-batch-consumer-1, groupId=notification-batch-consumer] Unsubscribed all topics or patterns and assigned partitions
2025-12-11 10:48:07.798 [org.springframework.kafka.KafkaListenerEndpointContainer#1-0-C-1] INFO  o.a.k.clients.consumer.KafkaConsumer [node1:8080] - [Consumer clientId=consumer-order-events-consumer-4, groupId=order-events-consumer] Unsubscribed all topics or patterns and assigned partitions
2025-12-11 10:48:07.798 [org.springframework.kafka.KafkaListenerEndpointContainer#0-0-C-1] INFO  o.a.k.clients.consumer.KafkaConsumer [node1:8080] - [Consumer clientId=consumer-user-events-consumer-3, groupId=user-events-consumer] Unsubscribed all topics or patterns and assigned partitions
2025-12-11 10:48:07.798 [org.springframework.kafka.KafkaListenerEndpointContainer#3-0-C-1] INFO  o.a.k.clients.consumer.KafkaConsumer [node1:8080] - [Consumer clientId=consumer-pattern-consumer-2, groupId=pattern-consumer] Unsubscribed all topics or patterns and assigned partitions
2025-12-11 10:48:07.803 [org.springframework.kafka.KafkaListenerEndpointContainer#0-0-C-1] INFO  o.a.k.c.c.i.ConsumerCoordinator [node1:8080] - [Consumer clientId=consumer-user-events-consumer-3, groupId=user-events-consumer] Resetting generation due to: consumer pro-actively leaving the group
2025-12-11 10:48:07.803 [org.springframework.kafka.KafkaListenerEndpointContainer#3-0-C-1] INFO  o.a.k.c.c.i.ConsumerCoordinator [node1:8080] - [Consumer clientId=consumer-pattern-consumer-2, groupId=pattern-consumer] Resetting generation due to: consumer pro-actively leaving the group
2025-12-11 10:48:07.803 [org.springframework.kafka.KafkaListenerEndpointContainer#1-0-C-1] INFO  o.a.k.c.c.i.ConsumerCoordinator [node1:8080] - [Consumer clientId=consumer-order-events-consumer-4, groupId=order-events-consumer] Resetting generation due to: consumer pro-actively leaving the group
2025-12-11 10:48:07.803 [org.springframework.kafka.KafkaListenerEndpointContainer#0-0-C-1] INFO  o.a.k.c.c.i.ConsumerCoordinator [node1:8080] - [Consumer clientId=consumer-user-events-consumer-3, groupId=user-events-consumer] Request joining group due to: consumer pro-actively leaving the group
2025-12-11 10:48:07.803 [org.springframework.kafka.KafkaListenerEndpointContainer#2-0-C-1] INFO  o.a.k.c.c.i.ConsumerCoordinator [node1:8080] - [Consumer clientId=consumer-notification-batch-consumer-1, groupId=notification-batch-consumer] Resetting generation due to: consumer pro-actively leaving the group
2025-12-11 10:48:07.803 [org.springframework.kafka.KafkaListenerEndpointContainer#1-0-C-1] INFO  o.a.k.c.c.i.ConsumerCoordinator [node1:8080] - [Consumer clientId=consumer-order-events-consumer-4, groupId=order-events-consumer] Request joining group due to: consumer pro-actively leaving the group
2025-12-11 10:48:07.803 [org.springframework.kafka.KafkaListenerEndpointContainer#3-0-C-1] INFO  o.a.k.c.c.i.ConsumerCoordinator [node1:8080] - [Consumer clientId=consumer-pattern-consumer-2, groupId=pattern-consumer] Request joining group due to: consumer pro-actively leaving the group
2025-12-11 10:48:07.803 [org.springframework.kafka.KafkaListenerEndpointContainer#2-0-C-1] INFO  o.a.k.c.c.i.ConsumerCoordinator [node1:8080] - [Consumer clientId=consumer-notification-batch-consumer-1, groupId=notification-batch-consumer] Request joining group due to: consumer pro-actively leaving the group
2025-12-11 10:48:07.977 [org.springframework.kafka.KafkaListenerEndpointContainer#1-0-C-1] INFO  o.a.kafka.common.metrics.Metrics [node1:8080] - Metrics scheduler closed
2025-12-11 10:48:07.977 [org.springframework.kafka.KafkaListenerEndpointContainer#3-0-C-1] INFO  o.a.kafka.common.metrics.Metrics [node1:8080] - Metrics scheduler closed
2025-12-11 10:48:07.978 [org.springframework.kafka.KafkaListenerEndpointContainer#1-0-C-1] INFO  o.a.kafka.common.metrics.Metrics [node1:8080] - Closing reporter org.apache.kafka.common.metrics.JmxReporter
2025-12-11 10:48:07.978 [org.springframework.kafka.KafkaListenerEndpointContainer#3-0-C-1] INFO  o.a.kafka.common.metrics.Metrics [node1:8080] - Closing reporter org.apache.kafka.common.metrics.JmxReporter
2025-12-11 10:48:07.978 [org.springframework.kafka.KafkaListenerEndpointContainer#1-0-C-1] INFO  o.a.kafka.common.metrics.Metrics [node1:8080] - Metrics reporters closed
2025-12-11 10:48:07.979 [org.springframework.kafka.KafkaListenerEndpointContainer#3-0-C-1] INFO  o.a.kafka.common.metrics.Metrics [node1:8080] - Metrics reporters closed
2025-12-11 10:48:08.000 [org.springframework.kafka.KafkaListenerEndpointContainer#1-0-C-1] INFO  o.a.kafka.common.utils.AppInfoParser [node1:8080] - App info kafka.consumer for consumer-order-events-consumer-4 unregistered
2025-12-11 10:48:08.001 [org.springframework.kafka.KafkaListenerEndpointContainer#1-0-C-1] INFO  o.s.k.l.KafkaMessageListenerContainer [node1:8080] - order-events-consumer: Consumer stopped
2025-12-11 10:48:08.010 [org.springframework.kafka.KafkaListenerEndpointContainer#3-0-C-1] INFO  o.a.kafka.common.utils.AppInfoParser [node1:8080] - App info kafka.consumer for consumer-pattern-consumer-2 unregistered
2025-12-11 10:48:08.010 [org.springframework.kafka.KafkaListenerEndpointContainer#3-0-C-1] INFO  o.s.k.l.KafkaMessageListenerContainer [node1:8080] - pattern-consumer: Consumer stopped
2025-12-11 10:48:08.046 [org.springframework.kafka.KafkaListenerEndpointContainer#2-0-C-1] INFO  o.a.kafka.common.metrics.Metrics [node1:8080] - Metrics scheduler closed
2025-12-11 10:48:08.047 [org.springframework.kafka.KafkaListenerEndpointContainer#2-0-C-1] INFO  o.a.kafka.common.metrics.Metrics [node1:8080] - Closing reporter org.apache.kafka.common.metrics.JmxReporter
2025-12-11 10:48:08.047 [org.springframework.kafka.KafkaListenerEndpointContainer#2-0-C-1] INFO  o.a.kafka.common.metrics.Metrics [node1:8080] - Metrics reporters closed
2025-12-11 10:48:08.049 [org.springframework.kafka.KafkaListenerEndpointContainer#0-0-C-1] INFO  o.a.kafka.common.metrics.Metrics [node1:8080] - Metrics scheduler closed
2025-12-11 10:48:08.049 [org.springframework.kafka.KafkaListenerEndpointContainer#0-0-C-1] INFO  o.a.kafka.common.metrics.Metrics [node1:8080] - Closing reporter org.apache.kafka.common.metrics.JmxReporter
2025-12-11 10:48:08.050 [org.springframework.kafka.KafkaListenerEndpointContainer#0-0-C-1] INFO  o.a.kafka.common.metrics.Metrics [node1:8080] - Metrics reporters closed
2025-12-11 10:48:08.068 [org.springframework.kafka.KafkaListenerEndpointContainer#2-0-C-1] INFO  o.a.kafka.common.utils.AppInfoParser [node1:8080] - App info kafka.consumer for consumer-notification-batch-consumer-1 unregistered
2025-12-11 10:48:08.068 [org.springframework.kafka.KafkaListenerEndpointContainer#2-0-C-1] INFO  o.s.k.l.KafkaMessageListenerContainer [node1:8080] - notification-batch-consumer: Consumer stopped
2025-12-11 10:48:08.071 [org.springframework.kafka.KafkaListenerEndpointContainer#0-0-C-1] INFO  o.a.kafka.common.utils.AppInfoParser [node1:8080] - App info kafka.consumer for consumer-user-events-consumer-3 unregistered
2025-12-11 10:48:08.071 [org.springframework.kafka.KafkaListenerEndpointContainer#0-0-C-1] INFO  o.s.k.l.KafkaMessageListenerContainer [node1:8080] - user-events-consumer: Consumer stopped
2025-12-11 10:48:08.128 [SpringApplicationShutdownHook] INFO  c.a.c.n.r.NacosServiceRegistry [node1:8080] - De-registering from Nacos Server now...
2025-12-11 10:48:08.158 [SpringApplicationShutdownHook] INFO  c.a.c.n.r.NacosServiceRegistry [node1:8080] - De-registration finished.
2025-12-11 10:48:08.473 [SpringApplicationShutdownHook] INFO  o.s.o.j.LocalContainerEntityManagerFactoryBean [node1:8080] - Closing JPA EntityManagerFactory for persistence unit 'default'
2025-12-11 10:48:08.496 [SpringApplicationShutdownHook] INFO  com.zaxxer.hikari.HikariDataSource [node1:8080] - HikariPool-1 - Shutdown initiated...
2025-12-11 10:48:08.535 [SpringApplicationShutdownHook] INFO  com.zaxxer.hikari.HikariDataSource [node1:8080] - HikariPool-1 - Shutdown completed.
2025-12-11 10:48:24.806 [main] INFO  com.example.demo.DemoApplication [node1:8080] - Starting DemoApplication using Java 11.0.11 on zhouwenwudeMacBook-Pro.local with PID 57325 (/Users/markchou/Documents/code-demo-pratice/application-demo/target/classes started by markchou in /Users/markchou/Documents/code-demo-pratice)
2025-12-11 10:48:24.813 [main] INFO  com.example.demo.DemoApplication [node1:8080] - The following 1 profile is active: "local-nacos"
2025-12-11 10:48:24.937 [main] INFO  c.a.c.n.c.NacosConfigDataLoader [node1:8080] - [Nacos Config] Load config[dataId=nacos-demo-service-local.properties, group=DEFAULT_GROUP] success
2025-12-11 10:48:27.701 [main] INFO  o.s.d.r.c.RepositoryConfigurationDelegate [node1:8080] - Multiple Spring Data modules found, entering strict repository configuration mode
2025-12-11 10:48:27.703 [main] INFO  o.s.d.r.c.RepositoryConfigurationDelegate [node1:8080] - Bootstrapping Spring Data Elasticsearch repositories in DEFAULT mode.
2025-12-11 10:48:27.733 [main] INFO  o.s.d.r.c.RepositoryConfigurationDelegate [node1:8080] - Finished Spring Data repository scanning in 17 ms. Found 0 Elasticsearch repository interfaces.
2025-12-11 10:48:29.000 [main] DEBUG org.apache.ibatis.logging.LogFactory [node1:8080] - Logging initialized using 'class org.apache.ibatis.logging.slf4j.Slf4jImpl' adapter.
2025-12-11 10:48:29.018 [main] DEBUG o.m.s.mapper.ClassPathMapperScanner [node1:8080] - Identified candidate component class: file [/Users/markchou/Documents/code-demo-pratice/application-demo/target/classes/com/example/demo/mapper/SysUserMapper.class]
2025-12-11 10:48:29.021 [main] DEBUG o.m.s.mapper.ClassPathMapperScanner [node1:8080] - Creating MapperFactoryBean with name 'sysUserMapper' and 'com.example.demo.mapper.SysUserMapper' mapperInterface
2025-12-11 10:48:29.024 [main] DEBUG o.m.s.mapper.ClassPathMapperScanner [node1:8080] - Enabling autowire by type for MapperFactoryBean with name 'sysUserMapper'.
2025-12-11 10:48:30.177 [main] INFO  o.s.d.r.c.RepositoryConfigurationDelegate [node1:8080] - Multiple Spring Data modules found, entering strict repository configuration mode
2025-12-11 10:48:30.178 [main] INFO  o.s.d.r.c.RepositoryConfigurationDelegate [node1:8080] - Bootstrapping Spring Data Elasticsearch repositories in DEFAULT mode.
2025-12-11 10:48:30.241 [main] INFO  o.s.d.r.c.RepositoryConfigurationExtensionSupport [node1:8080] - Spring Data Elasticsearch - Could not safely identify store assignment for repository candidate interface com.example.demo.repository.PayAccountGroupRepository; If you want this repository to be a Elasticsearch repository, consider annotating your entities with one of these annotations: org.springframework.data.elasticsearch.annotations.Document (preferred), or consider extending one of the following types with your repository: org.springframework.data.elasticsearch.repository.ElasticsearchRepository, org.springframework.data.elasticsearch.repository.ElasticsearchRepository
2025-12-11 10:48:30.463 [main] INFO  o.s.d.r.c.RepositoryConfigurationDelegate [node1:8080] - Finished Spring Data repository scanning in 284 ms. Found 1 Elasticsearch repository interfaces.
2025-12-11 10:48:30.483 [main] INFO  o.s.d.r.c.RepositoryConfigurationDelegate [node1:8080] - Multiple Spring Data modules found, entering strict repository configuration mode
2025-12-11 10:48:30.485 [main] INFO  o.s.d.r.c.RepositoryConfigurationDelegate [node1:8080] - Bootstrapping Spring Data Reactive Elasticsearch repositories in DEFAULT mode.
2025-12-11 10:48:30.506 [main] INFO  o.s.d.r.c.RepositoryConfigurationExtensionSupport [node1:8080] - Spring Data Reactive Elasticsearch - Could not safely identify store assignment for repository candidate interface com.example.demo.repository.PayAccountGroupRepository; If you want this repository to be a Reactive Elasticsearch repository, consider annotating your entities with one of these annotations: org.springframework.data.elasticsearch.annotations.Document (preferred), or consider extending one of the following types with your repository: org.springframework.data.elasticsearch.repository.ReactiveElasticsearchRepository
2025-12-11 10:48:30.513 [main] INFO  o.s.d.r.c.RepositoryConfigurationDelegate [node1:8080] - Finished Spring Data repository scanning in 27 ms. Found 0 Reactive Elasticsearch repository interfaces.
2025-12-11 10:48:30.602 [main] INFO  o.s.d.r.c.RepositoryConfigurationDelegate [node1:8080] - Multiple Spring Data modules found, entering strict repository configuration mode
2025-12-11 10:48:30.603 [main] INFO  o.s.d.r.c.RepositoryConfigurationDelegate [node1:8080] - Bootstrapping Spring Data JPA repositories in DEFAULT mode.
2025-12-11 10:48:30.683 [main] INFO  o.s.d.r.c.RepositoryConfigurationExtensionSupport [node1:8080] - Spring Data JPA - Could not safely identify store assignment for repository candidate interface com.example.demo.repository.ProductRepository; If you want this repository to be a JPA repository, consider annotating your entities with one of these annotations: javax.persistence.Entity, javax.persistence.MappedSuperclass (preferred), or consider extending one of the following types with your repository: org.springframework.data.jpa.repository.JpaRepository
2025-12-11 10:48:30.718 [main] INFO  o.s.d.r.c.RepositoryConfigurationDelegate [node1:8080] - Finished Spring Data repository scanning in 92 ms. Found 1 JPA repository interfaces.
2025-12-11 10:48:30.772 [main] INFO  o.s.d.r.c.RepositoryConfigurationDelegate [node1:8080] - Multiple Spring Data modules found, entering strict repository configuration mode
2025-12-11 10:48:30.776 [main] INFO  o.s.d.r.c.RepositoryConfigurationDelegate [node1:8080] - Bootstrapping Spring Data Redis repositories in DEFAULT mode.
2025-12-11 10:48:30.824 [main] INFO  o.s.d.r.c.RepositoryConfigurationExtensionSupport [node1:8080] - Spring Data Redis - Could not safely identify store assignment for repository candidate interface com.example.demo.repository.PayAccountGroupRepository; If you want this repository to be a Redis repository, consider annotating your entities with one of these annotations: org.springframework.data.redis.core.RedisHash (preferred), or consider extending one of the following types with your repository: org.springframework.data.keyvalue.repository.KeyValueRepository
2025-12-11 10:48:30.828 [main] INFO  o.s.d.r.c.RepositoryConfigurationExtensionSupport [node1:8080] - Spring Data Redis - Could not safely identify store assignment for repository candidate interface com.example.demo.repository.ProductRepository; If you want this repository to be a Redis repository, consider annotating your entities with one of these annotations: org.springframework.data.redis.core.RedisHash (preferred), or consider extending one of the following types with your repository: org.springframework.data.keyvalue.repository.KeyValueRepository
2025-12-11 10:48:30.829 [main] INFO  o.s.d.r.c.RepositoryConfigurationDelegate [node1:8080] - Finished Spring Data repository scanning in 25 ms. Found 0 Redis repository interfaces.
2025-12-11 10:48:31.921 [main] INFO  o.s.cloud.context.scope.GenericScope [node1:8080] - BeanFactory id=f377186a-b00d-3f92-bdc2-f1982d9232b0
2025-12-11 10:48:34.078 [main] INFO  o.s.b.w.e.tomcat.TomcatWebServer [node1:8080] - Tomcat initialized with port(s): 8080 (http)
2025-12-11 10:48:34.117 [main] INFO  o.a.catalina.core.StandardService [node1:8080] - Starting service [Tomcat]
2025-12-11 10:48:34.118 [main] INFO  o.a.catalina.core.StandardEngine [node1:8080] - Starting Servlet engine: [Apache Tomcat/9.0.68]
2025-12-11 10:48:34.619 [main] INFO  o.a.c.c.C.[Tomcat].[localhost].[/] [node1:8080] - Initializing Spring embedded WebApplicationContext
2025-12-11 10:48:34.620 [main] INFO  o.s.b.w.s.c.ServletWebServerApplicationContext [node1:8080] - Root WebApplicationContext: initialization completed in 9675 ms
2025-12-11 10:48:38.859 [main] INFO  com.zaxxer.hikari.HikariDataSource [node1:8080] - HikariPool-1 - Starting...
2025-12-11 10:48:39.589 [main] INFO  com.zaxxer.hikari.HikariDataSource [node1:8080] - HikariPool-1 - Start completed.
2025-12-11 10:48:43.183 [main] INFO  o.s.o.j.LocalContainerEntityManagerFactoryBean [node1:8080] - Initialized JPA EntityManagerFactory for persistence unit 'default'
2025-12-11 10:48:43.564 [main] INFO  org.redisson.Version [node1:8080] - Redisson 3.16.0
2025-12-11 10:48:43.647 [main] WARN  i.n.r.d.DnsServerAddressStreamProviders [node1:8080] - Can not find io.netty.resolver.dns.macos.MacOSDnsServerAddressStreamProvider in the classpath, fallback to system defaults. This may result in incorrect DNS resolutions on MacOS. Check whether you have a dependency on 'io.netty:netty-resolver-dns-native-macos'
2025-12-11 10:48:44.265 [redisson-netty-2-21] INFO  o.r.c.p.MasterPubSubConnectionPool [node1:8080] - 1 connections initialized for 127.0.0.1/127.0.0.1:6379
2025-12-11 10:48:44.573 [redisson-netty-2-19] INFO  o.r.c.pool.MasterConnectionPool [node1:8080] - 24 connections initialized for 127.0.0.1/127.0.0.1:6379
2025-12-11 10:48:45.632 [main] DEBUG o.m.spring.SqlSessionFactoryBean [node1:8080] - Property 'mapperLocations' was not specified or no matching resources found
2025-12-11 10:48:50.988 [main] WARN  org.elasticsearch.client.RestClient [node1:8080] - request [HEAD http://localhost:9200/products?ignore_throttled=false&ignore_unavailable=false&expand_wildcards=open%2Cclosed&allow_no_indices=false] returned 1 warnings: [299 Elasticsearch-7.17.0-bee86328705acaa9a6daede7140defd4d9ec56bd "[ignore_throttled] parameter is deprecated because frozen indices have been deprecated. Consider cold or frozen tiers in place of frozen indices."]
2025-12-11 10:48:51.801 [main] WARN  o.s.b.a.o.j.JpaBaseConfiguration$JpaWebConfiguration [node1:8080] - spring.jpa.open-in-view is enabled by default. Therefore, database queries may be performed during view rendering. Explicitly configure spring.jpa.open-in-view to disable this warning
2025-12-11 10:48:52.674 [main] INFO  c.a.c.s.SentinelWebMvcConfigurer [node1:8080] - [Sentinel Starter] register SentinelWebInterceptor with urlPatterns: [/**].
2025-12-11 10:48:56.279 [main] INFO  o.s.b.a.e.web.EndpointLinksResolver [node1:8080] - Exposing 1 endpoint(s) beneath base path '/actuator'
2025-12-11 10:48:56.762 [main] INFO  o.a.k.c.admin.AdminClientConfig [node1:8080] - AdminClientConfig values: 
	bootstrap.servers = [127.0.0.1:9093]
	client.dns.lookup = use_all_dns_ips
	client.id = 
	connections.max.idle.ms = 300000
	default.api.timeout.ms = 60000
	metadata.max.age.ms = 300000
	metric.reporters = []
	metrics.num.samples = 2
	metrics.recording.level = INFO
	metrics.sample.window.ms = 30000
	receive.buffer.bytes = 65536
	reconnect.backoff.max.ms = 1000
	reconnect.backoff.ms = 50
	request.timeout.ms = 30000
	retries = 2147483647
	retry.backoff.ms = 100
	sasl.client.callback.handler.class = null
	sasl.jaas.config = null
	sasl.kerberos.kinit.cmd = /usr/bin/kinit
	sasl.kerberos.min.time.before.relogin = 60000
	sasl.kerberos.service.name = null
	sasl.kerberos.ticket.renew.jitter = 0.05
	sasl.kerberos.ticket.renew.window.factor = 0.8
	sasl.login.callback.handler.class = null
	sasl.login.class = null
	sasl.login.refresh.buffer.seconds = 300
	sasl.login.refresh.min.period.seconds = 60
	sasl.login.refresh.window.factor = 0.8
	sasl.login.refresh.window.jitter = 0.05
	sasl.mechanism = GSSAPI
	security.protocol = PLAINTEXT
	security.providers = null
	send.buffer.bytes = 131072
	socket.connection.setup.timeout.max.ms = 30000
	socket.connection.setup.timeout.ms = 10000
	ssl.cipher.suites = null
	ssl.enabled.protocols = [TLSv1.2, TLSv1.3]
	ssl.endpoint.identification.algorithm = https
	ssl.engine.factory.class = null
	ssl.key.password = null
	ssl.keymanager.algorithm = SunX509
	ssl.keystore.certificate.chain = null
	ssl.keystore.key = null
	ssl.keystore.location = null
	ssl.keystore.password = null
	ssl.keystore.type = JKS
	ssl.protocol = TLSv1.3
	ssl.provider = null
	ssl.secure.random.implementation = null
	ssl.trustmanager.algorithm = PKIX
	ssl.truststore.certificates = null
	ssl.truststore.location = null
	ssl.truststore.password = null
	ssl.truststore.type = JKS

2025-12-11 10:48:56.891 [main] INFO  o.a.kafka.common.utils.AppInfoParser [node1:8080] - Kafka version: 3.0.2
2025-12-11 10:48:56.892 [main] INFO  o.a.kafka.common.utils.AppInfoParser [node1:8080] - Kafka commitId: 25b1aea02e37da14
2025-12-11 10:48:56.892 [main] INFO  o.a.kafka.common.utils.AppInfoParser [node1:8080] - Kafka startTimeMs: 1765421336888
2025-12-11 10:48:57.883 [kafka-admin-client-thread | adminclient-1] INFO  o.a.kafka.common.utils.AppInfoParser [node1:8080] - App info kafka.admin.client for adminclient-1 unregistered
2025-12-11 10:48:57.901 [kafka-admin-client-thread | adminclient-1] INFO  o.a.kafka.common.metrics.Metrics [node1:8080] - Metrics scheduler closed
2025-12-11 10:48:57.902 [kafka-admin-client-thread | adminclient-1] INFO  o.a.kafka.common.metrics.Metrics [node1:8080] - Closing reporter org.apache.kafka.common.metrics.JmxReporter
2025-12-11 10:48:57.902 [kafka-admin-client-thread | adminclient-1] INFO  o.a.kafka.common.metrics.Metrics [node1:8080] - Metrics reporters closed
2025-12-11 10:48:57.964 [main] INFO  o.a.k.c.consumer.ConsumerConfig [node1:8080] - ConsumerConfig values: 
	allow.auto.create.topics = true
	auto.commit.interval.ms = 5000
	auto.offset.reset = latest
	bootstrap.servers = [127.0.0.1:9093]
	check.crcs = true
	client.dns.lookup = use_all_dns_ips
	client.id = consumer-notification-batch-consumer-1
	client.rack = 
	connections.max.idle.ms = 540000
	default.api.timeout.ms = 60000
	enable.auto.commit = false
	exclude.internal.topics = true
	fetch.max.bytes = 52428800
	fetch.max.wait.ms = 500
	fetch.min.bytes = 1
	group.id = notification-batch-consumer
	group.instance.id = null
	heartbeat.interval.ms = 3000
	interceptor.classes = []
	internal.leave.group.on.close = true
	internal.throw.on.fetch.stable.offset.unsupported = false
	isolation.level = read_uncommitted
	key.deserializer = class org.apache.kafka.common.serialization.StringDeserializer
	max.partition.fetch.bytes = 1048576
	max.poll.interval.ms = 300000
	max.poll.records = 500
	metadata.max.age.ms = 300000
	metric.reporters = []
	metrics.num.samples = 2
	metrics.recording.level = INFO
	metrics.sample.window.ms = 30000
	partition.assignment.strategy = [class org.apache.kafka.clients.consumer.RangeAssignor, class org.apache.kafka.clients.consumer.CooperativeStickyAssignor]
	receive.buffer.bytes = 65536
	reconnect.backoff.max.ms = 1000
	reconnect.backoff.ms = 50
	request.timeout.ms = 30000
	retry.backoff.ms = 100
	sasl.client.callback.handler.class = null
	sasl.jaas.config = null
	sasl.kerberos.kinit.cmd = /usr/bin/kinit
	sasl.kerberos.min.time.before.relogin = 60000
	sasl.kerberos.service.name = null
	sasl.kerberos.ticket.renew.jitter = 0.05
	sasl.kerberos.ticket.renew.window.factor = 0.8
	sasl.login.callback.handler.class = null
	sasl.login.class = null
	sasl.login.refresh.buffer.seconds = 300
	sasl.login.refresh.min.period.seconds = 60
	sasl.login.refresh.window.factor = 0.8
	sasl.login.refresh.window.jitter = 0.05
	sasl.mechanism = GSSAPI
	security.protocol = PLAINTEXT
	security.providers = null
	send.buffer.bytes = 131072
	session.timeout.ms = 45000
	socket.connection.setup.timeout.max.ms = 30000
	socket.connection.setup.timeout.ms = 10000
	ssl.cipher.suites = null
	ssl.enabled.protocols = [TLSv1.2, TLSv1.3]
	ssl.endpoint.identification.algorithm = https
	ssl.engine.factory.class = null
	ssl.key.password = null
	ssl.keymanager.algorithm = SunX509
	ssl.keystore.certificate.chain = null
	ssl.keystore.key = null
	ssl.keystore.location = null
	ssl.keystore.password = null
	ssl.keystore.type = JKS
	ssl.protocol = TLSv1.3
	ssl.provider = null
	ssl.secure.random.implementation = null
	ssl.trustmanager.algorithm = PKIX
	ssl.truststore.certificates = null
	ssl.truststore.location = null
	ssl.truststore.password = null
	ssl.truststore.type = JKS
	value.deserializer = class org.apache.kafka.common.serialization.StringDeserializer

2025-12-11 10:48:58.056 [main] INFO  o.a.kafka.common.utils.AppInfoParser [node1:8080] - Kafka version: 3.0.2
2025-12-11 10:48:58.056 [main] INFO  o.a.kafka.common.utils.AppInfoParser [node1:8080] - Kafka commitId: 25b1aea02e37da14
2025-12-11 10:48:58.056 [main] INFO  o.a.kafka.common.utils.AppInfoParser [node1:8080] - Kafka startTimeMs: 1765421338056
2025-12-11 10:48:58.060 [main] INFO  o.a.k.clients.consumer.KafkaConsumer [node1:8080] - [Consumer clientId=consumer-notification-batch-consumer-1, groupId=notification-batch-consumer] Subscribed to topic(s): notification-topic
2025-12-11 10:48:58.098 [main] INFO  o.a.k.c.consumer.ConsumerConfig [node1:8080] - ConsumerConfig values: 
	allow.auto.create.topics = true
	auto.commit.interval.ms = 5000
	auto.offset.reset = earliest
	bootstrap.servers = [127.0.0.1:9093]
	check.crcs = true
	client.dns.lookup = use_all_dns_ips
	client.id = consumer-pattern-consumer-2
	client.rack = 
	connections.max.idle.ms = 540000
	default.api.timeout.ms = 60000
	enable.auto.commit = false
	exclude.internal.topics = true
	fetch.max.bytes = 52428800
	fetch.max.wait.ms = 500
	fetch.min.bytes = 1
	group.id = pattern-consumer
	group.instance.id = null
	heartbeat.interval.ms = 3000
	interceptor.classes = []
	internal.leave.group.on.close = true
	internal.throw.on.fetch.stable.offset.unsupported = false
	isolation.level = read_uncommitted
	key.deserializer = class org.apache.kafka.common.serialization.StringDeserializer
	max.partition.fetch.bytes = 1048576
	max.poll.interval.ms = 300000
	max.poll.records = 500
	metadata.max.age.ms = 300000
	metric.reporters = []
	metrics.num.samples = 2
	metrics.recording.level = INFO
	metrics.sample.window.ms = 30000
	partition.assignment.strategy = [class org.apache.kafka.clients.consumer.RangeAssignor, class org.apache.kafka.clients.consumer.CooperativeStickyAssignor]
	receive.buffer.bytes = 65536
	reconnect.backoff.max.ms = 1000
	reconnect.backoff.ms = 50
	request.timeout.ms = 30000
	retry.backoff.ms = 100
	sasl.client.callback.handler.class = null
	sasl.jaas.config = null
	sasl.kerberos.kinit.cmd = /usr/bin/kinit
	sasl.kerberos.min.time.before.relogin = 60000
	sasl.kerberos.service.name = null
	sasl.kerberos.ticket.renew.jitter = 0.05
	sasl.kerberos.ticket.renew.window.factor = 0.8
	sasl.login.callback.handler.class = null
	sasl.login.class = null
	sasl.login.refresh.buffer.seconds = 300
	sasl.login.refresh.min.period.seconds = 60
	sasl.login.refresh.window.factor = 0.8
	sasl.login.refresh.window.jitter = 0.05
	sasl.mechanism = GSSAPI
	security.protocol = PLAINTEXT
	security.providers = null
	send.buffer.bytes = 131072
	session.timeout.ms = 45000
	socket.connection.setup.timeout.max.ms = 30000
	socket.connection.setup.timeout.ms = 10000
	ssl.cipher.suites = null
	ssl.enabled.protocols = [TLSv1.2, TLSv1.3]
	ssl.endpoint.identification.algorithm = https
	ssl.engine.factory.class = null
	ssl.key.password = null
	ssl.keymanager.algorithm = SunX509
	ssl.keystore.certificate.chain = null
	ssl.keystore.key = null
	ssl.keystore.location = null
	ssl.keystore.password = null
	ssl.keystore.type = JKS
	ssl.protocol = TLSv1.3
	ssl.provider = null
	ssl.secure.random.implementation = null
	ssl.trustmanager.algorithm = PKIX
	ssl.truststore.certificates = null
	ssl.truststore.location = null
	ssl.truststore.password = null
	ssl.truststore.type = JKS
	value.deserializer = class org.apache.kafka.common.serialization.StringDeserializer

2025-12-11 10:48:58.120 [main] INFO  o.a.kafka.common.utils.AppInfoParser [node1:8080] - Kafka version: 3.0.2
2025-12-11 10:48:58.121 [main] INFO  o.a.kafka.common.utils.AppInfoParser [node1:8080] - Kafka commitId: 25b1aea02e37da14
2025-12-11 10:48:58.122 [main] INFO  o.a.kafka.common.utils.AppInfoParser [node1:8080] - Kafka startTimeMs: 1765421338120
2025-12-11 10:48:58.123 [main] INFO  o.a.k.clients.consumer.KafkaConsumer [node1:8080] - [Consumer clientId=consumer-pattern-consumer-2, groupId=pattern-consumer] Subscribed to pattern: '.*-events-topic'
2025-12-11 10:48:58.132 [main] INFO  o.a.k.c.consumer.ConsumerConfig [node1:8080] - ConsumerConfig values: 
	allow.auto.create.topics = true
	auto.commit.interval.ms = 5000
	auto.offset.reset = latest
	bootstrap.servers = [127.0.0.1:9093]
	check.crcs = true
	client.dns.lookup = use_all_dns_ips
	client.id = consumer-user-events-consumer-3
	client.rack = 
	connections.max.idle.ms = 540000
	default.api.timeout.ms = 60000
	enable.auto.commit = false
	exclude.internal.topics = true
	fetch.max.bytes = 52428800
	fetch.max.wait.ms = 500
	fetch.min.bytes = 1
	group.id = user-events-consumer
	group.instance.id = null
	heartbeat.interval.ms = 3000
	interceptor.classes = []
	internal.leave.group.on.close = true
	internal.throw.on.fetch.stable.offset.unsupported = false
	isolation.level = read_uncommitted
	key.deserializer = class org.apache.kafka.common.serialization.StringDeserializer
	max.partition.fetch.bytes = 1048576
	max.poll.interval.ms = 300000
	max.poll.records = 500
	metadata.max.age.ms = 300000
	metric.reporters = []
	metrics.num.samples = 2
	metrics.recording.level = INFO
	metrics.sample.window.ms = 30000
	partition.assignment.strategy = [class org.apache.kafka.clients.consumer.RangeAssignor, class org.apache.kafka.clients.consumer.CooperativeStickyAssignor]
	receive.buffer.bytes = 65536
	reconnect.backoff.max.ms = 1000
	reconnect.backoff.ms = 50
	request.timeout.ms = 30000
	retry.backoff.ms = 100
	sasl.client.callback.handler.class = null
	sasl.jaas.config = null
	sasl.kerberos.kinit.cmd = /usr/bin/kinit
	sasl.kerberos.min.time.before.relogin = 60000
	sasl.kerberos.service.name = null
	sasl.kerberos.ticket.renew.jitter = 0.05
	sasl.kerberos.ticket.renew.window.factor = 0.8
	sasl.login.callback.handler.class = null
	sasl.login.class = null
	sasl.login.refresh.buffer.seconds = 300
	sasl.login.refresh.min.period.seconds = 60
	sasl.login.refresh.window.factor = 0.8
	sasl.login.refresh.window.jitter = 0.05
	sasl.mechanism = GSSAPI
	security.protocol = PLAINTEXT
	security.providers = null
	send.buffer.bytes = 131072
	session.timeout.ms = 45000
	socket.connection.setup.timeout.max.ms = 30000
	socket.connection.setup.timeout.ms = 10000
	ssl.cipher.suites = null
	ssl.enabled.protocols = [TLSv1.2, TLSv1.3]
	ssl.endpoint.identification.algorithm = https
	ssl.engine.factory.class = null
	ssl.key.password = null
	ssl.keymanager.algorithm = SunX509
	ssl.keystore.certificate.chain = null
	ssl.keystore.key = null
	ssl.keystore.location = null
	ssl.keystore.password = null
	ssl.keystore.type = JKS
	ssl.protocol = TLSv1.3
	ssl.provider = null
	ssl.secure.random.implementation = null
	ssl.trustmanager.algorithm = PKIX
	ssl.truststore.certificates = null
	ssl.truststore.location = null
	ssl.truststore.password = null
	ssl.truststore.type = JKS
	value.deserializer = class org.apache.kafka.common.serialization.StringDeserializer

2025-12-11 10:48:58.154 [main] INFO  o.a.kafka.common.utils.AppInfoParser [node1:8080] - Kafka version: 3.0.2
2025-12-11 10:48:58.154 [main] INFO  o.a.kafka.common.utils.AppInfoParser [node1:8080] - Kafka commitId: 25b1aea02e37da14
2025-12-11 10:48:58.155 [main] INFO  o.a.kafka.common.utils.AppInfoParser [node1:8080] - Kafka startTimeMs: 1765421338154
2025-12-11 10:48:58.155 [main] INFO  o.a.k.clients.consumer.KafkaConsumer [node1:8080] - [Consumer clientId=consumer-user-events-consumer-3, groupId=user-events-consumer] Subscribed to topic(s): user-events-topic
2025-12-11 10:48:58.163 [main] INFO  o.a.k.c.consumer.ConsumerConfig [node1:8080] - ConsumerConfig values: 
	allow.auto.create.topics = true
	auto.commit.interval.ms = 5000
	auto.offset.reset = earliest
	bootstrap.servers = [127.0.0.1:9093]
	check.crcs = true
	client.dns.lookup = use_all_dns_ips
	client.id = consumer-order-events-consumer-4
	client.rack = 
	connections.max.idle.ms = 540000
	default.api.timeout.ms = 60000
	enable.auto.commit = false
	exclude.internal.topics = true
	fetch.max.bytes = 52428800
	fetch.max.wait.ms = 500
	fetch.min.bytes = 1
	group.id = order-events-consumer
	group.instance.id = null
	heartbeat.interval.ms = 3000
	interceptor.classes = []
	internal.leave.group.on.close = true
	internal.throw.on.fetch.stable.offset.unsupported = false
	isolation.level = read_uncommitted
	key.deserializer = class org.apache.kafka.common.serialization.StringDeserializer
	max.partition.fetch.bytes = 1048576
	max.poll.interval.ms = 300000
	max.poll.records = 500
	metadata.max.age.ms = 300000
	metric.reporters = []
	metrics.num.samples = 2
	metrics.recording.level = INFO
	metrics.sample.window.ms = 30000
	partition.assignment.strategy = [class org.apache.kafka.clients.consumer.RangeAssignor, class org.apache.kafka.clients.consumer.CooperativeStickyAssignor]
	receive.buffer.bytes = 65536
	reconnect.backoff.max.ms = 1000
	reconnect.backoff.ms = 50
	request.timeout.ms = 30000
	retry.backoff.ms = 100
	sasl.client.callback.handler.class = null
	sasl.jaas.config = null
	sasl.kerberos.kinit.cmd = /usr/bin/kinit
	sasl.kerberos.min.time.before.relogin = 60000
	sasl.kerberos.service.name = null
	sasl.kerberos.ticket.renew.jitter = 0.05
	sasl.kerberos.ticket.renew.window.factor = 0.8
	sasl.login.callback.handler.class = null
	sasl.login.class = null
	sasl.login.refresh.buffer.seconds = 300
	sasl.login.refresh.min.period.seconds = 60
	sasl.login.refresh.window.factor = 0.8
	sasl.login.refresh.window.jitter = 0.05
	sasl.mechanism = GSSAPI
	security.protocol = PLAINTEXT
	security.providers = null
	send.buffer.bytes = 131072
	session.timeout.ms = 45000
	socket.connection.setup.timeout.max.ms = 30000
	socket.connection.setup.timeout.ms = 10000
	ssl.cipher.suites = null
	ssl.enabled.protocols = [TLSv1.2, TLSv1.3]
	ssl.endpoint.identification.algorithm = https
	ssl.engine.factory.class = null
	ssl.key.password = null
	ssl.keymanager.algorithm = SunX509
	ssl.keystore.certificate.chain = null
	ssl.keystore.key = null
	ssl.keystore.location = null
	ssl.keystore.password = null
	ssl.keystore.type = JKS
	ssl.protocol = TLSv1.3
	ssl.provider = null
	ssl.secure.random.implementation = null
	ssl.trustmanager.algorithm = PKIX
	ssl.truststore.certificates = null
	ssl.truststore.location = null
	ssl.truststore.password = null
	ssl.truststore.type = JKS
	value.deserializer = class org.apache.kafka.common.serialization.StringDeserializer

2025-12-11 10:48:58.187 [main] INFO  o.a.kafka.common.utils.AppInfoParser [node1:8080] - Kafka version: 3.0.2
2025-12-11 10:48:58.187 [main] INFO  o.a.kafka.common.utils.AppInfoParser [node1:8080] - Kafka commitId: 25b1aea02e37da14
2025-12-11 10:48:58.187 [main] INFO  o.a.kafka.common.utils.AppInfoParser [node1:8080] - Kafka startTimeMs: 1765421338186
2025-12-11 10:48:58.188 [main] INFO  o.a.k.clients.consumer.KafkaConsumer [node1:8080] - [Consumer clientId=consumer-order-events-consumer-4, groupId=order-events-consumer] Subscribed to topic(s): order-events-topic
2025-12-11 10:48:58.236 [main] INFO  o.s.b.w.e.tomcat.TomcatWebServer [node1:8080] - Tomcat started on port(s): 8080 (http) with context path ''
2025-12-11 10:48:58.236 [org.springframework.kafka.KafkaListenerEndpointContainer#2-0-C-1] INFO  org.apache.kafka.clients.Metadata [node1:8080] - [Consumer clientId=consumer-notification-batch-consumer-1, groupId=notification-batch-consumer] Resetting the last seen epoch of partition notification-topic-0 to 0 since the associated topicId changed from null to ijmXFJA0Rrmn4LFk4ULykA
2025-12-11 10:48:58.238 [org.springframework.kafka.KafkaListenerEndpointContainer#2-0-C-1] INFO  org.apache.kafka.clients.Metadata [node1:8080] - [Consumer clientId=consumer-notification-batch-consumer-1, groupId=notification-batch-consumer] Cluster ID: sOJBYIVSQLWpg94NPVJ1_g
2025-12-11 10:48:58.241 [org.springframework.kafka.KafkaListenerEndpointContainer#2-0-C-1] INFO  o.a.k.c.c.i.ConsumerCoordinator [node1:8080] - [Consumer clientId=consumer-notification-batch-consumer-1, groupId=notification-batch-consumer] Discovered group coordinator localhost:9093 (id: 2147482646 rack: null)
2025-12-11 10:48:58.246 [org.springframework.kafka.KafkaListenerEndpointContainer#2-0-C-1] INFO  o.a.k.c.c.i.ConsumerCoordinator [node1:8080] - [Consumer clientId=consumer-notification-batch-consumer-1, groupId=notification-batch-consumer] (Re-)joining group
2025-12-11 10:48:58.270 [org.springframework.kafka.KafkaListenerEndpointContainer#3-0-C-1] INFO  org.apache.kafka.clients.Metadata [node1:8080] - [Consumer clientId=consumer-pattern-consumer-2, groupId=pattern-consumer] Resetting the last seen epoch of partition order-events-topic-0 to 0 since the associated topicId changed from null to S-jFKcJPSjSUm6FAu4JKEQ
2025-12-11 10:48:58.270 [org.springframework.kafka.KafkaListenerEndpointContainer#3-0-C-1] INFO  org.apache.kafka.clients.Metadata [node1:8080] - [Consumer clientId=consumer-pattern-consumer-2, groupId=pattern-consumer] Resetting the last seen epoch of partition order-events-topic-4 to 0 since the associated topicId changed from null to S-jFKcJPSjSUm6FAu4JKEQ
2025-12-11 10:48:58.271 [org.springframework.kafka.KafkaListenerEndpointContainer#3-0-C-1] INFO  org.apache.kafka.clients.Metadata [node1:8080] - [Consumer clientId=consumer-pattern-consumer-2, groupId=pattern-consumer] Resetting the last seen epoch of partition order-events-topic-1 to 0 since the associated topicId changed from null to S-jFKcJPSjSUm6FAu4JKEQ
2025-12-11 10:48:58.271 [org.springframework.kafka.KafkaListenerEndpointContainer#3-0-C-1] INFO  org.apache.kafka.clients.Metadata [node1:8080] - [Consumer clientId=consumer-pattern-consumer-2, groupId=pattern-consumer] Resetting the last seen epoch of partition order-events-topic-2 to 0 since the associated topicId changed from null to S-jFKcJPSjSUm6FAu4JKEQ
2025-12-11 10:48:58.271 [org.springframework.kafka.KafkaListenerEndpointContainer#3-0-C-1] INFO  org.apache.kafka.clients.Metadata [node1:8080] - [Consumer clientId=consumer-pattern-consumer-2, groupId=pattern-consumer] Resetting the last seen epoch of partition order-events-topic-3 to 0 since the associated topicId changed from null to S-jFKcJPSjSUm6FAu4JKEQ
2025-12-11 10:48:58.271 [org.springframework.kafka.KafkaListenerEndpointContainer#3-0-C-1] INFO  org.apache.kafka.clients.Metadata [node1:8080] - [Consumer clientId=consumer-pattern-consumer-2, groupId=pattern-consumer] Resetting the last seen epoch of partition user-events-topic-0 to 0 since the associated topicId changed from null to fcT4s_ILQFSo6P7BMOCX_Q
2025-12-11 10:48:58.271 [org.springframework.kafka.KafkaListenerEndpointContainer#3-0-C-1] INFO  org.apache.kafka.clients.Metadata [node1:8080] - [Consumer clientId=consumer-pattern-consumer-2, groupId=pattern-consumer] Resetting the last seen epoch of partition user-events-topic-2 to 0 since the associated topicId changed from null to fcT4s_ILQFSo6P7BMOCX_Q
2025-12-11 10:48:58.272 [org.springframework.kafka.KafkaListenerEndpointContainer#3-0-C-1] INFO  org.apache.kafka.clients.Metadata [node1:8080] - [Consumer clientId=consumer-pattern-consumer-2, groupId=pattern-consumer] Resetting the last seen epoch of partition user-events-topic-1 to 0 since the associated topicId changed from null to fcT4s_ILQFSo6P7BMOCX_Q
2025-12-11 10:48:58.272 [org.springframework.kafka.KafkaListenerEndpointContainer#3-0-C-1] INFO  org.apache.kafka.clients.Metadata [node1:8080] - [Consumer clientId=consumer-pattern-consumer-2, groupId=pattern-consumer] Cluster ID: sOJBYIVSQLWpg94NPVJ1_g
2025-12-11 10:48:58.306 [main] INFO  c.a.n.p.a.s.c.ClientAuthPluginManager [node1:8080] - [ClientAuthPluginManager] Load ClientAuthService com.alibaba.nacos.client.auth.impl.NacosClientAuthServiceImpl success.
2025-12-11 10:48:58.306 [main] INFO  c.a.n.p.a.s.c.ClientAuthPluginManager [node1:8080] - [ClientAuthPluginManager] Load ClientAuthService com.alibaba.nacos.client.auth.ram.RamClientAuthServiceImpl success.
2025-12-11 10:48:58.325 [org.springframework.kafka.KafkaListenerEndpointContainer#0-0-C-1] INFO  org.apache.kafka.clients.Metadata [node1:8080] - [Consumer clientId=consumer-user-events-consumer-3, groupId=user-events-consumer] Resetting the last seen epoch of partition user-events-topic-0 to 0 since the associated topicId changed from null to fcT4s_ILQFSo6P7BMOCX_Q
2025-12-11 10:48:58.326 [org.springframework.kafka.KafkaListenerEndpointContainer#0-0-C-1] INFO  org.apache.kafka.clients.Metadata [node1:8080] - [Consumer clientId=consumer-user-events-consumer-3, groupId=user-events-consumer] Resetting the last seen epoch of partition user-events-topic-2 to 0 since the associated topicId changed from null to fcT4s_ILQFSo6P7BMOCX_Q
2025-12-11 10:48:58.327 [org.springframework.kafka.KafkaListenerEndpointContainer#1-0-C-1] INFO  org.apache.kafka.clients.Metadata [node1:8080] - [Consumer clientId=consumer-order-events-consumer-4, groupId=order-events-consumer] Resetting the last seen epoch of partition order-events-topic-0 to 0 since the associated topicId changed from null to S-jFKcJPSjSUm6FAu4JKEQ
2025-12-11 10:48:58.327 [org.springframework.kafka.KafkaListenerEndpointContainer#1-0-C-1] INFO  org.apache.kafka.clients.Metadata [node1:8080] - [Consumer clientId=consumer-order-events-consumer-4, groupId=order-events-consumer] Resetting the last seen epoch of partition order-events-topic-4 to 0 since the associated topicId changed from null to S-jFKcJPSjSUm6FAu4JKEQ
2025-12-11 10:48:58.327 [org.springframework.kafka.KafkaListenerEndpointContainer#1-0-C-1] INFO  org.apache.kafka.clients.Metadata [node1:8080] - [Consumer clientId=consumer-order-events-consumer-4, groupId=order-events-consumer] Resetting the last seen epoch of partition order-events-topic-1 to 0 since the associated topicId changed from null to S-jFKcJPSjSUm6FAu4JKEQ
2025-12-11 10:48:58.328 [org.springframework.kafka.KafkaListenerEndpointContainer#1-0-C-1] INFO  org.apache.kafka.clients.Metadata [node1:8080] - [Consumer clientId=consumer-order-events-consumer-4, groupId=order-events-consumer] Resetting the last seen epoch of partition order-events-topic-2 to 0 since the associated topicId changed from null to S-jFKcJPSjSUm6FAu4JKEQ
2025-12-11 10:48:58.328 [org.springframework.kafka.KafkaListenerEndpointContainer#1-0-C-1] INFO  org.apache.kafka.clients.Metadata [node1:8080] - [Consumer clientId=consumer-order-events-consumer-4, groupId=order-events-consumer] Resetting the last seen epoch of partition order-events-topic-3 to 0 since the associated topicId changed from null to S-jFKcJPSjSUm6FAu4JKEQ
2025-12-11 10:48:58.327 [org.springframework.kafka.KafkaListenerEndpointContainer#0-0-C-1] INFO  org.apache.kafka.clients.Metadata [node1:8080] - [Consumer clientId=consumer-user-events-consumer-3, groupId=user-events-consumer] Resetting the last seen epoch of partition user-events-topic-1 to 0 since the associated topicId changed from null to fcT4s_ILQFSo6P7BMOCX_Q
2025-12-11 10:48:58.329 [org.springframework.kafka.KafkaListenerEndpointContainer#0-0-C-1] INFO  org.apache.kafka.clients.Metadata [node1:8080] - [Consumer clientId=consumer-user-events-consumer-3, groupId=user-events-consumer] Cluster ID: sOJBYIVSQLWpg94NPVJ1_g
2025-12-11 10:48:58.329 [org.springframework.kafka.KafkaListenerEndpointContainer#1-0-C-1] INFO  org.apache.kafka.clients.Metadata [node1:8080] - [Consumer clientId=consumer-order-events-consumer-4, groupId=order-events-consumer] Cluster ID: sOJBYIVSQLWpg94NPVJ1_g
2025-12-11 10:48:58.344 [org.springframework.kafka.KafkaListenerEndpointContainer#0-0-C-1] INFO  o.a.k.c.c.i.ConsumerCoordinator [node1:8080] - [Consumer clientId=consumer-user-events-consumer-3, groupId=user-events-consumer] Discovered group coordinator localhost:9093 (id: 2147482646 rack: null)
2025-12-11 10:48:58.344 [org.springframework.kafka.KafkaListenerEndpointContainer#3-0-C-1] INFO  o.a.k.c.c.i.ConsumerCoordinator [node1:8080] - [Consumer clientId=consumer-pattern-consumer-2, groupId=pattern-consumer] Discovered group coordinator localhost:9093 (id: 2147482646 rack: null)
2025-12-11 10:48:58.347 [org.springframework.kafka.KafkaListenerEndpointContainer#0-0-C-1] INFO  o.a.k.c.c.i.ConsumerCoordinator [node1:8080] - [Consumer clientId=consumer-user-events-consumer-3, groupId=user-events-consumer] (Re-)joining group
2025-12-11 10:48:58.355 [org.springframework.kafka.KafkaListenerEndpointContainer#3-0-C-1] INFO  o.a.k.c.c.i.ConsumerCoordinator [node1:8080] - [Consumer clientId=consumer-pattern-consumer-2, groupId=pattern-consumer] (Re-)joining group
2025-12-11 10:48:58.365 [org.springframework.kafka.KafkaListenerEndpointContainer#1-0-C-1] INFO  o.a.k.c.c.i.ConsumerCoordinator [node1:8080] - [Consumer clientId=consumer-order-events-consumer-4, groupId=order-events-consumer] Discovered group coordinator localhost:9093 (id: 2147482646 rack: null)
2025-12-11 10:48:58.371 [org.springframework.kafka.KafkaListenerEndpointContainer#1-0-C-1] INFO  o.a.k.c.c.i.ConsumerCoordinator [node1:8080] - [Consumer clientId=consumer-order-events-consumer-4, groupId=order-events-consumer] (Re-)joining group
2025-12-11 10:48:58.474 [org.springframework.kafka.KafkaListenerEndpointContainer#2-0-C-1] INFO  o.a.k.c.c.i.ConsumerCoordinator [node1:8080] - [Consumer clientId=consumer-notification-batch-consumer-1, groupId=notification-batch-consumer] Request joining group due to: need to re-join with the given member-id
2025-12-11 10:48:58.475 [org.springframework.kafka.KafkaListenerEndpointContainer#2-0-C-1] INFO  o.a.k.c.c.i.ConsumerCoordinator [node1:8080] - [Consumer clientId=consumer-notification-batch-consumer-1, groupId=notification-batch-consumer] (Re-)joining group
2025-12-11 10:48:58.563 [org.springframework.kafka.KafkaListenerEndpointContainer#0-0-C-1] INFO  o.a.k.c.c.i.ConsumerCoordinator [node1:8080] - [Consumer clientId=consumer-user-events-consumer-3, groupId=user-events-consumer] Request joining group due to: need to re-join with the given member-id
2025-12-11 10:48:58.564 [org.springframework.kafka.KafkaListenerEndpointContainer#0-0-C-1] INFO  o.a.k.c.c.i.ConsumerCoordinator [node1:8080] - [Consumer clientId=consumer-user-events-consumer-3, groupId=user-events-consumer] (Re-)joining group
2025-12-11 10:48:58.595 [main] INFO  c.a.c.n.r.NacosServiceRegistry [node1:8080] - nacos registry, DEFAULT_GROUP nacos-demo-service 192.168.31.227:8080 register finished
2025-12-11 10:48:58.677 [main] INFO  com.example.demo.DemoApplication [node1:8080] - Started DemoApplication in 39.57 seconds (JVM running for 43.035)
2025-12-11 10:48:58.689 [org.springframework.kafka.KafkaListenerEndpointContainer#3-0-C-1] INFO  o.a.k.c.c.i.ConsumerCoordinator [node1:8080] - [Consumer clientId=consumer-pattern-consumer-2, groupId=pattern-consumer] Request joining group due to: need to re-join with the given member-id
2025-12-11 10:48:58.690 [org.springframework.kafka.KafkaListenerEndpointContainer#3-0-C-1] INFO  o.a.k.c.c.i.ConsumerCoordinator [node1:8080] - [Consumer clientId=consumer-pattern-consumer-2, groupId=pattern-consumer] (Re-)joining group
2025-12-11 10:48:58.705 [org.springframework.kafka.KafkaListenerEndpointContainer#1-0-C-1] INFO  o.a.k.c.c.i.ConsumerCoordinator [node1:8080] - [Consumer clientId=consumer-order-events-consumer-4, groupId=order-events-consumer] Request joining group due to: need to re-join with the given member-id
2025-12-11 10:48:58.706 [org.springframework.kafka.KafkaListenerEndpointContainer#1-0-C-1] INFO  o.a.k.c.c.i.ConsumerCoordinator [node1:8080] - [Consumer clientId=consumer-order-events-consumer-4, groupId=order-events-consumer] (Re-)joining group
2025-12-11 10:48:58.742 [main] INFO  c.a.c.n.r.NacosContextRefresher [node1:8080] - [Nacos Config] Listening config: dataId=nacos-demo-service-local.properties, group=DEFAULT_GROUP
2025-12-11 10:48:58.744 [main] INFO  com.example.demo.DemoApplication [node1:8080] - 应用启动完成，开始测试日志输出
2025-12-11 10:48:59.184 [RMI TCP Connection(3)-127.0.0.1] INFO  o.a.c.c.C.[Tomcat].[localhost].[/] [node1:8080] - Initializing Spring DispatcherServlet 'dispatcherServlet'
2025-12-11 10:48:59.184 [RMI TCP Connection(3)-127.0.0.1] INFO  o.s.web.servlet.DispatcherServlet [node1:8080] - Initializing Servlet 'dispatcherServlet'
2025-12-11 10:48:59.189 [RMI TCP Connection(3)-127.0.0.1] INFO  o.s.web.servlet.DispatcherServlet [node1:8080] - Completed initialization in 4 ms
2025-12-11 10:49:01.716 [org.springframework.kafka.KafkaListenerEndpointContainer#2-0-C-1] INFO  o.a.k.c.c.i.ConsumerCoordinator [node1:8080] - [Consumer clientId=consumer-notification-batch-consumer-1, groupId=notification-batch-consumer] Successfully joined group with generation Generation{generationId=39, memberId='consumer-notification-batch-consumer-1-19685080-ba47-4e94-8114-58ffa07843dc', protocol='range'}
2025-12-11 10:49:01.726 [org.springframework.kafka.KafkaListenerEndpointContainer#2-0-C-1] INFO  o.a.k.c.c.i.ConsumerCoordinator [node1:8080] - [Consumer clientId=consumer-notification-batch-consumer-1, groupId=notification-batch-consumer] Finished assignment for group at generation 39: {consumer-notification-batch-consumer-1-19685080-ba47-4e94-8114-58ffa07843dc=Assignment(partitions=[notification-topic-0])}
2025-12-11 10:49:01.975 [org.springframework.kafka.KafkaListenerEndpointContainer#0-0-C-1] INFO  o.a.k.c.c.i.ConsumerCoordinator [node1:8080] - [Consumer clientId=consumer-user-events-consumer-3, groupId=user-events-consumer] Successfully joined group with generation Generation{generationId=41, memberId='consumer-user-events-consumer-3-821f327d-cce5-48a4-8c86-8a19acf07855', protocol='range'}
2025-12-11 10:49:01.976 [org.springframework.kafka.KafkaListenerEndpointContainer#0-0-C-1] INFO  o.a.k.c.c.i.ConsumerCoordinator [node1:8080] - [Consumer clientId=consumer-user-events-consumer-3, groupId=user-events-consumer] Finished assignment for group at generation 41: {consumer-user-events-consumer-3-821f327d-cce5-48a4-8c86-8a19acf07855=Assignment(partitions=[user-events-topic-0, user-events-topic-1, user-events-topic-2])}
2025-12-11 10:49:02.077 [org.springframework.kafka.KafkaListenerEndpointContainer#2-0-C-1] INFO  o.a.k.c.c.i.ConsumerCoordinator [node1:8080] - [Consumer clientId=consumer-notification-batch-consumer-1, groupId=notification-batch-consumer] Successfully synced group in generation Generation{generationId=39, memberId='consumer-notification-batch-consumer-1-19685080-ba47-4e94-8114-58ffa07843dc', protocol='range'}
2025-12-11 10:49:02.078 [org.springframework.kafka.KafkaListenerEndpointContainer#2-0-C-1] INFO  o.a.k.c.c.i.ConsumerCoordinator [node1:8080] - [Consumer clientId=consumer-notification-batch-consumer-1, groupId=notification-batch-consumer] Notifying assignor about the new Assignment(partitions=[notification-topic-0])
2025-12-11 10:49:02.084 [org.springframework.kafka.KafkaListenerEndpointContainer#2-0-C-1] INFO  o.a.k.c.c.i.ConsumerCoordinator [node1:8080] - [Consumer clientId=consumer-notification-batch-consumer-1, groupId=notification-batch-consumer] Adding newly assigned partitions: notification-topic-0
2025-12-11 10:49:02.206 [org.springframework.kafka.KafkaListenerEndpointContainer#1-0-C-1] INFO  o.a.k.c.c.i.ConsumerCoordinator [node1:8080] - [Consumer clientId=consumer-order-events-consumer-4, groupId=order-events-consumer] Successfully joined group with generation Generation{generationId=37, memberId='consumer-order-events-consumer-4-aeb5b37a-08a9-4f40-835b-55347e30b2a5', protocol='range'}
2025-12-11 10:49:02.207 [org.springframework.kafka.KafkaListenerEndpointContainer#1-0-C-1] INFO  o.a.k.c.c.i.ConsumerCoordinator [node1:8080] - [Consumer clientId=consumer-order-events-consumer-4, groupId=order-events-consumer] Finished assignment for group at generation 37: {consumer-order-events-consumer-4-aeb5b37a-08a9-4f40-835b-55347e30b2a5=Assignment(partitions=[order-events-topic-0, order-events-topic-1, order-events-topic-2, order-events-topic-3, order-events-topic-4])}
2025-12-11 10:49:02.264 [org.springframework.kafka.KafkaListenerEndpointContainer#0-0-C-1] INFO  o.a.k.c.c.i.ConsumerCoordinator [node1:8080] - [Consumer clientId=consumer-user-events-consumer-3, groupId=user-events-consumer] Successfully synced group in generation Generation{generationId=41, memberId='consumer-user-events-consumer-3-821f327d-cce5-48a4-8c86-8a19acf07855', protocol='range'}
2025-12-11 10:49:02.264 [org.springframework.kafka.KafkaListenerEndpointContainer#0-0-C-1] INFO  o.a.k.c.c.i.ConsumerCoordinator [node1:8080] - [Consumer clientId=consumer-user-events-consumer-3, groupId=user-events-consumer] Notifying assignor about the new Assignment(partitions=[user-events-topic-0, user-events-topic-1, user-events-topic-2])
2025-12-11 10:49:02.265 [org.springframework.kafka.KafkaListenerEndpointContainer#0-0-C-1] INFO  o.a.k.c.c.i.ConsumerCoordinator [node1:8080] - [Consumer clientId=consumer-user-events-consumer-3, groupId=user-events-consumer] Adding newly assigned partitions: user-events-topic-1, user-events-topic-2, user-events-topic-0
2025-12-11 10:49:02.274 [org.springframework.kafka.KafkaListenerEndpointContainer#2-0-C-1] INFO  o.a.k.c.c.i.ConsumerCoordinator [node1:8080] - [Consumer clientId=consumer-notification-batch-consumer-1, groupId=notification-batch-consumer] Setting offset for partition notification-topic-0 to the committed offset FetchPosition{offset=0, offsetEpoch=Optional.empty, currentLeader=LeaderAndEpoch{leader=Optional[localhost:9093 (id: 1001 rack: null)], epoch=0}}
2025-12-11 10:49:02.277 [org.springframework.kafka.KafkaListenerEndpointContainer#2-0-C-1] INFO  o.s.k.l.KafkaMessageListenerContainer [node1:8080] - notification-batch-consumer: partitions assigned: [notification-topic-0]
2025-12-11 10:49:02.635 [org.springframework.kafka.KafkaListenerEndpointContainer#0-0-C-1] INFO  o.a.k.c.c.i.ConsumerCoordinator [node1:8080] - [Consumer clientId=consumer-user-events-consumer-3, groupId=user-events-consumer] Setting offset for partition user-events-topic-1 to the committed offset FetchPosition{offset=4, offsetEpoch=Optional.empty, currentLeader=LeaderAndEpoch{leader=Optional[localhost:9093 (id: 1001 rack: null)], epoch=0}}
2025-12-11 10:49:02.636 [org.springframework.kafka.KafkaListenerEndpointContainer#0-0-C-1] INFO  o.a.k.c.c.i.ConsumerCoordinator [node1:8080] - [Consumer clientId=consumer-user-events-consumer-3, groupId=user-events-consumer] Setting offset for partition user-events-topic-2 to the committed offset FetchPosition{offset=4, offsetEpoch=Optional.empty, currentLeader=LeaderAndEpoch{leader=Optional[localhost:9093 (id: 1001 rack: null)], epoch=0}}
2025-12-11 10:49:02.636 [org.springframework.kafka.KafkaListenerEndpointContainer#0-0-C-1] INFO  o.a.k.c.c.i.ConsumerCoordinator [node1:8080] - [Consumer clientId=consumer-user-events-consumer-3, groupId=user-events-consumer] Setting offset for partition user-events-topic-0 to the committed offset FetchPosition{offset=7, offsetEpoch=Optional.empty, currentLeader=LeaderAndEpoch{leader=Optional[localhost:9093 (id: 1001 rack: null)], epoch=0}}
2025-12-11 10:49:02.637 [org.springframework.kafka.KafkaListenerEndpointContainer#0-0-C-1] INFO  o.s.k.l.KafkaMessageListenerContainer [node1:8080] - user-events-consumer: partitions assigned: [user-events-topic-1, user-events-topic-2, user-events-topic-0]
2025-12-11 10:49:02.704 [org.springframework.kafka.KafkaListenerEndpointContainer#1-0-C-1] INFO  o.a.k.c.c.i.ConsumerCoordinator [node1:8080] - [Consumer clientId=consumer-order-events-consumer-4, groupId=order-events-consumer] Successfully synced group in generation Generation{generationId=37, memberId='consumer-order-events-consumer-4-aeb5b37a-08a9-4f40-835b-55347e30b2a5', protocol='range'}
2025-12-11 10:49:02.704 [org.springframework.kafka.KafkaListenerEndpointContainer#1-0-C-1] INFO  o.a.k.c.c.i.ConsumerCoordinator [node1:8080] - [Consumer clientId=consumer-order-events-consumer-4, groupId=order-events-consumer] Notifying assignor about the new Assignment(partitions=[order-events-topic-0, order-events-topic-1, order-events-topic-2, order-events-topic-3, order-events-topic-4])
2025-12-11 10:49:02.704 [org.springframework.kafka.KafkaListenerEndpointContainer#1-0-C-1] INFO  o.a.k.c.c.i.ConsumerCoordinator [node1:8080] - [Consumer clientId=consumer-order-events-consumer-4, groupId=order-events-consumer] Adding newly assigned partitions: order-events-topic-4, order-events-topic-2, order-events-topic-3, order-events-topic-0, order-events-topic-1
2025-12-11 10:49:02.724 [org.springframework.kafka.KafkaListenerEndpointContainer#1-0-C-1] INFO  o.a.k.c.c.i.ConsumerCoordinator [node1:8080] - [Consumer clientId=consumer-order-events-consumer-4, groupId=order-events-consumer] Setting offset for partition order-events-topic-4 to the committed offset FetchPosition{offset=0, offsetEpoch=Optional.empty, currentLeader=LeaderAndEpoch{leader=Optional[localhost:9093 (id: 1001 rack: null)], epoch=0}}
2025-12-11 10:49:02.725 [org.springframework.kafka.KafkaListenerEndpointContainer#1-0-C-1] INFO  o.a.k.c.c.i.ConsumerCoordinator [node1:8080] - [Consumer clientId=consumer-order-events-consumer-4, groupId=order-events-consumer] Setting offset for partition order-events-topic-2 to the committed offset FetchPosition{offset=0, offsetEpoch=Optional.empty, currentLeader=LeaderAndEpoch{leader=Optional[localhost:9093 (id: 1001 rack: null)], epoch=0}}
2025-12-11 10:49:02.725 [org.springframework.kafka.KafkaListenerEndpointContainer#1-0-C-1] INFO  o.a.k.c.c.i.ConsumerCoordinator [node1:8080] - [Consumer clientId=consumer-order-events-consumer-4, groupId=order-events-consumer] Setting offset for partition order-events-topic-3 to the committed offset FetchPosition{offset=0, offsetEpoch=Optional.empty, currentLeader=LeaderAndEpoch{leader=Optional[localhost:9093 (id: 1001 rack: null)], epoch=0}}
2025-12-11 10:49:02.725 [org.springframework.kafka.KafkaListenerEndpointContainer#1-0-C-1] INFO  o.a.k.c.c.i.ConsumerCoordinator [node1:8080] - [Consumer clientId=consumer-order-events-consumer-4, groupId=order-events-consumer] Setting offset for partition order-events-topic-0 to the committed offset FetchPosition{offset=0, offsetEpoch=Optional.empty, currentLeader=LeaderAndEpoch{leader=Optional[localhost:9093 (id: 1001 rack: null)], epoch=0}}
2025-12-11 10:49:02.726 [org.springframework.kafka.KafkaListenerEndpointContainer#1-0-C-1] INFO  o.a.k.c.c.i.ConsumerCoordinator [node1:8080] - [Consumer clientId=consumer-order-events-consumer-4, groupId=order-events-consumer] Setting offset for partition order-events-topic-1 to the committed offset FetchPosition{offset=0, offsetEpoch=Optional.empty, currentLeader=LeaderAndEpoch{leader=Optional[localhost:9093 (id: 1001 rack: null)], epoch=0}}
2025-12-11 10:49:02.726 [org.springframework.kafka.KafkaListenerEndpointContainer#1-0-C-1] INFO  o.s.k.l.KafkaMessageListenerContainer [node1:8080] - order-events-consumer: partitions assigned: [order-events-topic-4, order-events-topic-2, order-events-topic-3, order-events-topic-0, order-events-topic-1]
2025-12-11 10:49:02.949 [org.springframework.kafka.KafkaListenerEndpointContainer#3-0-C-1] INFO  o.a.k.c.c.i.ConsumerCoordinator [node1:8080] - [Consumer clientId=consumer-pattern-consumer-2, groupId=pattern-consumer] Successfully joined group with generation Generation{generationId=37, memberId='consumer-pattern-consumer-2-90705f72-c8ed-4145-b84e-2e0b6f66460e', protocol='range'}
2025-12-11 10:49:02.950 [org.springframework.kafka.KafkaListenerEndpointContainer#3-0-C-1] INFO  o.a.k.c.c.i.ConsumerCoordinator [node1:8080] - [Consumer clientId=consumer-pattern-consumer-2, groupId=pattern-consumer] Finished assignment for group at generation 37: {consumer-pattern-consumer-2-90705f72-c8ed-4145-b84e-2e0b6f66460e=Assignment(partitions=[user-events-topic-0, user-events-topic-1, user-events-topic-2, order-events-topic-0, order-events-topic-1, order-events-topic-2, order-events-topic-3, order-events-topic-4])}
2025-12-11 10:49:02.993 [org.springframework.kafka.KafkaListenerEndpointContainer#3-0-C-1] INFO  o.a.k.c.c.i.ConsumerCoordinator [node1:8080] - [Consumer clientId=consumer-pattern-consumer-2, groupId=pattern-consumer] Successfully synced group in generation Generation{generationId=37, memberId='consumer-pattern-consumer-2-90705f72-c8ed-4145-b84e-2e0b6f66460e', protocol='range'}
2025-12-11 10:49:02.994 [org.springframework.kafka.KafkaListenerEndpointContainer#3-0-C-1] INFO  o.a.k.c.c.i.ConsumerCoordinator [node1:8080] - [Consumer clientId=consumer-pattern-consumer-2, groupId=pattern-consumer] Notifying assignor about the new Assignment(partitions=[user-events-topic-0, user-events-topic-1, user-events-topic-2, order-events-topic-0, order-events-topic-1, order-events-topic-2, order-events-topic-3, order-events-topic-4])
2025-12-11 10:49:02.995 [org.springframework.kafka.KafkaListenerEndpointContainer#3-0-C-1] INFO  o.a.k.c.c.i.ConsumerCoordinator [node1:8080] - [Consumer clientId=consumer-pattern-consumer-2, groupId=pattern-consumer] Adding newly assigned partitions: user-events-topic-1, user-events-topic-2, order-events-topic-4, user-events-topic-0, order-events-topic-2, order-events-topic-3, order-events-topic-0, order-events-topic-1
2025-12-11 10:49:03.013 [org.springframework.kafka.KafkaListenerEndpointContainer#3-0-C-1] INFO  o.a.k.c.c.i.ConsumerCoordinator [node1:8080] - [Consumer clientId=consumer-pattern-consumer-2, groupId=pattern-consumer] Setting offset for partition user-events-topic-1 to the committed offset FetchPosition{offset=4, offsetEpoch=Optional.empty, currentLeader=LeaderAndEpoch{leader=Optional[localhost:9093 (id: 1001 rack: null)], epoch=0}}
2025-12-11 10:49:03.013 [org.springframework.kafka.KafkaListenerEndpointContainer#3-0-C-1] INFO  o.a.k.c.c.i.ConsumerCoordinator [node1:8080] - [Consumer clientId=consumer-pattern-consumer-2, groupId=pattern-consumer] Setting offset for partition user-events-topic-2 to the committed offset FetchPosition{offset=4, offsetEpoch=Optional.empty, currentLeader=LeaderAndEpoch{leader=Optional[localhost:9093 (id: 1001 rack: null)], epoch=0}}
2025-12-11 10:49:03.014 [org.springframework.kafka.KafkaListenerEndpointContainer#3-0-C-1] INFO  o.a.k.c.c.i.ConsumerCoordinator [node1:8080] - [Consumer clientId=consumer-pattern-consumer-2, groupId=pattern-consumer] Setting offset for partition order-events-topic-4 to the committed offset FetchPosition{offset=0, offsetEpoch=Optional.empty, currentLeader=LeaderAndEpoch{leader=Optional[localhost:9093 (id: 1001 rack: null)], epoch=0}}
2025-12-11 10:49:03.014 [org.springframework.kafka.KafkaListenerEndpointContainer#3-0-C-1] INFO  o.a.k.c.c.i.ConsumerCoordinator [node1:8080] - [Consumer clientId=consumer-pattern-consumer-2, groupId=pattern-consumer] Setting offset for partition user-events-topic-0 to the committed offset FetchPosition{offset=7, offsetEpoch=Optional.empty, currentLeader=LeaderAndEpoch{leader=Optional[localhost:9093 (id: 1001 rack: null)], epoch=0}}
2025-12-11 10:49:03.014 [org.springframework.kafka.KafkaListenerEndpointContainer#3-0-C-1] INFO  o.a.k.c.c.i.ConsumerCoordinator [node1:8080] - [Consumer clientId=consumer-pattern-consumer-2, groupId=pattern-consumer] Setting offset for partition order-events-topic-2 to the committed offset FetchPosition{offset=0, offsetEpoch=Optional.empty, currentLeader=LeaderAndEpoch{leader=Optional[localhost:9093 (id: 1001 rack: null)], epoch=0}}
2025-12-11 10:49:03.014 [org.springframework.kafka.KafkaListenerEndpointContainer#3-0-C-1] INFO  o.a.k.c.c.i.ConsumerCoordinator [node1:8080] - [Consumer clientId=consumer-pattern-consumer-2, groupId=pattern-consumer] Setting offset for partition order-events-topic-3 to the committed offset FetchPosition{offset=0, offsetEpoch=Optional.empty, currentLeader=LeaderAndEpoch{leader=Optional[localhost:9093 (id: 1001 rack: null)], epoch=0}}
2025-12-11 10:49:03.015 [org.springframework.kafka.KafkaListenerEndpointContainer#3-0-C-1] INFO  o.a.k.c.c.i.ConsumerCoordinator [node1:8080] - [Consumer clientId=consumer-pattern-consumer-2, groupId=pattern-consumer] Setting offset for partition order-events-topic-0 to the committed offset FetchPosition{offset=0, offsetEpoch=Optional.empty, currentLeader=LeaderAndEpoch{leader=Optional[localhost:9093 (id: 1001 rack: null)], epoch=0}}
2025-12-11 10:49:03.015 [org.springframework.kafka.KafkaListenerEndpointContainer#3-0-C-1] INFO  o.a.k.c.c.i.ConsumerCoordinator [node1:8080] - [Consumer clientId=consumer-pattern-consumer-2, groupId=pattern-consumer] Setting offset for partition order-events-topic-1 to the committed offset FetchPosition{offset=0, offsetEpoch=Optional.empty, currentLeader=LeaderAndEpoch{leader=Optional[localhost:9093 (id: 1001 rack: null)], epoch=0}}
2025-12-11 10:49:03.015 [org.springframework.kafka.KafkaListenerEndpointContainer#3-0-C-1] INFO  o.s.k.l.KafkaMessageListenerContainer [node1:8080] - pattern-consumer: partitions assigned: [user-events-topic-1, user-events-topic-2, order-events-topic-4, user-events-topic-0, order-events-topic-2, order-events-topic-3, order-events-topic-0, order-events-topic-1]
2025-12-11 10:49:07.419 [http-nio-8080-exec-1] INFO  c.example.demo.aop.WebControllerAOP [node1:8080] - [请求开始] ID: 011b4be8
2025-12-11 10:49:07.420 [http-nio-8080-exec-1] INFO  c.example.demo.aop.WebControllerAOP [node1:8080] - 请求路径: /api/redis/api
2025-12-11 10:49:07.421 [http-nio-8080-exec-1] INFO  c.example.demo.aop.WebControllerAOP [node1:8080] - 客户端IP: 0:0:0:0:0:0:0:1
2025-12-11 10:49:07.421 [http-nio-8080-exec-1] INFO  c.example.demo.aop.WebControllerAOP [node1:8080] - 方法: DemoController.request
2025-12-11 10:49:07.571 [http-nio-8080-exec-1] INFO  c.example.demo.aop.WebControllerAOP [node1:8080] - 参数: {}
2025-12-11 10:49:07.704 [http-nio-8080-exec-1] DEBUG org.mybatis.spring.SqlSessionUtils [node1:8080] - Creating a new SqlSession
2025-12-11 10:49:07.713 [http-nio-8080-exec-1] DEBUG org.mybatis.spring.SqlSessionUtils [node1:8080] - SqlSession [org.apache.ibatis.session.defaults.DefaultSqlSession@4e260907] was not registered for synchronization because synchronization is not active
2025-12-11 10:49:07.845 [http-nio-8080-exec-1] DEBUG o.m.s.t.SpringManagedTransaction [node1:8080] - JDBC Connection [HikariProxyConnection@674034994 wrapping com.mysql.cj.jdbc.ConnectionImpl@71005d5d] will not be managed by Spring
2025-12-11 10:49:08.042 [http-nio-8080-exec-1] DEBUG org.mybatis.spring.SqlSessionUtils [node1:8080] - Closing non transactional SqlSession [org.apache.ibatis.session.defaults.DefaultSqlSession@4e260907]
2025-12-11 10:49:08.169 [http-nio-8080-exec-1] ERROR o.a.c.c.C.[.[.[.[dispatcherServlet] [node1:8080] - Servlet.service() for servlet [dispatcherServlet] in context with path [] threw exception [Request processing failed; nested exception is org.springframework.dao.InvalidDataAccessApiUsageException: NOREPLICAS Not enough good replicas to write.. channel: [id: 0xe4373f69, L:/127.0.0.1:51734 - R:127.0.0.1/127.0.0.1:6379] command: (SETEX), params: [[116, 101, 115, 116, 58, 115, 121, 115, 80, 97, ...], 18000, [123, 34, 105, 100, 95, 34, 58, 49, 44, 34, ...]]; nested exception is org.redisson.client.RedisException: NOREPLICAS Not enough good replicas to write.. channel: [id: 0xe4373f69, L:/127.0.0.1:51734 - R:127.0.0.1/127.0.0.1:6379] command: (SETEX), params: [[116, 101, 115, 116, 58, 115, 121, 115, 80, 97, ...], 18000, [123, 34, 105, 100, 95, 34, 58, 49, 44, 34, ...]]] with root cause
org.redisson.client.RedisException: NOREPLICAS Not enough good replicas to write.. channel: [id: 0xe4373f69, L:/127.0.0.1:51734 - R:127.0.0.1/127.0.0.1:6379] command: (SETEX), params: [[116, 101, 115, 116, 58, 115, 121, 115, 80, 97, ...], 18000, [123, 34, 105, 100, 95, 34, 58, 49, 44, 34, ...]]
	at org.redisson.client.handler.CommandDecoder.decode(CommandDecoder.java:345)
	at org.redisson.client.handler.CommandDecoder.decodeCommand(CommandDecoder.java:177)
	at org.redisson.client.handler.CommandDecoder.decode(CommandDecoder.java:116)
	at org.redisson.client.handler.CommandDecoder.decode(CommandDecoder.java:101)
	at io.netty.handler.codec.ByteToMessageDecoder.decodeRemovalReentryProtection(ByteToMessageDecoder.java:519)
	at io.netty.handler.codec.ReplayingDecoder.callDecode(ReplayingDecoder.java:366)
	at io.netty.handler.codec.ByteToMessageDecoder.channelRead(ByteToMessageDecoder.java:280)
	at io.netty.channel.AbstractChannelHandlerContext.invokeChannelRead(AbstractChannelHandlerContext.java:444)
	at io.netty.channel.AbstractChannelHandlerContext.invokeChannelRead(AbstractChannelHandlerContext.java:420)
	at io.netty.channel.AbstractChannelHandlerContext.fireChannelRead(AbstractChannelHandlerContext.java:412)
	at io.netty.channel.DefaultChannelPipeline$HeadContext.channelRead(DefaultChannelPipeline.java:1410)
	at io.netty.channel.AbstractChannelHandlerContext.invokeChannelRead(AbstractChannelHandlerContext.java:440)
	at io.netty.channel.AbstractChannelHandlerContext.invokeChannelRead(AbstractChannelHandlerContext.java:420)
	at io.netty.channel.DefaultChannelPipeline.fireChannelRead(DefaultChannelPipeline.java:919)
	at io.netty.channel.nio.AbstractNioByteChannel$NioByteUnsafe.read(AbstractNioByteChannel.java:166)
	at io.netty.channel.nio.NioEventLoop.processSelectedKey(NioEventLoop.java:788)
	at io.netty.channel.nio.NioEventLoop.processSelectedKeysOptimized(NioEventLoop.java:724)
	at io.netty.channel.nio.NioEventLoop.processSelectedKeys(NioEventLoop.java:650)
	at io.netty.channel.nio.NioEventLoop.run(NioEventLoop.java:562)
	at io.netty.util.concurrent.SingleThreadEventExecutor$4.run(SingleThreadEventExecutor.java:997)
	at io.netty.util.internal.ThreadExecutorMap$2.run(ThreadExecutorMap.java:74)
	at io.netty.util.concurrent.FastThreadLocalRunnable.run(FastThreadLocalRunnable.java:30)
	at java.base/java.lang.Thread.run(Thread.java:829)
2025-12-11 10:54:50.159 [http-nio-8080-exec-3] INFO  c.example.demo.aop.WebControllerAOP [node1:8080] - [请求开始] ID: 4212eafa
2025-12-11 10:54:50.179 [http-nio-8080-exec-3] INFO  c.example.demo.aop.WebControllerAOP [node1:8080] - 请求路径: /api/redis/api
2025-12-11 10:54:50.179 [http-nio-8080-exec-3] INFO  c.example.demo.aop.WebControllerAOP [node1:8080] - 客户端IP: 0:0:0:0:0:0:0:1
2025-12-11 10:54:50.185 [http-nio-8080-exec-3] INFO  c.example.demo.aop.WebControllerAOP [node1:8080] - 方法: DemoController.request
2025-12-11 10:54:50.198 [http-nio-8080-exec-3] INFO  c.example.demo.aop.WebControllerAOP [node1:8080] - 参数: {}
2025-12-11 10:54:50.293 [http-nio-8080-exec-3] DEBUG org.mybatis.spring.SqlSessionUtils [node1:8080] - Creating a new SqlSession
2025-12-11 10:54:50.298 [http-nio-8080-exec-3] DEBUG org.mybatis.spring.SqlSessionUtils [node1:8080] - SqlSession [org.apache.ibatis.session.defaults.DefaultSqlSession@4a8d4d49] was not registered for synchronization because synchronization is not active
2025-12-11 10:54:50.385 [http-nio-8080-exec-3] DEBUG o.m.s.t.SpringManagedTransaction [node1:8080] - JDBC Connection [HikariProxyConnection@988908437 wrapping com.mysql.cj.jdbc.ConnectionImpl@71005d5d] will not be managed by Spring
2025-12-11 10:54:50.541 [http-nio-8080-exec-3] DEBUG org.mybatis.spring.SqlSessionUtils [node1:8080] - Closing non transactional SqlSession [org.apache.ibatis.session.defaults.DefaultSqlSession@4a8d4d49]
2025-12-11 10:54:50.628 [http-nio-8080-exec-3] INFO  c.example.demo.aop.WebControllerAOP [node1:8080] - 响应状态: 200
2025-12-11 10:54:50.978 [http-nio-8080-exec-3] INFO  c.example.demo.aop.WebControllerAOP [node1:8080] - 响应内容: {"code":0,"data":{"account_":"admin","create_by":1,"create_time":"2016-05-06 10:06:52","enable_":1,"id_":1,"is_del":0,"money":0.0,"name_pinyin":"GUANLIYUAN","password_":"e10adc3949ba59abbe56e057f20f883e","remark_":"","sex_":1,"update_by":1,"update_time":"2019-02-26 22:27:39","user_name":"管理员","user_type":"2","wei_bo":""},"message":"执行成功"}
2025-12-11 10:54:50.978 [http-nio-8080-exec-3] INFO  c.example.demo.aop.WebControllerAOP [node1:8080] - 响应大小: 340 字符
2025-12-11 10:54:50.979 [http-nio-8080-exec-3] INFO  c.example.demo.aop.WebControllerAOP [node1:8080] - [请求完成] ID: 4212eafa, 耗时: 430ms
2025-12-11 10:55:25.094 [http-nio-8080-exec-4] INFO  c.example.demo.aop.WebControllerAOP [node1:8080] - [请求开始] ID: f1c75468
2025-12-11 10:55:25.098 [http-nio-8080-exec-4] INFO  c.example.demo.aop.WebControllerAOP [node1:8080] - 请求路径: /api/redis/api/redisson
2025-12-11 10:55:25.098 [http-nio-8080-exec-4] INFO  c.example.demo.aop.WebControllerAOP [node1:8080] - 客户端IP: 0:0:0:0:0:0:0:1
2025-12-11 10:55:25.099 [http-nio-8080-exec-4] INFO  c.example.demo.aop.WebControllerAOP [node1:8080] - 方法: DemoController.redissonRequest
2025-12-11 10:55:25.099 [http-nio-8080-exec-4] INFO  c.example.demo.aop.WebControllerAOP [node1:8080] - 参数: {}
2025-12-11 10:55:25.252 [redisson-netty-2-10] ERROR o.r.client.handler.CommandDecoder [node1:8080] - Unable to decode data. channel: [id: 0x8953122e, L:/127.0.0.1:51731 - R:127.0.0.1/127.0.0.1:6379], reply: ReplayingDecoderByteBuf(ridx=484, widx=484), command: (GET), params: [test:sysPageList1]
java.io.IOException: Unsupported protocol version 123
	at org.jboss.marshalling.river.RiverUnmarshaller.start(RiverUnmarshaller.java:1375)
	at org.redisson.codec.MarshallingCodec.lambda$new$0(MarshallingCodec.java:145)
	at org.redisson.client.handler.CommandDecoder.decode(CommandDecoder.java:358)
	at org.redisson.client.handler.CommandDecoder.decodeCommand(CommandDecoder.java:177)
	at org.redisson.client.handler.CommandDecoder.decode(CommandDecoder.java:116)
	at org.redisson.client.handler.CommandDecoder.decode(CommandDecoder.java:101)
	at io.netty.handler.codec.ByteToMessageDecoder.decodeRemovalReentryProtection(ByteToMessageDecoder.java:519)
	at io.netty.handler.codec.ReplayingDecoder.callDecode(ReplayingDecoder.java:366)
	at io.netty.handler.codec.ByteToMessageDecoder.channelRead(ByteToMessageDecoder.java:280)
	at io.netty.channel.AbstractChannelHandlerContext.invokeChannelRead(AbstractChannelHandlerContext.java:444)
	at io.netty.channel.AbstractChannelHandlerContext.invokeChannelRead(AbstractChannelHandlerContext.java:420)
	at io.netty.channel.AbstractChannelHandlerContext.fireChannelRead(AbstractChannelHandlerContext.java:412)
	at io.netty.channel.DefaultChannelPipeline$HeadContext.channelRead(DefaultChannelPipeline.java:1410)
	at io.netty.channel.AbstractChannelHandlerContext.invokeChannelRead(AbstractChannelHandlerContext.java:440)
	at io.netty.channel.AbstractChannelHandlerContext.invokeChannelRead(AbstractChannelHandlerContext.java:420)
	at io.netty.channel.DefaultChannelPipeline.fireChannelRead(DefaultChannelPipeline.java:919)
	at io.netty.channel.nio.AbstractNioByteChannel$NioByteUnsafe.read(AbstractNioByteChannel.java:166)
	at io.netty.channel.nio.NioEventLoop.processSelectedKey(NioEventLoop.java:788)
	at io.netty.channel.nio.NioEventLoop.processSelectedKeysOptimized(NioEventLoop.java:724)
	at io.netty.channel.nio.NioEventLoop.processSelectedKeys(NioEventLoop.java:650)
	at io.netty.channel.nio.NioEventLoop.run(NioEventLoop.java:562)
	at io.netty.util.concurrent.SingleThreadEventExecutor$4.run(SingleThreadEventExecutor.java:997)
	at io.netty.util.internal.ThreadExecutorMap$2.run(ThreadExecutorMap.java:74)
	at io.netty.util.concurrent.FastThreadLocalRunnable.run(FastThreadLocalRunnable.java:30)
	at java.base/java.lang.Thread.run(Thread.java:829)
2025-12-11 10:55:25.296 [redisson-netty-2-10] ERROR o.r.c.handler.ErrorsLoggingHandler [node1:8080] - Exception occured. Channel: [id: 0x8953122e, L:/127.0.0.1:51731 - R:127.0.0.1/127.0.0.1:6379]
io.netty.handler.codec.DecoderException: java.io.IOException: Unsupported protocol version 123
	at io.netty.handler.codec.ReplayingDecoder.callDecode(ReplayingDecoder.java:421)
	at io.netty.handler.codec.ByteToMessageDecoder.channelRead(ByteToMessageDecoder.java:280)
	at io.netty.channel.AbstractChannelHandlerContext.invokeChannelRead(AbstractChannelHandlerContext.java:444)
	at io.netty.channel.AbstractChannelHandlerContext.invokeChannelRead(AbstractChannelHandlerContext.java:420)
	at io.netty.channel.AbstractChannelHandlerContext.fireChannelRead(AbstractChannelHandlerContext.java:412)
	at io.netty.channel.DefaultChannelPipeline$HeadContext.channelRead(DefaultChannelPipeline.java:1410)
	at io.netty.channel.AbstractChannelHandlerContext.invokeChannelRead(AbstractChannelHandlerContext.java:440)
	at io.netty.channel.AbstractChannelHandlerContext.invokeChannelRead(AbstractChannelHandlerContext.java:420)
	at io.netty.channel.DefaultChannelPipeline.fireChannelRead(DefaultChannelPipeline.java:919)
	at io.netty.channel.nio.AbstractNioByteChannel$NioByteUnsafe.read(AbstractNioByteChannel.java:166)
	at io.netty.channel.nio.NioEventLoop.processSelectedKey(NioEventLoop.java:788)
	at io.netty.channel.nio.NioEventLoop.processSelectedKeysOptimized(NioEventLoop.java:724)
	at io.netty.channel.nio.NioEventLoop.processSelectedKeys(NioEventLoop.java:650)
	at io.netty.channel.nio.NioEventLoop.run(NioEventLoop.java:562)
	at io.netty.util.concurrent.SingleThreadEventExecutor$4.run(SingleThreadEventExecutor.java:997)
	at io.netty.util.internal.ThreadExecutorMap$2.run(ThreadExecutorMap.java:74)
	at io.netty.util.concurrent.FastThreadLocalRunnable.run(FastThreadLocalRunnable.java:30)
	at java.base/java.lang.Thread.run(Thread.java:829)
Caused by: java.io.IOException: Unsupported protocol version 123
	at org.jboss.marshalling.river.RiverUnmarshaller.start(RiverUnmarshaller.java:1375)
	at org.redisson.codec.MarshallingCodec.lambda$new$0(MarshallingCodec.java:145)
	at org.redisson.client.handler.CommandDecoder.decode(CommandDecoder.java:358)
	at org.redisson.client.handler.CommandDecoder.decodeCommand(CommandDecoder.java:177)
	at org.redisson.client.handler.CommandDecoder.decode(CommandDecoder.java:116)
	at org.redisson.client.handler.CommandDecoder.decode(CommandDecoder.java:101)
	at io.netty.handler.codec.ByteToMessageDecoder.decodeRemovalReentryProtection(ByteToMessageDecoder.java:519)
	at io.netty.handler.codec.ReplayingDecoder.callDecode(ReplayingDecoder.java:366)
	... 17 common frames omitted
2025-12-11 10:55:25.306 [http-nio-8080-exec-4] ERROR o.a.c.c.C.[.[.[.[dispatcherServlet] [node1:8080] - Servlet.service() for servlet [dispatcherServlet] in context with path [] threw exception [Request processing failed; nested exception is org.redisson.client.RedisException: Unexpected exception while processing command] with root cause
java.io.IOException: Unsupported protocol version 123
	at org.jboss.marshalling.river.RiverUnmarshaller.start(RiverUnmarshaller.java:1375)
	at org.redisson.codec.MarshallingCodec.lambda$new$0(MarshallingCodec.java:145)
	at org.redisson.client.handler.CommandDecoder.decode(CommandDecoder.java:358)
	at org.redisson.client.handler.CommandDecoder.decodeCommand(CommandDecoder.java:177)
	at org.redisson.client.handler.CommandDecoder.decode(CommandDecoder.java:116)
	at org.redisson.client.handler.CommandDecoder.decode(CommandDecoder.java:101)
	at io.netty.handler.codec.ByteToMessageDecoder.decodeRemovalReentryProtection(ByteToMessageDecoder.java:519)
	at io.netty.handler.codec.ReplayingDecoder.callDecode(ReplayingDecoder.java:366)
	at io.netty.handler.codec.ByteToMessageDecoder.channelRead(ByteToMessageDecoder.java:280)
	at io.netty.channel.AbstractChannelHandlerContext.invokeChannelRead(AbstractChannelHandlerContext.java:444)
	at io.netty.channel.AbstractChannelHandlerContext.invokeChannelRead(AbstractChannelHandlerContext.java:420)
	at io.netty.channel.AbstractChannelHandlerContext.fireChannelRead(AbstractChannelHandlerContext.java:412)
	at io.netty.channel.DefaultChannelPipeline$HeadContext.channelRead(DefaultChannelPipeline.java:1410)
	at io.netty.channel.AbstractChannelHandlerContext.invokeChannelRead(AbstractChannelHandlerContext.java:440)
	at io.netty.channel.AbstractChannelHandlerContext.invokeChannelRead(AbstractChannelHandlerContext.java:420)
	at io.netty.channel.DefaultChannelPipeline.fireChannelRead(DefaultChannelPipeline.java:919)
	at io.netty.channel.nio.AbstractNioByteChannel$NioByteUnsafe.read(AbstractNioByteChannel.java:166)
	at io.netty.channel.nio.NioEventLoop.processSelectedKey(NioEventLoop.java:788)
	at io.netty.channel.nio.NioEventLoop.processSelectedKeysOptimized(NioEventLoop.java:724)
	at io.netty.channel.nio.NioEventLoop.processSelectedKeys(NioEventLoop.java:650)
	at io.netty.channel.nio.NioEventLoop.run(NioEventLoop.java:562)
	at io.netty.util.concurrent.SingleThreadEventExecutor$4.run(SingleThreadEventExecutor.java:997)
	at io.netty.util.internal.ThreadExecutorMap$2.run(ThreadExecutorMap.java:74)
	at io.netty.util.concurrent.FastThreadLocalRunnable.run(FastThreadLocalRunnable.java:30)
	at java.base/java.lang.Thread.run(Thread.java:829)
2025-12-11 10:57:36.888 [Thread-1] WARN  c.a.n.c.http.HttpClientBeanHolder [node1:8080] - [HttpClientBeanHolder] Start destroying common HttpClient
2025-12-11 10:57:36.890 [Thread-6] WARN  c.a.nacos.common.notify.NotifyCenter [node1:8080] - [NotifyCenter] Start destroying Publisher
2025-12-11 10:57:36.902 [Thread-6] WARN  c.a.nacos.common.notify.NotifyCenter [node1:8080] - [NotifyCenter] Destruction of the end
2025-12-11 10:57:36.916 [Thread-1] WARN  c.a.n.c.http.HttpClientBeanHolder [node1:8080] - [HttpClientBeanHolder] Destruction of the end
2025-12-11 11:03:32.807 [main] INFO  com.example.demo.DemoApplication [node1:8080] - Starting DemoApplication using Java 11.0.11 on zhouwenwudeMacBook-Pro.local with PID 57527 (/Users/markchou/Documents/code-demo-pratice/application-demo/target/classes started by markchou in /Users/markchou/Documents/code-demo-pratice)
2025-12-11 11:03:32.824 [main] INFO  com.example.demo.DemoApplication [node1:8080] - The following 1 profile is active: "local-nacos"
2025-12-11 11:03:32.967 [main] INFO  c.a.c.n.c.NacosConfigDataLoader [node1:8080] - [Nacos Config] Load config[dataId=nacos-demo-service-local.properties, group=DEFAULT_GROUP] success
2025-12-11 11:03:36.049 [main] INFO  o.s.d.r.c.RepositoryConfigurationDelegate [node1:8080] - Multiple Spring Data modules found, entering strict repository configuration mode
2025-12-11 11:03:36.050 [main] INFO  o.s.d.r.c.RepositoryConfigurationDelegate [node1:8080] - Bootstrapping Spring Data Elasticsearch repositories in DEFAULT mode.
2025-12-11 11:03:36.089 [main] INFO  o.s.d.r.c.RepositoryConfigurationDelegate [node1:8080] - Finished Spring Data repository scanning in 25 ms. Found 0 Elasticsearch repository interfaces.
2025-12-11 11:03:36.690 [main] DEBUG org.apache.ibatis.logging.LogFactory [node1:8080] - Logging initialized using 'class org.apache.ibatis.logging.slf4j.Slf4jImpl' adapter.
2025-12-11 11:03:36.724 [main] DEBUG o.m.s.mapper.ClassPathMapperScanner [node1:8080] - Identified candidate component class: file [/Users/markchou/Documents/code-demo-pratice/application-demo/target/classes/com/example/demo/mapper/SysUserMapper.class]
2025-12-11 11:03:36.728 [main] DEBUG o.m.s.mapper.ClassPathMapperScanner [node1:8080] - Creating MapperFactoryBean with name 'sysUserMapper' and 'com.example.demo.mapper.SysUserMapper' mapperInterface
2025-12-11 11:03:36.730 [main] DEBUG o.m.s.mapper.ClassPathMapperScanner [node1:8080] - Enabling autowire by type for MapperFactoryBean with name 'sysUserMapper'.
2025-12-11 11:03:37.758 [main] INFO  o.s.d.r.c.RepositoryConfigurationDelegate [node1:8080] - Multiple Spring Data modules found, entering strict repository configuration mode
2025-12-11 11:03:37.758 [main] INFO  o.s.d.r.c.RepositoryConfigurationDelegate [node1:8080] - Bootstrapping Spring Data Elasticsearch repositories in DEFAULT mode.
2025-12-11 11:03:37.883 [main] INFO  o.s.d.r.c.RepositoryConfigurationExtensionSupport [node1:8080] - Spring Data Elasticsearch - Could not safely identify store assignment for repository candidate interface com.example.demo.repository.PayAccountGroupRepository; If you want this repository to be a Elasticsearch repository, consider annotating your entities with one of these annotations: org.springframework.data.elasticsearch.annotations.Document (preferred), or consider extending one of the following types with your repository: org.springframework.data.elasticsearch.repository.ElasticsearchRepository, org.springframework.data.elasticsearch.repository.ElasticsearchRepository
2025-12-11 11:03:38.140 [main] INFO  o.s.d.r.c.RepositoryConfigurationDelegate [node1:8080] - Finished Spring Data repository scanning in 380 ms. Found 1 Elasticsearch repository interfaces.
2025-12-11 11:03:38.156 [main] INFO  o.s.d.r.c.RepositoryConfigurationDelegate [node1:8080] - Multiple Spring Data modules found, entering strict repository configuration mode
2025-12-11 11:03:38.158 [main] INFO  o.s.d.r.c.RepositoryConfigurationDelegate [node1:8080] - Bootstrapping Spring Data Reactive Elasticsearch repositories in DEFAULT mode.
2025-12-11 11:03:38.172 [main] INFO  o.s.d.r.c.RepositoryConfigurationExtensionSupport [node1:8080] - Spring Data Reactive Elasticsearch - Could not safely identify store assignment for repository candidate interface com.example.demo.repository.PayAccountGroupRepository; If you want this repository to be a Reactive Elasticsearch repository, consider annotating your entities with one of these annotations: org.springframework.data.elasticsearch.annotations.Document (preferred), or consider extending one of the following types with your repository: org.springframework.data.elasticsearch.repository.ReactiveElasticsearchRepository
2025-12-11 11:03:38.179 [main] INFO  o.s.d.r.c.RepositoryConfigurationDelegate [node1:8080] - Finished Spring Data repository scanning in 19 ms. Found 0 Reactive Elasticsearch repository interfaces.
2025-12-11 11:03:38.210 [main] INFO  o.s.d.r.c.RepositoryConfigurationDelegate [node1:8080] - Multiple Spring Data modules found, entering strict repository configuration mode
2025-12-11 11:03:38.212 [main] INFO  o.s.d.r.c.RepositoryConfigurationDelegate [node1:8080] - Bootstrapping Spring Data JPA repositories in DEFAULT mode.
2025-12-11 11:03:38.255 [main] INFO  o.s.d.r.c.RepositoryConfigurationExtensionSupport [node1:8080] - Spring Data JPA - Could not safely identify store assignment for repository candidate interface com.example.demo.repository.ProductRepository; If you want this repository to be a JPA repository, consider annotating your entities with one of these annotations: javax.persistence.Entity, javax.persistence.MappedSuperclass (preferred), or consider extending one of the following types with your repository: org.springframework.data.jpa.repository.JpaRepository
2025-12-11 11:03:38.276 [main] INFO  o.s.d.r.c.RepositoryConfigurationDelegate [node1:8080] - Finished Spring Data repository scanning in 49 ms. Found 1 JPA repository interfaces.
2025-12-11 11:03:38.313 [main] INFO  o.s.d.r.c.RepositoryConfigurationDelegate [node1:8080] - Multiple Spring Data modules found, entering strict repository configuration mode
2025-12-11 11:03:38.317 [main] INFO  o.s.d.r.c.RepositoryConfigurationDelegate [node1:8080] - Bootstrapping Spring Data Redis repositories in DEFAULT mode.
2025-12-11 11:03:38.359 [main] INFO  o.s.d.r.c.RepositoryConfigurationExtensionSupport [node1:8080] - Spring Data Redis - Could not safely identify store assignment for repository candidate interface com.example.demo.repository.PayAccountGroupRepository; If you want this repository to be a Redis repository, consider annotating your entities with one of these annotations: org.springframework.data.redis.core.RedisHash (preferred), or consider extending one of the following types with your repository: org.springframework.data.keyvalue.repository.KeyValueRepository
2025-12-11 11:03:38.361 [main] INFO  o.s.d.r.c.RepositoryConfigurationExtensionSupport [node1:8080] - Spring Data Redis - Could not safely identify store assignment for repository candidate interface com.example.demo.repository.ProductRepository; If you want this repository to be a Redis repository, consider annotating your entities with one of these annotations: org.springframework.data.redis.core.RedisHash (preferred), or consider extending one of the following types with your repository: org.springframework.data.keyvalue.repository.KeyValueRepository
2025-12-11 11:03:38.362 [main] INFO  o.s.d.r.c.RepositoryConfigurationDelegate [node1:8080] - Finished Spring Data repository scanning in 18 ms. Found 0 Redis repository interfaces.
2025-12-11 11:03:39.065 [main] INFO  o.s.cloud.context.scope.GenericScope [node1:8080] - BeanFactory id=f377186a-b00d-3f92-bdc2-f1982d9232b0
2025-12-11 11:03:40.768 [main] INFO  o.s.b.w.e.tomcat.TomcatWebServer [node1:8080] - Tomcat initialized with port(s): 8080 (http)
2025-12-11 11:03:40.797 [main] INFO  o.a.catalina.core.StandardService [node1:8080] - Starting service [Tomcat]
2025-12-11 11:03:40.798 [main] INFO  o.a.catalina.core.StandardEngine [node1:8080] - Starting Servlet engine: [Apache Tomcat/9.0.68]
2025-12-11 11:03:41.212 [main] INFO  o.a.c.c.C.[Tomcat].[localhost].[/] [node1:8080] - Initializing Spring embedded WebApplicationContext
2025-12-11 11:03:41.212 [main] INFO  o.s.b.w.s.c.ServletWebServerApplicationContext [node1:8080] - Root WebApplicationContext: initialization completed in 8233 ms
2025-12-11 11:03:43.113 [main] INFO  com.zaxxer.hikari.HikariDataSource [node1:8080] - HikariPool-1 - Starting...
2025-12-11 11:03:43.617 [main] INFO  com.zaxxer.hikari.HikariDataSource [node1:8080] - HikariPool-1 - Start completed.
2025-12-11 11:03:46.593 [main] INFO  o.s.o.j.LocalContainerEntityManagerFactoryBean [node1:8080] - Initialized JPA EntityManagerFactory for persistence unit 'default'
2025-12-11 11:03:46.965 [main] INFO  org.redisson.Version [node1:8080] - Redisson 3.16.0
2025-12-11 11:03:47.072 [main] WARN  i.n.r.d.DnsServerAddressStreamProviders [node1:8080] - Can not find io.netty.resolver.dns.macos.MacOSDnsServerAddressStreamProvider in the classpath, fallback to system defaults. This may result in incorrect DNS resolutions on MacOS. Check whether you have a dependency on 'io.netty:netty-resolver-dns-native-macos'
2025-12-11 11:03:47.761 [redisson-netty-2-23] INFO  o.r.c.p.MasterPubSubConnectionPool [node1:8080] - 1 connections initialized for 127.0.0.1/127.0.0.1:6379
2025-12-11 11:03:47.971 [redisson-netty-2-19] INFO  o.r.c.pool.MasterConnectionPool [node1:8080] - 24 connections initialized for 127.0.0.1/127.0.0.1:6379
2025-12-11 11:03:49.134 [main] DEBUG o.m.spring.SqlSessionFactoryBean [node1:8080] - Property 'mapperLocations' was not specified or no matching resources found
2025-12-11 11:03:54.694 [main] WARN  org.elasticsearch.client.RestClient [node1:8080] - request [HEAD http://localhost:9200/products?ignore_throttled=false&ignore_unavailable=false&expand_wildcards=open%2Cclosed&allow_no_indices=false] returned 1 warnings: [299 Elasticsearch-7.17.0-bee86328705acaa9a6daede7140defd4d9ec56bd "[ignore_throttled] parameter is deprecated because frozen indices have been deprecated. Consider cold or frozen tiers in place of frozen indices."]
2025-12-11 11:03:55.283 [main] WARN  o.s.b.a.o.j.JpaBaseConfiguration$JpaWebConfiguration [node1:8080] - spring.jpa.open-in-view is enabled by default. Therefore, database queries may be performed during view rendering. Explicitly configure spring.jpa.open-in-view to disable this warning
2025-12-11 11:03:56.419 [main] INFO  c.a.c.s.SentinelWebMvcConfigurer [node1:8080] - [Sentinel Starter] register SentinelWebInterceptor with urlPatterns: [/**].
2025-12-11 11:04:00.528 [main] INFO  o.s.b.a.e.web.EndpointLinksResolver [node1:8080] - Exposing 1 endpoint(s) beneath base path '/actuator'
2025-12-11 11:04:00.849 [main] INFO  o.a.k.c.admin.AdminClientConfig [node1:8080] - AdminClientConfig values: 
	bootstrap.servers = [127.0.0.1:9093]
	client.dns.lookup = use_all_dns_ips
	client.id = 
	connections.max.idle.ms = 300000
	default.api.timeout.ms = 60000
	metadata.max.age.ms = 300000
	metric.reporters = []
	metrics.num.samples = 2
	metrics.recording.level = INFO
	metrics.sample.window.ms = 30000
	receive.buffer.bytes = 65536
	reconnect.backoff.max.ms = 1000
	reconnect.backoff.ms = 50
	request.timeout.ms = 30000
	retries = 2147483647
	retry.backoff.ms = 100
	sasl.client.callback.handler.class = null
	sasl.jaas.config = null
	sasl.kerberos.kinit.cmd = /usr/bin/kinit
	sasl.kerberos.min.time.before.relogin = 60000
	sasl.kerberos.service.name = null
	sasl.kerberos.ticket.renew.jitter = 0.05
	sasl.kerberos.ticket.renew.window.factor = 0.8
	sasl.login.callback.handler.class = null
	sasl.login.class = null
	sasl.login.refresh.buffer.seconds = 300
	sasl.login.refresh.min.period.seconds = 60
	sasl.login.refresh.window.factor = 0.8
	sasl.login.refresh.window.jitter = 0.05
	sasl.mechanism = GSSAPI
	security.protocol = PLAINTEXT
	security.providers = null
	send.buffer.bytes = 131072
	socket.connection.setup.timeout.max.ms = 30000
	socket.connection.setup.timeout.ms = 10000
	ssl.cipher.suites = null
	ssl.enabled.protocols = [TLSv1.2, TLSv1.3]
	ssl.endpoint.identification.algorithm = https
	ssl.engine.factory.class = null
	ssl.key.password = null
	ssl.keymanager.algorithm = SunX509
	ssl.keystore.certificate.chain = null
	ssl.keystore.key = null
	ssl.keystore.location = null
	ssl.keystore.password = null
	ssl.keystore.type = JKS
	ssl.protocol = TLSv1.3
	ssl.provider = null
	ssl.secure.random.implementation = null
	ssl.trustmanager.algorithm = PKIX
	ssl.truststore.certificates = null
	ssl.truststore.location = null
	ssl.truststore.password = null
	ssl.truststore.type = JKS

2025-12-11 11:04:00.966 [main] INFO  o.a.kafka.common.utils.AppInfoParser [node1:8080] - Kafka version: 3.0.2
2025-12-11 11:04:00.967 [main] INFO  o.a.kafka.common.utils.AppInfoParser [node1:8080] - Kafka commitId: 25b1aea02e37da14
2025-12-11 11:04:00.967 [main] INFO  o.a.kafka.common.utils.AppInfoParser [node1:8080] - Kafka startTimeMs: 1765422240959
2025-12-11 11:04:01.856 [kafka-admin-client-thread | adminclient-1] INFO  o.a.kafka.common.utils.AppInfoParser [node1:8080] - App info kafka.admin.client for adminclient-1 unregistered
2025-12-11 11:04:01.874 [kafka-admin-client-thread | adminclient-1] INFO  o.a.kafka.common.metrics.Metrics [node1:8080] - Metrics scheduler closed
2025-12-11 11:04:01.874 [kafka-admin-client-thread | adminclient-1] INFO  o.a.kafka.common.metrics.Metrics [node1:8080] - Closing reporter org.apache.kafka.common.metrics.JmxReporter
2025-12-11 11:04:01.874 [kafka-admin-client-thread | adminclient-1] INFO  o.a.kafka.common.metrics.Metrics [node1:8080] - Metrics reporters closed
2025-12-11 11:04:01.941 [main] INFO  o.a.k.c.consumer.ConsumerConfig [node1:8080] - ConsumerConfig values: 
	allow.auto.create.topics = true
	auto.commit.interval.ms = 5000
	auto.offset.reset = latest
	bootstrap.servers = [127.0.0.1:9093]
	check.crcs = true
	client.dns.lookup = use_all_dns_ips
	client.id = consumer-notification-batch-consumer-1
	client.rack = 
	connections.max.idle.ms = 540000
	default.api.timeout.ms = 60000
	enable.auto.commit = false
	exclude.internal.topics = true
	fetch.max.bytes = 52428800
	fetch.max.wait.ms = 500
	fetch.min.bytes = 1
	group.id = notification-batch-consumer
	group.instance.id = null
	heartbeat.interval.ms = 3000
	interceptor.classes = []
	internal.leave.group.on.close = true
	internal.throw.on.fetch.stable.offset.unsupported = false
	isolation.level = read_uncommitted
	key.deserializer = class org.apache.kafka.common.serialization.StringDeserializer
	max.partition.fetch.bytes = 1048576
	max.poll.interval.ms = 300000
	max.poll.records = 500
	metadata.max.age.ms = 300000
	metric.reporters = []
	metrics.num.samples = 2
	metrics.recording.level = INFO
	metrics.sample.window.ms = 30000
	partition.assignment.strategy = [class org.apache.kafka.clients.consumer.RangeAssignor, class org.apache.kafka.clients.consumer.CooperativeStickyAssignor]
	receive.buffer.bytes = 65536
	reconnect.backoff.max.ms = 1000
	reconnect.backoff.ms = 50
	request.timeout.ms = 30000
	retry.backoff.ms = 100
	sasl.client.callback.handler.class = null
	sasl.jaas.config = null
	sasl.kerberos.kinit.cmd = /usr/bin/kinit
	sasl.kerberos.min.time.before.relogin = 60000
	sasl.kerberos.service.name = null
	sasl.kerberos.ticket.renew.jitter = 0.05
	sasl.kerberos.ticket.renew.window.factor = 0.8
	sasl.login.callback.handler.class = null
	sasl.login.class = null
	sasl.login.refresh.buffer.seconds = 300
	sasl.login.refresh.min.period.seconds = 60
	sasl.login.refresh.window.factor = 0.8
	sasl.login.refresh.window.jitter = 0.05
	sasl.mechanism = GSSAPI
	security.protocol = PLAINTEXT
	security.providers = null
	send.buffer.bytes = 131072
	session.timeout.ms = 45000
	socket.connection.setup.timeout.max.ms = 30000
	socket.connection.setup.timeout.ms = 10000
	ssl.cipher.suites = null
	ssl.enabled.protocols = [TLSv1.2, TLSv1.3]
	ssl.endpoint.identification.algorithm = https
	ssl.engine.factory.class = null
	ssl.key.password = null
	ssl.keymanager.algorithm = SunX509
	ssl.keystore.certificate.chain = null
	ssl.keystore.key = null
	ssl.keystore.location = null
	ssl.keystore.password = null
	ssl.keystore.type = JKS
	ssl.protocol = TLSv1.3
	ssl.provider = null
	ssl.secure.random.implementation = null
	ssl.trustmanager.algorithm = PKIX
	ssl.truststore.certificates = null
	ssl.truststore.location = null
	ssl.truststore.password = null
	ssl.truststore.type = JKS
	value.deserializer = class org.apache.kafka.common.serialization.StringDeserializer

2025-12-11 11:04:02.050 [main] INFO  o.a.kafka.common.utils.AppInfoParser [node1:8080] - Kafka version: 3.0.2
2025-12-11 11:04:02.050 [main] INFO  o.a.kafka.common.utils.AppInfoParser [node1:8080] - Kafka commitId: 25b1aea02e37da14
2025-12-11 11:04:02.051 [main] INFO  o.a.kafka.common.utils.AppInfoParser [node1:8080] - Kafka startTimeMs: 1765422242050
2025-12-11 11:04:02.054 [main] INFO  o.a.k.clients.consumer.KafkaConsumer [node1:8080] - [Consumer clientId=consumer-notification-batch-consumer-1, groupId=notification-batch-consumer] Subscribed to topic(s): notification-topic
2025-12-11 11:04:02.098 [main] INFO  o.a.k.c.consumer.ConsumerConfig [node1:8080] - ConsumerConfig values: 
	allow.auto.create.topics = true
	auto.commit.interval.ms = 5000
	auto.offset.reset = earliest
	bootstrap.servers = [127.0.0.1:9093]
	check.crcs = true
	client.dns.lookup = use_all_dns_ips
	client.id = consumer-pattern-consumer-2
	client.rack = 
	connections.max.idle.ms = 540000
	default.api.timeout.ms = 60000
	enable.auto.commit = false
	exclude.internal.topics = true
	fetch.max.bytes = 52428800
	fetch.max.wait.ms = 500
	fetch.min.bytes = 1
	group.id = pattern-consumer
	group.instance.id = null
	heartbeat.interval.ms = 3000
	interceptor.classes = []
	internal.leave.group.on.close = true
	internal.throw.on.fetch.stable.offset.unsupported = false
	isolation.level = read_uncommitted
	key.deserializer = class org.apache.kafka.common.serialization.StringDeserializer
	max.partition.fetch.bytes = 1048576
	max.poll.interval.ms = 300000
	max.poll.records = 500
	metadata.max.age.ms = 300000
	metric.reporters = []
	metrics.num.samples = 2
	metrics.recording.level = INFO
	metrics.sample.window.ms = 30000
	partition.assignment.strategy = [class org.apache.kafka.clients.consumer.RangeAssignor, class org.apache.kafka.clients.consumer.CooperativeStickyAssignor]
	receive.buffer.bytes = 65536
	reconnect.backoff.max.ms = 1000
	reconnect.backoff.ms = 50
	request.timeout.ms = 30000
	retry.backoff.ms = 100
	sasl.client.callback.handler.class = null
	sasl.jaas.config = null
	sasl.kerberos.kinit.cmd = /usr/bin/kinit
	sasl.kerberos.min.time.before.relogin = 60000
	sasl.kerberos.service.name = null
	sasl.kerberos.ticket.renew.jitter = 0.05
	sasl.kerberos.ticket.renew.window.factor = 0.8
	sasl.login.callback.handler.class = null
	sasl.login.class = null
	sasl.login.refresh.buffer.seconds = 300
	sasl.login.refresh.min.period.seconds = 60
	sasl.login.refresh.window.factor = 0.8
	sasl.login.refresh.window.jitter = 0.05
	sasl.mechanism = GSSAPI
	security.protocol = PLAINTEXT
	security.providers = null
	send.buffer.bytes = 131072
	session.timeout.ms = 45000
	socket.connection.setup.timeout.max.ms = 30000
	socket.connection.setup.timeout.ms = 10000
	ssl.cipher.suites = null
	ssl.enabled.protocols = [TLSv1.2, TLSv1.3]
	ssl.endpoint.identification.algorithm = https
	ssl.engine.factory.class = null
	ssl.key.password = null
	ssl.keymanager.algorithm = SunX509
	ssl.keystore.certificate.chain = null
	ssl.keystore.key = null
	ssl.keystore.location = null
	ssl.keystore.password = null
	ssl.keystore.type = JKS
	ssl.protocol = TLSv1.3
	ssl.provider = null
	ssl.secure.random.implementation = null
	ssl.trustmanager.algorithm = PKIX
	ssl.truststore.certificates = null
	ssl.truststore.location = null
	ssl.truststore.password = null
	ssl.truststore.type = JKS
	value.deserializer = class org.apache.kafka.common.serialization.StringDeserializer

2025-12-11 11:04:02.115 [main] INFO  o.a.kafka.common.utils.AppInfoParser [node1:8080] - Kafka version: 3.0.2
2025-12-11 11:04:02.116 [main] INFO  o.a.kafka.common.utils.AppInfoParser [node1:8080] - Kafka commitId: 25b1aea02e37da14
2025-12-11 11:04:02.117 [main] INFO  o.a.kafka.common.utils.AppInfoParser [node1:8080] - Kafka startTimeMs: 1765422242115
2025-12-11 11:04:02.123 [main] INFO  o.a.k.clients.consumer.KafkaConsumer [node1:8080] - [Consumer clientId=consumer-pattern-consumer-2, groupId=pattern-consumer] Subscribed to pattern: '.*-events-topic'
2025-12-11 11:04:02.140 [main] INFO  o.a.k.c.consumer.ConsumerConfig [node1:8080] - ConsumerConfig values: 
	allow.auto.create.topics = true
	auto.commit.interval.ms = 5000
	auto.offset.reset = latest
	bootstrap.servers = [127.0.0.1:9093]
	check.crcs = true
	client.dns.lookup = use_all_dns_ips
	client.id = consumer-user-events-consumer-3
	client.rack = 
	connections.max.idle.ms = 540000
	default.api.timeout.ms = 60000
	enable.auto.commit = false
	exclude.internal.topics = true
	fetch.max.bytes = 52428800
	fetch.max.wait.ms = 500
	fetch.min.bytes = 1
	group.id = user-events-consumer
	group.instance.id = null
	heartbeat.interval.ms = 3000
	interceptor.classes = []
	internal.leave.group.on.close = true
	internal.throw.on.fetch.stable.offset.unsupported = false
	isolation.level = read_uncommitted
	key.deserializer = class org.apache.kafka.common.serialization.StringDeserializer
	max.partition.fetch.bytes = 1048576
	max.poll.interval.ms = 300000
	max.poll.records = 500
	metadata.max.age.ms = 300000
	metric.reporters = []
	metrics.num.samples = 2
	metrics.recording.level = INFO
	metrics.sample.window.ms = 30000
	partition.assignment.strategy = [class org.apache.kafka.clients.consumer.RangeAssignor, class org.apache.kafka.clients.consumer.CooperativeStickyAssignor]
	receive.buffer.bytes = 65536
	reconnect.backoff.max.ms = 1000
	reconnect.backoff.ms = 50
	request.timeout.ms = 30000
	retry.backoff.ms = 100
	sasl.client.callback.handler.class = null
	sasl.jaas.config = null
	sasl.kerberos.kinit.cmd = /usr/bin/kinit
	sasl.kerberos.min.time.before.relogin = 60000
	sasl.kerberos.service.name = null
	sasl.kerberos.ticket.renew.jitter = 0.05
	sasl.kerberos.ticket.renew.window.factor = 0.8
	sasl.login.callback.handler.class = null
	sasl.login.class = null
	sasl.login.refresh.buffer.seconds = 300
	sasl.login.refresh.min.period.seconds = 60
	sasl.login.refresh.window.factor = 0.8
	sasl.login.refresh.window.jitter = 0.05
	sasl.mechanism = GSSAPI
	security.protocol = PLAINTEXT
	security.providers = null
	send.buffer.bytes = 131072
	session.timeout.ms = 45000
	socket.connection.setup.timeout.max.ms = 30000
	socket.connection.setup.timeout.ms = 10000
	ssl.cipher.suites = null
	ssl.enabled.protocols = [TLSv1.2, TLSv1.3]
	ssl.endpoint.identification.algorithm = https
	ssl.engine.factory.class = null
	ssl.key.password = null
	ssl.keymanager.algorithm = SunX509
	ssl.keystore.certificate.chain = null
	ssl.keystore.key = null
	ssl.keystore.location = null
	ssl.keystore.password = null
	ssl.keystore.type = JKS
	ssl.protocol = TLSv1.3
	ssl.provider = null
	ssl.secure.random.implementation = null
	ssl.trustmanager.algorithm = PKIX
	ssl.truststore.certificates = null
	ssl.truststore.location = null
	ssl.truststore.password = null
	ssl.truststore.type = JKS
	value.deserializer = class org.apache.kafka.common.serialization.StringDeserializer

2025-12-11 11:04:02.161 [main] INFO  o.a.kafka.common.utils.AppInfoParser [node1:8080] - Kafka version: 3.0.2
2025-12-11 11:04:02.162 [main] INFO  o.a.kafka.common.utils.AppInfoParser [node1:8080] - Kafka commitId: 25b1aea02e37da14
2025-12-11 11:04:02.162 [main] INFO  o.a.kafka.common.utils.AppInfoParser [node1:8080] - Kafka startTimeMs: 1765422242161
2025-12-11 11:04:02.164 [main] INFO  o.a.k.clients.consumer.KafkaConsumer [node1:8080] - [Consumer clientId=consumer-user-events-consumer-3, groupId=user-events-consumer] Subscribed to topic(s): user-events-topic
2025-12-11 11:04:02.175 [main] INFO  o.a.k.c.consumer.ConsumerConfig [node1:8080] - ConsumerConfig values: 
	allow.auto.create.topics = true
	auto.commit.interval.ms = 5000
	auto.offset.reset = earliest
	bootstrap.servers = [127.0.0.1:9093]
	check.crcs = true
	client.dns.lookup = use_all_dns_ips
	client.id = consumer-order-events-consumer-4
	client.rack = 
	connections.max.idle.ms = 540000
	default.api.timeout.ms = 60000
	enable.auto.commit = false
	exclude.internal.topics = true
	fetch.max.bytes = 52428800
	fetch.max.wait.ms = 500
	fetch.min.bytes = 1
	group.id = order-events-consumer
	group.instance.id = null
	heartbeat.interval.ms = 3000
	interceptor.classes = []
	internal.leave.group.on.close = true
	internal.throw.on.fetch.stable.offset.unsupported = false
	isolation.level = read_uncommitted
	key.deserializer = class org.apache.kafka.common.serialization.StringDeserializer
	max.partition.fetch.bytes = 1048576
	max.poll.interval.ms = 300000
	max.poll.records = 500
	metadata.max.age.ms = 300000
	metric.reporters = []
	metrics.num.samples = 2
	metrics.recording.level = INFO
	metrics.sample.window.ms = 30000
	partition.assignment.strategy = [class org.apache.kafka.clients.consumer.RangeAssignor, class org.apache.kafka.clients.consumer.CooperativeStickyAssignor]
	receive.buffer.bytes = 65536
	reconnect.backoff.max.ms = 1000
	reconnect.backoff.ms = 50
	request.timeout.ms = 30000
	retry.backoff.ms = 100
	sasl.client.callback.handler.class = null
	sasl.jaas.config = null
	sasl.kerberos.kinit.cmd = /usr/bin/kinit
	sasl.kerberos.min.time.before.relogin = 60000
	sasl.kerberos.service.name = null
	sasl.kerberos.ticket.renew.jitter = 0.05
	sasl.kerberos.ticket.renew.window.factor = 0.8
	sasl.login.callback.handler.class = null
	sasl.login.class = null
	sasl.login.refresh.buffer.seconds = 300
	sasl.login.refresh.min.period.seconds = 60
	sasl.login.refresh.window.factor = 0.8
	sasl.login.refresh.window.jitter = 0.05
	sasl.mechanism = GSSAPI
	security.protocol = PLAINTEXT
	security.providers = null
	send.buffer.bytes = 131072
	session.timeout.ms = 45000
	socket.connection.setup.timeout.max.ms = 30000
	socket.connection.setup.timeout.ms = 10000
	ssl.cipher.suites = null
	ssl.enabled.protocols = [TLSv1.2, TLSv1.3]
	ssl.endpoint.identification.algorithm = https
	ssl.engine.factory.class = null
	ssl.key.password = null
	ssl.keymanager.algorithm = SunX509
	ssl.keystore.certificate.chain = null
	ssl.keystore.key = null
	ssl.keystore.location = null
	ssl.keystore.password = null
	ssl.keystore.type = JKS
	ssl.protocol = TLSv1.3
	ssl.provider = null
	ssl.secure.random.implementation = null
	ssl.trustmanager.algorithm = PKIX
	ssl.truststore.certificates = null
	ssl.truststore.location = null
	ssl.truststore.password = null
	ssl.truststore.type = JKS
	value.deserializer = class org.apache.kafka.common.serialization.StringDeserializer

2025-12-11 11:04:02.184 [main] INFO  o.a.kafka.common.utils.AppInfoParser [node1:8080] - Kafka version: 3.0.2
2025-12-11 11:04:02.185 [main] INFO  o.a.kafka.common.utils.AppInfoParser [node1:8080] - Kafka commitId: 25b1aea02e37da14
2025-12-11 11:04:02.185 [main] INFO  o.a.kafka.common.utils.AppInfoParser [node1:8080] - Kafka startTimeMs: 1765422242184
2025-12-11 11:04:02.186 [main] INFO  o.a.k.clients.consumer.KafkaConsumer [node1:8080] - [Consumer clientId=consumer-order-events-consumer-4, groupId=order-events-consumer] Subscribed to topic(s): order-events-topic
2025-12-11 11:04:02.218 [org.springframework.kafka.KafkaListenerEndpointContainer#3-0-C-1] INFO  org.apache.kafka.clients.Metadata [node1:8080] - [Consumer clientId=consumer-pattern-consumer-2, groupId=pattern-consumer] Resetting the last seen epoch of partition order-events-topic-0 to 0 since the associated topicId changed from null to S-jFKcJPSjSUm6FAu4JKEQ
2025-12-11 11:04:02.219 [org.springframework.kafka.KafkaListenerEndpointContainer#3-0-C-1] INFO  org.apache.kafka.clients.Metadata [node1:8080] - [Consumer clientId=consumer-pattern-consumer-2, groupId=pattern-consumer] Resetting the last seen epoch of partition order-events-topic-4 to 0 since the associated topicId changed from null to S-jFKcJPSjSUm6FAu4JKEQ
2025-12-11 11:04:02.220 [org.springframework.kafka.KafkaListenerEndpointContainer#3-0-C-1] INFO  org.apache.kafka.clients.Metadata [node1:8080] - [Consumer clientId=consumer-pattern-consumer-2, groupId=pattern-consumer] Resetting the last seen epoch of partition order-events-topic-1 to 0 since the associated topicId changed from null to S-jFKcJPSjSUm6FAu4JKEQ
2025-12-11 11:04:02.220 [org.springframework.kafka.KafkaListenerEndpointContainer#3-0-C-1] INFO  org.apache.kafka.clients.Metadata [node1:8080] - [Consumer clientId=consumer-pattern-consumer-2, groupId=pattern-consumer] Resetting the last seen epoch of partition order-events-topic-2 to 0 since the associated topicId changed from null to S-jFKcJPSjSUm6FAu4JKEQ
2025-12-11 11:04:02.221 [org.springframework.kafka.KafkaListenerEndpointContainer#3-0-C-1] INFO  org.apache.kafka.clients.Metadata [node1:8080] - [Consumer clientId=consumer-pattern-consumer-2, groupId=pattern-consumer] Resetting the last seen epoch of partition order-events-topic-3 to 0 since the associated topicId changed from null to S-jFKcJPSjSUm6FAu4JKEQ
2025-12-11 11:04:02.221 [org.springframework.kafka.KafkaListenerEndpointContainer#3-0-C-1] INFO  org.apache.kafka.clients.Metadata [node1:8080] - [Consumer clientId=consumer-pattern-consumer-2, groupId=pattern-consumer] Resetting the last seen epoch of partition user-events-topic-0 to 0 since the associated topicId changed from null to fcT4s_ILQFSo6P7BMOCX_Q
2025-12-11 11:04:02.221 [org.springframework.kafka.KafkaListenerEndpointContainer#3-0-C-1] INFO  org.apache.kafka.clients.Metadata [node1:8080] - [Consumer clientId=consumer-pattern-consumer-2, groupId=pattern-consumer] Resetting the last seen epoch of partition user-events-topic-2 to 0 since the associated topicId changed from null to fcT4s_ILQFSo6P7BMOCX_Q
2025-12-11 11:04:02.222 [org.springframework.kafka.KafkaListenerEndpointContainer#3-0-C-1] INFO  org.apache.kafka.clients.Metadata [node1:8080] - [Consumer clientId=consumer-pattern-consumer-2, groupId=pattern-consumer] Resetting the last seen epoch of partition user-events-topic-1 to 0 since the associated topicId changed from null to fcT4s_ILQFSo6P7BMOCX_Q
2025-12-11 11:04:02.224 [org.springframework.kafka.KafkaListenerEndpointContainer#3-0-C-1] INFO  org.apache.kafka.clients.Metadata [node1:8080] - [Consumer clientId=consumer-pattern-consumer-2, groupId=pattern-consumer] Cluster ID: sOJBYIVSQLWpg94NPVJ1_g
2025-12-11 11:04:02.232 [main] INFO  o.s.b.w.e.tomcat.TomcatWebServer [node1:8080] - Tomcat started on port(s): 8080 (http) with context path ''
2025-12-11 11:04:02.243 [org.springframework.kafka.KafkaListenerEndpointContainer#2-0-C-1] INFO  org.apache.kafka.clients.Metadata [node1:8080] - [Consumer clientId=consumer-notification-batch-consumer-1, groupId=notification-batch-consumer] Resetting the last seen epoch of partition notification-topic-0 to 0 since the associated topicId changed from null to ijmXFJA0Rrmn4LFk4ULykA
2025-12-11 11:04:02.243 [org.springframework.kafka.KafkaListenerEndpointContainer#3-0-C-1] INFO  o.a.k.c.c.i.ConsumerCoordinator [node1:8080] - [Consumer clientId=consumer-pattern-consumer-2, groupId=pattern-consumer] Discovered group coordinator localhost:9093 (id: 2147482646 rack: null)
2025-12-11 11:04:02.243 [org.springframework.kafka.KafkaListenerEndpointContainer#2-0-C-1] INFO  org.apache.kafka.clients.Metadata [node1:8080] - [Consumer clientId=consumer-notification-batch-consumer-1, groupId=notification-batch-consumer] Cluster ID: sOJBYIVSQLWpg94NPVJ1_g
2025-12-11 11:04:02.247 [org.springframework.kafka.KafkaListenerEndpointContainer#3-0-C-1] INFO  o.a.k.c.c.i.ConsumerCoordinator [node1:8080] - [Consumer clientId=consumer-pattern-consumer-2, groupId=pattern-consumer] (Re-)joining group
2025-12-11 11:04:02.253 [org.springframework.kafka.KafkaListenerEndpointContainer#0-0-C-1] INFO  org.apache.kafka.clients.Metadata [node1:8080] - [Consumer clientId=consumer-user-events-consumer-3, groupId=user-events-consumer] Resetting the last seen epoch of partition user-events-topic-0 to 0 since the associated topicId changed from null to fcT4s_ILQFSo6P7BMOCX_Q
2025-12-11 11:04:02.254 [org.springframework.kafka.KafkaListenerEndpointContainer#0-0-C-1] INFO  org.apache.kafka.clients.Metadata [node1:8080] - [Consumer clientId=consumer-user-events-consumer-3, groupId=user-events-consumer] Resetting the last seen epoch of partition user-events-topic-2 to 0 since the associated topicId changed from null to fcT4s_ILQFSo6P7BMOCX_Q
2025-12-11 11:04:02.254 [org.springframework.kafka.KafkaListenerEndpointContainer#0-0-C-1] INFO  org.apache.kafka.clients.Metadata [node1:8080] - [Consumer clientId=consumer-user-events-consumer-3, groupId=user-events-consumer] Resetting the last seen epoch of partition user-events-topic-1 to 0 since the associated topicId changed from null to fcT4s_ILQFSo6P7BMOCX_Q
2025-12-11 11:04:02.255 [org.springframework.kafka.KafkaListenerEndpointContainer#0-0-C-1] INFO  org.apache.kafka.clients.Metadata [node1:8080] - [Consumer clientId=consumer-user-events-consumer-3, groupId=user-events-consumer] Cluster ID: sOJBYIVSQLWpg94NPVJ1_g
2025-12-11 11:04:02.293 [org.springframework.kafka.KafkaListenerEndpointContainer#0-0-C-1] INFO  o.a.k.c.c.i.ConsumerCoordinator [node1:8080] - [Consumer clientId=consumer-user-events-consumer-3, groupId=user-events-consumer] Discovered group coordinator localhost:9093 (id: 2147482646 rack: null)
2025-12-11 11:04:02.295 [org.springframework.kafka.KafkaListenerEndpointContainer#0-0-C-1] INFO  o.a.k.c.c.i.ConsumerCoordinator [node1:8080] - [Consumer clientId=consumer-user-events-consumer-3, groupId=user-events-consumer] (Re-)joining group
2025-12-11 11:04:02.301 [main] INFO  c.a.n.p.a.s.c.ClientAuthPluginManager [node1:8080] - [ClientAuthPluginManager] Load ClientAuthService com.alibaba.nacos.client.auth.impl.NacosClientAuthServiceImpl success.
2025-12-11 11:04:02.303 [main] INFO  c.a.n.p.a.s.c.ClientAuthPluginManager [node1:8080] - [ClientAuthPluginManager] Load ClientAuthService com.alibaba.nacos.client.auth.ram.RamClientAuthServiceImpl success.
2025-12-11 11:04:02.322 [org.springframework.kafka.KafkaListenerEndpointContainer#2-0-C-1] INFO  o.a.k.c.c.i.ConsumerCoordinator [node1:8080] - [Consumer clientId=consumer-notification-batch-consumer-1, groupId=notification-batch-consumer] Discovered group coordinator localhost:9093 (id: 2147482646 rack: null)
2025-12-11 11:04:02.325 [org.springframework.kafka.KafkaListenerEndpointContainer#2-0-C-1] INFO  o.a.k.c.c.i.ConsumerCoordinator [node1:8080] - [Consumer clientId=consumer-notification-batch-consumer-1, groupId=notification-batch-consumer] (Re-)joining group
2025-12-11 11:04:02.481 [org.springframework.kafka.KafkaListenerEndpointContainer#1-0-C-1] INFO  org.apache.kafka.clients.Metadata [node1:8080] - [Consumer clientId=consumer-order-events-consumer-4, groupId=order-events-consumer] Resetting the last seen epoch of partition order-events-topic-0 to 0 since the associated topicId changed from null to S-jFKcJPSjSUm6FAu4JKEQ
2025-12-11 11:04:02.482 [org.springframework.kafka.KafkaListenerEndpointContainer#1-0-C-1] INFO  org.apache.kafka.clients.Metadata [node1:8080] - [Consumer clientId=consumer-order-events-consumer-4, groupId=order-events-consumer] Resetting the last seen epoch of partition order-events-topic-4 to 0 since the associated topicId changed from null to S-jFKcJPSjSUm6FAu4JKEQ
2025-12-11 11:04:02.482 [org.springframework.kafka.KafkaListenerEndpointContainer#1-0-C-1] INFO  org.apache.kafka.clients.Metadata [node1:8080] - [Consumer clientId=consumer-order-events-consumer-4, groupId=order-events-consumer] Resetting the last seen epoch of partition order-events-topic-1 to 0 since the associated topicId changed from null to S-jFKcJPSjSUm6FAu4JKEQ
2025-12-11 11:04:02.483 [org.springframework.kafka.KafkaListenerEndpointContainer#1-0-C-1] INFO  org.apache.kafka.clients.Metadata [node1:8080] - [Consumer clientId=consumer-order-events-consumer-4, groupId=order-events-consumer] Resetting the last seen epoch of partition order-events-topic-2 to 0 since the associated topicId changed from null to S-jFKcJPSjSUm6FAu4JKEQ
2025-12-11 11:04:02.483 [org.springframework.kafka.KafkaListenerEndpointContainer#1-0-C-1] INFO  org.apache.kafka.clients.Metadata [node1:8080] - [Consumer clientId=consumer-order-events-consumer-4, groupId=order-events-consumer] Resetting the last seen epoch of partition order-events-topic-3 to 0 since the associated topicId changed from null to S-jFKcJPSjSUm6FAu4JKEQ
2025-12-11 11:04:02.484 [org.springframework.kafka.KafkaListenerEndpointContainer#1-0-C-1] INFO  org.apache.kafka.clients.Metadata [node1:8080] - [Consumer clientId=consumer-order-events-consumer-4, groupId=order-events-consumer] Cluster ID: sOJBYIVSQLWpg94NPVJ1_g
2025-12-11 11:04:02.520 [org.springframework.kafka.KafkaListenerEndpointContainer#2-0-C-1] INFO  o.a.k.c.c.i.ConsumerCoordinator [node1:8080] - [Consumer clientId=consumer-notification-batch-consumer-1, groupId=notification-batch-consumer] Request joining group due to: need to re-join with the given member-id
2025-12-11 11:04:02.521 [org.springframework.kafka.KafkaListenerEndpointContainer#2-0-C-1] INFO  o.a.k.c.c.i.ConsumerCoordinator [node1:8080] - [Consumer clientId=consumer-notification-batch-consumer-1, groupId=notification-batch-consumer] (Re-)joining group
2025-12-11 11:04:02.531 [org.springframework.kafka.KafkaListenerEndpointContainer#3-0-C-1] INFO  o.a.k.c.c.i.ConsumerCoordinator [node1:8080] - [Consumer clientId=consumer-pattern-consumer-2, groupId=pattern-consumer] Request joining group due to: need to re-join with the given member-id
2025-12-11 11:04:02.533 [org.springframework.kafka.KafkaListenerEndpointContainer#3-0-C-1] INFO  o.a.k.c.c.i.ConsumerCoordinator [node1:8080] - [Consumer clientId=consumer-pattern-consumer-2, groupId=pattern-consumer] (Re-)joining group
2025-12-11 11:04:02.547 [org.springframework.kafka.KafkaListenerEndpointContainer#1-0-C-1] INFO  o.a.k.c.c.i.ConsumerCoordinator [node1:8080] - [Consumer clientId=consumer-order-events-consumer-4, groupId=order-events-consumer] Discovered group coordinator localhost:9093 (id: 2147482646 rack: null)
2025-12-11 11:04:02.553 [org.springframework.kafka.KafkaListenerEndpointContainer#1-0-C-1] INFO  o.a.k.c.c.i.ConsumerCoordinator [node1:8080] - [Consumer clientId=consumer-order-events-consumer-4, groupId=order-events-consumer] (Re-)joining group
2025-12-11 11:04:02.690 [main] INFO  c.a.c.n.r.NacosServiceRegistry [node1:8080] - nacos registry, DEFAULT_GROUP nacos-demo-service 192.168.31.227:8080 register finished
2025-12-11 11:04:02.776 [main] INFO  com.example.demo.DemoApplication [node1:8080] - Started DemoApplication in 37.616 seconds (JVM running for 41.436)
2025-12-11 11:04:02.811 [org.springframework.kafka.KafkaListenerEndpointContainer#0-0-C-1] INFO  o.a.k.c.c.i.ConsumerCoordinator [node1:8080] - [Consumer clientId=consumer-user-events-consumer-3, groupId=user-events-consumer] Request joining group due to: need to re-join with the given member-id
2025-12-11 11:04:02.812 [org.springframework.kafka.KafkaListenerEndpointContainer#0-0-C-1] INFO  o.a.k.c.c.i.ConsumerCoordinator [node1:8080] - [Consumer clientId=consumer-user-events-consumer-3, groupId=user-events-consumer] (Re-)joining group
2025-12-11 11:04:02.827 [org.springframework.kafka.KafkaListenerEndpointContainer#1-0-C-1] INFO  o.a.k.c.c.i.ConsumerCoordinator [node1:8080] - [Consumer clientId=consumer-order-events-consumer-4, groupId=order-events-consumer] Request joining group due to: need to re-join with the given member-id
2025-12-11 11:04:02.828 [org.springframework.kafka.KafkaListenerEndpointContainer#1-0-C-1] INFO  o.a.k.c.c.i.ConsumerCoordinator [node1:8080] - [Consumer clientId=consumer-order-events-consumer-4, groupId=order-events-consumer] (Re-)joining group
2025-12-11 11:04:02.876 [main] INFO  c.a.c.n.r.NacosContextRefresher [node1:8080] - [Nacos Config] Listening config: dataId=nacos-demo-service-local.properties, group=DEFAULT_GROUP
2025-12-11 11:04:02.878 [main] INFO  com.example.demo.DemoApplication [node1:8080] - 应用启动完成，开始测试日志输出
2025-12-11 11:04:03.539 [RMI TCP Connection(2)-127.0.0.1] INFO  o.a.c.c.C.[Tomcat].[localhost].[/] [node1:8080] - Initializing Spring DispatcherServlet 'dispatcherServlet'
2025-12-11 11:04:03.540 [RMI TCP Connection(2)-127.0.0.1] INFO  o.s.web.servlet.DispatcherServlet [node1:8080] - Initializing Servlet 'dispatcherServlet'
2025-12-11 11:04:03.546 [RMI TCP Connection(2)-127.0.0.1] INFO  o.s.web.servlet.DispatcherServlet [node1:8080] - Completed initialization in 5 ms
2025-12-11 11:04:05.573 [org.springframework.kafka.KafkaListenerEndpointContainer#2-0-C-1] INFO  o.a.k.c.c.i.ConsumerCoordinator [node1:8080] - [Consumer clientId=consumer-notification-batch-consumer-1, groupId=notification-batch-consumer] Successfully joined group with generation Generation{generationId=41, memberId='consumer-notification-batch-consumer-1-7bd5bb68-a7a0-49c1-8c3f-aa10cbf7982e', protocol='range'}
2025-12-11 11:04:05.579 [org.springframework.kafka.KafkaListenerEndpointContainer#2-0-C-1] INFO  o.a.k.c.c.i.ConsumerCoordinator [node1:8080] - [Consumer clientId=consumer-notification-batch-consumer-1, groupId=notification-batch-consumer] Finished assignment for group at generation 41: {consumer-notification-batch-consumer-1-7bd5bb68-a7a0-49c1-8c3f-aa10cbf7982e=Assignment(partitions=[notification-topic-0])}
2025-12-11 11:04:05.717 [org.springframework.kafka.KafkaListenerEndpointContainer#2-0-C-1] INFO  o.a.k.c.c.i.ConsumerCoordinator [node1:8080] - [Consumer clientId=consumer-notification-batch-consumer-1, groupId=notification-batch-consumer] Successfully synced group in generation Generation{generationId=41, memberId='consumer-notification-batch-consumer-1-7bd5bb68-a7a0-49c1-8c3f-aa10cbf7982e', protocol='range'}
2025-12-11 11:04:05.718 [org.springframework.kafka.KafkaListenerEndpointContainer#2-0-C-1] INFO  o.a.k.c.c.i.ConsumerCoordinator [node1:8080] - [Consumer clientId=consumer-notification-batch-consumer-1, groupId=notification-batch-consumer] Notifying assignor about the new Assignment(partitions=[notification-topic-0])
2025-12-11 11:04:05.723 [org.springframework.kafka.KafkaListenerEndpointContainer#2-0-C-1] INFO  o.a.k.c.c.i.ConsumerCoordinator [node1:8080] - [Consumer clientId=consumer-notification-batch-consumer-1, groupId=notification-batch-consumer] Adding newly assigned partitions: notification-topic-0
2025-12-11 11:04:05.826 [org.springframework.kafka.KafkaListenerEndpointContainer#3-0-C-1] INFO  o.a.k.c.c.i.ConsumerCoordinator [node1:8080] - [Consumer clientId=consumer-pattern-consumer-2, groupId=pattern-consumer] Successfully joined group with generation Generation{generationId=39, memberId='consumer-pattern-consumer-2-bc60a210-ed5b-4fdf-834c-33611404752f', protocol='range'}
2025-12-11 11:04:05.827 [org.springframework.kafka.KafkaListenerEndpointContainer#3-0-C-1] INFO  o.a.k.c.c.i.ConsumerCoordinator [node1:8080] - [Consumer clientId=consumer-pattern-consumer-2, groupId=pattern-consumer] Finished assignment for group at generation 39: {consumer-pattern-consumer-2-bc60a210-ed5b-4fdf-834c-33611404752f=Assignment(partitions=[user-events-topic-0, user-events-topic-1, user-events-topic-2, order-events-topic-0, order-events-topic-1, order-events-topic-2, order-events-topic-3, order-events-topic-4])}
2025-12-11 11:04:06.761 [org.springframework.kafka.KafkaListenerEndpointContainer#2-0-C-1] INFO  o.a.k.c.c.i.ConsumerCoordinator [node1:8080] - [Consumer clientId=consumer-notification-batch-consumer-1, groupId=notification-batch-consumer] Setting offset for partition notification-topic-0 to the committed offset FetchPosition{offset=0, offsetEpoch=Optional.empty, currentLeader=LeaderAndEpoch{leader=Optional[localhost:9093 (id: 1001 rack: null)], epoch=0}}
2025-12-11 11:04:06.763 [org.springframework.kafka.KafkaListenerEndpointContainer#2-0-C-1] INFO  o.s.k.l.KafkaMessageListenerContainer [node1:8080] - notification-batch-consumer: partitions assigned: [notification-topic-0]
2025-12-11 11:04:07.265 [org.springframework.kafka.KafkaListenerEndpointContainer#3-0-C-1] INFO  o.a.k.c.c.i.ConsumerCoordinator [node1:8080] - [Consumer clientId=consumer-pattern-consumer-2, groupId=pattern-consumer] Successfully synced group in generation Generation{generationId=39, memberId='consumer-pattern-consumer-2-bc60a210-ed5b-4fdf-834c-33611404752f', protocol='range'}
2025-12-11 11:04:07.352 [org.springframework.kafka.KafkaListenerEndpointContainer#1-0-C-1] INFO  o.a.k.c.c.i.ConsumerCoordinator [node1:8080] - [Consumer clientId=consumer-order-events-consumer-4, groupId=order-events-consumer] Successfully joined group with generation Generation{generationId=39, memberId='consumer-order-events-consumer-4-c1cbd513-fba8-4931-8701-80f1babdb6fa', protocol='range'}
2025-12-11 11:04:07.352 [org.springframework.kafka.KafkaListenerEndpointContainer#1-0-C-1] INFO  o.a.k.c.c.i.ConsumerCoordinator [node1:8080] - [Consumer clientId=consumer-order-events-consumer-4, groupId=order-events-consumer] Finished assignment for group at generation 39: {consumer-order-events-consumer-4-c1cbd513-fba8-4931-8701-80f1babdb6fa=Assignment(partitions=[order-events-topic-0, order-events-topic-1, order-events-topic-2, order-events-topic-3, order-events-topic-4])}
2025-12-11 11:04:07.401 [org.springframework.kafka.KafkaListenerEndpointContainer#3-0-C-1] INFO  o.a.k.c.c.i.ConsumerCoordinator [node1:8080] - [Consumer clientId=consumer-pattern-consumer-2, groupId=pattern-consumer] Notifying assignor about the new Assignment(partitions=[user-events-topic-0, user-events-topic-1, user-events-topic-2, order-events-topic-0, order-events-topic-1, order-events-topic-2, order-events-topic-3, order-events-topic-4])
2025-12-11 11:04:07.401 [org.springframework.kafka.KafkaListenerEndpointContainer#3-0-C-1] INFO  o.a.k.c.c.i.ConsumerCoordinator [node1:8080] - [Consumer clientId=consumer-pattern-consumer-2, groupId=pattern-consumer] Adding newly assigned partitions: user-events-topic-1, user-events-topic-2, order-events-topic-4, user-events-topic-0, order-events-topic-2, order-events-topic-3, order-events-topic-0, order-events-topic-1
2025-12-11 11:04:07.445 [org.springframework.kafka.KafkaListenerEndpointContainer#0-0-C-1] INFO  o.a.k.c.c.i.ConsumerCoordinator [node1:8080] - [Consumer clientId=consumer-user-events-consumer-3, groupId=user-events-consumer] Successfully joined group with generation Generation{generationId=43, memberId='consumer-user-events-consumer-3-f485c645-b09c-460b-88d8-8a781744258a', protocol='range'}
2025-12-11 11:04:07.445 [org.springframework.kafka.KafkaListenerEndpointContainer#0-0-C-1] INFO  o.a.k.c.c.i.ConsumerCoordinator [node1:8080] - [Consumer clientId=consumer-user-events-consumer-3, groupId=user-events-consumer] Finished assignment for group at generation 43: {consumer-user-events-consumer-3-f485c645-b09c-460b-88d8-8a781744258a=Assignment(partitions=[user-events-topic-0, user-events-topic-1, user-events-topic-2])}
2025-12-11 11:04:07.484 [http-nio-8080-exec-1] INFO  c.example.demo.aop.WebControllerAOP [node1:8080] - [请求开始] ID: 0b356159
2025-12-11 11:04:07.484 [http-nio-8080-exec-1] INFO  c.example.demo.aop.WebControllerAOP [node1:8080] - 请求路径: /api/redis/api/redisson
2025-12-11 11:04:07.485 [http-nio-8080-exec-1] INFO  c.example.demo.aop.WebControllerAOP [node1:8080] - 客户端IP: 0:0:0:0:0:0:0:1
2025-12-11 11:04:07.486 [http-nio-8080-exec-1] INFO  c.example.demo.aop.WebControllerAOP [node1:8080] - 方法: DemoController.redissonRequest
2025-12-11 11:04:07.721 [org.springframework.kafka.KafkaListenerEndpointContainer#0-0-C-1] INFO  o.a.k.c.c.i.ConsumerCoordinator [node1:8080] - [Consumer clientId=consumer-user-events-consumer-3, groupId=user-events-consumer] Successfully synced group in generation Generation{generationId=43, memberId='consumer-user-events-consumer-3-f485c645-b09c-460b-88d8-8a781744258a', protocol='range'}
2025-12-11 11:04:07.722 [org.springframework.kafka.KafkaListenerEndpointContainer#0-0-C-1] INFO  o.a.k.c.c.i.ConsumerCoordinator [node1:8080] - [Consumer clientId=consumer-user-events-consumer-3, groupId=user-events-consumer] Notifying assignor about the new Assignment(partitions=[user-events-topic-0, user-events-topic-1, user-events-topic-2])
2025-12-11 11:04:07.722 [org.springframework.kafka.KafkaListenerEndpointContainer#0-0-C-1] INFO  o.a.k.c.c.i.ConsumerCoordinator [node1:8080] - [Consumer clientId=consumer-user-events-consumer-3, groupId=user-events-consumer] Adding newly assigned partitions: user-events-topic-1, user-events-topic-2, user-events-topic-0
2025-12-11 11:04:07.808 [http-nio-8080-exec-1] INFO  c.example.demo.aop.WebControllerAOP [node1:8080] - 参数: {}
2025-12-11 11:04:07.916 [org.springframework.kafka.KafkaListenerEndpointContainer#1-0-C-1] INFO  o.a.k.c.c.i.ConsumerCoordinator [node1:8080] - [Consumer clientId=consumer-order-events-consumer-4, groupId=order-events-consumer] Successfully synced group in generation Generation{generationId=39, memberId='consumer-order-events-consumer-4-c1cbd513-fba8-4931-8701-80f1babdb6fa', protocol='range'}
2025-12-11 11:04:07.917 [org.springframework.kafka.KafkaListenerEndpointContainer#1-0-C-1] INFO  o.a.k.c.c.i.ConsumerCoordinator [node1:8080] - [Consumer clientId=consumer-order-events-consumer-4, groupId=order-events-consumer] Notifying assignor about the new Assignment(partitions=[order-events-topic-0, order-events-topic-1, order-events-topic-2, order-events-topic-3, order-events-topic-4])
2025-12-11 11:04:07.917 [org.springframework.kafka.KafkaListenerEndpointContainer#1-0-C-1] INFO  o.a.k.c.c.i.ConsumerCoordinator [node1:8080] - [Consumer clientId=consumer-order-events-consumer-4, groupId=order-events-consumer] Adding newly assigned partitions: order-events-topic-4, order-events-topic-2, order-events-topic-3, order-events-topic-0, order-events-topic-1
2025-12-11 11:04:07.967 [http-nio-8080-exec-1] DEBUG org.mybatis.spring.SqlSessionUtils [node1:8080] - Creating a new SqlSession
2025-12-11 11:04:07.983 [http-nio-8080-exec-1] DEBUG org.mybatis.spring.SqlSessionUtils [node1:8080] - SqlSession [org.apache.ibatis.session.defaults.DefaultSqlSession@5fbf3603] was not registered for synchronization because synchronization is not active
2025-12-11 11:04:08.049 [org.springframework.kafka.KafkaListenerEndpointContainer#1-0-C-1] INFO  o.a.k.c.c.i.ConsumerCoordinator [node1:8080] - [Consumer clientId=consumer-order-events-consumer-4, groupId=order-events-consumer] Setting offset for partition order-events-topic-4 to the committed offset FetchPosition{offset=0, offsetEpoch=Optional.empty, currentLeader=LeaderAndEpoch{leader=Optional[localhost:9093 (id: 1001 rack: null)], epoch=0}}
2025-12-11 11:04:08.049 [org.springframework.kafka.KafkaListenerEndpointContainer#1-0-C-1] INFO  o.a.k.c.c.i.ConsumerCoordinator [node1:8080] - [Consumer clientId=consumer-order-events-consumer-4, groupId=order-events-consumer] Setting offset for partition order-events-topic-2 to the committed offset FetchPosition{offset=0, offsetEpoch=Optional.empty, currentLeader=LeaderAndEpoch{leader=Optional[localhost:9093 (id: 1001 rack: null)], epoch=0}}
2025-12-11 11:04:08.050 [org.springframework.kafka.KafkaListenerEndpointContainer#1-0-C-1] INFO  o.a.k.c.c.i.ConsumerCoordinator [node1:8080] - [Consumer clientId=consumer-order-events-consumer-4, groupId=order-events-consumer] Setting offset for partition order-events-topic-3 to the committed offset FetchPosition{offset=0, offsetEpoch=Optional.empty, currentLeader=LeaderAndEpoch{leader=Optional[localhost:9093 (id: 1001 rack: null)], epoch=0}}
2025-12-11 11:04:08.050 [org.springframework.kafka.KafkaListenerEndpointContainer#1-0-C-1] INFO  o.a.k.c.c.i.ConsumerCoordinator [node1:8080] - [Consumer clientId=consumer-order-events-consumer-4, groupId=order-events-consumer] Setting offset for partition order-events-topic-0 to the committed offset FetchPosition{offset=0, offsetEpoch=Optional.empty, currentLeader=LeaderAndEpoch{leader=Optional[localhost:9093 (id: 1001 rack: null)], epoch=0}}
2025-12-11 11:04:08.050 [org.springframework.kafka.KafkaListenerEndpointContainer#1-0-C-1] INFO  o.a.k.c.c.i.ConsumerCoordinator [node1:8080] - [Consumer clientId=consumer-order-events-consumer-4, groupId=order-events-consumer] Setting offset for partition order-events-topic-1 to the committed offset FetchPosition{offset=0, offsetEpoch=Optional.empty, currentLeader=LeaderAndEpoch{leader=Optional[localhost:9093 (id: 1001 rack: null)], epoch=0}}
2025-12-11 11:04:08.151 [org.springframework.kafka.KafkaListenerEndpointContainer#1-0-C-1] INFO  o.s.k.l.KafkaMessageListenerContainer [node1:8080] - order-events-consumer: partitions assigned: [order-events-topic-4, order-events-topic-2, order-events-topic-3, order-events-topic-0, order-events-topic-1]
2025-12-11 11:04:08.166 [org.springframework.kafka.KafkaListenerEndpointContainer#3-0-C-1] INFO  o.a.k.c.c.i.ConsumerCoordinator [node1:8080] - [Consumer clientId=consumer-pattern-consumer-2, groupId=pattern-consumer] Setting offset for partition user-events-topic-1 to the committed offset FetchPosition{offset=4, offsetEpoch=Optional.empty, currentLeader=LeaderAndEpoch{leader=Optional[localhost:9093 (id: 1001 rack: null)], epoch=0}}
2025-12-11 11:04:08.166 [org.springframework.kafka.KafkaListenerEndpointContainer#3-0-C-1] INFO  o.a.k.c.c.i.ConsumerCoordinator [node1:8080] - [Consumer clientId=consumer-pattern-consumer-2, groupId=pattern-consumer] Setting offset for partition user-events-topic-2 to the committed offset FetchPosition{offset=4, offsetEpoch=Optional.empty, currentLeader=LeaderAndEpoch{leader=Optional[localhost:9093 (id: 1001 rack: null)], epoch=0}}
2025-12-11 11:04:08.167 [org.springframework.kafka.KafkaListenerEndpointContainer#3-0-C-1] INFO  o.a.k.c.c.i.ConsumerCoordinator [node1:8080] - [Consumer clientId=consumer-pattern-consumer-2, groupId=pattern-consumer] Setting offset for partition order-events-topic-4 to the committed offset FetchPosition{offset=0, offsetEpoch=Optional.empty, currentLeader=LeaderAndEpoch{leader=Optional[localhost:9093 (id: 1001 rack: null)], epoch=0}}
2025-12-11 11:04:08.167 [org.springframework.kafka.KafkaListenerEndpointContainer#3-0-C-1] INFO  o.a.k.c.c.i.ConsumerCoordinator [node1:8080] - [Consumer clientId=consumer-pattern-consumer-2, groupId=pattern-consumer] Setting offset for partition user-events-topic-0 to the committed offset FetchPosition{offset=7, offsetEpoch=Optional.empty, currentLeader=LeaderAndEpoch{leader=Optional[localhost:9093 (id: 1001 rack: null)], epoch=0}}
2025-12-11 11:04:08.167 [org.springframework.kafka.KafkaListenerEndpointContainer#3-0-C-1] INFO  o.a.k.c.c.i.ConsumerCoordinator [node1:8080] - [Consumer clientId=consumer-pattern-consumer-2, groupId=pattern-consumer] Setting offset for partition order-events-topic-2 to the committed offset FetchPosition{offset=0, offsetEpoch=Optional.empty, currentLeader=LeaderAndEpoch{leader=Optional[localhost:9093 (id: 1001 rack: null)], epoch=0}}
2025-12-11 11:04:08.167 [org.springframework.kafka.KafkaListenerEndpointContainer#3-0-C-1] INFO  o.a.k.c.c.i.ConsumerCoordinator [node1:8080] - [Consumer clientId=consumer-pattern-consumer-2, groupId=pattern-consumer] Setting offset for partition order-events-topic-3 to the committed offset FetchPosition{offset=0, offsetEpoch=Optional.empty, currentLeader=LeaderAndEpoch{leader=Optional[localhost:9093 (id: 1001 rack: null)], epoch=0}}
2025-12-11 11:04:08.168 [org.springframework.kafka.KafkaListenerEndpointContainer#3-0-C-1] INFO  o.a.k.c.c.i.ConsumerCoordinator [node1:8080] - [Consumer clientId=consumer-pattern-consumer-2, groupId=pattern-consumer] Setting offset for partition order-events-topic-0 to the committed offset FetchPosition{offset=0, offsetEpoch=Optional.empty, currentLeader=LeaderAndEpoch{leader=Optional[localhost:9093 (id: 1001 rack: null)], epoch=0}}
2025-12-11 11:04:08.168 [org.springframework.kafka.KafkaListenerEndpointContainer#3-0-C-1] INFO  o.a.k.c.c.i.ConsumerCoordinator [node1:8080] - [Consumer clientId=consumer-pattern-consumer-2, groupId=pattern-consumer] Setting offset for partition order-events-topic-1 to the committed offset FetchPosition{offset=0, offsetEpoch=Optional.empty, currentLeader=LeaderAndEpoch{leader=Optional[localhost:9093 (id: 1001 rack: null)], epoch=0}}
2025-12-11 11:04:08.168 [org.springframework.kafka.KafkaListenerEndpointContainer#3-0-C-1] INFO  o.s.k.l.KafkaMessageListenerContainer [node1:8080] - pattern-consumer: partitions assigned: [user-events-topic-1, user-events-topic-2, order-events-topic-4, user-events-topic-0, order-events-topic-2, order-events-topic-3, order-events-topic-0, order-events-topic-1]
2025-12-11 11:04:08.184 [http-nio-8080-exec-1] DEBUG o.m.s.t.SpringManagedTransaction [node1:8080] - JDBC Connection [HikariProxyConnection@1212276484 wrapping com.mysql.cj.jdbc.ConnectionImpl@765315dc] will not be managed by Spring
2025-12-11 11:04:08.257 [org.springframework.kafka.KafkaListenerEndpointContainer#0-0-C-1] INFO  o.a.k.c.c.i.ConsumerCoordinator [node1:8080] - [Consumer clientId=consumer-user-events-consumer-3, groupId=user-events-consumer] Setting offset for partition user-events-topic-1 to the committed offset FetchPosition{offset=4, offsetEpoch=Optional.empty, currentLeader=LeaderAndEpoch{leader=Optional[localhost:9093 (id: 1001 rack: null)], epoch=0}}
2025-12-11 11:04:08.257 [org.springframework.kafka.KafkaListenerEndpointContainer#0-0-C-1] INFO  o.a.k.c.c.i.ConsumerCoordinator [node1:8080] - [Consumer clientId=consumer-user-events-consumer-3, groupId=user-events-consumer] Setting offset for partition user-events-topic-2 to the committed offset FetchPosition{offset=4, offsetEpoch=Optional.empty, currentLeader=LeaderAndEpoch{leader=Optional[localhost:9093 (id: 1001 rack: null)], epoch=0}}
2025-12-11 11:04:08.257 [org.springframework.kafka.KafkaListenerEndpointContainer#0-0-C-1] INFO  o.a.k.c.c.i.ConsumerCoordinator [node1:8080] - [Consumer clientId=consumer-user-events-consumer-3, groupId=user-events-consumer] Setting offset for partition user-events-topic-0 to the committed offset FetchPosition{offset=7, offsetEpoch=Optional.empty, currentLeader=LeaderAndEpoch{leader=Optional[localhost:9093 (id: 1001 rack: null)], epoch=0}}
2025-12-11 11:04:08.258 [org.springframework.kafka.KafkaListenerEndpointContainer#0-0-C-1] INFO  o.s.k.l.KafkaMessageListenerContainer [node1:8080] - user-events-consumer: partitions assigned: [user-events-topic-1, user-events-topic-2, user-events-topic-0]
2025-12-11 11:04:08.618 [http-nio-8080-exec-1] DEBUG org.mybatis.spring.SqlSessionUtils [node1:8080] - Closing non transactional SqlSession [org.apache.ibatis.session.defaults.DefaultSqlSession@5fbf3603]
2025-12-11 11:04:08.750 [http-nio-8080-exec-1] INFO  c.example.demo.aop.WebControllerAOP [node1:8080] - 响应状态: 200
2025-12-11 11:04:08.867 [http-nio-8080-exec-1] INFO  c.example.demo.aop.WebControllerAOP [node1:8080] - 响应内容: {"code":0,"data":{"account_":"admin","create_by":1,"create_time":"2016-05-06 10:06:52","enable_":1,"id_":1,"is_del":0,"money":0.0,"name_pinyin":"GUANLIYUAN","password_":"e10adc3949ba59abbe56e057f20f883e","remark_":"","sex_":1,"update_by":1,"update_time":"2019-02-26 22:27:39","user_name":"管理员","user_type":"2","wei_bo":""},"message":"执行成功"}
2025-12-11 11:04:08.867 [http-nio-8080-exec-1] INFO  c.example.demo.aop.WebControllerAOP [node1:8080] - 响应大小: 340 字符
2025-12-11 11:04:08.868 [http-nio-8080-exec-1] INFO  c.example.demo.aop.WebControllerAOP [node1:8080] - [请求完成] ID: 0b356159, 耗时: 939ms
2025-12-11 11:09:13.590 [HikariPool-1 housekeeper] WARN  com.zaxxer.hikari.pool.HikariPool [node1:8080] - HikariPool-1 - Retrograde clock change detected (housekeeper delta=29s821ms), soft-evicting connections from pool.
2025-12-11 11:14:40.388 [kafka-coordinator-heartbeat-thread | notification-batch-consumer] INFO  o.a.k.c.c.i.ConsumerCoordinator [node1:8080] - [Consumer clientId=consumer-notification-batch-consumer-1, groupId=notification-batch-consumer] Group coordinator localhost:9093 (id: 2147482646 rack: null) is unavailable or invalid due to cause: session timed out without receiving a heartbeat response.isDisconnected: false. Rediscovery will be attempted.
2025-12-11 11:14:40.391 [kafka-coordinator-heartbeat-thread | order-events-consumer] INFO  o.a.k.c.c.i.ConsumerCoordinator [node1:8080] - [Consumer clientId=consumer-order-events-consumer-4, groupId=order-events-consumer] Group coordinator localhost:9093 (id: 2147482646 rack: null) is unavailable or invalid due to cause: session timed out without receiving a heartbeat response.isDisconnected: false. Rediscovery will be attempted.
2025-12-11 11:14:40.388 [kafka-coordinator-heartbeat-thread | user-events-consumer] INFO  o.a.k.c.c.i.ConsumerCoordinator [node1:8080] - [Consumer clientId=consumer-user-events-consumer-3, groupId=user-events-consumer] Group coordinator localhost:9093 (id: 2147482646 rack: null) is unavailable or invalid due to cause: session timed out without receiving a heartbeat response.isDisconnected: false. Rediscovery will be attempted.
2025-12-11 11:14:40.403 [kafka-coordinator-heartbeat-thread | pattern-consumer] INFO  o.a.k.c.c.i.ConsumerCoordinator [node1:8080] - [Consumer clientId=consumer-pattern-consumer-2, groupId=pattern-consumer] Group coordinator localhost:9093 (id: 2147482646 rack: null) is unavailable or invalid due to cause: session timed out without receiving a heartbeat response.isDisconnected: false. Rediscovery will be attempted.
2025-12-11 11:14:40.430 [org.springframework.kafka.KafkaListenerEndpointContainer#3-0-C-1] INFO  o.a.k.clients.FetchSessionHandler [node1:8080] - [Consumer clientId=consumer-pattern-consumer-2, groupId=pattern-consumer] Error sending fetch request (sessionId=683683097, epoch=587) to node 1001:
org.apache.kafka.common.errors.DisconnectException: null
2025-12-11 11:14:40.996 [org.springframework.kafka.KafkaListenerEndpointContainer#2-0-C-1] INFO  o.a.k.clients.FetchSessionHandler [node1:8080] - [Consumer clientId=consumer-notification-batch-consumer-1, groupId=notification-batch-consumer] Error sending fetch request (sessionId=1536486147, epoch=589) to node 1001:
org.apache.kafka.common.errors.DisconnectException: null
2025-12-11 11:14:40.996 [org.springframework.kafka.KafkaListenerEndpointContainer#1-0-C-1] INFO  o.a.k.clients.FetchSessionHandler [node1:8080] - [Consumer clientId=consumer-order-events-consumer-4, groupId=order-events-consumer] Error sending fetch request (sessionId=1225189759, epoch=587) to node 1001:
org.apache.kafka.common.errors.DisconnectException: null
2025-12-11 11:14:40.997 [org.springframework.kafka.KafkaListenerEndpointContainer#0-0-C-1] INFO  o.a.k.clients.FetchSessionHandler [node1:8080] - [Consumer clientId=consumer-user-events-consumer-3, groupId=user-events-consumer] Error sending fetch request (sessionId=1738438937, epoch=586) to node 1001:
org.apache.kafka.common.errors.DisconnectException: null
2025-12-11 11:14:41.200 [HikariPool-1 housekeeper] WARN  com.zaxxer.hikari.pool.HikariPool [node1:8080] - HikariPool-1 - Thread starvation or clock leap detected (housekeeper delta=5m27s612ms).
2025-12-11 11:14:49.336 [org.springframework.kafka.KafkaListenerEndpointContainer#1-0-C-1] INFO  o.a.k.c.c.i.ConsumerCoordinator [node1:8080] - [Consumer clientId=consumer-order-events-consumer-4, groupId=order-events-consumer] Discovered group coordinator localhost:9093 (id: 2147482646 rack: null)
2025-12-11 11:14:49.366 [org.springframework.kafka.KafkaListenerEndpointContainer#3-0-C-1] INFO  o.a.k.c.c.i.ConsumerCoordinator [node1:8080] - [Consumer clientId=consumer-pattern-consumer-2, groupId=pattern-consumer] Discovered group coordinator localhost:9093 (id: 2147482646 rack: null)
2025-12-11 11:14:49.454 [org.springframework.kafka.KafkaListenerEndpointContainer#1-0-C-1] INFO  o.a.k.c.c.i.ConsumerCoordinator [node1:8080] - [Consumer clientId=consumer-order-events-consumer-4, groupId=order-events-consumer] Discovered group coordinator localhost:9093 (id: 2147482646 rack: null)
2025-12-11 11:14:49.466 [org.springframework.kafka.KafkaListenerEndpointContainer#3-0-C-1] INFO  o.a.k.c.c.i.ConsumerCoordinator [node1:8080] - [Consumer clientId=consumer-pattern-consumer-2, groupId=pattern-consumer] Discovered group coordinator localhost:9093 (id: 2147482646 rack: null)
2025-12-11 11:14:49.484 [org.springframework.kafka.KafkaListenerEndpointContainer#2-0-C-1] INFO  o.a.k.c.c.i.ConsumerCoordinator [node1:8080] - [Consumer clientId=consumer-notification-batch-consumer-1, groupId=notification-batch-consumer] Discovered group coordinator localhost:9093 (id: 2147482646 rack: null)
2025-12-11 11:14:49.502 [org.springframework.kafka.KafkaListenerEndpointContainer#1-0-C-1] INFO  o.a.k.c.c.i.ConsumerCoordinator [node1:8080] - [Consumer clientId=consumer-order-events-consumer-4, groupId=order-events-consumer] Discovered group coordinator localhost:9093 (id: 2147482646 rack: null)
2025-12-11 11:14:49.582 [org.springframework.kafka.KafkaListenerEndpointContainer#2-0-C-1] INFO  o.a.k.c.c.i.ConsumerCoordinator [node1:8080] - [Consumer clientId=consumer-notification-batch-consumer-1, groupId=notification-batch-consumer] Discovered group coordinator localhost:9093 (id: 2147482646 rack: null)
2025-12-11 11:14:49.584 [org.springframework.kafka.KafkaListenerEndpointContainer#1-0-C-1] INFO  o.a.k.c.c.i.ConsumerCoordinator [node1:8080] - [Consumer clientId=consumer-order-events-consumer-4, groupId=order-events-consumer] Discovered group coordinator localhost:9093 (id: 2147482646 rack: null)
2025-12-11 11:14:49.664 [org.springframework.kafka.KafkaListenerEndpointContainer#2-0-C-1] INFO  o.a.k.c.c.i.ConsumerCoordinator [node1:8080] - [Consumer clientId=consumer-notification-batch-consumer-1, groupId=notification-batch-consumer] Discovered group coordinator localhost:9093 (id: 2147482646 rack: null)
2025-12-11 11:14:49.664 [org.springframework.kafka.KafkaListenerEndpointContainer#0-0-C-1] INFO  o.a.k.c.c.i.ConsumerCoordinator [node1:8080] - [Consumer clientId=consumer-user-events-consumer-3, groupId=user-events-consumer] Discovered group coordinator localhost:9093 (id: 2147482646 rack: null)
2025-12-11 11:14:49.698 [org.springframework.kafka.KafkaListenerEndpointContainer#2-0-C-1] INFO  o.a.k.c.c.i.ConsumerCoordinator [node1:8080] - [Consumer clientId=consumer-notification-batch-consumer-1, groupId=notification-batch-consumer] Discovered group coordinator localhost:9093 (id: 2147482646 rack: null)
2025-12-11 11:14:49.698 [org.springframework.kafka.KafkaListenerEndpointContainer#0-0-C-1] INFO  o.a.k.c.c.i.ConsumerCoordinator [node1:8080] - [Consumer clientId=consumer-user-events-consumer-3, groupId=user-events-consumer] Discovered group coordinator localhost:9093 (id: 2147482646 rack: null)
2025-12-11 11:14:49.713 [org.springframework.kafka.KafkaListenerEndpointContainer#0-0-C-1] INFO  o.a.k.c.c.i.ConsumerCoordinator [node1:8080] - [Consumer clientId=consumer-user-events-consumer-3, groupId=user-events-consumer] Discovered group coordinator localhost:9093 (id: 2147482646 rack: null)
2025-12-11 11:14:49.745 [org.springframework.kafka.KafkaListenerEndpointContainer#2-0-C-1] INFO  o.a.k.c.c.i.ConsumerCoordinator [node1:8080] - [Consumer clientId=consumer-notification-batch-consumer-1, groupId=notification-batch-consumer] Discovered group coordinator localhost:9093 (id: 2147482646 rack: null)
2025-12-11 11:14:49.794 [org.springframework.kafka.KafkaListenerEndpointContainer#0-0-C-1] INFO  o.a.k.c.c.i.ConsumerCoordinator [node1:8080] - [Consumer clientId=consumer-user-events-consumer-3, groupId=user-events-consumer] Discovered group coordinator localhost:9093 (id: 2147482646 rack: null)
2025-12-11 11:14:50.244 [org.springframework.kafka.KafkaListenerEndpointContainer#1-0-C-1] INFO  o.a.k.c.c.i.ConsumerCoordinator [node1:8080] - [Consumer clientId=consumer-order-events-consumer-4, groupId=order-events-consumer] Discovered group coordinator localhost:9093 (id: 2147482646 rack: null)
2025-12-11 11:14:50.259 [org.springframework.kafka.KafkaListenerEndpointContainer#3-0-C-1] INFO  o.a.k.c.c.i.ConsumerCoordinator [node1:8080] - [Consumer clientId=consumer-pattern-consumer-2, groupId=pattern-consumer] Discovered group coordinator localhost:9093 (id: 2147482646 rack: null)
2025-12-11 11:14:50.522 [org.springframework.kafka.KafkaListenerEndpointContainer#2-0-C-1] INFO  o.a.k.c.c.i.ConsumerCoordinator [node1:8080] - [Consumer clientId=consumer-notification-batch-consumer-1, groupId=notification-batch-consumer] Discovered group coordinator localhost:9093 (id: 2147482646 rack: null)
2025-12-11 11:17:32.077 [kafka-coordinator-heartbeat-thread | user-events-consumer] INFO  o.a.k.c.c.i.ConsumerCoordinator [node1:8080] - [Consumer clientId=consumer-user-events-consumer-3, groupId=user-events-consumer] Group coordinator localhost:9093 (id: 2147482646 rack: null) is unavailable or invalid due to cause: null.isDisconnected: true. Rediscovery will be attempted.
2025-12-11 11:17:32.478 [kafka-coordinator-heartbeat-thread | order-events-consumer] INFO  o.a.k.c.c.i.ConsumerCoordinator [node1:8080] - [Consumer clientId=consumer-order-events-consumer-4, groupId=order-events-consumer] Group coordinator localhost:9093 (id: 2147482646 rack: null) is unavailable or invalid due to cause: null.isDisconnected: true. Rediscovery will be attempted.
2025-12-11 11:17:32.545 [kafka-coordinator-heartbeat-thread | pattern-consumer] INFO  o.a.k.c.c.i.ConsumerCoordinator [node1:8080] - [Consumer clientId=consumer-pattern-consumer-2, groupId=pattern-consumer] Group coordinator localhost:9093 (id: 2147482646 rack: null) is unavailable or invalid due to cause: null.isDisconnected: true. Rediscovery will be attempted.
2025-12-11 11:17:32.763 [kafka-coordinator-heartbeat-thread | notification-batch-consumer] INFO  o.a.k.c.c.i.ConsumerCoordinator [node1:8080] - [Consumer clientId=consumer-notification-batch-consumer-1, groupId=notification-batch-consumer] Group coordinator localhost:9093 (id: 2147482646 rack: null) is unavailable or invalid due to cause: null.isDisconnected: true. Rediscovery will be attempted.
2025-12-11 11:17:35.521 [org.springframework.kafka.KafkaListenerEndpointContainer#1-0-C-1] INFO  o.a.k.clients.FetchSessionHandler [node1:8080] - [Consumer clientId=consumer-order-events-consumer-4, groupId=order-events-consumer] Error sending fetch request (sessionId=1181605372, epoch=209) to node 1001:
org.apache.kafka.common.errors.DisconnectException: null
2025-12-11 11:17:40.253 [org.springframework.kafka.KafkaListenerEndpointContainer#2-0-C-1] INFO  o.a.k.clients.FetchSessionHandler [node1:8080] - [Consumer clientId=consumer-notification-batch-consumer-1, groupId=notification-batch-consumer] Error sending fetch request (sessionId=1035770999, epoch=202) to node 1001:
org.apache.kafka.common.errors.DisconnectException: null
2025-12-11 11:17:40.253 [org.springframework.kafka.KafkaListenerEndpointContainer#0-0-C-1] INFO  o.a.k.clients.FetchSessionHandler [node1:8080] - [Consumer clientId=consumer-user-events-consumer-3, groupId=user-events-consumer] Error sending fetch request (sessionId=1273540440, epoch=205) to node 1001:
org.apache.kafka.common.errors.DisconnectException: null
2025-12-11 11:17:48.936 [redisson-timer-4-1] ERROR o.r.c.handler.PingConnectionHandler [node1:8080] - Unable to send PING command over channel: [id: 0xfdfdaea0, L:/127.0.0.1:52908 - R:127.0.0.1/127.0.0.1:6379]
org.redisson.client.RedisTimeoutException: Command execution timeout for command: (PING), params: [], Redis client: [addr=redis://127.0.0.1:6379]
	at org.redisson.client.RedisConnection.lambda$async$1(RedisConnection.java:219)
	at io.netty.util.HashedWheelTimer$HashedWheelTimeout.run(HashedWheelTimer.java:715)
	at io.netty.util.concurrent.ImmediateExecutor.execute(ImmediateExecutor.java:34)
	at io.netty.util.HashedWheelTimer$HashedWheelTimeout.expire(HashedWheelTimer.java:703)
	at io.netty.util.HashedWheelTimer$HashedWheelBucket.expireTimeouts(HashedWheelTimer.java:790)
	at io.netty.util.HashedWheelTimer$Worker.run(HashedWheelTimer.java:503)
	at io.netty.util.concurrent.FastThreadLocalRunnable.run(FastThreadLocalRunnable.java:30)
	at java.base/java.lang.Thread.run(Thread.java:829)
2025-12-11 11:17:48.969 [redisson-timer-4-1] ERROR o.r.c.handler.PingConnectionHandler [node1:8080] - Unable to send PING command over channel: [id: 0xd8950346, L:/127.0.0.1:52905 - R:127.0.0.1/127.0.0.1:6379]
org.redisson.client.RedisTimeoutException: Command execution timeout for command: (PING), params: [], Redis client: [addr=redis://127.0.0.1:6379]
	at org.redisson.client.RedisConnection.lambda$async$1(RedisConnection.java:219)
	at io.netty.util.HashedWheelTimer$HashedWheelTimeout.run(HashedWheelTimer.java:715)
	at io.netty.util.concurrent.ImmediateExecutor.execute(ImmediateExecutor.java:34)
	at io.netty.util.HashedWheelTimer$HashedWheelTimeout.expire(HashedWheelTimer.java:703)
	at io.netty.util.HashedWheelTimer$HashedWheelBucket.expireTimeouts(HashedWheelTimer.java:790)
	at io.netty.util.HashedWheelTimer$Worker.run(HashedWheelTimer.java:503)
	at io.netty.util.concurrent.FastThreadLocalRunnable.run(FastThreadLocalRunnable.java:30)
	at java.base/java.lang.Thread.run(Thread.java:829)
2025-12-11 11:17:48.986 [redisson-timer-4-1] ERROR o.r.c.handler.PingConnectionHandler [node1:8080] - Unable to send PING command over channel: [id: 0xeb6dce20, L:/127.0.0.1:52906 - R:127.0.0.1/127.0.0.1:6379]
org.redisson.client.RedisTimeoutException: Command execution timeout for command: (PING), params: [], Redis client: [addr=redis://127.0.0.1:6379]
	at org.redisson.client.RedisConnection.lambda$async$1(RedisConnection.java:219)
	at io.netty.util.HashedWheelTimer$HashedWheelTimeout.run(HashedWheelTimer.java:715)
	at io.netty.util.concurrent.ImmediateExecutor.execute(ImmediateExecutor.java:34)
	at io.netty.util.HashedWheelTimer$HashedWheelTimeout.expire(HashedWheelTimer.java:703)
	at io.netty.util.HashedWheelTimer$HashedWheelBucket.expireTimeouts(HashedWheelTimer.java:790)
	at io.netty.util.HashedWheelTimer$Worker.run(HashedWheelTimer.java:503)
	at io.netty.util.concurrent.FastThreadLocalRunnable.run(FastThreadLocalRunnable.java:30)
	at java.base/java.lang.Thread.run(Thread.java:829)
2025-12-11 11:17:49.098 [redisson-timer-4-1] ERROR o.r.c.handler.PingConnectionHandler [node1:8080] - Unable to send PING command over channel: [id: 0x8656e076, L:/127.0.0.1:52913 - R:127.0.0.1/127.0.0.1:6379]
org.redisson.client.RedisTimeoutException: Command execution timeout for command: (PING), params: [], Redis client: [addr=redis://127.0.0.1:6379]
	at org.redisson.client.RedisConnection.lambda$async$1(RedisConnection.java:219)
	at io.netty.util.HashedWheelTimer$HashedWheelTimeout.run(HashedWheelTimer.java:715)
	at io.netty.util.concurrent.ImmediateExecutor.execute(ImmediateExecutor.java:34)
	at io.netty.util.HashedWheelTimer$HashedWheelTimeout.expire(HashedWheelTimer.java:703)
	at io.netty.util.HashedWheelTimer$HashedWheelBucket.expireTimeouts(HashedWheelTimer.java:790)
	at io.netty.util.HashedWheelTimer$Worker.run(HashedWheelTimer.java:503)
	at io.netty.util.concurrent.FastThreadLocalRunnable.run(FastThreadLocalRunnable.java:30)
	at java.base/java.lang.Thread.run(Thread.java:829)
2025-12-11 11:17:49.103 [redisson-timer-4-1] ERROR o.r.c.handler.PingConnectionHandler [node1:8080] - Unable to send PING command over channel: [id: 0xb789fdca, L:0.0.0.0/0.0.0.0:52907 - R:127.0.0.1/127.0.0.1:6379]
org.redisson.client.RedisTimeoutException: Command execution timeout for command: (PING), params: [], Redis client: [addr=redis://127.0.0.1:6379]
	at org.redisson.client.RedisConnection.lambda$async$1(RedisConnection.java:219)
	at io.netty.util.HashedWheelTimer$HashedWheelTimeout.run(HashedWheelTimer.java:715)
	at io.netty.util.concurrent.ImmediateExecutor.execute(ImmediateExecutor.java:34)
	at io.netty.util.HashedWheelTimer$HashedWheelTimeout.expire(HashedWheelTimer.java:703)
	at io.netty.util.HashedWheelTimer$HashedWheelBucket.expireTimeouts(HashedWheelTimer.java:790)
	at io.netty.util.HashedWheelTimer$Worker.run(HashedWheelTimer.java:503)
	at io.netty.util.concurrent.FastThreadLocalRunnable.run(FastThreadLocalRunnable.java:30)
	at java.base/java.lang.Thread.run(Thread.java:829)
2025-12-11 11:17:49.137 [redisson-timer-4-1] ERROR o.r.c.handler.PingConnectionHandler [node1:8080] - Unable to send PING command over channel: [id: 0x48debe11, L:/127.0.0.1:52909 - R:127.0.0.1/127.0.0.1:6379]
org.redisson.client.RedisTimeoutException: Command execution timeout for command: (PING), params: [], Redis client: [addr=redis://127.0.0.1:6379]
	at org.redisson.client.RedisConnection.lambda$async$1(RedisConnection.java:219)
	at io.netty.util.HashedWheelTimer$HashedWheelTimeout.run(HashedWheelTimer.java:715)
	at io.netty.util.concurrent.ImmediateExecutor.execute(ImmediateExecutor.java:34)
	at io.netty.util.HashedWheelTimer$HashedWheelTimeout.expire(HashedWheelTimer.java:703)
	at io.netty.util.HashedWheelTimer$HashedWheelBucket.expireTimeouts(HashedWheelTimer.java:790)
	at io.netty.util.HashedWheelTimer$Worker.run(HashedWheelTimer.java:503)
	at io.netty.util.concurrent.FastThreadLocalRunnable.run(FastThreadLocalRunnable.java:30)
	at java.base/java.lang.Thread.run(Thread.java:829)
2025-12-11 11:17:49.251 [redisson-timer-4-1] ERROR o.r.c.handler.PingConnectionHandler [node1:8080] - Unable to send PING command over channel: [id: 0x412d9dd2, L:/127.0.0.1:52912 - R:127.0.0.1/127.0.0.1:6379]
org.redisson.client.RedisTimeoutException: Command execution timeout for command: (PING), params: [], Redis client: [addr=redis://127.0.0.1:6379]
	at org.redisson.client.RedisConnection.lambda$async$1(RedisConnection.java:219)
	at io.netty.util.HashedWheelTimer$HashedWheelTimeout.run(HashedWheelTimer.java:715)
	at io.netty.util.concurrent.ImmediateExecutor.execute(ImmediateExecutor.java:34)
	at io.netty.util.HashedWheelTimer$HashedWheelTimeout.expire(HashedWheelTimer.java:703)
	at io.netty.util.HashedWheelTimer$HashedWheelBucket.expireTimeouts(HashedWheelTimer.java:790)
	at io.netty.util.HashedWheelTimer$Worker.run(HashedWheelTimer.java:503)
	at io.netty.util.concurrent.FastThreadLocalRunnable.run(FastThreadLocalRunnable.java:30)
	at java.base/java.lang.Thread.run(Thread.java:829)
2025-12-11 11:17:49.302 [redisson-timer-4-1] ERROR o.r.c.handler.PingConnectionHandler [node1:8080] - Unable to send PING command over channel: [id: 0xf0c278ee, L:/127.0.0.1:52904 - R:127.0.0.1/127.0.0.1:6379]
org.redisson.client.RedisTimeoutException: Command execution timeout for command: (PING), params: [], Redis client: [addr=redis://127.0.0.1:6379]
	at org.redisson.client.RedisConnection.lambda$async$1(RedisConnection.java:219)
	at io.netty.util.HashedWheelTimer$HashedWheelTimeout.run(HashedWheelTimer.java:715)
	at io.netty.util.concurrent.ImmediateExecutor.execute(ImmediateExecutor.java:34)
	at io.netty.util.HashedWheelTimer$HashedWheelTimeout.expire(HashedWheelTimer.java:703)
	at io.netty.util.HashedWheelTimer$HashedWheelBucket.expireTimeouts(HashedWheelTimer.java:790)
	at io.netty.util.HashedWheelTimer$Worker.run(HashedWheelTimer.java:503)
	at io.netty.util.concurrent.FastThreadLocalRunnable.run(FastThreadLocalRunnable.java:30)
	at java.base/java.lang.Thread.run(Thread.java:829)
2025-12-11 11:17:49.368 [redisson-timer-4-1] ERROR o.r.c.handler.PingConnectionHandler [node1:8080] - Unable to send PING command over channel: [id: 0x2e4c8507, L:0.0.0.0/0.0.0.0:52911]
org.redisson.client.RedisTimeoutException: Command execution timeout for command: (PING), params: [], Redis client: [addr=redis://127.0.0.1:6379]
	at org.redisson.client.RedisConnection.lambda$async$1(RedisConnection.java:219)
	at io.netty.util.HashedWheelTimer$HashedWheelTimeout.run(HashedWheelTimer.java:715)
	at io.netty.util.concurrent.ImmediateExecutor.execute(ImmediateExecutor.java:34)
	at io.netty.util.HashedWheelTimer$HashedWheelTimeout.expire(HashedWheelTimer.java:703)
	at io.netty.util.HashedWheelTimer$HashedWheelBucket.expireTimeouts(HashedWheelTimer.java:790)
	at io.netty.util.HashedWheelTimer$Worker.run(HashedWheelTimer.java:503)
	at io.netty.util.concurrent.FastThreadLocalRunnable.run(FastThreadLocalRunnable.java:30)
	at java.base/java.lang.Thread.run(Thread.java:829)
2025-12-11 11:17:49.384 [redisson-timer-4-1] ERROR o.r.c.handler.PingConnectionHandler [node1:8080] - Unable to send PING command over channel: [id: 0x4ea897db, L:/127.0.0.1:52914 - R:127.0.0.1/127.0.0.1:6379]
org.redisson.client.RedisTimeoutException: Command execution timeout for command: (PING), params: [], Redis client: [addr=redis://127.0.0.1:6379]
	at org.redisson.client.RedisConnection.lambda$async$1(RedisConnection.java:219)
	at io.netty.util.HashedWheelTimer$HashedWheelTimeout.run(HashedWheelTimer.java:715)
	at io.netty.util.concurrent.ImmediateExecutor.execute(ImmediateExecutor.java:34)
	at io.netty.util.HashedWheelTimer$HashedWheelTimeout.expire(HashedWheelTimer.java:703)
	at io.netty.util.HashedWheelTimer$HashedWheelBucket.expireTimeouts(HashedWheelTimer.java:790)
	at io.netty.util.HashedWheelTimer$Worker.run(HashedWheelTimer.java:503)
	at io.netty.util.concurrent.FastThreadLocalRunnable.run(FastThreadLocalRunnable.java:30)
	at java.base/java.lang.Thread.run(Thread.java:829)
2025-12-11 11:17:49.534 [redisson-timer-4-1] ERROR o.r.c.handler.PingConnectionHandler [node1:8080] - Unable to send PING command over channel: [id: 0x43a8e6cb, L:/127.0.0.1:52917 - R:127.0.0.1/127.0.0.1:6379]
org.redisson.client.RedisTimeoutException: Command execution timeout for command: (PING), params: [], Redis client: [addr=redis://127.0.0.1:6379]
	at org.redisson.client.RedisConnection.lambda$async$1(RedisConnection.java:219)
	at io.netty.util.HashedWheelTimer$HashedWheelTimeout.run(HashedWheelTimer.java:715)
	at io.netty.util.concurrent.ImmediateExecutor.execute(ImmediateExecutor.java:34)
	at io.netty.util.HashedWheelTimer$HashedWheelTimeout.expire(HashedWheelTimer.java:703)
	at io.netty.util.HashedWheelTimer$HashedWheelBucket.expireTimeouts(HashedWheelTimer.java:790)
	at io.netty.util.HashedWheelTimer$Worker.run(HashedWheelTimer.java:503)
	at io.netty.util.concurrent.FastThreadLocalRunnable.run(FastThreadLocalRunnable.java:30)
	at java.base/java.lang.Thread.run(Thread.java:829)
2025-12-11 11:17:49.553 [redisson-timer-4-1] ERROR o.r.c.handler.PingConnectionHandler [node1:8080] - Unable to send PING command over channel: [id: 0xd6cc93a4, L:/127.0.0.1:52916 - R:127.0.0.1/127.0.0.1:6379]
org.redisson.client.RedisTimeoutException: Command execution timeout for command: (PING), params: [], Redis client: [addr=redis://127.0.0.1:6379]
	at org.redisson.client.RedisConnection.lambda$async$1(RedisConnection.java:219)
	at io.netty.util.HashedWheelTimer$HashedWheelTimeout.run(HashedWheelTimer.java:715)
	at io.netty.util.concurrent.ImmediateExecutor.execute(ImmediateExecutor.java:34)
	at io.netty.util.HashedWheelTimer$HashedWheelTimeout.expire(HashedWheelTimer.java:703)
	at io.netty.util.HashedWheelTimer$HashedWheelBucket.expireTimeouts(HashedWheelTimer.java:790)
	at io.netty.util.HashedWheelTimer$Worker.run(HashedWheelTimer.java:503)
	at io.netty.util.concurrent.FastThreadLocalRunnable.run(FastThreadLocalRunnable.java:30)
	at java.base/java.lang.Thread.run(Thread.java:829)
2025-12-11 11:17:49.568 [redisson-timer-4-1] ERROR o.r.c.handler.PingConnectionHandler [node1:8080] - Unable to send PING command over channel: [id: 0xd2a6bde5, L:0.0.0.0/0.0.0.0:52918 - R:127.0.0.1/127.0.0.1:6379]
org.redisson.client.RedisTimeoutException: Command execution timeout for command: (PING), params: [], Redis client: [addr=redis://127.0.0.1:6379]
	at org.redisson.client.RedisConnection.lambda$async$1(RedisConnection.java:219)
	at io.netty.util.HashedWheelTimer$HashedWheelTimeout.run(HashedWheelTimer.java:715)
	at io.netty.util.concurrent.ImmediateExecutor.execute(ImmediateExecutor.java:34)
	at io.netty.util.HashedWheelTimer$HashedWheelTimeout.expire(HashedWheelTimer.java:703)
	at io.netty.util.HashedWheelTimer$HashedWheelBucket.expireTimeouts(HashedWheelTimer.java:790)
	at io.netty.util.HashedWheelTimer$Worker.run(HashedWheelTimer.java:503)
	at io.netty.util.concurrent.FastThreadLocalRunnable.run(FastThreadLocalRunnable.java:30)
	at java.base/java.lang.Thread.run(Thread.java:829)
2025-12-11 11:17:49.583 [redisson-timer-4-1] ERROR o.r.c.handler.PingConnectionHandler [node1:8080] - Unable to send PING command over channel: [id: 0xf1f898f0, L:/127.0.0.1:52925 - R:127.0.0.1/127.0.0.1:6379]
org.redisson.client.RedisTimeoutException: Command execution timeout for command: (PING), params: [], Redis client: [addr=redis://127.0.0.1:6379]
	at org.redisson.client.RedisConnection.lambda$async$1(RedisConnection.java:219)
	at io.netty.util.HashedWheelTimer$HashedWheelTimeout.run(HashedWheelTimer.java:715)
	at io.netty.util.concurrent.ImmediateExecutor.execute(ImmediateExecutor.java:34)
	at io.netty.util.HashedWheelTimer$HashedWheelTimeout.expire(HashedWheelTimer.java:703)
	at io.netty.util.HashedWheelTimer$HashedWheelBucket.expireTimeouts(HashedWheelTimer.java:790)
	at io.netty.util.HashedWheelTimer$Worker.run(HashedWheelTimer.java:503)
	at io.netty.util.concurrent.FastThreadLocalRunnable.run(FastThreadLocalRunnable.java:30)
	at java.base/java.lang.Thread.run(Thread.java:829)
2025-12-11 11:17:49.604 [redisson-timer-4-1] ERROR o.r.c.handler.PingConnectionHandler [node1:8080] - Unable to send PING command over channel: [id: 0x7d0bf6c7, L:0.0.0.0/0.0.0.0:52924]
org.redisson.client.RedisTimeoutException: Command execution timeout for command: (PING), params: [], Redis client: [addr=redis://127.0.0.1:6379]
	at org.redisson.client.RedisConnection.lambda$async$1(RedisConnection.java:219)
	at io.netty.util.HashedWheelTimer$HashedWheelTimeout.run(HashedWheelTimer.java:715)
	at io.netty.util.concurrent.ImmediateExecutor.execute(ImmediateExecutor.java:34)
	at io.netty.util.HashedWheelTimer$HashedWheelTimeout.expire(HashedWheelTimer.java:703)
	at io.netty.util.HashedWheelTimer$HashedWheelBucket.expireTimeouts(HashedWheelTimer.java:790)
	at io.netty.util.HashedWheelTimer$Worker.run(HashedWheelTimer.java:503)
	at io.netty.util.concurrent.FastThreadLocalRunnable.run(FastThreadLocalRunnable.java:30)
	at java.base/java.lang.Thread.run(Thread.java:829)
2025-12-11 11:17:49.634 [redisson-timer-4-1] ERROR o.r.c.handler.PingConnectionHandler [node1:8080] - Unable to send PING command over channel: [id: 0xd569699c, L:/127.0.0.1:52928 - R:127.0.0.1/127.0.0.1:6379]
org.redisson.client.RedisTimeoutException: Command execution timeout for command: (PING), params: [], Redis client: [addr=redis://127.0.0.1:6379]
	at org.redisson.client.RedisConnection.lambda$async$1(RedisConnection.java:219)
	at io.netty.util.HashedWheelTimer$HashedWheelTimeout.run(HashedWheelTimer.java:715)
	at io.netty.util.concurrent.ImmediateExecutor.execute(ImmediateExecutor.java:34)
	at io.netty.util.HashedWheelTimer$HashedWheelTimeout.expire(HashedWheelTimer.java:703)
	at io.netty.util.HashedWheelTimer$HashedWheelBucket.expireTimeouts(HashedWheelTimer.java:790)
	at io.netty.util.HashedWheelTimer$Worker.run(HashedWheelTimer.java:503)
	at io.netty.util.concurrent.FastThreadLocalRunnable.run(FastThreadLocalRunnable.java:30)
	at java.base/java.lang.Thread.run(Thread.java:829)
2025-12-11 11:17:49.652 [redisson-timer-4-1] ERROR o.r.c.handler.PingConnectionHandler [node1:8080] - Unable to send PING command over channel: [id: 0x81730047, L:/127.0.0.1:52929 - R:127.0.0.1/127.0.0.1:6379]
org.redisson.client.RedisTimeoutException: Command execution timeout for command: (PING), params: [], Redis client: [addr=redis://127.0.0.1:6379]
	at org.redisson.client.RedisConnection.lambda$async$1(RedisConnection.java:219)
	at io.netty.util.HashedWheelTimer$HashedWheelTimeout.run(HashedWheelTimer.java:715)
	at io.netty.util.concurrent.ImmediateExecutor.execute(ImmediateExecutor.java:34)
	at io.netty.util.HashedWheelTimer$HashedWheelTimeout.expire(HashedWheelTimer.java:703)
	at io.netty.util.HashedWheelTimer$HashedWheelBucket.expireTimeouts(HashedWheelTimer.java:790)
	at io.netty.util.HashedWheelTimer$Worker.run(HashedWheelTimer.java:503)
	at io.netty.util.concurrent.FastThreadLocalRunnable.run(FastThreadLocalRunnable.java:30)
	at java.base/java.lang.Thread.run(Thread.java:829)
2025-12-11 11:17:49.801 [redisson-timer-4-1] ERROR o.r.c.handler.PingConnectionHandler [node1:8080] - Unable to send PING command over channel: [id: 0x3f1ed5cf, L:0.0.0.0/0.0.0.0:52930]
org.redisson.client.RedisTimeoutException: Command execution timeout for command: (PING), params: [], Redis client: [addr=redis://127.0.0.1:6379]
	at org.redisson.client.RedisConnection.lambda$async$1(RedisConnection.java:219)
	at io.netty.util.HashedWheelTimer$HashedWheelTimeout.run(HashedWheelTimer.java:715)
	at io.netty.util.concurrent.ImmediateExecutor.execute(ImmediateExecutor.java:34)
	at io.netty.util.HashedWheelTimer$HashedWheelTimeout.expire(HashedWheelTimer.java:703)
	at io.netty.util.HashedWheelTimer$HashedWheelBucket.expireTimeouts(HashedWheelTimer.java:790)
	at io.netty.util.HashedWheelTimer$Worker.run(HashedWheelTimer.java:503)
	at io.netty.util.concurrent.FastThreadLocalRunnable.run(FastThreadLocalRunnable.java:30)
	at java.base/java.lang.Thread.run(Thread.java:829)
2025-12-11 11:17:49.804 [redisson-timer-4-1] ERROR o.r.c.handler.PingConnectionHandler [node1:8080] - Unable to send PING command over channel: [id: 0x162fce5b, L:/127.0.0.1:52922 - R:127.0.0.1/127.0.0.1:6379]
org.redisson.client.RedisTimeoutException: Command execution timeout for command: (PING), params: [], Redis client: [addr=redis://127.0.0.1:6379]
	at org.redisson.client.RedisConnection.lambda$async$1(RedisConnection.java:219)
	at io.netty.util.HashedWheelTimer$HashedWheelTimeout.run(HashedWheelTimer.java:715)
	at io.netty.util.concurrent.ImmediateExecutor.execute(ImmediateExecutor.java:34)
	at io.netty.util.HashedWheelTimer$HashedWheelTimeout.expire(HashedWheelTimer.java:703)
	at io.netty.util.HashedWheelTimer$HashedWheelBucket.expireTimeouts(HashedWheelTimer.java:790)
	at io.netty.util.HashedWheelTimer$Worker.run(HashedWheelTimer.java:503)
	at io.netty.util.concurrent.FastThreadLocalRunnable.run(FastThreadLocalRunnable.java:30)
	at java.base/java.lang.Thread.run(Thread.java:829)
2025-12-11 11:17:59.702 [org.springframework.kafka.KafkaListenerEndpointContainer#3-0-C-1] INFO  o.a.k.clients.FetchSessionHandler [node1:8080] - [Consumer clientId=consumer-pattern-consumer-2, groupId=pattern-consumer] Error sending fetch request (sessionId=1521685451, epoch=203) to node 1001:
org.apache.kafka.common.errors.DisconnectException: null
2025-12-11 11:18:02.739 [org.springframework.kafka.KafkaListenerEndpointContainer#0-0-C-1] INFO  o.a.k.c.c.i.ConsumerCoordinator [node1:8080] - [Consumer clientId=consumer-user-events-consumer-3, groupId=user-events-consumer] Discovered group coordinator localhost:9093 (id: 2147482646 rack: null)
2025-12-11 11:18:02.739 [org.springframework.kafka.KafkaListenerEndpointContainer#1-0-C-1] INFO  o.a.k.c.c.i.ConsumerCoordinator [node1:8080] - [Consumer clientId=consumer-order-events-consumer-4, groupId=order-events-consumer] Discovered group coordinator localhost:9093 (id: 2147482646 rack: null)
2025-12-11 11:18:04.594 [org.springframework.kafka.KafkaListenerEndpointContainer#0-0-C-1] INFO  o.a.k.c.c.i.ConsumerCoordinator [node1:8080] - [Consumer clientId=consumer-user-events-consumer-3, groupId=user-events-consumer] Discovered group coordinator localhost:9093 (id: 2147482646 rack: null)
2025-12-11 11:18:06.383 [org.springframework.kafka.KafkaListenerEndpointContainer#0-0-C-1] INFO  o.a.k.c.c.i.ConsumerCoordinator [node1:8080] - [Consumer clientId=consumer-user-events-consumer-3, groupId=user-events-consumer] Discovered group coordinator localhost:9093 (id: 2147482646 rack: null)
2025-12-11 11:18:07.715 [org.springframework.kafka.KafkaListenerEndpointContainer#0-0-C-1] INFO  o.a.k.c.c.i.ConsumerCoordinator [node1:8080] - [Consumer clientId=consumer-user-events-consumer-3, groupId=user-events-consumer] Discovered group coordinator localhost:9093 (id: 2147482646 rack: null)
2025-12-11 11:18:08.288 [org.springframework.kafka.KafkaListenerEndpointContainer#1-0-C-1] INFO  o.a.k.c.c.i.ConsumerCoordinator [node1:8080] - [Consumer clientId=consumer-order-events-consumer-4, groupId=order-events-consumer] Discovered group coordinator localhost:9093 (id: 2147482646 rack: null)
2025-12-11 11:18:08.937 [org.springframework.kafka.KafkaListenerEndpointContainer#3-0-C-1] INFO  o.a.k.c.c.i.ConsumerCoordinator [node1:8080] - [Consumer clientId=consumer-pattern-consumer-2, groupId=pattern-consumer] Discovered group coordinator localhost:9093 (id: 2147482646 rack: null)
2025-12-11 11:18:09.868 [org.springframework.kafka.KafkaListenerEndpointContainer#0-0-C-1] INFO  o.a.k.c.c.i.ConsumerCoordinator [node1:8080] - [Consumer clientId=consumer-user-events-consumer-3, groupId=user-events-consumer] Discovered group coordinator localhost:9093 (id: 2147482646 rack: null)
2025-12-11 11:18:10.502 [org.springframework.kafka.KafkaListenerEndpointContainer#1-0-C-1] INFO  o.a.k.c.c.i.ConsumerCoordinator [node1:8080] - [Consumer clientId=consumer-order-events-consumer-4, groupId=order-events-consumer] Discovered group coordinator localhost:9093 (id: 2147482646 rack: null)
2025-12-11 11:18:10.553 [org.springframework.kafka.KafkaListenerEndpointContainer#2-0-C-1] INFO  o.a.k.c.c.i.ConsumerCoordinator [node1:8080] - [Consumer clientId=consumer-notification-batch-consumer-1, groupId=notification-batch-consumer] Discovered group coordinator localhost:9093 (id: 2147482646 rack: null)
2025-12-11 11:18:10.717 [org.springframework.kafka.KafkaListenerEndpointContainer#3-0-C-1] INFO  o.a.k.c.c.i.ConsumerCoordinator [node1:8080] - [Consumer clientId=consumer-pattern-consumer-2, groupId=pattern-consumer] Discovered group coordinator localhost:9093 (id: 2147482646 rack: null)
2025-12-11 11:18:11.750 [org.springframework.kafka.KafkaListenerEndpointContainer#2-0-C-1] INFO  o.a.k.c.c.i.ConsumerCoordinator [node1:8080] - [Consumer clientId=consumer-notification-batch-consumer-1, groupId=notification-batch-consumer] Discovered group coordinator localhost:9093 (id: 2147482646 rack: null)
2025-12-11 11:18:12.427 [org.springframework.kafka.KafkaListenerEndpointContainer#1-0-C-1] INFO  o.a.k.c.c.i.ConsumerCoordinator [node1:8080] - [Consumer clientId=consumer-order-events-consumer-4, groupId=order-events-consumer] Discovered group coordinator localhost:9093 (id: 2147482646 rack: null)
2025-12-11 11:18:12.427 [org.springframework.kafka.KafkaListenerEndpointContainer#0-0-C-1] INFO  o.a.k.c.c.i.ConsumerCoordinator [node1:8080] - [Consumer clientId=consumer-user-events-consumer-3, groupId=user-events-consumer] Discovered group coordinator localhost:9093 (id: 2147482646 rack: null)
2025-12-11 11:18:13.579 [org.springframework.kafka.KafkaListenerEndpointContainer#2-0-C-1] INFO  o.a.k.c.c.i.ConsumerCoordinator [node1:8080] - [Consumer clientId=consumer-notification-batch-consumer-1, groupId=notification-batch-consumer] Discovered group coordinator localhost:9093 (id: 2147482646 rack: null)
2025-12-11 11:18:13.938 [org.springframework.kafka.KafkaListenerEndpointContainer#1-0-C-1] INFO  o.a.k.c.c.i.ConsumerCoordinator [node1:8080] - [Consumer clientId=consumer-order-events-consumer-4, groupId=order-events-consumer] Discovered group coordinator localhost:9093 (id: 2147482646 rack: null)
2025-12-11 11:18:13.939 [org.springframework.kafka.KafkaListenerEndpointContainer#2-0-C-1] INFO  o.a.k.c.c.i.ConsumerCoordinator [node1:8080] - [Consumer clientId=consumer-notification-batch-consumer-1, groupId=notification-batch-consumer] Attempt to heartbeat with Generation{generationId=41, memberId='consumer-notification-batch-consumer-1-7bd5bb68-a7a0-49c1-8c3f-aa10cbf7982e', protocol='range'} and group instance id Optional.empty failed due to UNKNOWN_MEMBER_ID, resetting generation
2025-12-11 11:18:13.941 [org.springframework.kafka.KafkaListenerEndpointContainer#2-0-C-1] INFO  o.a.k.c.c.i.ConsumerCoordinator [node1:8080] - [Consumer clientId=consumer-notification-batch-consumer-1, groupId=notification-batch-consumer] Resetting generation due to: encountered UNKNOWN_MEMBER_ID from HEARTBEAT response
2025-12-11 11:18:13.954 [org.springframework.kafka.KafkaListenerEndpointContainer#2-0-C-1] INFO  o.a.k.c.c.i.ConsumerCoordinator [node1:8080] - [Consumer clientId=consumer-notification-batch-consumer-1, groupId=notification-batch-consumer] Request joining group due to: encountered UNKNOWN_MEMBER_ID from HEARTBEAT response
2025-12-11 11:18:13.957 [org.springframework.kafka.KafkaListenerEndpointContainer#2-0-C-1] INFO  o.a.k.c.c.i.ConsumerCoordinator [node1:8080] - [Consumer clientId=consumer-notification-batch-consumer-1, groupId=notification-batch-consumer] Giving away all assigned partitions as lost since generation has been reset,indicating that consumer is no longer part of the group
2025-12-11 11:18:13.958 [org.springframework.kafka.KafkaListenerEndpointContainer#2-0-C-1] INFO  o.a.k.c.c.i.ConsumerCoordinator [node1:8080] - [Consumer clientId=consumer-notification-batch-consumer-1, groupId=notification-batch-consumer] Lost previously assigned partitions notification-topic-0
2025-12-11 11:18:13.982 [org.springframework.kafka.KafkaListenerEndpointContainer#2-0-C-1] INFO  o.s.k.l.KafkaMessageListenerContainer [node1:8080] - notification-batch-consumer: partitions lost: [notification-topic-0]
2025-12-11 11:18:13.984 [org.springframework.kafka.KafkaListenerEndpointContainer#2-0-C-1] INFO  o.s.k.l.KafkaMessageListenerContainer [node1:8080] - notification-batch-consumer: partitions revoked: [notification-topic-0]
2025-12-11 11:18:13.989 [org.springframework.kafka.KafkaListenerEndpointContainer#2-0-C-1] INFO  o.a.k.c.c.i.ConsumerCoordinator [node1:8080] - [Consumer clientId=consumer-notification-batch-consumer-1, groupId=notification-batch-consumer] (Re-)joining group
2025-12-11 11:18:14.037 [org.springframework.kafka.KafkaListenerEndpointContainer#2-0-C-1] INFO  o.a.k.c.c.i.ConsumerCoordinator [node1:8080] - [Consumer clientId=consumer-notification-batch-consumer-1, groupId=notification-batch-consumer] Discovered group coordinator localhost:9093 (id: 2147482646 rack: null)
2025-12-11 11:18:14.172 [org.springframework.kafka.KafkaListenerEndpointContainer#3-0-C-1] INFO  o.a.k.c.c.i.ConsumerCoordinator [node1:8080] - [Consumer clientId=consumer-pattern-consumer-2, groupId=pattern-consumer] Discovered group coordinator localhost:9093 (id: 2147482646 rack: null)
2025-12-11 11:18:14.181 [org.springframework.kafka.KafkaListenerEndpointContainer#2-0-C-1] INFO  o.a.k.c.c.i.ConsumerCoordinator [node1:8080] - [Consumer clientId=consumer-notification-batch-consumer-1, groupId=notification-batch-consumer] Discovered group coordinator localhost:9093 (id: 2147482646 rack: null)
2025-12-11 11:18:14.389 [org.springframework.kafka.KafkaListenerEndpointContainer#1-0-C-1] INFO  o.a.k.c.c.i.ConsumerCoordinator [node1:8080] - [Consumer clientId=consumer-order-events-consumer-4, groupId=order-events-consumer] Discovered group coordinator localhost:9093 (id: 2147482646 rack: null)
2025-12-11 11:18:14.515 [org.springframework.kafka.KafkaListenerEndpointContainer#2-0-C-1] INFO  o.a.k.c.c.i.ConsumerCoordinator [node1:8080] - [Consumer clientId=consumer-notification-batch-consumer-1, groupId=notification-batch-consumer] Discovered group coordinator localhost:9093 (id: 2147482646 rack: null)
2025-12-11 11:18:14.557 [org.springframework.kafka.KafkaListenerEndpointContainer#2-0-C-1] INFO  o.a.k.c.c.i.ConsumerCoordinator [node1:8080] - [Consumer clientId=consumer-notification-batch-consumer-1, groupId=notification-batch-consumer] Discovered group coordinator localhost:9093 (id: 2147482646 rack: null)
2025-12-11 11:18:14.712 [org.springframework.kafka.KafkaListenerEndpointContainer#2-0-C-1] INFO  o.a.k.c.c.i.ConsumerCoordinator [node1:8080] - [Consumer clientId=consumer-notification-batch-consumer-1, groupId=notification-batch-consumer] Discovered group coordinator localhost:9093 (id: 2147482646 rack: null)
2025-12-11 11:18:14.939 [org.springframework.kafka.KafkaListenerEndpointContainer#3-0-C-1] INFO  o.a.k.c.c.i.ConsumerCoordinator [node1:8080] - [Consumer clientId=consumer-pattern-consumer-2, groupId=pattern-consumer] Discovered group coordinator localhost:9093 (id: 2147482646 rack: null)
2025-12-11 11:18:14.998 [org.springframework.kafka.KafkaListenerEndpointContainer#2-0-C-1] INFO  o.a.k.c.c.i.ConsumerCoordinator [node1:8080] - [Consumer clientId=consumer-notification-batch-consumer-1, groupId=notification-batch-consumer] Request joining group due to: need to re-join with the given member-id
2025-12-11 11:18:14.999 [org.springframework.kafka.KafkaListenerEndpointContainer#2-0-C-1] INFO  o.a.k.c.c.i.ConsumerCoordinator [node1:8080] - [Consumer clientId=consumer-notification-batch-consumer-1, groupId=notification-batch-consumer] (Re-)joining group
2025-12-11 11:18:15.257 [org.springframework.kafka.KafkaListenerEndpointContainer#1-0-C-1] INFO  o.a.k.c.c.i.ConsumerCoordinator [node1:8080] - [Consumer clientId=consumer-order-events-consumer-4, groupId=order-events-consumer] Discovered group coordinator localhost:9093 (id: 2147482646 rack: null)
2025-12-11 11:18:18.312 [org.springframework.kafka.KafkaListenerEndpointContainer#2-0-C-1] INFO  o.a.k.c.c.i.ConsumerCoordinator [node1:8080] - [Consumer clientId=consumer-notification-batch-consumer-1, groupId=notification-batch-consumer] Successfully joined group with generation Generation{generationId=43, memberId='consumer-notification-batch-consumer-1-af53d352-7693-4f9d-acd4-0e037d503c29', protocol='range'}
2025-12-11 11:18:18.315 [org.springframework.kafka.KafkaListenerEndpointContainer#2-0-C-1] INFO  o.a.k.c.c.i.ConsumerCoordinator [node1:8080] - [Consumer clientId=consumer-notification-batch-consumer-1, groupId=notification-batch-consumer] Finished assignment for group at generation 43: {consumer-notification-batch-consumer-1-af53d352-7693-4f9d-acd4-0e037d503c29=Assignment(partitions=[notification-topic-0])}
2025-12-11 11:18:19.016 [org.springframework.kafka.KafkaListenerEndpointContainer#2-0-C-1] INFO  o.a.k.c.c.i.ConsumerCoordinator [node1:8080] - [Consumer clientId=consumer-notification-batch-consumer-1, groupId=notification-batch-consumer] Successfully synced group in generation Generation{generationId=43, memberId='consumer-notification-batch-consumer-1-af53d352-7693-4f9d-acd4-0e037d503c29', protocol='range'}
2025-12-11 11:18:19.017 [org.springframework.kafka.KafkaListenerEndpointContainer#2-0-C-1] INFO  o.a.k.c.c.i.ConsumerCoordinator [node1:8080] - [Consumer clientId=consumer-notification-batch-consumer-1, groupId=notification-batch-consumer] Notifying assignor about the new Assignment(partitions=[notification-topic-0])
2025-12-11 11:18:19.018 [org.springframework.kafka.KafkaListenerEndpointContainer#2-0-C-1] INFO  o.a.k.c.c.i.ConsumerCoordinator [node1:8080] - [Consumer clientId=consumer-notification-batch-consumer-1, groupId=notification-batch-consumer] Adding newly assigned partitions: notification-topic-0
2025-12-11 11:18:19.295 [redisson-timer-4-1] ERROR o.r.c.handler.PingConnectionHandler [node1:8080] - Unable to send PING command over channel: [id: 0x347a08a2, L:0.0.0.0/0.0.0.0:52910 - R:127.0.0.1/127.0.0.1:6379]
org.redisson.client.RedisTimeoutException: Command execution timeout for command: (PING), params: [], Redis client: [addr=redis://127.0.0.1:6379]
	at org.redisson.client.RedisConnection.lambda$async$1(RedisConnection.java:219)
	at io.netty.util.HashedWheelTimer$HashedWheelTimeout.run(HashedWheelTimer.java:715)
	at io.netty.util.concurrent.ImmediateExecutor.execute(ImmediateExecutor.java:34)
	at io.netty.util.HashedWheelTimer$HashedWheelTimeout.expire(HashedWheelTimer.java:703)
	at io.netty.util.HashedWheelTimer$HashedWheelBucket.expireTimeouts(HashedWheelTimer.java:790)
	at io.netty.util.HashedWheelTimer$Worker.run(HashedWheelTimer.java:503)
	at io.netty.util.concurrent.FastThreadLocalRunnable.run(FastThreadLocalRunnable.java:30)
	at java.base/java.lang.Thread.run(Thread.java:829)
2025-12-11 11:18:19.337 [org.springframework.kafka.KafkaListenerEndpointContainer#2-0-C-1] INFO  o.a.k.c.c.i.ConsumerCoordinator [node1:8080] - [Consumer clientId=consumer-notification-batch-consumer-1, groupId=notification-batch-consumer] Setting offset for partition notification-topic-0 to the committed offset FetchPosition{offset=0, offsetEpoch=Optional.empty, currentLeader=LeaderAndEpoch{leader=Optional[localhost:9093 (id: 1001 rack: null)], epoch=0}}
2025-12-11 11:18:19.338 [org.springframework.kafka.KafkaListenerEndpointContainer#2-0-C-1] INFO  o.s.k.l.KafkaMessageListenerContainer [node1:8080] - notification-batch-consumer: partitions assigned: [notification-topic-0]
2025-12-11 11:18:19.680 [redisson-timer-4-1] ERROR o.r.c.handler.PingConnectionHandler [node1:8080] - Unable to send PING command over channel: [id: 0x8e1e8894, L:/127.0.0.1:52921 - R:127.0.0.1/127.0.0.1:6379]
org.redisson.client.RedisTimeoutException: Command execution timeout for command: (PING), params: [], Redis client: [addr=redis://127.0.0.1:6379]
	at org.redisson.client.RedisConnection.lambda$async$1(RedisConnection.java:219)
	at io.netty.util.HashedWheelTimer$HashedWheelTimeout.run(HashedWheelTimer.java:715)
	at io.netty.util.concurrent.ImmediateExecutor.execute(ImmediateExecutor.java:34)
	at io.netty.util.HashedWheelTimer$HashedWheelTimeout.expire(HashedWheelTimer.java:703)
	at io.netty.util.HashedWheelTimer$HashedWheelBucket.expireTimeouts(HashedWheelTimer.java:790)
	at io.netty.util.HashedWheelTimer$Worker.run(HashedWheelTimer.java:503)
	at io.netty.util.concurrent.FastThreadLocalRunnable.run(FastThreadLocalRunnable.java:30)
	at java.base/java.lang.Thread.run(Thread.java:829)
2025-12-11 11:18:19.681 [redisson-timer-4-1] ERROR o.r.c.handler.PingConnectionHandler [node1:8080] - Unable to send PING command over channel: [id: 0x316f2045, L:/127.0.0.1:52923 - R:127.0.0.1/127.0.0.1:6379]
org.redisson.client.RedisTimeoutException: Command execution timeout for command: (PING), params: [], Redis client: [addr=redis://127.0.0.1:6379]
	at org.redisson.client.RedisConnection.lambda$async$1(RedisConnection.java:219)
	at io.netty.util.HashedWheelTimer$HashedWheelTimeout.run(HashedWheelTimer.java:715)
	at io.netty.util.concurrent.ImmediateExecutor.execute(ImmediateExecutor.java:34)
	at io.netty.util.HashedWheelTimer$HashedWheelTimeout.expire(HashedWheelTimer.java:703)
	at io.netty.util.HashedWheelTimer$HashedWheelBucket.expireTimeouts(HashedWheelTimer.java:790)
	at io.netty.util.HashedWheelTimer$Worker.run(HashedWheelTimer.java:503)
	at io.netty.util.concurrent.FastThreadLocalRunnable.run(FastThreadLocalRunnable.java:30)
	at java.base/java.lang.Thread.run(Thread.java:829)
2025-12-11 11:18:19.683 [redisson-timer-4-1] ERROR o.r.c.handler.PingConnectionHandler [node1:8080] - Unable to send PING command over channel: [id: 0x1ad202e9, L:/127.0.0.1:52920 - R:127.0.0.1/127.0.0.1:6379]
org.redisson.client.RedisTimeoutException: Command execution timeout for command: (PING), params: [], Redis client: [addr=redis://127.0.0.1:6379]
	at org.redisson.client.RedisConnection.lambda$async$1(RedisConnection.java:219)
	at io.netty.util.HashedWheelTimer$HashedWheelTimeout.run(HashedWheelTimer.java:715)
	at io.netty.util.concurrent.ImmediateExecutor.execute(ImmediateExecutor.java:34)
	at io.netty.util.HashedWheelTimer$HashedWheelTimeout.expire(HashedWheelTimer.java:703)
	at io.netty.util.HashedWheelTimer$HashedWheelBucket.expireTimeouts(HashedWheelTimer.java:790)
	at io.netty.util.HashedWheelTimer$Worker.run(HashedWheelTimer.java:503)
	at io.netty.util.concurrent.FastThreadLocalRunnable.run(FastThreadLocalRunnable.java:30)
	at java.base/java.lang.Thread.run(Thread.java:829)
2025-12-11 11:18:19.684 [redisson-timer-4-1] ERROR o.r.c.handler.PingConnectionHandler [node1:8080] - Unable to send PING command over channel: [id: 0x944894e8, L:/127.0.0.1:52927 - R:127.0.0.1/127.0.0.1:6379]
org.redisson.client.RedisTimeoutException: Command execution timeout for command: (PING), params: [], Redis client: [addr=redis://127.0.0.1:6379]
	at org.redisson.client.RedisConnection.lambda$async$1(RedisConnection.java:219)
	at io.netty.util.HashedWheelTimer$HashedWheelTimeout.run(HashedWheelTimer.java:715)
	at io.netty.util.concurrent.ImmediateExecutor.execute(ImmediateExecutor.java:34)
	at io.netty.util.HashedWheelTimer$HashedWheelTimeout.expire(HashedWheelTimer.java:703)
	at io.netty.util.HashedWheelTimer$HashedWheelBucket.expireTimeouts(HashedWheelTimer.java:790)
	at io.netty.util.HashedWheelTimer$Worker.run(HashedWheelTimer.java:503)
	at io.netty.util.concurrent.FastThreadLocalRunnable.run(FastThreadLocalRunnable.java:30)
	at java.base/java.lang.Thread.run(Thread.java:829)
2025-12-11 11:18:19.687 [redisson-timer-4-1] ERROR o.r.c.handler.PingConnectionHandler [node1:8080] - Unable to send PING command over channel: [id: 0x4fd02446, L:/127.0.0.1:52926 - R:127.0.0.1/127.0.0.1:6379]
org.redisson.client.RedisTimeoutException: Command execution timeout for command: (PING), params: [], Redis client: [addr=redis://127.0.0.1:6379]
	at org.redisson.client.RedisConnection.lambda$async$1(RedisConnection.java:219)
	at io.netty.util.HashedWheelTimer$HashedWheelTimeout.run(HashedWheelTimer.java:715)
	at io.netty.util.concurrent.ImmediateExecutor.execute(ImmediateExecutor.java:34)
	at io.netty.util.HashedWheelTimer$HashedWheelTimeout.expire(HashedWheelTimer.java:703)
	at io.netty.util.HashedWheelTimer$HashedWheelBucket.expireTimeouts(HashedWheelTimer.java:790)
	at io.netty.util.HashedWheelTimer$Worker.run(HashedWheelTimer.java:503)
	at io.netty.util.concurrent.FastThreadLocalRunnable.run(FastThreadLocalRunnable.java:30)
	at java.base/java.lang.Thread.run(Thread.java:829)
2025-12-11 11:19:08.245 [Thread-1] WARN  c.a.n.c.http.HttpClientBeanHolder [node1:8080] - [HttpClientBeanHolder] Start destroying common HttpClient
2025-12-11 11:19:08.250 [Thread-6] WARN  c.a.nacos.common.notify.NotifyCenter [node1:8080] - [NotifyCenter] Start destroying Publisher
2025-12-11 11:19:08.254 [Thread-6] WARN  c.a.nacos.common.notify.NotifyCenter [node1:8080] - [NotifyCenter] Destruction of the end
2025-12-11 11:19:08.269 [Thread-1] WARN  c.a.n.c.http.HttpClientBeanHolder [node1:8080] - [HttpClientBeanHolder] Destruction of the end
2025-12-11 11:19:09.554 [org.springframework.kafka.KafkaListenerEndpointContainer#1-0-C-1] INFO  o.a.k.c.c.i.ConsumerCoordinator [node1:8080] - [Consumer clientId=consumer-order-events-consumer-4, groupId=order-events-consumer] Revoke previously assigned partitions order-events-topic-4, order-events-topic-2, order-events-topic-3, order-events-topic-0, order-events-topic-1
2025-12-11 11:19:09.554 [org.springframework.kafka.KafkaListenerEndpointContainer#0-0-C-1] INFO  o.a.k.c.c.i.ConsumerCoordinator [node1:8080] - [Consumer clientId=consumer-user-events-consumer-3, groupId=user-events-consumer] Revoke previously assigned partitions user-events-topic-1, user-events-topic-2, user-events-topic-0
2025-12-11 11:19:09.554 [org.springframework.kafka.KafkaListenerEndpointContainer#2-0-C-1] INFO  o.a.k.c.c.i.ConsumerCoordinator [node1:8080] - [Consumer clientId=consumer-notification-batch-consumer-1, groupId=notification-batch-consumer] Revoke previously assigned partitions notification-topic-0
2025-12-11 11:19:09.555 [org.springframework.kafka.KafkaListenerEndpointContainer#1-0-C-1] INFO  o.s.k.l.KafkaMessageListenerContainer [node1:8080] - order-events-consumer: partitions revoked: [order-events-topic-4, order-events-topic-2, order-events-topic-3, order-events-topic-0, order-events-topic-1]
2025-12-11 11:19:09.555 [org.springframework.kafka.KafkaListenerEndpointContainer#2-0-C-1] INFO  o.s.k.l.KafkaMessageListenerContainer [node1:8080] - notification-batch-consumer: partitions revoked: [notification-topic-0]
2025-12-11 11:19:09.555 [org.springframework.kafka.KafkaListenerEndpointContainer#0-0-C-1] INFO  o.s.k.l.KafkaMessageListenerContainer [node1:8080] - user-events-consumer: partitions revoked: [user-events-topic-1, user-events-topic-2, user-events-topic-0]
2025-12-11 11:19:09.555 [org.springframework.kafka.KafkaListenerEndpointContainer#3-0-C-1] INFO  o.a.k.c.c.i.ConsumerCoordinator [node1:8080] - [Consumer clientId=consumer-pattern-consumer-2, groupId=pattern-consumer] Revoke previously assigned partitions user-events-topic-1, user-events-topic-2, order-events-topic-4, user-events-topic-0, order-events-topic-2, order-events-topic-3, order-events-topic-0, order-events-topic-1
2025-12-11 11:19:09.555 [org.springframework.kafka.KafkaListenerEndpointContainer#1-0-C-1] INFO  o.a.k.c.c.i.ConsumerCoordinator [node1:8080] - [Consumer clientId=consumer-order-events-consumer-4, groupId=order-events-consumer] Member consumer-order-events-consumer-4-c1cbd513-fba8-4931-8701-80f1babdb6fa sending LeaveGroup request to coordinator localhost:9093 (id: 2147482646 rack: null) due to the consumer unsubscribed from all topics
2025-12-11 11:19:09.555 [org.springframework.kafka.KafkaListenerEndpointContainer#0-0-C-1] INFO  o.a.k.c.c.i.ConsumerCoordinator [node1:8080] - [Consumer clientId=consumer-user-events-consumer-3, groupId=user-events-consumer] Member consumer-user-events-consumer-3-f485c645-b09c-460b-88d8-8a781744258a sending LeaveGroup request to coordinator localhost:9093 (id: 2147482646 rack: null) due to the consumer unsubscribed from all topics
2025-12-11 11:19:09.555 [org.springframework.kafka.KafkaListenerEndpointContainer#2-0-C-1] INFO  o.a.k.c.c.i.ConsumerCoordinator [node1:8080] - [Consumer clientId=consumer-notification-batch-consumer-1, groupId=notification-batch-consumer] Member consumer-notification-batch-consumer-1-af53d352-7693-4f9d-acd4-0e037d503c29 sending LeaveGroup request to coordinator localhost:9093 (id: 2147482646 rack: null) due to the consumer unsubscribed from all topics
2025-12-11 11:19:09.556 [org.springframework.kafka.KafkaListenerEndpointContainer#3-0-C-1] INFO  o.s.k.l.KafkaMessageListenerContainer [node1:8080] - pattern-consumer: partitions revoked: [user-events-topic-1, user-events-topic-2, order-events-topic-4, user-events-topic-0, order-events-topic-2, order-events-topic-3, order-events-topic-0, order-events-topic-1]
2025-12-11 11:19:09.556 [org.springframework.kafka.KafkaListenerEndpointContainer#3-0-C-1] INFO  o.a.k.c.c.i.ConsumerCoordinator [node1:8080] - [Consumer clientId=consumer-pattern-consumer-2, groupId=pattern-consumer] Member consumer-pattern-consumer-2-bc60a210-ed5b-4fdf-834c-33611404752f sending LeaveGroup request to coordinator localhost:9093 (id: 2147482646 rack: null) due to the consumer unsubscribed from all topics
2025-12-11 11:19:09.568 [org.springframework.kafka.KafkaListenerEndpointContainer#1-0-C-1] INFO  o.a.k.c.c.i.ConsumerCoordinator [node1:8080] - [Consumer clientId=consumer-order-events-consumer-4, groupId=order-events-consumer] Resetting generation due to: consumer pro-actively leaving the group
2025-12-11 11:19:09.568 [org.springframework.kafka.KafkaListenerEndpointContainer#3-0-C-1] INFO  o.a.k.c.c.i.ConsumerCoordinator [node1:8080] - [Consumer clientId=consumer-pattern-consumer-2, groupId=pattern-consumer] Resetting generation due to: consumer pro-actively leaving the group
2025-12-11 11:19:09.568 [org.springframework.kafka.KafkaListenerEndpointContainer#2-0-C-1] INFO  o.a.k.c.c.i.ConsumerCoordinator [node1:8080] - [Consumer clientId=consumer-notification-batch-consumer-1, groupId=notification-batch-consumer] Resetting generation due to: consumer pro-actively leaving the group
2025-12-11 11:19:09.568 [org.springframework.kafka.KafkaListenerEndpointContainer#1-0-C-1] INFO  o.a.k.c.c.i.ConsumerCoordinator [node1:8080] - [Consumer clientId=consumer-order-events-consumer-4, groupId=order-events-consumer] Request joining group due to: consumer pro-actively leaving the group
2025-12-11 11:19:09.568 [org.springframework.kafka.KafkaListenerEndpointContainer#2-0-C-1] INFO  o.a.k.c.c.i.ConsumerCoordinator [node1:8080] - [Consumer clientId=consumer-notification-batch-consumer-1, groupId=notification-batch-consumer] Request joining group due to: consumer pro-actively leaving the group
2025-12-11 11:19:09.568 [org.springframework.kafka.KafkaListenerEndpointContainer#3-0-C-1] INFO  o.a.k.c.c.i.ConsumerCoordinator [node1:8080] - [Consumer clientId=consumer-pattern-consumer-2, groupId=pattern-consumer] Request joining group due to: consumer pro-actively leaving the group
2025-12-11 11:19:09.569 [org.springframework.kafka.KafkaListenerEndpointContainer#2-0-C-1] INFO  o.a.k.clients.consumer.KafkaConsumer [node1:8080] - [Consumer clientId=consumer-notification-batch-consumer-1, groupId=notification-batch-consumer] Unsubscribed all topics or patterns and assigned partitions
2025-12-11 11:19:09.569 [org.springframework.kafka.KafkaListenerEndpointContainer#1-0-C-1] INFO  o.a.k.clients.consumer.KafkaConsumer [node1:8080] - [Consumer clientId=consumer-order-events-consumer-4, groupId=order-events-consumer] Unsubscribed all topics or patterns and assigned partitions
2025-12-11 11:19:09.569 [org.springframework.kafka.KafkaListenerEndpointContainer#3-0-C-1] INFO  o.a.k.clients.consumer.KafkaConsumer [node1:8080] - [Consumer clientId=consumer-pattern-consumer-2, groupId=pattern-consumer] Unsubscribed all topics or patterns and assigned partitions
2025-12-11 11:19:09.568 [org.springframework.kafka.KafkaListenerEndpointContainer#0-0-C-1] INFO  o.a.k.c.c.i.ConsumerCoordinator [node1:8080] - [Consumer clientId=consumer-user-events-consumer-3, groupId=user-events-consumer] Resetting generation due to: consumer pro-actively leaving the group
2025-12-11 11:19:09.569 [org.springframework.kafka.KafkaListenerEndpointContainer#0-0-C-1] INFO  o.a.k.c.c.i.ConsumerCoordinator [node1:8080] - [Consumer clientId=consumer-user-events-consumer-3, groupId=user-events-consumer] Request joining group due to: consumer pro-actively leaving the group
2025-12-11 11:19:09.569 [org.springframework.kafka.KafkaListenerEndpointContainer#0-0-C-1] INFO  o.a.k.clients.consumer.KafkaConsumer [node1:8080] - [Consumer clientId=consumer-user-events-consumer-3, groupId=user-events-consumer] Unsubscribed all topics or patterns and assigned partitions
2025-12-11 11:19:09.575 [org.springframework.kafka.KafkaListenerEndpointContainer#1-0-C-1] INFO  o.a.k.c.c.i.ConsumerCoordinator [node1:8080] - [Consumer clientId=consumer-order-events-consumer-4, groupId=order-events-consumer] Resetting generation due to: consumer pro-actively leaving the group
2025-12-11 11:19:09.575 [org.springframework.kafka.KafkaListenerEndpointContainer#2-0-C-1] INFO  o.a.k.c.c.i.ConsumerCoordinator [node1:8080] - [Consumer clientId=consumer-notification-batch-consumer-1, groupId=notification-batch-consumer] Resetting generation due to: consumer pro-actively leaving the group
2025-12-11 11:19:09.575 [org.springframework.kafka.KafkaListenerEndpointContainer#0-0-C-1] INFO  o.a.k.c.c.i.ConsumerCoordinator [node1:8080] - [Consumer clientId=consumer-user-events-consumer-3, groupId=user-events-consumer] Resetting generation due to: consumer pro-actively leaving the group
2025-12-11 11:19:09.575 [org.springframework.kafka.KafkaListenerEndpointContainer#2-0-C-1] INFO  o.a.k.c.c.i.ConsumerCoordinator [node1:8080] - [Consumer clientId=consumer-notification-batch-consumer-1, groupId=notification-batch-consumer] Request joining group due to: consumer pro-actively leaving the group
2025-12-11 11:19:09.575 [org.springframework.kafka.KafkaListenerEndpointContainer#3-0-C-1] INFO  o.a.k.c.c.i.ConsumerCoordinator [node1:8080] - [Consumer clientId=consumer-pattern-consumer-2, groupId=pattern-consumer] Resetting generation due to: consumer pro-actively leaving the group
2025-12-11 11:19:09.575 [org.springframework.kafka.KafkaListenerEndpointContainer#1-0-C-1] INFO  o.a.k.c.c.i.ConsumerCoordinator [node1:8080] - [Consumer clientId=consumer-order-events-consumer-4, groupId=order-events-consumer] Request joining group due to: consumer pro-actively leaving the group
2025-12-11 11:19:09.575 [org.springframework.kafka.KafkaListenerEndpointContainer#0-0-C-1] INFO  o.a.k.c.c.i.ConsumerCoordinator [node1:8080] - [Consumer clientId=consumer-user-events-consumer-3, groupId=user-events-consumer] Request joining group due to: consumer pro-actively leaving the group
2025-12-11 11:19:09.575 [org.springframework.kafka.KafkaListenerEndpointContainer#3-0-C-1] INFO  o.a.k.c.c.i.ConsumerCoordinator [node1:8080] - [Consumer clientId=consumer-pattern-consumer-2, groupId=pattern-consumer] Request joining group due to: consumer pro-actively leaving the group
2025-12-11 11:19:10.626 [org.springframework.kafka.KafkaListenerEndpointContainer#0-0-C-1] INFO  o.a.kafka.common.metrics.Metrics [node1:8080] - Metrics scheduler closed
2025-12-11 11:19:10.626 [org.springframework.kafka.KafkaListenerEndpointContainer#0-0-C-1] INFO  o.a.kafka.common.metrics.Metrics [node1:8080] - Closing reporter org.apache.kafka.common.metrics.JmxReporter
2025-12-11 11:19:10.628 [org.springframework.kafka.KafkaListenerEndpointContainer#0-0-C-1] INFO  o.a.kafka.common.metrics.Metrics [node1:8080] - Metrics reporters closed
2025-12-11 11:19:10.640 [org.springframework.kafka.KafkaListenerEndpointContainer#0-0-C-1] INFO  o.a.kafka.common.utils.AppInfoParser [node1:8080] - App info kafka.consumer for consumer-user-events-consumer-3 unregistered
2025-12-11 11:19:10.643 [org.springframework.kafka.KafkaListenerEndpointContainer#0-0-C-1] INFO  o.s.k.l.KafkaMessageListenerContainer [node1:8080] - user-events-consumer: Consumer stopped
2025-12-11 11:19:10.806 [org.springframework.kafka.KafkaListenerEndpointContainer#3-0-C-1] INFO  o.a.kafka.common.metrics.Metrics [node1:8080] - Metrics scheduler closed
2025-12-11 11:19:10.807 [org.springframework.kafka.KafkaListenerEndpointContainer#3-0-C-1] INFO  o.a.kafka.common.metrics.Metrics [node1:8080] - Closing reporter org.apache.kafka.common.metrics.JmxReporter
2025-12-11 11:19:10.809 [org.springframework.kafka.KafkaListenerEndpointContainer#3-0-C-1] INFO  o.a.kafka.common.metrics.Metrics [node1:8080] - Metrics reporters closed
2025-12-11 11:19:10.828 [org.springframework.kafka.KafkaListenerEndpointContainer#3-0-C-1] INFO  o.a.kafka.common.utils.AppInfoParser [node1:8080] - App info kafka.consumer for consumer-pattern-consumer-2 unregistered
2025-12-11 11:19:10.829 [org.springframework.kafka.KafkaListenerEndpointContainer#3-0-C-1] INFO  o.s.k.l.KafkaMessageListenerContainer [node1:8080] - pattern-consumer: Consumer stopped
2025-12-11 11:19:11.035 [org.springframework.kafka.KafkaListenerEndpointContainer#2-0-C-1] INFO  o.a.kafka.common.metrics.Metrics [node1:8080] - Metrics scheduler closed
2025-12-11 11:19:11.035 [org.springframework.kafka.KafkaListenerEndpointContainer#2-0-C-1] INFO  o.a.kafka.common.metrics.Metrics [node1:8080] - Closing reporter org.apache.kafka.common.metrics.JmxReporter
2025-12-11 11:19:11.036 [org.springframework.kafka.KafkaListenerEndpointContainer#2-0-C-1] INFO  o.a.kafka.common.metrics.Metrics [node1:8080] - Metrics reporters closed
2025-12-11 11:19:11.035 [org.springframework.kafka.KafkaListenerEndpointContainer#1-0-C-1] INFO  o.a.kafka.common.metrics.Metrics [node1:8080] - Metrics scheduler closed
2025-12-11 11:19:11.036 [org.springframework.kafka.KafkaListenerEndpointContainer#1-0-C-1] INFO  o.a.kafka.common.metrics.Metrics [node1:8080] - Closing reporter org.apache.kafka.common.metrics.JmxReporter
2025-12-11 11:19:11.037 [org.springframework.kafka.KafkaListenerEndpointContainer#1-0-C-1] INFO  o.a.kafka.common.metrics.Metrics [node1:8080] - Metrics reporters closed
2025-12-11 11:19:11.063 [org.springframework.kafka.KafkaListenerEndpointContainer#2-0-C-1] INFO  o.a.kafka.common.utils.AppInfoParser [node1:8080] - App info kafka.consumer for consumer-notification-batch-consumer-1 unregistered
2025-12-11 11:19:11.064 [org.springframework.kafka.KafkaListenerEndpointContainer#2-0-C-1] INFO  o.s.k.l.KafkaMessageListenerContainer [node1:8080] - notification-batch-consumer: Consumer stopped
2025-12-11 11:19:11.064 [org.springframework.kafka.KafkaListenerEndpointContainer#1-0-C-1] INFO  o.a.kafka.common.utils.AppInfoParser [node1:8080] - App info kafka.consumer for consumer-order-events-consumer-4 unregistered
2025-12-11 11:19:11.064 [org.springframework.kafka.KafkaListenerEndpointContainer#1-0-C-1] INFO  o.s.k.l.KafkaMessageListenerContainer [node1:8080] - order-events-consumer: Consumer stopped
2025-12-11 11:19:11.155 [SpringApplicationShutdownHook] INFO  c.a.c.n.r.NacosServiceRegistry [node1:8080] - De-registering from Nacos Server now...
2025-12-11 11:19:11.248 [SpringApplicationShutdownHook] INFO  c.a.c.n.r.NacosServiceRegistry [node1:8080] - De-registration finished.
2025-12-11 11:19:11.711 [SpringApplicationShutdownHook] INFO  o.s.o.j.LocalContainerEntityManagerFactoryBean [node1:8080] - Closing JPA EntityManagerFactory for persistence unit 'default'
2025-12-11 11:19:11.802 [SpringApplicationShutdownHook] INFO  com.zaxxer.hikari.HikariDataSource [node1:8080] - HikariPool-1 - Shutdown initiated...
2025-12-11 11:19:11.896 [SpringApplicationShutdownHook] INFO  com.zaxxer.hikari.HikariDataSource [node1:8080] - HikariPool-1 - Shutdown completed.
2025-12-11 11:19:35.641 [main] INFO  com.example.demo.DemoApplication [node1:8080] - Starting DemoApplication using Java 11.0.11 on zhouwenwudeMacBook-Pro.local with PID 57664 (/Users/markchou/Documents/code-demo-pratice/application-demo/target/classes started by markchou in /Users/markchou/Documents/code-demo-pratice)
2025-12-11 11:19:35.645 [main] INFO  com.example.demo.DemoApplication [node1:8080] - The following 1 profile is active: "local-nacos"
2025-12-11 11:19:35.729 [main] INFO  c.a.c.n.c.NacosConfigDataLoader [node1:8080] - [Nacos Config] Load config[dataId=nacos-demo-service-local.properties, group=DEFAULT_GROUP] success
2025-12-11 11:19:37.740 [main] INFO  o.s.d.r.c.RepositoryConfigurationDelegate [node1:8080] - Multiple Spring Data modules found, entering strict repository configuration mode
2025-12-11 11:19:37.742 [main] INFO  o.s.d.r.c.RepositoryConfigurationDelegate [node1:8080] - Bootstrapping Spring Data Elasticsearch repositories in DEFAULT mode.
2025-12-11 11:19:37.766 [main] INFO  o.s.d.r.c.RepositoryConfigurationDelegate [node1:8080] - Finished Spring Data repository scanning in 14 ms. Found 0 Elasticsearch repository interfaces.
2025-12-11 11:19:38.206 [main] DEBUG org.apache.ibatis.logging.LogFactory [node1:8080] - Logging initialized using 'class org.apache.ibatis.logging.slf4j.Slf4jImpl' adapter.
2025-12-11 11:19:38.220 [main] DEBUG o.m.s.mapper.ClassPathMapperScanner [node1:8080] - Identified candidate component class: file [/Users/markchou/Documents/code-demo-pratice/application-demo/target/classes/com/example/demo/mapper/SysUserMapper.class]
2025-12-11 11:19:38.223 [main] DEBUG o.m.s.mapper.ClassPathMapperScanner [node1:8080] - Creating MapperFactoryBean with name 'sysUserMapper' and 'com.example.demo.mapper.SysUserMapper' mapperInterface
2025-12-11 11:19:38.225 [main] DEBUG o.m.s.mapper.ClassPathMapperScanner [node1:8080] - Enabling autowire by type for MapperFactoryBean with name 'sysUserMapper'.
2025-12-11 11:19:38.863 [main] INFO  o.s.d.r.c.RepositoryConfigurationDelegate [node1:8080] - Multiple Spring Data modules found, entering strict repository configuration mode
2025-12-11 11:19:38.863 [main] INFO  o.s.d.r.c.RepositoryConfigurationDelegate [node1:8080] - Bootstrapping Spring Data Elasticsearch repositories in DEFAULT mode.
2025-12-11 11:19:38.903 [main] INFO  o.s.d.r.c.RepositoryConfigurationExtensionSupport [node1:8080] - Spring Data Elasticsearch - Could not safely identify store assignment for repository candidate interface com.example.demo.repository.PayAccountGroupRepository; If you want this repository to be a Elasticsearch repository, consider annotating your entities with one of these annotations: org.springframework.data.elasticsearch.annotations.Document (preferred), or consider extending one of the following types with your repository: org.springframework.data.elasticsearch.repository.ElasticsearchRepository, org.springframework.data.elasticsearch.repository.ElasticsearchRepository
2025-12-11 11:19:39.011 [main] INFO  o.s.d.r.c.RepositoryConfigurationDelegate [node1:8080] - Finished Spring Data repository scanning in 147 ms. Found 1 Elasticsearch repository interfaces.
2025-12-11 11:19:39.020 [main] INFO  o.s.d.r.c.RepositoryConfigurationDelegate [node1:8080] - Multiple Spring Data modules found, entering strict repository configuration mode
2025-12-11 11:19:39.021 [main] INFO  o.s.d.r.c.RepositoryConfigurationDelegate [node1:8080] - Bootstrapping Spring Data Reactive Elasticsearch repositories in DEFAULT mode.
2025-12-11 11:19:39.031 [main] INFO  o.s.d.r.c.RepositoryConfigurationExtensionSupport [node1:8080] - Spring Data Reactive Elasticsearch - Could not safely identify store assignment for repository candidate interface com.example.demo.repository.PayAccountGroupRepository; If you want this repository to be a Reactive Elasticsearch repository, consider annotating your entities with one of these annotations: org.springframework.data.elasticsearch.annotations.Document (preferred), or consider extending one of the following types with your repository: org.springframework.data.elasticsearch.repository.ReactiveElasticsearchRepository
2025-12-11 11:19:39.036 [main] INFO  o.s.d.r.c.RepositoryConfigurationDelegate [node1:8080] - Finished Spring Data repository scanning in 14 ms. Found 0 Reactive Elasticsearch repository interfaces.
2025-12-11 11:19:39.054 [main] INFO  o.s.d.r.c.RepositoryConfigurationDelegate [node1:8080] - Multiple Spring Data modules found, entering strict repository configuration mode
2025-12-11 11:19:39.055 [main] INFO  o.s.d.r.c.RepositoryConfigurationDelegate [node1:8080] - Bootstrapping Spring Data JPA repositories in DEFAULT mode.
2025-12-11 11:19:39.085 [main] INFO  o.s.d.r.c.RepositoryConfigurationExtensionSupport [node1:8080] - Spring Data JPA - Could not safely identify store assignment for repository candidate interface com.example.demo.repository.ProductRepository; If you want this repository to be a JPA repository, consider annotating your entities with one of these annotations: javax.persistence.Entity, javax.persistence.MappedSuperclass (preferred), or consider extending one of the following types with your repository: org.springframework.data.jpa.repository.JpaRepository
2025-12-11 11:19:39.098 [main] INFO  o.s.d.r.c.RepositoryConfigurationDelegate [node1:8080] - Finished Spring Data repository scanning in 33 ms. Found 1 JPA repository interfaces.
2025-12-11 11:19:39.136 [main] INFO  o.s.d.r.c.RepositoryConfigurationDelegate [node1:8080] - Multiple Spring Data modules found, entering strict repository configuration mode
2025-12-11 11:19:39.141 [main] INFO  o.s.d.r.c.RepositoryConfigurationDelegate [node1:8080] - Bootstrapping Spring Data Redis repositories in DEFAULT mode.
2025-12-11 11:19:39.169 [main] INFO  o.s.d.r.c.RepositoryConfigurationExtensionSupport [node1:8080] - Spring Data Redis - Could not safely identify store assignment for repository candidate interface com.example.demo.repository.PayAccountGroupRepository; If you want this repository to be a Redis repository, consider annotating your entities with one of these annotations: org.springframework.data.redis.core.RedisHash (preferred), or consider extending one of the following types with your repository: org.springframework.data.keyvalue.repository.KeyValueRepository
2025-12-11 11:19:39.171 [main] INFO  o.s.d.r.c.RepositoryConfigurationExtensionSupport [node1:8080] - Spring Data Redis - Could not safely identify store assignment for repository candidate interface com.example.demo.repository.ProductRepository; If you want this repository to be a Redis repository, consider annotating your entities with one of these annotations: org.springframework.data.redis.core.RedisHash (preferred), or consider extending one of the following types with your repository: org.springframework.data.keyvalue.repository.KeyValueRepository
2025-12-11 11:19:39.172 [main] INFO  o.s.d.r.c.RepositoryConfigurationDelegate [node1:8080] - Finished Spring Data repository scanning in 11 ms. Found 0 Redis repository interfaces.
2025-12-11 11:19:39.652 [main] INFO  o.s.cloud.context.scope.GenericScope [node1:8080] - BeanFactory id=ce5151f1-d28e-3c4d-9b8f-292af9df91a1
2025-12-11 11:19:41.219 [main] INFO  o.s.b.w.e.tomcat.TomcatWebServer [node1:8080] - Tomcat initialized with port(s): 8080 (http)
2025-12-11 11:19:41.246 [main] INFO  o.a.catalina.core.StandardService [node1:8080] - Starting service [Tomcat]
2025-12-11 11:19:41.247 [main] INFO  o.a.catalina.core.StandardEngine [node1:8080] - Starting Servlet engine: [Apache Tomcat/9.0.68]
2025-12-11 11:19:41.649 [main] INFO  o.a.c.c.C.[Tomcat].[localhost].[/] [node1:8080] - Initializing Spring embedded WebApplicationContext
2025-12-11 11:19:41.650 [main] INFO  o.s.b.w.s.c.ServletWebServerApplicationContext [node1:8080] - Root WebApplicationContext: initialization completed in 5918 ms
2025-12-11 11:19:43.153 [main] INFO  com.zaxxer.hikari.HikariDataSource [node1:8080] - HikariPool-1 - Starting...
2025-12-11 11:19:43.537 [main] INFO  com.zaxxer.hikari.HikariDataSource [node1:8080] - HikariPool-1 - Start completed.
2025-12-11 11:19:45.877 [main] INFO  o.s.o.j.LocalContainerEntityManagerFactoryBean [node1:8080] - Initialized JPA EntityManagerFactory for persistence unit 'default'
2025-12-11 11:19:46.279 [main] INFO  org.redisson.Version [node1:8080] - Redisson 3.16.0
2025-12-11 11:19:46.358 [main] WARN  i.n.r.d.DnsServerAddressStreamProviders [node1:8080] - Can not find io.netty.resolver.dns.macos.MacOSDnsServerAddressStreamProvider in the classpath, fallback to system defaults. This may result in incorrect DNS resolutions on MacOS. Check whether you have a dependency on 'io.netty:netty-resolver-dns-native-macos'
2025-12-11 11:19:46.878 [redisson-netty-2-23] INFO  o.r.c.p.MasterPubSubConnectionPool [node1:8080] - 1 connections initialized for 127.0.0.1/127.0.0.1:6379
2025-12-11 11:19:47.049 [redisson-netty-2-19] INFO  o.r.c.pool.MasterConnectionPool [node1:8080] - 24 connections initialized for 127.0.0.1/127.0.0.1:6379
2025-12-11 11:19:48.150 [main] DEBUG o.m.spring.SqlSessionFactoryBean [node1:8080] - Property 'mapperLocations' was not specified or no matching resources found
2025-12-11 11:19:56.906 [main] WARN  org.elasticsearch.client.RestClient [node1:8080] - request [HEAD http://localhost:9200/products?ignore_throttled=false&ignore_unavailable=false&expand_wildcards=open%2Cclosed&allow_no_indices=false] returned 1 warnings: [299 Elasticsearch-7.17.0-bee86328705acaa9a6daede7140defd4d9ec56bd "[ignore_throttled] parameter is deprecated because frozen indices have been deprecated. Consider cold or frozen tiers in place of frozen indices."]
2025-12-11 11:19:57.602 [main] WARN  o.s.b.a.o.j.JpaBaseConfiguration$JpaWebConfiguration [node1:8080] - spring.jpa.open-in-view is enabled by default. Therefore, database queries may be performed during view rendering. Explicitly configure spring.jpa.open-in-view to disable this warning
2025-12-11 11:19:59.016 [main] INFO  c.a.c.s.SentinelWebMvcConfigurer [node1:8080] - [Sentinel Starter] register SentinelWebInterceptor with urlPatterns: [/**].
2025-12-11 11:20:03.736 [main] INFO  o.s.b.a.e.web.EndpointLinksResolver [node1:8080] - Exposing 1 endpoint(s) beneath base path '/actuator'
2025-12-11 11:20:04.139 [main] INFO  o.a.k.c.admin.AdminClientConfig [node1:8080] - AdminClientConfig values: 
	bootstrap.servers = [127.0.0.1:9093]
	client.dns.lookup = use_all_dns_ips
	client.id = 
	connections.max.idle.ms = 300000
	default.api.timeout.ms = 60000
	metadata.max.age.ms = 300000
	metric.reporters = []
	metrics.num.samples = 2
	metrics.recording.level = INFO
	metrics.sample.window.ms = 30000
	receive.buffer.bytes = 65536
	reconnect.backoff.max.ms = 1000
	reconnect.backoff.ms = 50
	request.timeout.ms = 30000
	retries = 2147483647
	retry.backoff.ms = 100
	sasl.client.callback.handler.class = null
	sasl.jaas.config = null
	sasl.kerberos.kinit.cmd = /usr/bin/kinit
	sasl.kerberos.min.time.before.relogin = 60000
	sasl.kerberos.service.name = null
	sasl.kerberos.ticket.renew.jitter = 0.05
	sasl.kerberos.ticket.renew.window.factor = 0.8
	sasl.login.callback.handler.class = null
	sasl.login.class = null
	sasl.login.refresh.buffer.seconds = 300
	sasl.login.refresh.min.period.seconds = 60
	sasl.login.refresh.window.factor = 0.8
	sasl.login.refresh.window.jitter = 0.05
	sasl.mechanism = GSSAPI
	security.protocol = PLAINTEXT
	security.providers = null
	send.buffer.bytes = 131072
	socket.connection.setup.timeout.max.ms = 30000
	socket.connection.setup.timeout.ms = 10000
	ssl.cipher.suites = null
	ssl.enabled.protocols = [TLSv1.2, TLSv1.3]
	ssl.endpoint.identification.algorithm = https
	ssl.engine.factory.class = null
	ssl.key.password = null
	ssl.keymanager.algorithm = SunX509
	ssl.keystore.certificate.chain = null
	ssl.keystore.key = null
	ssl.keystore.location = null
	ssl.keystore.password = null
	ssl.keystore.type = JKS
	ssl.protocol = TLSv1.3
	ssl.provider = null
	ssl.secure.random.implementation = null
	ssl.trustmanager.algorithm = PKIX
	ssl.truststore.certificates = null
	ssl.truststore.location = null
	ssl.truststore.password = null
	ssl.truststore.type = JKS

2025-12-11 11:20:04.256 [main] INFO  o.a.kafka.common.utils.AppInfoParser [node1:8080] - Kafka version: 3.0.2
2025-12-11 11:20:04.256 [main] INFO  o.a.kafka.common.utils.AppInfoParser [node1:8080] - Kafka commitId: 25b1aea02e37da14
2025-12-11 11:20:04.257 [main] INFO  o.a.kafka.common.utils.AppInfoParser [node1:8080] - Kafka startTimeMs: 1765423204253
2025-12-11 11:20:05.362 [kafka-admin-client-thread | adminclient-1] INFO  o.a.kafka.common.utils.AppInfoParser [node1:8080] - App info kafka.admin.client for adminclient-1 unregistered
2025-12-11 11:20:05.378 [kafka-admin-client-thread | adminclient-1] INFO  o.a.kafka.common.metrics.Metrics [node1:8080] - Metrics scheduler closed
2025-12-11 11:20:05.378 [kafka-admin-client-thread | adminclient-1] INFO  o.a.kafka.common.metrics.Metrics [node1:8080] - Closing reporter org.apache.kafka.common.metrics.JmxReporter
2025-12-11 11:20:05.379 [kafka-admin-client-thread | adminclient-1] INFO  o.a.kafka.common.metrics.Metrics [node1:8080] - Metrics reporters closed
2025-12-11 11:20:05.440 [main] INFO  o.a.k.c.consumer.ConsumerConfig [node1:8080] - ConsumerConfig values: 
	allow.auto.create.topics = true
	auto.commit.interval.ms = 5000
	auto.offset.reset = earliest
	bootstrap.servers = [127.0.0.1:9093]
	check.crcs = true
	client.dns.lookup = use_all_dns_ips
	client.id = consumer-order-events-consumer-1
	client.rack = 
	connections.max.idle.ms = 540000
	default.api.timeout.ms = 60000
	enable.auto.commit = false
	exclude.internal.topics = true
	fetch.max.bytes = 52428800
	fetch.max.wait.ms = 500
	fetch.min.bytes = 1
	group.id = order-events-consumer
	group.instance.id = null
	heartbeat.interval.ms = 3000
	interceptor.classes = []
	internal.leave.group.on.close = true
	internal.throw.on.fetch.stable.offset.unsupported = false
	isolation.level = read_uncommitted
	key.deserializer = class org.apache.kafka.common.serialization.StringDeserializer
	max.partition.fetch.bytes = 1048576
	max.poll.interval.ms = 300000
	max.poll.records = 500
	metadata.max.age.ms = 300000
	metric.reporters = []
	metrics.num.samples = 2
	metrics.recording.level = INFO
	metrics.sample.window.ms = 30000
	partition.assignment.strategy = [class org.apache.kafka.clients.consumer.RangeAssignor, class org.apache.kafka.clients.consumer.CooperativeStickyAssignor]
	receive.buffer.bytes = 65536
	reconnect.backoff.max.ms = 1000
	reconnect.backoff.ms = 50
	request.timeout.ms = 30000
	retry.backoff.ms = 100
	sasl.client.callback.handler.class = null
	sasl.jaas.config = null
	sasl.kerberos.kinit.cmd = /usr/bin/kinit
	sasl.kerberos.min.time.before.relogin = 60000
	sasl.kerberos.service.name = null
	sasl.kerberos.ticket.renew.jitter = 0.05
	sasl.kerberos.ticket.renew.window.factor = 0.8
	sasl.login.callback.handler.class = null
	sasl.login.class = null
	sasl.login.refresh.buffer.seconds = 300
	sasl.login.refresh.min.period.seconds = 60
	sasl.login.refresh.window.factor = 0.8
	sasl.login.refresh.window.jitter = 0.05
	sasl.mechanism = GSSAPI
	security.protocol = PLAINTEXT
	security.providers = null
	send.buffer.bytes = 131072
	session.timeout.ms = 45000
	socket.connection.setup.timeout.max.ms = 30000
	socket.connection.setup.timeout.ms = 10000
	ssl.cipher.suites = null
	ssl.enabled.protocols = [TLSv1.2, TLSv1.3]
	ssl.endpoint.identification.algorithm = https
	ssl.engine.factory.class = null
	ssl.key.password = null
	ssl.keymanager.algorithm = SunX509
	ssl.keystore.certificate.chain = null
	ssl.keystore.key = null
	ssl.keystore.location = null
	ssl.keystore.password = null
	ssl.keystore.type = JKS
	ssl.protocol = TLSv1.3
	ssl.provider = null
	ssl.secure.random.implementation = null
	ssl.trustmanager.algorithm = PKIX
	ssl.truststore.certificates = null
	ssl.truststore.location = null
	ssl.truststore.password = null
	ssl.truststore.type = JKS
	value.deserializer = class org.apache.kafka.common.serialization.StringDeserializer

2025-12-11 11:20:05.534 [main] INFO  o.a.kafka.common.utils.AppInfoParser [node1:8080] - Kafka version: 3.0.2
2025-12-11 11:20:05.534 [main] INFO  o.a.kafka.common.utils.AppInfoParser [node1:8080] - Kafka commitId: 25b1aea02e37da14
2025-12-11 11:20:05.535 [main] INFO  o.a.kafka.common.utils.AppInfoParser [node1:8080] - Kafka startTimeMs: 1765423205534
2025-12-11 11:20:05.539 [main] INFO  o.a.k.clients.consumer.KafkaConsumer [node1:8080] - [Consumer clientId=consumer-order-events-consumer-1, groupId=order-events-consumer] Subscribed to topic(s): order-events-topic
2025-12-11 11:20:05.578 [main] INFO  o.a.k.c.consumer.ConsumerConfig [node1:8080] - ConsumerConfig values: 
	allow.auto.create.topics = true
	auto.commit.interval.ms = 5000
	auto.offset.reset = latest
	bootstrap.servers = [127.0.0.1:9093]
	check.crcs = true
	client.dns.lookup = use_all_dns_ips
	client.id = consumer-user-events-consumer-2
	client.rack = 
	connections.max.idle.ms = 540000
	default.api.timeout.ms = 60000
	enable.auto.commit = false
	exclude.internal.topics = true
	fetch.max.bytes = 52428800
	fetch.max.wait.ms = 500
	fetch.min.bytes = 1
	group.id = user-events-consumer
	group.instance.id = null
	heartbeat.interval.ms = 3000
	interceptor.classes = []
	internal.leave.group.on.close = true
	internal.throw.on.fetch.stable.offset.unsupported = false
	isolation.level = read_uncommitted
	key.deserializer = class org.apache.kafka.common.serialization.StringDeserializer
	max.partition.fetch.bytes = 1048576
	max.poll.interval.ms = 300000
	max.poll.records = 500
	metadata.max.age.ms = 300000
	metric.reporters = []
	metrics.num.samples = 2
	metrics.recording.level = INFO
	metrics.sample.window.ms = 30000
	partition.assignment.strategy = [class org.apache.kafka.clients.consumer.RangeAssignor, class org.apache.kafka.clients.consumer.CooperativeStickyAssignor]
	receive.buffer.bytes = 65536
	reconnect.backoff.max.ms = 1000
	reconnect.backoff.ms = 50
	request.timeout.ms = 30000
	retry.backoff.ms = 100
	sasl.client.callback.handler.class = null
	sasl.jaas.config = null
	sasl.kerberos.kinit.cmd = /usr/bin/kinit
	sasl.kerberos.min.time.before.relogin = 60000
	sasl.kerberos.service.name = null
	sasl.kerberos.ticket.renew.jitter = 0.05
	sasl.kerberos.ticket.renew.window.factor = 0.8
	sasl.login.callback.handler.class = null
	sasl.login.class = null
	sasl.login.refresh.buffer.seconds = 300
	sasl.login.refresh.min.period.seconds = 60
	sasl.login.refresh.window.factor = 0.8
	sasl.login.refresh.window.jitter = 0.05
	sasl.mechanism = GSSAPI
	security.protocol = PLAINTEXT
	security.providers = null
	send.buffer.bytes = 131072
	session.timeout.ms = 45000
	socket.connection.setup.timeout.max.ms = 30000
	socket.connection.setup.timeout.ms = 10000
	ssl.cipher.suites = null
	ssl.enabled.protocols = [TLSv1.2, TLSv1.3]
	ssl.endpoint.identification.algorithm = https
	ssl.engine.factory.class = null
	ssl.key.password = null
	ssl.keymanager.algorithm = SunX509
	ssl.keystore.certificate.chain = null
	ssl.keystore.key = null
	ssl.keystore.location = null
	ssl.keystore.password = null
	ssl.keystore.type = JKS
	ssl.protocol = TLSv1.3
	ssl.provider = null
	ssl.secure.random.implementation = null
	ssl.trustmanager.algorithm = PKIX
	ssl.truststore.certificates = null
	ssl.truststore.location = null
	ssl.truststore.password = null
	ssl.truststore.type = JKS
	value.deserializer = class org.apache.kafka.common.serialization.StringDeserializer

2025-12-11 11:20:05.594 [main] INFO  o.a.kafka.common.utils.AppInfoParser [node1:8080] - Kafka version: 3.0.2
2025-12-11 11:20:05.594 [main] INFO  o.a.kafka.common.utils.AppInfoParser [node1:8080] - Kafka commitId: 25b1aea02e37da14
2025-12-11 11:20:05.594 [main] INFO  o.a.kafka.common.utils.AppInfoParser [node1:8080] - Kafka startTimeMs: 1765423205593
2025-12-11 11:20:05.595 [main] INFO  o.a.k.clients.consumer.KafkaConsumer [node1:8080] - [Consumer clientId=consumer-user-events-consumer-2, groupId=user-events-consumer] Subscribed to topic(s): user-events-topic
2025-12-11 11:20:05.601 [main] INFO  o.a.k.c.consumer.ConsumerConfig [node1:8080] - ConsumerConfig values: 
	allow.auto.create.topics = true
	auto.commit.interval.ms = 5000
	auto.offset.reset = earliest
	bootstrap.servers = [127.0.0.1:9093]
	check.crcs = true
	client.dns.lookup = use_all_dns_ips
	client.id = consumer-pattern-consumer-3
	client.rack = 
	connections.max.idle.ms = 540000
	default.api.timeout.ms = 60000
	enable.auto.commit = false
	exclude.internal.topics = true
	fetch.max.bytes = 52428800
	fetch.max.wait.ms = 500
	fetch.min.bytes = 1
	group.id = pattern-consumer
	group.instance.id = null
	heartbeat.interval.ms = 3000
	interceptor.classes = []
	internal.leave.group.on.close = true
	internal.throw.on.fetch.stable.offset.unsupported = false
	isolation.level = read_uncommitted
	key.deserializer = class org.apache.kafka.common.serialization.StringDeserializer
	max.partition.fetch.bytes = 1048576
	max.poll.interval.ms = 300000
	max.poll.records = 500
	metadata.max.age.ms = 300000
	metric.reporters = []
	metrics.num.samples = 2
	metrics.recording.level = INFO
	metrics.sample.window.ms = 30000
	partition.assignment.strategy = [class org.apache.kafka.clients.consumer.RangeAssignor, class org.apache.kafka.clients.consumer.CooperativeStickyAssignor]
	receive.buffer.bytes = 65536
	reconnect.backoff.max.ms = 1000
	reconnect.backoff.ms = 50
	request.timeout.ms = 30000
	retry.backoff.ms = 100
	sasl.client.callback.handler.class = null
	sasl.jaas.config = null
	sasl.kerberos.kinit.cmd = /usr/bin/kinit
	sasl.kerberos.min.time.before.relogin = 60000
	sasl.kerberos.service.name = null
	sasl.kerberos.ticket.renew.jitter = 0.05
	sasl.kerberos.ticket.renew.window.factor = 0.8
	sasl.login.callback.handler.class = null
	sasl.login.class = null
	sasl.login.refresh.buffer.seconds = 300
	sasl.login.refresh.min.period.seconds = 60
	sasl.login.refresh.window.factor = 0.8
	sasl.login.refresh.window.jitter = 0.05
	sasl.mechanism = GSSAPI
	security.protocol = PLAINTEXT
	security.providers = null
	send.buffer.bytes = 131072
	session.timeout.ms = 45000
	socket.connection.setup.timeout.max.ms = 30000
	socket.connection.setup.timeout.ms = 10000
	ssl.cipher.suites = null
	ssl.enabled.protocols = [TLSv1.2, TLSv1.3]
	ssl.endpoint.identification.algorithm = https
	ssl.engine.factory.class = null
	ssl.key.password = null
	ssl.keymanager.algorithm = SunX509
	ssl.keystore.certificate.chain = null
	ssl.keystore.key = null
	ssl.keystore.location = null
	ssl.keystore.password = null
	ssl.keystore.type = JKS
	ssl.protocol = TLSv1.3
	ssl.provider = null
	ssl.secure.random.implementation = null
	ssl.trustmanager.algorithm = PKIX
	ssl.truststore.certificates = null
	ssl.truststore.location = null
	ssl.truststore.password = null
	ssl.truststore.type = JKS
	value.deserializer = class org.apache.kafka.common.serialization.StringDeserializer

2025-12-11 11:20:05.619 [main] INFO  o.a.kafka.common.utils.AppInfoParser [node1:8080] - Kafka version: 3.0.2
2025-12-11 11:20:05.620 [main] INFO  o.a.kafka.common.utils.AppInfoParser [node1:8080] - Kafka commitId: 25b1aea02e37da14
2025-12-11 11:20:05.620 [main] INFO  o.a.kafka.common.utils.AppInfoParser [node1:8080] - Kafka startTimeMs: 1765423205619
2025-12-11 11:20:05.621 [main] INFO  o.a.k.clients.consumer.KafkaConsumer [node1:8080] - [Consumer clientId=consumer-pattern-consumer-3, groupId=pattern-consumer] Subscribed to pattern: '.*-events-topic'
2025-12-11 11:20:05.635 [main] INFO  o.a.k.c.consumer.ConsumerConfig [node1:8080] - ConsumerConfig values: 
	allow.auto.create.topics = true
	auto.commit.interval.ms = 5000
	auto.offset.reset = latest
	bootstrap.servers = [127.0.0.1:9093]
	check.crcs = true
	client.dns.lookup = use_all_dns_ips
	client.id = consumer-notification-batch-consumer-4
	client.rack = 
	connections.max.idle.ms = 540000
	default.api.timeout.ms = 60000
	enable.auto.commit = false
	exclude.internal.topics = true
	fetch.max.bytes = 52428800
	fetch.max.wait.ms = 500
	fetch.min.bytes = 1
	group.id = notification-batch-consumer
	group.instance.id = null
	heartbeat.interval.ms = 3000
	interceptor.classes = []
	internal.leave.group.on.close = true
	internal.throw.on.fetch.stable.offset.unsupported = false
	isolation.level = read_uncommitted
	key.deserializer = class org.apache.kafka.common.serialization.StringDeserializer
	max.partition.fetch.bytes = 1048576
	max.poll.interval.ms = 300000
	max.poll.records = 500
	metadata.max.age.ms = 300000
	metric.reporters = []
	metrics.num.samples = 2
	metrics.recording.level = INFO
	metrics.sample.window.ms = 30000
	partition.assignment.strategy = [class org.apache.kafka.clients.consumer.RangeAssignor, class org.apache.kafka.clients.consumer.CooperativeStickyAssignor]
	receive.buffer.bytes = 65536
	reconnect.backoff.max.ms = 1000
	reconnect.backoff.ms = 50
	request.timeout.ms = 30000
	retry.backoff.ms = 100
	sasl.client.callback.handler.class = null
	sasl.jaas.config = null
	sasl.kerberos.kinit.cmd = /usr/bin/kinit
	sasl.kerberos.min.time.before.relogin = 60000
	sasl.kerberos.service.name = null
	sasl.kerberos.ticket.renew.jitter = 0.05
	sasl.kerberos.ticket.renew.window.factor = 0.8
	sasl.login.callback.handler.class = null
	sasl.login.class = null
	sasl.login.refresh.buffer.seconds = 300
	sasl.login.refresh.min.period.seconds = 60
	sasl.login.refresh.window.factor = 0.8
	sasl.login.refresh.window.jitter = 0.05
	sasl.mechanism = GSSAPI
	security.protocol = PLAINTEXT
	security.providers = null
	send.buffer.bytes = 131072
	session.timeout.ms = 45000
	socket.connection.setup.timeout.max.ms = 30000
	socket.connection.setup.timeout.ms = 10000
	ssl.cipher.suites = null
	ssl.enabled.protocols = [TLSv1.2, TLSv1.3]
	ssl.endpoint.identification.algorithm = https
	ssl.engine.factory.class = null
	ssl.key.password = null
	ssl.keymanager.algorithm = SunX509
	ssl.keystore.certificate.chain = null
	ssl.keystore.key = null
	ssl.keystore.location = null
	ssl.keystore.password = null
	ssl.keystore.type = JKS
	ssl.protocol = TLSv1.3
	ssl.provider = null
	ssl.secure.random.implementation = null
	ssl.trustmanager.algorithm = PKIX
	ssl.truststore.certificates = null
	ssl.truststore.location = null
	ssl.truststore.password = null
	ssl.truststore.type = JKS
	value.deserializer = class org.apache.kafka.common.serialization.StringDeserializer

2025-12-11 11:20:05.645 [org.springframework.kafka.KafkaListenerEndpointContainer#2-0-C-1] INFO  org.apache.kafka.clients.Metadata [node1:8080] - [Consumer clientId=consumer-order-events-consumer-1, groupId=order-events-consumer] Resetting the last seen epoch of partition order-events-topic-0 to 0 since the associated topicId changed from null to S-jFKcJPSjSUm6FAu4JKEQ
2025-12-11 11:20:05.647 [org.springframework.kafka.KafkaListenerEndpointContainer#2-0-C-1] INFO  org.apache.kafka.clients.Metadata [node1:8080] - [Consumer clientId=consumer-order-events-consumer-1, groupId=order-events-consumer] Resetting the last seen epoch of partition order-events-topic-4 to 0 since the associated topicId changed from null to S-jFKcJPSjSUm6FAu4JKEQ
2025-12-11 11:20:05.648 [org.springframework.kafka.KafkaListenerEndpointContainer#2-0-C-1] INFO  org.apache.kafka.clients.Metadata [node1:8080] - [Consumer clientId=consumer-order-events-consumer-1, groupId=order-events-consumer] Resetting the last seen epoch of partition order-events-topic-1 to 0 since the associated topicId changed from null to S-jFKcJPSjSUm6FAu4JKEQ
2025-12-11 11:20:05.648 [main] INFO  o.a.kafka.common.utils.AppInfoParser [node1:8080] - Kafka version: 3.0.2
2025-12-11 11:20:05.648 [main] INFO  o.a.kafka.common.utils.AppInfoParser [node1:8080] - Kafka commitId: 25b1aea02e37da14
2025-12-11 11:20:05.648 [org.springframework.kafka.KafkaListenerEndpointContainer#2-0-C-1] INFO  org.apache.kafka.clients.Metadata [node1:8080] - [Consumer clientId=consumer-order-events-consumer-1, groupId=order-events-consumer] Resetting the last seen epoch of partition order-events-topic-2 to 0 since the associated topicId changed from null to S-jFKcJPSjSUm6FAu4JKEQ
2025-12-11 11:20:05.649 [org.springframework.kafka.KafkaListenerEndpointContainer#2-0-C-1] INFO  org.apache.kafka.clients.Metadata [node1:8080] - [Consumer clientId=consumer-order-events-consumer-1, groupId=order-events-consumer] Resetting the last seen epoch of partition order-events-topic-3 to 0 since the associated topicId changed from null to S-jFKcJPSjSUm6FAu4JKEQ
2025-12-11 11:20:05.648 [main] INFO  o.a.kafka.common.utils.AppInfoParser [node1:8080] - Kafka startTimeMs: 1765423205648
2025-12-11 11:20:05.650 [main] INFO  o.a.k.clients.consumer.KafkaConsumer [node1:8080] - [Consumer clientId=consumer-notification-batch-consumer-4, groupId=notification-batch-consumer] Subscribed to topic(s): notification-topic
2025-12-11 11:20:05.651 [org.springframework.kafka.KafkaListenerEndpointContainer#2-0-C-1] INFO  org.apache.kafka.clients.Metadata [node1:8080] - [Consumer clientId=consumer-order-events-consumer-1, groupId=order-events-consumer] Cluster ID: sOJBYIVSQLWpg94NPVJ1_g
2025-12-11 11:20:05.653 [org.springframework.kafka.KafkaListenerEndpointContainer#3-0-C-1] INFO  org.apache.kafka.clients.Metadata [node1:8080] - [Consumer clientId=consumer-user-events-consumer-2, groupId=user-events-consumer] Resetting the last seen epoch of partition user-events-topic-0 to 0 since the associated topicId changed from null to fcT4s_ILQFSo6P7BMOCX_Q
2025-12-11 11:20:05.653 [org.springframework.kafka.KafkaListenerEndpointContainer#3-0-C-1] INFO  org.apache.kafka.clients.Metadata [node1:8080] - [Consumer clientId=consumer-user-events-consumer-2, groupId=user-events-consumer] Resetting the last seen epoch of partition user-events-topic-2 to 0 since the associated topicId changed from null to fcT4s_ILQFSo6P7BMOCX_Q
2025-12-11 11:20:05.653 [org.springframework.kafka.KafkaListenerEndpointContainer#3-0-C-1] INFO  org.apache.kafka.clients.Metadata [node1:8080] - [Consumer clientId=consumer-user-events-consumer-2, groupId=user-events-consumer] Resetting the last seen epoch of partition user-events-topic-1 to 0 since the associated topicId changed from null to fcT4s_ILQFSo6P7BMOCX_Q
2025-12-11 11:20:05.654 [org.springframework.kafka.KafkaListenerEndpointContainer#3-0-C-1] INFO  org.apache.kafka.clients.Metadata [node1:8080] - [Consumer clientId=consumer-user-events-consumer-2, groupId=user-events-consumer] Cluster ID: sOJBYIVSQLWpg94NPVJ1_g
2025-12-11 11:20:05.680 [org.springframework.kafka.KafkaListenerEndpointContainer#2-0-C-1] INFO  o.a.k.c.c.i.ConsumerCoordinator [node1:8080] - [Consumer clientId=consumer-order-events-consumer-1, groupId=order-events-consumer] Discovered group coordinator localhost:9093 (id: 2147482646 rack: null)
2025-12-11 11:20:05.682 [org.springframework.kafka.KafkaListenerEndpointContainer#3-0-C-1] INFO  o.a.k.c.c.i.ConsumerCoordinator [node1:8080] - [Consumer clientId=consumer-user-events-consumer-2, groupId=user-events-consumer] Discovered group coordinator localhost:9093 (id: 2147482646 rack: null)
2025-12-11 11:20:05.688 [org.springframework.kafka.KafkaListenerEndpointContainer#2-0-C-1] INFO  o.a.k.c.c.i.ConsumerCoordinator [node1:8080] - [Consumer clientId=consumer-order-events-consumer-1, groupId=order-events-consumer] (Re-)joining group
2025-12-11 11:20:05.688 [org.springframework.kafka.KafkaListenerEndpointContainer#3-0-C-1] INFO  o.a.k.c.c.i.ConsumerCoordinator [node1:8080] - [Consumer clientId=consumer-user-events-consumer-2, groupId=user-events-consumer] (Re-)joining group
2025-12-11 11:20:05.713 [main] INFO  o.s.b.w.e.tomcat.TomcatWebServer [node1:8080] - Tomcat started on port(s): 8080 (http) with context path ''
2025-12-11 11:20:05.730 [org.springframework.kafka.KafkaListenerEndpointContainer#0-0-C-1] INFO  org.apache.kafka.clients.Metadata [node1:8080] - [Consumer clientId=consumer-pattern-consumer-3, groupId=pattern-consumer] Resetting the last seen epoch of partition order-events-topic-0 to 0 since the associated topicId changed from null to S-jFKcJPSjSUm6FAu4JKEQ
2025-12-11 11:20:05.732 [org.springframework.kafka.KafkaListenerEndpointContainer#0-0-C-1] INFO  org.apache.kafka.clients.Metadata [node1:8080] - [Consumer clientId=consumer-pattern-consumer-3, groupId=pattern-consumer] Resetting the last seen epoch of partition order-events-topic-4 to 0 since the associated topicId changed from null to S-jFKcJPSjSUm6FAu4JKEQ
2025-12-11 11:20:05.734 [org.springframework.kafka.KafkaListenerEndpointContainer#0-0-C-1] INFO  org.apache.kafka.clients.Metadata [node1:8080] - [Consumer clientId=consumer-pattern-consumer-3, groupId=pattern-consumer] Resetting the last seen epoch of partition order-events-topic-1 to 0 since the associated topicId changed from null to S-jFKcJPSjSUm6FAu4JKEQ
2025-12-11 11:20:05.735 [org.springframework.kafka.KafkaListenerEndpointContainer#0-0-C-1] INFO  org.apache.kafka.clients.Metadata [node1:8080] - [Consumer clientId=consumer-pattern-consumer-3, groupId=pattern-consumer] Resetting the last seen epoch of partition order-events-topic-2 to 0 since the associated topicId changed from null to S-jFKcJPSjSUm6FAu4JKEQ
2025-12-11 11:20:05.736 [org.springframework.kafka.KafkaListenerEndpointContainer#0-0-C-1] INFO  org.apache.kafka.clients.Metadata [node1:8080] - [Consumer clientId=consumer-pattern-consumer-3, groupId=pattern-consumer] Resetting the last seen epoch of partition order-events-topic-3 to 0 since the associated topicId changed from null to S-jFKcJPSjSUm6FAu4JKEQ
2025-12-11 11:20:05.737 [org.springframework.kafka.KafkaListenerEndpointContainer#0-0-C-1] INFO  org.apache.kafka.clients.Metadata [node1:8080] - [Consumer clientId=consumer-pattern-consumer-3, groupId=pattern-consumer] Resetting the last seen epoch of partition user-events-topic-0 to 0 since the associated topicId changed from null to fcT4s_ILQFSo6P7BMOCX_Q
2025-12-11 11:20:05.737 [org.springframework.kafka.KafkaListenerEndpointContainer#0-0-C-1] INFO  org.apache.kafka.clients.Metadata [node1:8080] - [Consumer clientId=consumer-pattern-consumer-3, groupId=pattern-consumer] Resetting the last seen epoch of partition user-events-topic-2 to 0 since the associated topicId changed from null to fcT4s_ILQFSo6P7BMOCX_Q
2025-12-11 11:20:05.738 [org.springframework.kafka.KafkaListenerEndpointContainer#0-0-C-1] INFO  org.apache.kafka.clients.Metadata [node1:8080] - [Consumer clientId=consumer-pattern-consumer-3, groupId=pattern-consumer] Resetting the last seen epoch of partition user-events-topic-1 to 0 since the associated topicId changed from null to fcT4s_ILQFSo6P7BMOCX_Q
2025-12-11 11:20:05.739 [org.springframework.kafka.KafkaListenerEndpointContainer#0-0-C-1] INFO  org.apache.kafka.clients.Metadata [node1:8080] - [Consumer clientId=consumer-pattern-consumer-3, groupId=pattern-consumer] Cluster ID: sOJBYIVSQLWpg94NPVJ1_g
2025-12-11 11:20:05.752 [org.springframework.kafka.KafkaListenerEndpointContainer#0-0-C-1] INFO  o.a.k.c.c.i.ConsumerCoordinator [node1:8080] - [Consumer clientId=consumer-pattern-consumer-3, groupId=pattern-consumer] Discovered group coordinator localhost:9093 (id: 2147482646 rack: null)
2025-12-11 11:20:05.757 [org.springframework.kafka.KafkaListenerEndpointContainer#0-0-C-1] INFO  o.a.k.c.c.i.ConsumerCoordinator [node1:8080] - [Consumer clientId=consumer-pattern-consumer-3, groupId=pattern-consumer] (Re-)joining group
2025-12-11 11:20:05.781 [org.springframework.kafka.KafkaListenerEndpointContainer#1-0-C-1] INFO  org.apache.kafka.clients.Metadata [node1:8080] - [Consumer clientId=consumer-notification-batch-consumer-4, groupId=notification-batch-consumer] Resetting the last seen epoch of partition notification-topic-0 to 0 since the associated topicId changed from null to ijmXFJA0Rrmn4LFk4ULykA
2025-12-11 11:20:05.782 [org.springframework.kafka.KafkaListenerEndpointContainer#1-0-C-1] INFO  org.apache.kafka.clients.Metadata [node1:8080] - [Consumer clientId=consumer-notification-batch-consumer-4, groupId=notification-batch-consumer] Cluster ID: sOJBYIVSQLWpg94NPVJ1_g
2025-12-11 11:20:05.818 [main] INFO  c.a.n.p.a.s.c.ClientAuthPluginManager [node1:8080] - [ClientAuthPluginManager] Load ClientAuthService com.alibaba.nacos.client.auth.impl.NacosClientAuthServiceImpl success.
2025-12-11 11:20:05.818 [main] INFO  c.a.n.p.a.s.c.ClientAuthPluginManager [node1:8080] - [ClientAuthPluginManager] Load ClientAuthService com.alibaba.nacos.client.auth.ram.RamClientAuthServiceImpl success.
2025-12-11 11:20:05.829 [org.springframework.kafka.KafkaListenerEndpointContainer#3-0-C-1] INFO  o.a.k.c.c.i.ConsumerCoordinator [node1:8080] - [Consumer clientId=consumer-user-events-consumer-2, groupId=user-events-consumer] Request joining group due to: need to re-join with the given member-id
2025-12-11 11:20:05.829 [org.springframework.kafka.KafkaListenerEndpointContainer#3-0-C-1] INFO  o.a.k.c.c.i.ConsumerCoordinator [node1:8080] - [Consumer clientId=consumer-user-events-consumer-2, groupId=user-events-consumer] (Re-)joining group
2025-12-11 11:20:05.835 [org.springframework.kafka.KafkaListenerEndpointContainer#1-0-C-1] INFO  o.a.k.c.c.i.ConsumerCoordinator [node1:8080] - [Consumer clientId=consumer-notification-batch-consumer-4, groupId=notification-batch-consumer] Discovered group coordinator localhost:9093 (id: 2147482646 rack: null)
2025-12-11 11:20:05.837 [org.springframework.kafka.KafkaListenerEndpointContainer#1-0-C-1] INFO  o.a.k.c.c.i.ConsumerCoordinator [node1:8080] - [Consumer clientId=consumer-notification-batch-consumer-4, groupId=notification-batch-consumer] (Re-)joining group
2025-12-11 11:20:05.841 [org.springframework.kafka.KafkaListenerEndpointContainer#2-0-C-1] INFO  o.a.k.c.c.i.ConsumerCoordinator [node1:8080] - [Consumer clientId=consumer-order-events-consumer-1, groupId=order-events-consumer] Request joining group due to: need to re-join with the given member-id
2025-12-11 11:20:05.842 [org.springframework.kafka.KafkaListenerEndpointContainer#2-0-C-1] INFO  o.a.k.c.c.i.ConsumerCoordinator [node1:8080] - [Consumer clientId=consumer-order-events-consumer-1, groupId=order-events-consumer] (Re-)joining group
2025-12-11 11:20:05.944 [org.springframework.kafka.KafkaListenerEndpointContainer#0-0-C-1] INFO  o.a.k.c.c.i.ConsumerCoordinator [node1:8080] - [Consumer clientId=consumer-pattern-consumer-3, groupId=pattern-consumer] Request joining group due to: need to re-join with the given member-id
2025-12-11 11:20:05.945 [org.springframework.kafka.KafkaListenerEndpointContainer#0-0-C-1] INFO  o.a.k.c.c.i.ConsumerCoordinator [node1:8080] - [Consumer clientId=consumer-pattern-consumer-3, groupId=pattern-consumer] (Re-)joining group
2025-12-11 11:20:05.957 [org.springframework.kafka.KafkaListenerEndpointContainer#1-0-C-1] INFO  o.a.k.c.c.i.ConsumerCoordinator [node1:8080] - [Consumer clientId=consumer-notification-batch-consumer-4, groupId=notification-batch-consumer] Request joining group due to: need to re-join with the given member-id
2025-12-11 11:20:05.958 [org.springframework.kafka.KafkaListenerEndpointContainer#1-0-C-1] INFO  o.a.k.c.c.i.ConsumerCoordinator [node1:8080] - [Consumer clientId=consumer-notification-batch-consumer-4, groupId=notification-batch-consumer] (Re-)joining group
2025-12-11 11:20:06.034 [main] INFO  c.a.c.n.r.NacosServiceRegistry [node1:8080] - nacos registry, DEFAULT_GROUP nacos-demo-service 192.168.31.227:8080 register finished
2025-12-11 11:20:06.103 [main] INFO  com.example.demo.DemoApplication [node1:8080] - Started DemoApplication in 35.218 seconds (JVM running for 38.382)
2025-12-11 11:20:06.177 [main] INFO  c.a.c.n.r.NacosContextRefresher [node1:8080] - [Nacos Config] Listening config: dataId=nacos-demo-service-local.properties, group=DEFAULT_GROUP
2025-12-11 11:20:06.180 [main] INFO  com.example.demo.DemoApplication [node1:8080] - 应用启动完成，开始测试日志输出
2025-12-11 11:20:06.645 [RMI TCP Connection(2)-127.0.0.1] INFO  o.a.c.c.C.[Tomcat].[localhost].[/] [node1:8080] - Initializing Spring DispatcherServlet 'dispatcherServlet'
2025-12-11 11:20:06.646 [RMI TCP Connection(2)-127.0.0.1] INFO  o.s.web.servlet.DispatcherServlet [node1:8080] - Initializing Servlet 'dispatcherServlet'
2025-12-11 11:20:06.651 [RMI TCP Connection(2)-127.0.0.1] INFO  o.s.web.servlet.DispatcherServlet [node1:8080] - Completed initialization in 5 ms
2025-12-11 11:20:08.873 [org.springframework.kafka.KafkaListenerEndpointContainer#3-0-C-1] INFO  o.a.k.c.c.i.ConsumerCoordinator [node1:8080] - [Consumer clientId=consumer-user-events-consumer-2, groupId=user-events-consumer] Successfully joined group with generation Generation{generationId=45, memberId='consumer-user-events-consumer-2-12919ae2-3ff6-4261-b3ad-7bcc007f9042', protocol='range'}
2025-12-11 11:20:08.884 [org.springframework.kafka.KafkaListenerEndpointContainer#3-0-C-1] INFO  o.a.k.c.c.i.ConsumerCoordinator [node1:8080] - [Consumer clientId=consumer-user-events-consumer-2, groupId=user-events-consumer] Finished assignment for group at generation 45: {consumer-user-events-consumer-2-12919ae2-3ff6-4261-b3ad-7bcc007f9042=Assignment(partitions=[user-events-topic-0, user-events-topic-1, user-events-topic-2])}
2025-12-11 11:20:08.938 [org.springframework.kafka.KafkaListenerEndpointContainer#2-0-C-1] INFO  o.a.k.c.c.i.ConsumerCoordinator [node1:8080] - [Consumer clientId=consumer-order-events-consumer-1, groupId=order-events-consumer] Successfully joined group with generation Generation{generationId=41, memberId='consumer-order-events-consumer-1-31e149eb-08f1-401c-81be-d6d28748fb2e', protocol='range'}
2025-12-11 11:20:08.939 [org.springframework.kafka.KafkaListenerEndpointContainer#2-0-C-1] INFO  o.a.k.c.c.i.ConsumerCoordinator [node1:8080] - [Consumer clientId=consumer-order-events-consumer-1, groupId=order-events-consumer] Finished assignment for group at generation 41: {consumer-order-events-consumer-1-31e149eb-08f1-401c-81be-d6d28748fb2e=Assignment(partitions=[order-events-topic-0, order-events-topic-1, order-events-topic-2, order-events-topic-3, order-events-topic-4])}
2025-12-11 11:20:08.955 [org.springframework.kafka.KafkaListenerEndpointContainer#3-0-C-1] INFO  o.a.k.c.c.i.ConsumerCoordinator [node1:8080] - [Consumer clientId=consumer-user-events-consumer-2, groupId=user-events-consumer] Successfully synced group in generation Generation{generationId=45, memberId='consumer-user-events-consumer-2-12919ae2-3ff6-4261-b3ad-7bcc007f9042', protocol='range'}
2025-12-11 11:20:08.957 [org.springframework.kafka.KafkaListenerEndpointContainer#3-0-C-1] INFO  o.a.k.c.c.i.ConsumerCoordinator [node1:8080] - [Consumer clientId=consumer-user-events-consumer-2, groupId=user-events-consumer] Notifying assignor about the new Assignment(partitions=[user-events-topic-0, user-events-topic-1, user-events-topic-2])
2025-12-11 11:20:08.964 [org.springframework.kafka.KafkaListenerEndpointContainer#3-0-C-1] INFO  o.a.k.c.c.i.ConsumerCoordinator [node1:8080] - [Consumer clientId=consumer-user-events-consumer-2, groupId=user-events-consumer] Adding newly assigned partitions: user-events-topic-1, user-events-topic-2, user-events-topic-0
2025-12-11 11:20:09.010 [org.springframework.kafka.KafkaListenerEndpointContainer#0-0-C-1] INFO  o.a.k.c.c.i.ConsumerCoordinator [node1:8080] - [Consumer clientId=consumer-pattern-consumer-3, groupId=pattern-consumer] Successfully joined group with generation Generation{generationId=41, memberId='consumer-pattern-consumer-3-e167f915-23fb-4a82-8005-9d550ae1fe31', protocol='range'}
2025-12-11 11:20:09.047 [org.springframework.kafka.KafkaListenerEndpointContainer#1-0-C-1] INFO  o.a.k.c.c.i.ConsumerCoordinator [node1:8080] - [Consumer clientId=consumer-notification-batch-consumer-4, groupId=notification-batch-consumer] Successfully joined group with generation Generation{generationId=45, memberId='consumer-notification-batch-consumer-4-6ee7176c-7c7d-40dd-a97c-797520ecb305', protocol='range'}
2025-12-11 11:20:09.049 [org.springframework.kafka.KafkaListenerEndpointContainer#1-0-C-1] INFO  o.a.k.c.c.i.ConsumerCoordinator [node1:8080] - [Consumer clientId=consumer-notification-batch-consumer-4, groupId=notification-batch-consumer] Finished assignment for group at generation 45: {consumer-notification-batch-consumer-4-6ee7176c-7c7d-40dd-a97c-797520ecb305=Assignment(partitions=[notification-topic-0])}
2025-12-11 11:20:09.054 [org.springframework.kafka.KafkaListenerEndpointContainer#3-0-C-1] INFO  o.a.k.c.c.i.ConsumerCoordinator [node1:8080] - [Consumer clientId=consumer-user-events-consumer-2, groupId=user-events-consumer] Setting offset for partition user-events-topic-1 to the committed offset FetchPosition{offset=4, offsetEpoch=Optional.empty, currentLeader=LeaderAndEpoch{leader=Optional[localhost:9093 (id: 1001 rack: null)], epoch=0}}
2025-12-11 11:20:09.055 [org.springframework.kafka.KafkaListenerEndpointContainer#3-0-C-1] INFO  o.a.k.c.c.i.ConsumerCoordinator [node1:8080] - [Consumer clientId=consumer-user-events-consumer-2, groupId=user-events-consumer] Setting offset for partition user-events-topic-2 to the committed offset FetchPosition{offset=4, offsetEpoch=Optional.empty, currentLeader=LeaderAndEpoch{leader=Optional[localhost:9093 (id: 1001 rack: null)], epoch=0}}
2025-12-11 11:20:09.055 [org.springframework.kafka.KafkaListenerEndpointContainer#3-0-C-1] INFO  o.a.k.c.c.i.ConsumerCoordinator [node1:8080] - [Consumer clientId=consumer-user-events-consumer-2, groupId=user-events-consumer] Setting offset for partition user-events-topic-0 to the committed offset FetchPosition{offset=7, offsetEpoch=Optional.empty, currentLeader=LeaderAndEpoch{leader=Optional[localhost:9093 (id: 1001 rack: null)], epoch=0}}
2025-12-11 11:20:09.060 [org.springframework.kafka.KafkaListenerEndpointContainer#3-0-C-1] INFO  o.s.k.l.KafkaMessageListenerContainer [node1:8080] - user-events-consumer: partitions assigned: [user-events-topic-1, user-events-topic-2, user-events-topic-0]
2025-12-11 11:20:09.077 [org.springframework.kafka.KafkaListenerEndpointContainer#0-0-C-1] INFO  o.a.k.c.c.i.ConsumerCoordinator [node1:8080] - [Consumer clientId=consumer-pattern-consumer-3, groupId=pattern-consumer] Finished assignment for group at generation 41: {consumer-pattern-consumer-3-e167f915-23fb-4a82-8005-9d550ae1fe31=Assignment(partitions=[user-events-topic-0, user-events-topic-1, user-events-topic-2, order-events-topic-0, order-events-topic-1, order-events-topic-2, order-events-topic-3, order-events-topic-4])}
2025-12-11 11:20:09.101 [org.springframework.kafka.KafkaListenerEndpointContainer#2-0-C-1] INFO  o.a.k.c.c.i.ConsumerCoordinator [node1:8080] - [Consumer clientId=consumer-order-events-consumer-1, groupId=order-events-consumer] Successfully synced group in generation Generation{generationId=41, memberId='consumer-order-events-consumer-1-31e149eb-08f1-401c-81be-d6d28748fb2e', protocol='range'}
2025-12-11 11:20:09.102 [org.springframework.kafka.KafkaListenerEndpointContainer#2-0-C-1] INFO  o.a.k.c.c.i.ConsumerCoordinator [node1:8080] - [Consumer clientId=consumer-order-events-consumer-1, groupId=order-events-consumer] Notifying assignor about the new Assignment(partitions=[order-events-topic-0, order-events-topic-1, order-events-topic-2, order-events-topic-3, order-events-topic-4])
2025-12-11 11:20:09.102 [org.springframework.kafka.KafkaListenerEndpointContainer#2-0-C-1] INFO  o.a.k.c.c.i.ConsumerCoordinator [node1:8080] - [Consumer clientId=consumer-order-events-consumer-1, groupId=order-events-consumer] Adding newly assigned partitions: order-events-topic-4, order-events-topic-2, order-events-topic-3, order-events-topic-0, order-events-topic-1
2025-12-11 11:20:09.209 [org.springframework.kafka.KafkaListenerEndpointContainer#0-0-C-1] INFO  o.a.k.c.c.i.ConsumerCoordinator [node1:8080] - [Consumer clientId=consumer-pattern-consumer-3, groupId=pattern-consumer] Successfully synced group in generation Generation{generationId=41, memberId='consumer-pattern-consumer-3-e167f915-23fb-4a82-8005-9d550ae1fe31', protocol='range'}
2025-12-11 11:20:09.312 [org.springframework.kafka.KafkaListenerEndpointContainer#0-0-C-1] INFO  o.a.k.c.c.i.ConsumerCoordinator [node1:8080] - [Consumer clientId=consumer-pattern-consumer-3, groupId=pattern-consumer] Notifying assignor about the new Assignment(partitions=[user-events-topic-0, user-events-topic-1, user-events-topic-2, order-events-topic-0, order-events-topic-1, order-events-topic-2, order-events-topic-3, order-events-topic-4])
2025-12-11 11:20:09.312 [org.springframework.kafka.KafkaListenerEndpointContainer#0-0-C-1] INFO  o.a.k.c.c.i.ConsumerCoordinator [node1:8080] - [Consumer clientId=consumer-pattern-consumer-3, groupId=pattern-consumer] Adding newly assigned partitions: user-events-topic-1, user-events-topic-2, order-events-topic-4, user-events-topic-0, order-events-topic-2, order-events-topic-3, order-events-topic-0, order-events-topic-1
2025-12-11 11:20:09.361 [org.springframework.kafka.KafkaListenerEndpointContainer#2-0-C-1] INFO  o.a.k.c.c.i.ConsumerCoordinator [node1:8080] - [Consumer clientId=consumer-order-events-consumer-1, groupId=order-events-consumer] Setting offset for partition order-events-topic-4 to the committed offset FetchPosition{offset=0, offsetEpoch=Optional.empty, currentLeader=LeaderAndEpoch{leader=Optional[localhost:9093 (id: 1001 rack: null)], epoch=0}}
2025-12-11 11:20:09.362 [org.springframework.kafka.KafkaListenerEndpointContainer#2-0-C-1] INFO  o.a.k.c.c.i.ConsumerCoordinator [node1:8080] - [Consumer clientId=consumer-order-events-consumer-1, groupId=order-events-consumer] Setting offset for partition order-events-topic-2 to the committed offset FetchPosition{offset=0, offsetEpoch=Optional.empty, currentLeader=LeaderAndEpoch{leader=Optional[localhost:9093 (id: 1001 rack: null)], epoch=0}}
2025-12-11 11:20:09.363 [org.springframework.kafka.KafkaListenerEndpointContainer#2-0-C-1] INFO  o.a.k.c.c.i.ConsumerCoordinator [node1:8080] - [Consumer clientId=consumer-order-events-consumer-1, groupId=order-events-consumer] Setting offset for partition order-events-topic-3 to the committed offset FetchPosition{offset=0, offsetEpoch=Optional.empty, currentLeader=LeaderAndEpoch{leader=Optional[localhost:9093 (id: 1001 rack: null)], epoch=0}}
2025-12-11 11:20:09.363 [org.springframework.kafka.KafkaListenerEndpointContainer#2-0-C-1] INFO  o.a.k.c.c.i.ConsumerCoordinator [node1:8080] - [Consumer clientId=consumer-order-events-consumer-1, groupId=order-events-consumer] Setting offset for partition order-events-topic-0 to the committed offset FetchPosition{offset=0, offsetEpoch=Optional.empty, currentLeader=LeaderAndEpoch{leader=Optional[localhost:9093 (id: 1001 rack: null)], epoch=0}}
2025-12-11 11:20:09.363 [org.springframework.kafka.KafkaListenerEndpointContainer#2-0-C-1] INFO  o.a.k.c.c.i.ConsumerCoordinator [node1:8080] - [Consumer clientId=consumer-order-events-consumer-1, groupId=order-events-consumer] Setting offset for partition order-events-topic-1 to the committed offset FetchPosition{offset=0, offsetEpoch=Optional.empty, currentLeader=LeaderAndEpoch{leader=Optional[localhost:9093 (id: 1001 rack: null)], epoch=0}}
2025-12-11 11:20:09.405 [org.springframework.kafka.KafkaListenerEndpointContainer#0-0-C-1] INFO  o.a.k.c.c.i.ConsumerCoordinator [node1:8080] - [Consumer clientId=consumer-pattern-consumer-3, groupId=pattern-consumer] Setting offset for partition user-events-topic-1 to the committed offset FetchPosition{offset=4, offsetEpoch=Optional.empty, currentLeader=LeaderAndEpoch{leader=Optional[localhost:9093 (id: 1001 rack: null)], epoch=0}}
2025-12-11 11:20:09.405 [org.springframework.kafka.KafkaListenerEndpointContainer#0-0-C-1] INFO  o.a.k.c.c.i.ConsumerCoordinator [node1:8080] - [Consumer clientId=consumer-pattern-consumer-3, groupId=pattern-consumer] Setting offset for partition user-events-topic-2 to the committed offset FetchPosition{offset=4, offsetEpoch=Optional.empty, currentLeader=LeaderAndEpoch{leader=Optional[localhost:9093 (id: 1001 rack: null)], epoch=0}}
2025-12-11 11:20:09.405 [org.springframework.kafka.KafkaListenerEndpointContainer#0-0-C-1] INFO  o.a.k.c.c.i.ConsumerCoordinator [node1:8080] - [Consumer clientId=consumer-pattern-consumer-3, groupId=pattern-consumer] Setting offset for partition order-events-topic-4 to the committed offset FetchPosition{offset=0, offsetEpoch=Optional.empty, currentLeader=LeaderAndEpoch{leader=Optional[localhost:9093 (id: 1001 rack: null)], epoch=0}}
2025-12-11 11:20:09.406 [org.springframework.kafka.KafkaListenerEndpointContainer#0-0-C-1] INFO  o.a.k.c.c.i.ConsumerCoordinator [node1:8080] - [Consumer clientId=consumer-pattern-consumer-3, groupId=pattern-consumer] Setting offset for partition user-events-topic-0 to the committed offset FetchPosition{offset=7, offsetEpoch=Optional.empty, currentLeader=LeaderAndEpoch{leader=Optional[localhost:9093 (id: 1001 rack: null)], epoch=0}}
2025-12-11 11:20:09.406 [org.springframework.kafka.KafkaListenerEndpointContainer#0-0-C-1] INFO  o.a.k.c.c.i.ConsumerCoordinator [node1:8080] - [Consumer clientId=consumer-pattern-consumer-3, groupId=pattern-consumer] Setting offset for partition order-events-topic-2 to the committed offset FetchPosition{offset=0, offsetEpoch=Optional.empty, currentLeader=LeaderAndEpoch{leader=Optional[localhost:9093 (id: 1001 rack: null)], epoch=0}}
2025-12-11 11:20:09.407 [org.springframework.kafka.KafkaListenerEndpointContainer#0-0-C-1] INFO  o.a.k.c.c.i.ConsumerCoordinator [node1:8080] - [Consumer clientId=consumer-pattern-consumer-3, groupId=pattern-consumer] Setting offset for partition order-events-topic-3 to the committed offset FetchPosition{offset=0, offsetEpoch=Optional.empty, currentLeader=LeaderAndEpoch{leader=Optional[localhost:9093 (id: 1001 rack: null)], epoch=0}}
2025-12-11 11:20:09.407 [org.springframework.kafka.KafkaListenerEndpointContainer#0-0-C-1] INFO  o.a.k.c.c.i.ConsumerCoordinator [node1:8080] - [Consumer clientId=consumer-pattern-consumer-3, groupId=pattern-consumer] Setting offset for partition order-events-topic-0 to the committed offset FetchPosition{offset=0, offsetEpoch=Optional.empty, currentLeader=LeaderAndEpoch{leader=Optional[localhost:9093 (id: 1001 rack: null)], epoch=0}}
2025-12-11 11:20:09.407 [org.springframework.kafka.KafkaListenerEndpointContainer#0-0-C-1] INFO  o.a.k.c.c.i.ConsumerCoordinator [node1:8080] - [Consumer clientId=consumer-pattern-consumer-3, groupId=pattern-consumer] Setting offset for partition order-events-topic-1 to the committed offset FetchPosition{offset=0, offsetEpoch=Optional.empty, currentLeader=LeaderAndEpoch{leader=Optional[localhost:9093 (id: 1001 rack: null)], epoch=0}}
2025-12-11 11:20:09.408 [org.springframework.kafka.KafkaListenerEndpointContainer#0-0-C-1] INFO  o.s.k.l.KafkaMessageListenerContainer [node1:8080] - pattern-consumer: partitions assigned: [user-events-topic-1, user-events-topic-2, order-events-topic-4, user-events-topic-0, order-events-topic-2, order-events-topic-3, order-events-topic-0, order-events-topic-1]
2025-12-11 11:20:09.465 [org.springframework.kafka.KafkaListenerEndpointContainer#2-0-C-1] INFO  o.s.k.l.KafkaMessageListenerContainer [node1:8080] - order-events-consumer: partitions assigned: [order-events-topic-4, order-events-topic-2, order-events-topic-3, order-events-topic-0, order-events-topic-1]
2025-12-11 11:20:09.563 [org.springframework.kafka.KafkaListenerEndpointContainer#1-0-C-1] INFO  o.a.k.c.c.i.ConsumerCoordinator [node1:8080] - [Consumer clientId=consumer-notification-batch-consumer-4, groupId=notification-batch-consumer] Successfully synced group in generation Generation{generationId=45, memberId='consumer-notification-batch-consumer-4-6ee7176c-7c7d-40dd-a97c-797520ecb305', protocol='range'}
2025-12-11 11:20:09.564 [org.springframework.kafka.KafkaListenerEndpointContainer#1-0-C-1] INFO  o.a.k.c.c.i.ConsumerCoordinator [node1:8080] - [Consumer clientId=consumer-notification-batch-consumer-4, groupId=notification-batch-consumer] Notifying assignor about the new Assignment(partitions=[notification-topic-0])
2025-12-11 11:20:09.564 [org.springframework.kafka.KafkaListenerEndpointContainer#1-0-C-1] INFO  o.a.k.c.c.i.ConsumerCoordinator [node1:8080] - [Consumer clientId=consumer-notification-batch-consumer-4, groupId=notification-batch-consumer] Adding newly assigned partitions: notification-topic-0
2025-12-11 11:20:09.748 [org.springframework.kafka.KafkaListenerEndpointContainer#1-0-C-1] INFO  o.a.k.c.c.i.ConsumerCoordinator [node1:8080] - [Consumer clientId=consumer-notification-batch-consumer-4, groupId=notification-batch-consumer] Setting offset for partition notification-topic-0 to the committed offset FetchPosition{offset=0, offsetEpoch=Optional.empty, currentLeader=LeaderAndEpoch{leader=Optional[localhost:9093 (id: 1001 rack: null)], epoch=0}}
2025-12-11 11:20:09.861 [org.springframework.kafka.KafkaListenerEndpointContainer#1-0-C-1] INFO  o.s.k.l.KafkaMessageListenerContainer [node1:8080] - notification-batch-consumer: partitions assigned: [notification-topic-0]
2025-12-11 11:20:22.259 [http-nio-8080-exec-1] INFO  c.example.demo.aop.WebControllerAOP [node1:8080] - [请求开始] ID: 0310b328
2025-12-11 11:20:22.259 [http-nio-8080-exec-1] INFO  c.example.demo.aop.WebControllerAOP [node1:8080] - 请求路径: /api/redis/api/redisson
2025-12-11 11:20:22.259 [http-nio-8080-exec-1] INFO  c.example.demo.aop.WebControllerAOP [node1:8080] - 客户端IP: 0:0:0:0:0:0:0:1
2025-12-11 11:20:22.260 [http-nio-8080-exec-1] INFO  c.example.demo.aop.WebControllerAOP [node1:8080] - 方法: DemoController.redissonRequest
2025-12-11 11:20:22.360 [http-nio-8080-exec-1] INFO  c.example.demo.aop.WebControllerAOP [node1:8080] - 参数: {}
2025-12-11 11:20:22.410 [http-nio-8080-exec-1] DEBUG org.mybatis.spring.SqlSessionUtils [node1:8080] - Creating a new SqlSession
2025-12-11 11:20:22.417 [http-nio-8080-exec-1] DEBUG org.mybatis.spring.SqlSessionUtils [node1:8080] - SqlSession [org.apache.ibatis.session.defaults.DefaultSqlSession@2731c87] was not registered for synchronization because synchronization is not active
2025-12-11 11:20:22.511 [http-nio-8080-exec-1] DEBUG o.m.s.t.SpringManagedTransaction [node1:8080] - JDBC Connection [HikariProxyConnection@1069908535 wrapping com.mysql.cj.jdbc.ConnectionImpl@32b1d1ce] will not be managed by Spring
2025-12-11 11:20:22.616 [http-nio-8080-exec-1] DEBUG org.mybatis.spring.SqlSessionUtils [node1:8080] - Closing non transactional SqlSession [org.apache.ibatis.session.defaults.DefaultSqlSession@2731c87]
2025-12-11 11:20:22.698 [http-nio-8080-exec-1] INFO  c.example.demo.aop.WebControllerAOP [node1:8080] - 响应状态: 200
2025-12-11 11:20:22.782 [http-nio-8080-exec-1] INFO  c.example.demo.aop.WebControllerAOP [node1:8080] - 响应内容: {"code":0,"data":{"account_":"admin","create_by":1,"create_time":"2016-05-06 10:06:52","enable_":1,"id_":1,"is_del":0,"money":0.0,"name_pinyin":"GUANLIYUAN","password_":"e10adc3949ba59abbe56e057f20f883e","remark_":"","sex_":1,"update_by":1,"update_time":"2019-02-26 22:27:39","user_name":"管理员","user_type":"2","wei_bo":""},"message":"执行成功"}
2025-12-11 11:20:22.782 [http-nio-8080-exec-1] INFO  c.example.demo.aop.WebControllerAOP [node1:8080] - 响应大小: 340 字符
2025-12-11 11:20:22.782 [http-nio-8080-exec-1] INFO  c.example.demo.aop.WebControllerAOP [node1:8080] - [请求完成] ID: 0310b328, 耗时: 338ms
2025-12-11 11:23:42.241 [http-nio-8080-exec-5] INFO  c.example.demo.aop.WebControllerAOP [node1:8080] - [请求开始] ID: fcab0d46
2025-12-11 11:23:42.241 [http-nio-8080-exec-5] INFO  c.example.demo.aop.WebControllerAOP [node1:8080] - 请求路径: /api/redis/api/redisson
2025-12-11 11:23:42.242 [http-nio-8080-exec-5] INFO  c.example.demo.aop.WebControllerAOP [node1:8080] - 客户端IP: 0:0:0:0:0:0:0:1
2025-12-11 11:23:42.242 [http-nio-8080-exec-5] INFO  c.example.demo.aop.WebControllerAOP [node1:8080] - 方法: DemoController.redissonRequest
2025-12-11 11:23:42.242 [http-nio-8080-exec-5] INFO  c.example.demo.aop.WebControllerAOP [node1:8080] - 参数: {}
2025-12-11 11:23:42.245 [http-nio-8080-exec-5] DEBUG org.mybatis.spring.SqlSessionUtils [node1:8080] - Creating a new SqlSession
2025-12-11 11:23:42.245 [http-nio-8080-exec-5] DEBUG org.mybatis.spring.SqlSessionUtils [node1:8080] - SqlSession [org.apache.ibatis.session.defaults.DefaultSqlSession@3e301cce] was not registered for synchronization because synchronization is not active
2025-12-11 11:23:42.249 [http-nio-8080-exec-5] DEBUG o.m.s.t.SpringManagedTransaction [node1:8080] - JDBC Connection [HikariProxyConnection@1320717304 wrapping com.mysql.cj.jdbc.ConnectionImpl@32b1d1ce] will not be managed by Spring
2025-12-11 11:23:42.268 [http-nio-8080-exec-5] DEBUG org.mybatis.spring.SqlSessionUtils [node1:8080] - Closing non transactional SqlSession [org.apache.ibatis.session.defaults.DefaultSqlSession@3e301cce]
2025-12-11 11:23:42.276 [http-nio-8080-exec-5] INFO  c.example.demo.aop.WebControllerAOP [node1:8080] - 响应状态: 200
2025-12-11 11:23:42.276 [http-nio-8080-exec-5] INFO  c.example.demo.aop.WebControllerAOP [node1:8080] - 响应内容: {"code":0,"data":{"account_":"admin","create_by":1,"create_time":"2016-05-06 10:06:52","enable_":1,"id_":1,"is_del":0,"money":0.0,"name_pinyin":"GUANLIYUAN","password_":"e10adc3949ba59abbe56e057f20f883e","remark_":"","sex_":1,"update_by":1,"update_time":"2019-02-26 22:27:39","user_name":"管理员","user_type":"2","wei_bo":""},"message":"执行成功"}
2025-12-11 11:23:42.277 [http-nio-8080-exec-5] INFO  c.example.demo.aop.WebControllerAOP [node1:8080] - 响应大小: 340 字符
2025-12-11 11:23:42.277 [http-nio-8080-exec-5] INFO  c.example.demo.aop.WebControllerAOP [node1:8080] - [请求完成] ID: fcab0d46, 耗时: 34ms
2025-12-11 11:28:17.980 [http-nio-8080-exec-7] INFO  c.example.demo.aop.WebControllerAOP [node1:8080] - [请求开始] ID: 840dbef2
2025-12-11 11:28:17.980 [http-nio-8080-exec-7] INFO  c.example.demo.aop.WebControllerAOP [node1:8080] - 请求路径: /api/redis/api/redisson
2025-12-11 11:28:17.980 [http-nio-8080-exec-7] INFO  c.example.demo.aop.WebControllerAOP [node1:8080] - 客户端IP: 0:0:0:0:0:0:0:1
2025-12-11 11:28:17.981 [http-nio-8080-exec-7] INFO  c.example.demo.aop.WebControllerAOP [node1:8080] - 方法: DemoController.redissonRequest
2025-12-11 11:28:17.981 [http-nio-8080-exec-7] INFO  c.example.demo.aop.WebControllerAOP [node1:8080] - 参数: {}
2025-12-11 11:28:18.046 [http-nio-8080-exec-7] INFO  c.example.demo.aop.WebControllerAOP [node1:8080] - 响应状态: 200
2025-12-11 11:28:18.046 [http-nio-8080-exec-7] INFO  c.example.demo.aop.WebControllerAOP [node1:8080] - 响应内容: {"code":0,"data":{"account_":"admin","create_by":1,"create_time":"2016-05-06 10:06:52","enable_":1,"id_":1,"is_del":0,"money":0.0,"name_pinyin":"GUANLIYUAN","password_":"e10adc3949ba59abbe56e057f20f883e","remark_":"","sex_":1,"update_by":1,"update_time":"2019-02-26 22:27:39","user_name":"管理员","user_type":"2","wei_bo":""},"message":"执行成功"}
2025-12-11 11:28:18.046 [http-nio-8080-exec-7] INFO  c.example.demo.aop.WebControllerAOP [node1:8080] - 响应大小: 340 字符
2025-12-11 11:28:18.046 [http-nio-8080-exec-7] INFO  c.example.demo.aop.WebControllerAOP [node1:8080] - [请求完成] ID: 840dbef2, 耗时: 65ms
2025-12-11 11:28:20.858 [http-nio-8080-exec-8] INFO  c.example.demo.aop.WebControllerAOP [node1:8080] - [请求开始] ID: 8996683d
2025-12-11 11:28:20.858 [http-nio-8080-exec-8] INFO  c.example.demo.aop.WebControllerAOP [node1:8080] - 请求路径: /api/redis/api/redisson
2025-12-11 11:28:20.858 [http-nio-8080-exec-8] INFO  c.example.demo.aop.WebControllerAOP [node1:8080] - 客户端IP: 0:0:0:0:0:0:0:1
2025-12-11 11:28:20.858 [http-nio-8080-exec-8] INFO  c.example.demo.aop.WebControllerAOP [node1:8080] - 方法: DemoController.redissonRequest
2025-12-11 11:28:20.859 [http-nio-8080-exec-8] INFO  c.example.demo.aop.WebControllerAOP [node1:8080] - 参数: {}
2025-12-11 11:28:20.862 [http-nio-8080-exec-8] INFO  c.example.demo.aop.WebControllerAOP [node1:8080] - 响应状态: 200
2025-12-11 11:28:20.863 [http-nio-8080-exec-8] INFO  c.example.demo.aop.WebControllerAOP [node1:8080] - 响应内容: {"code":0,"data":{"account_":"admin","create_by":1,"create_time":"2016-05-06 10:06:52","enable_":1,"id_":1,"is_del":0,"money":0.0,"name_pinyin":"GUANLIYUAN","password_":"e10adc3949ba59abbe56e057f20f883e","remark_":"","sex_":1,"update_by":1,"update_time":"2019-02-26 22:27:39","user_name":"管理员","user_type":"2","wei_bo":""},"message":"执行成功"}
2025-12-11 11:28:20.863 [http-nio-8080-exec-8] INFO  c.example.demo.aop.WebControllerAOP [node1:8080] - 响应大小: 340 字符
2025-12-11 11:28:20.863 [http-nio-8080-exec-8] INFO  c.example.demo.aop.WebControllerAOP [node1:8080] - [请求完成] ID: 8996683d, 耗时: 3ms
2025-12-11 11:46:41.760 [HikariPool-1 housekeeper] WARN  com.zaxxer.hikari.pool.HikariPool [node1:8080] - HikariPool-1 - Retrograde clock change detected (housekeeper delta=27s981ms), soft-evicting connections from pool.
2025-12-11 11:57:00.053 [kafka-coordinator-heartbeat-thread | notification-batch-consumer] INFO  o.a.k.c.c.i.ConsumerCoordinator [node1:8080] - [Consumer clientId=consumer-notification-batch-consumer-4, groupId=notification-batch-consumer] Group coordinator localhost:9093 (id: 2147482646 rack: null) is unavailable or invalid due to cause: session timed out without receiving a heartbeat response.isDisconnected: false. Rediscovery will be attempted.
2025-12-11 11:57:01.136 [kafka-coordinator-heartbeat-thread | user-events-consumer] INFO  o.a.k.c.c.i.ConsumerCoordinator [node1:8080] - [Consumer clientId=consumer-user-events-consumer-2, groupId=user-events-consumer] Group coordinator localhost:9093 (id: 2147482646 rack: null) is unavailable or invalid due to cause: session timed out without receiving a heartbeat response.isDisconnected: false. Rediscovery will be attempted.
2025-12-11 11:57:01.137 [kafka-coordinator-heartbeat-thread | pattern-consumer] INFO  o.a.k.c.c.i.ConsumerCoordinator [node1:8080] - [Consumer clientId=consumer-pattern-consumer-3, groupId=pattern-consumer] Group coordinator localhost:9093 (id: 2147482646 rack: null) is unavailable or invalid due to cause: session timed out without receiving a heartbeat response.isDisconnected: false. Rediscovery will be attempted.
2025-12-11 11:57:01.171 [org.springframework.kafka.KafkaListenerEndpointContainer#3-0-C-1] INFO  o.a.k.clients.FetchSessionHandler [node1:8080] - [Consumer clientId=consumer-user-events-consumer-2, groupId=user-events-consumer] Error sending fetch request (sessionId=1693099613, epoch=3275) to node 1001:
org.apache.kafka.common.errors.DisconnectException: null
2025-12-11 11:57:01.173 [org.springframework.kafka.KafkaListenerEndpointContainer#2-0-C-1] INFO  o.a.k.clients.FetchSessionHandler [node1:8080] - [Consumer clientId=consumer-order-events-consumer-1, groupId=order-events-consumer] Error sending fetch request (sessionId=1270876031, epoch=3273) to node 1001:
org.apache.kafka.common.errors.DisconnectException: null
2025-12-11 11:57:01.173 [kafka-coordinator-heartbeat-thread | order-events-consumer] INFO  o.a.k.c.c.i.ConsumerCoordinator [node1:8080] - [Consumer clientId=consumer-order-events-consumer-1, groupId=order-events-consumer] Group coordinator localhost:9093 (id: 2147482646 rack: null) is unavailable or invalid due to cause: session timed out without receiving a heartbeat response.isDisconnected: false. Rediscovery will be attempted.
2025-12-11 11:57:01.192 [org.springframework.kafka.KafkaListenerEndpointContainer#0-0-C-1] INFO  o.a.k.clients.FetchSessionHandler [node1:8080] - [Consumer clientId=consumer-pattern-consumer-3, groupId=pattern-consumer] Error sending fetch request (sessionId=256621666, epoch=3272) to node 1001:
org.apache.kafka.common.errors.DisconnectException: null
2025-12-11 11:57:01.254 [org.springframework.kafka.KafkaListenerEndpointContainer#1-0-C-1] INFO  o.a.k.c.c.i.ConsumerCoordinator [node1:8080] - [Consumer clientId=consumer-notification-batch-consumer-4, groupId=notification-batch-consumer] Discovered group coordinator localhost:9093 (id: 2147482646 rack: null)
2025-12-11 11:57:01.275 [org.springframework.kafka.KafkaListenerEndpointContainer#1-0-C-1] INFO  o.a.k.c.c.i.ConsumerCoordinator [node1:8080] - [Consumer clientId=consumer-notification-batch-consumer-4, groupId=notification-batch-consumer] Discovered group coordinator localhost:9093 (id: 2147482646 rack: null)
2025-12-11 11:57:01.286 [org.springframework.kafka.KafkaListenerEndpointContainer#2-0-C-1] INFO  o.a.k.c.c.i.ConsumerCoordinator [node1:8080] - [Consumer clientId=consumer-order-events-consumer-1, groupId=order-events-consumer] Discovered group coordinator localhost:9093 (id: 2147482646 rack: null)
2025-12-11 11:57:01.293 [org.springframework.kafka.KafkaListenerEndpointContainer#2-0-C-1] INFO  o.a.k.c.c.i.ConsumerCoordinator [node1:8080] - [Consumer clientId=consumer-order-events-consumer-1, groupId=order-events-consumer] Discovered group coordinator localhost:9093 (id: 2147482646 rack: null)
2025-12-11 11:57:01.358 [org.springframework.kafka.KafkaListenerEndpointContainer#3-0-C-1] INFO  o.a.k.c.c.i.ConsumerCoordinator [node1:8080] - [Consumer clientId=consumer-user-events-consumer-2, groupId=user-events-consumer] Discovered group coordinator localhost:9093 (id: 2147482646 rack: null)
2025-12-11 11:57:01.365 [org.springframework.kafka.KafkaListenerEndpointContainer#0-0-C-1] INFO  o.a.k.c.c.i.ConsumerCoordinator [node1:8080] - [Consumer clientId=consumer-pattern-consumer-3, groupId=pattern-consumer] Discovered group coordinator localhost:9093 (id: 2147482646 rack: null)
2025-12-11 11:57:01.380 [org.springframework.kafka.KafkaListenerEndpointContainer#0-0-C-1] INFO  o.a.k.c.c.i.ConsumerCoordinator [node1:8080] - [Consumer clientId=consumer-pattern-consumer-3, groupId=pattern-consumer] Discovered group coordinator localhost:9093 (id: 2147482646 rack: null)
2025-12-11 11:57:01.390 [org.springframework.kafka.KafkaListenerEndpointContainer#3-0-C-1] INFO  o.a.k.c.c.i.ConsumerCoordinator [node1:8080] - [Consumer clientId=consumer-user-events-consumer-2, groupId=user-events-consumer] Discovered group coordinator localhost:9093 (id: 2147482646 rack: null)
2025-12-11 11:57:27.021 [HikariPool-1 housekeeper] WARN  com.zaxxer.hikari.pool.HikariPool [node1:8080] - HikariPool-1 - Thread starvation or clock leap detected (housekeeper delta=9m45s249ms).
2025-12-11 12:07:05.006 [org.springframework.kafka.KafkaListenerEndpointContainer#3-0-C-1] INFO  o.a.k.clients.FetchSessionHandler [node1:8080] - [Consumer clientId=consumer-user-events-consumer-2, groupId=user-events-consumer] Error sending fetch request (sessionId=1345819197, epoch=87) to node 1001:
org.apache.kafka.common.errors.DisconnectException: null
2025-12-11 12:07:06.120 [kafka-coordinator-heartbeat-thread | pattern-consumer] INFO  o.a.k.c.c.i.ConsumerCoordinator [node1:8080] - [Consumer clientId=consumer-pattern-consumer-3, groupId=pattern-consumer] Group coordinator localhost:9093 (id: 2147482646 rack: null) is unavailable or invalid due to cause: session timed out without receiving a heartbeat response.isDisconnected: false. Rediscovery will be attempted.
2025-12-11 12:07:05.006 [org.springframework.kafka.KafkaListenerEndpointContainer#0-0-C-1] INFO  o.a.k.clients.FetchSessionHandler [node1:8080] - [Consumer clientId=consumer-pattern-consumer-3, groupId=pattern-consumer] Error sending fetch request (sessionId=799766992, epoch=88) to node 1001:
org.apache.kafka.common.errors.DisconnectException: null
2025-12-11 12:07:05.006 [org.springframework.kafka.KafkaListenerEndpointContainer#1-0-C-1] INFO  o.a.k.clients.FetchSessionHandler [node1:8080] - [Consumer clientId=consumer-notification-batch-consumer-4, groupId=notification-batch-consumer] Error sending fetch request (sessionId=1327935076, epoch=3362) to node 1001:
org.apache.kafka.common.errors.DisconnectException: null
2025-12-11 12:07:05.006 [org.springframework.kafka.KafkaListenerEndpointContainer#2-0-C-1] INFO  o.a.k.clients.FetchSessionHandler [node1:8080] - [Consumer clientId=consumer-order-events-consumer-1, groupId=order-events-consumer] Error sending fetch request (sessionId=63789206, epoch=87) to node 1001:
org.apache.kafka.common.errors.DisconnectException: null
2025-12-11 12:07:06.123 [kafka-coordinator-heartbeat-thread | notification-batch-consumer] INFO  o.a.k.c.c.i.ConsumerCoordinator [node1:8080] - [Consumer clientId=consumer-notification-batch-consumer-4, groupId=notification-batch-consumer] Group coordinator localhost:9093 (id: 2147482646 rack: null) is unavailable or invalid due to cause: session timed out without receiving a heartbeat response.isDisconnected: false. Rediscovery will be attempted.
2025-12-11 12:07:06.124 [kafka-coordinator-heartbeat-thread | user-events-consumer] INFO  o.a.k.c.c.i.ConsumerCoordinator [node1:8080] - [Consumer clientId=consumer-user-events-consumer-2, groupId=user-events-consumer] Group coordinator localhost:9093 (id: 2147482646 rack: null) is unavailable or invalid due to cause: session timed out without receiving a heartbeat response.isDisconnected: false. Rediscovery will be attempted.
2025-12-11 12:07:06.123 [kafka-coordinator-heartbeat-thread | order-events-consumer] INFO  o.a.k.c.c.i.ConsumerCoordinator [node1:8080] - [Consumer clientId=consumer-order-events-consumer-1, groupId=order-events-consumer] Group coordinator localhost:9093 (id: 2147482646 rack: null) is unavailable or invalid due to cause: session timed out without receiving a heartbeat response.isDisconnected: false. Rediscovery will be attempted.
2025-12-11 12:07:06.289 [org.springframework.kafka.KafkaListenerEndpointContainer#2-0-C-1] INFO  o.a.k.c.c.i.ConsumerCoordinator [node1:8080] - [Consumer clientId=consumer-order-events-consumer-1, groupId=order-events-consumer] Discovered group coordinator localhost:9093 (id: 2147482646 rack: null)
2025-12-11 12:07:06.294 [org.springframework.kafka.KafkaListenerEndpointContainer#3-0-C-1] INFO  o.a.k.c.c.i.ConsumerCoordinator [node1:8080] - [Consumer clientId=consumer-user-events-consumer-2, groupId=user-events-consumer] Discovered group coordinator localhost:9093 (id: 2147482646 rack: null)
2025-12-11 12:07:06.294 [org.springframework.kafka.KafkaListenerEndpointContainer#2-0-C-1] INFO  o.a.k.c.c.i.ConsumerCoordinator [node1:8080] - [Consumer clientId=consumer-order-events-consumer-1, groupId=order-events-consumer] Discovered group coordinator localhost:9093 (id: 2147482646 rack: null)
2025-12-11 12:07:06.305 [org.springframework.kafka.KafkaListenerEndpointContainer#3-0-C-1] INFO  o.a.k.c.c.i.ConsumerCoordinator [node1:8080] - [Consumer clientId=consumer-user-events-consumer-2, groupId=user-events-consumer] Discovered group coordinator localhost:9093 (id: 2147482646 rack: null)
2025-12-11 12:07:06.328 [org.springframework.kafka.KafkaListenerEndpointContainer#0-0-C-1] INFO  o.a.k.c.c.i.ConsumerCoordinator [node1:8080] - [Consumer clientId=consumer-pattern-consumer-3, groupId=pattern-consumer] Discovered group coordinator localhost:9093 (id: 2147482646 rack: null)
2025-12-11 12:07:08.961 [org.springframework.kafka.KafkaListenerEndpointContainer#1-0-C-1] INFO  o.a.k.c.c.i.ConsumerCoordinator [node1:8080] - [Consumer clientId=consumer-notification-batch-consumer-4, groupId=notification-batch-consumer] Discovered group coordinator localhost:9093 (id: 2147482646 rack: null)
2025-12-11 12:07:08.962 [org.springframework.kafka.KafkaListenerEndpointContainer#0-0-C-1] INFO  o.a.k.c.c.i.ConsumerCoordinator [node1:8080] - [Consumer clientId=consumer-pattern-consumer-3, groupId=pattern-consumer] Discovered group coordinator localhost:9093 (id: 2147482646 rack: null)
2025-12-11 12:07:08.970 [org.springframework.kafka.KafkaListenerEndpointContainer#1-0-C-1] INFO  o.a.k.c.c.i.ConsumerCoordinator [node1:8080] - [Consumer clientId=consumer-notification-batch-consumer-4, groupId=notification-batch-consumer] Discovered group coordinator localhost:9093 (id: 2147482646 rack: null)
2025-12-11 12:07:14.443 [HikariPool-1 housekeeper] WARN  com.zaxxer.hikari.pool.HikariPool [node1:8080] - HikariPool-1 - Thread starvation or clock leap detected (housekeeper delta=9m47s422ms).
2025-12-11 12:17:39.014 [org.springframework.kafka.KafkaListenerEndpointContainer#0-0-C-1] INFO  o.a.k.clients.FetchSessionHandler [node1:8080] - [Consumer clientId=consumer-pattern-consumer-3, groupId=pattern-consumer] Error sending fetch request (sessionId=119708592, epoch=137) to node 1001:
org.apache.kafka.common.errors.DisconnectException: null
2025-12-11 12:17:39.014 [kafka-coordinator-heartbeat-thread | notification-batch-consumer] INFO  o.a.k.c.c.i.ConsumerCoordinator [node1:8080] - [Consumer clientId=consumer-notification-batch-consumer-4, groupId=notification-batch-consumer] Group coordinator localhost:9093 (id: 2147482646 rack: null) is unavailable or invalid due to cause: session timed out without receiving a heartbeat response.isDisconnected: false. Rediscovery will be attempted.
2025-12-11 12:17:39.014 [org.springframework.kafka.KafkaListenerEndpointContainer#1-0-C-1] INFO  o.a.k.clients.FetchSessionHandler [node1:8080] - [Consumer clientId=consumer-notification-batch-consumer-4, groupId=notification-batch-consumer] Error sending fetch request (sessionId=454156234, epoch=138) to node 1001:
org.apache.kafka.common.errors.DisconnectException: null
2025-12-11 12:17:40.117 [kafka-coordinator-heartbeat-thread | pattern-consumer] INFO  o.a.k.c.c.i.ConsumerCoordinator [node1:8080] - [Consumer clientId=consumer-pattern-consumer-3, groupId=pattern-consumer] Group coordinator localhost:9093 (id: 2147482646 rack: null) is unavailable or invalid due to cause: session timed out without receiving a heartbeat response.isDisconnected: false. Rediscovery will be attempted.
2025-12-11 12:17:40.139 [org.springframework.kafka.KafkaListenerEndpointContainer#3-0-C-1] INFO  o.a.k.clients.FetchSessionHandler [node1:8080] - [Consumer clientId=consumer-user-events-consumer-2, groupId=user-events-consumer] Error sending fetch request (sessionId=730494535, epoch=138) to node 1001:
org.apache.kafka.common.errors.DisconnectException: null
2025-12-11 12:17:40.139 [org.springframework.kafka.KafkaListenerEndpointContainer#2-0-C-1] INFO  o.a.k.clients.FetchSessionHandler [node1:8080] - [Consumer clientId=consumer-order-events-consumer-1, groupId=order-events-consumer] Error sending fetch request (sessionId=1449114437, epoch=137) to node 1001:
org.apache.kafka.common.errors.DisconnectException: null
2025-12-11 12:17:40.139 [kafka-coordinator-heartbeat-thread | user-events-consumer] INFO  o.a.k.c.c.i.ConsumerCoordinator [node1:8080] - [Consumer clientId=consumer-user-events-consumer-2, groupId=user-events-consumer] Group coordinator localhost:9093 (id: 2147482646 rack: null) is unavailable or invalid due to cause: session timed out without receiving a heartbeat response.isDisconnected: false. Rediscovery will be attempted.
2025-12-11 12:17:40.139 [kafka-coordinator-heartbeat-thread | order-events-consumer] INFO  o.a.k.c.c.i.ConsumerCoordinator [node1:8080] - [Consumer clientId=consumer-order-events-consumer-1, groupId=order-events-consumer] Group coordinator localhost:9093 (id: 2147482646 rack: null) is unavailable or invalid due to cause: session timed out without receiving a heartbeat response.isDisconnected: false. Rediscovery will be attempted.
2025-12-11 12:17:40.231 [org.springframework.kafka.KafkaListenerEndpointContainer#0-0-C-1] INFO  o.a.k.c.c.i.ConsumerCoordinator [node1:8080] - [Consumer clientId=consumer-pattern-consumer-3, groupId=pattern-consumer] Discovered group coordinator localhost:9093 (id: 2147482646 rack: null)
2025-12-11 12:17:40.232 [org.springframework.kafka.KafkaListenerEndpointContainer#0-0-C-1] INFO  o.a.k.c.c.i.ConsumerCoordinator [node1:8080] - [Consumer clientId=consumer-pattern-consumer-3, groupId=pattern-consumer] Discovered group coordinator localhost:9093 (id: 2147482646 rack: null)
2025-12-11 12:17:40.233 [org.springframework.kafka.KafkaListenerEndpointContainer#1-0-C-1] INFO  o.a.k.c.c.i.ConsumerCoordinator [node1:8080] - [Consumer clientId=consumer-notification-batch-consumer-4, groupId=notification-batch-consumer] Discovered group coordinator localhost:9093 (id: 2147482646 rack: null)
2025-12-11 12:17:40.244 [org.springframework.kafka.KafkaListenerEndpointContainer#1-0-C-1] INFO  o.a.k.c.c.i.ConsumerCoordinator [node1:8080] - [Consumer clientId=consumer-notification-batch-consumer-4, groupId=notification-batch-consumer] Discovered group coordinator localhost:9093 (id: 2147482646 rack: null)
2025-12-11 12:17:40.261 [org.springframework.kafka.KafkaListenerEndpointContainer#3-0-C-1] INFO  o.a.k.c.c.i.ConsumerCoordinator [node1:8080] - [Consumer clientId=consumer-user-events-consumer-2, groupId=user-events-consumer] Discovered group coordinator localhost:9093 (id: 2147482646 rack: null)
2025-12-11 12:17:40.271 [org.springframework.kafka.KafkaListenerEndpointContainer#2-0-C-1] INFO  o.a.k.c.c.i.ConsumerCoordinator [node1:8080] - [Consumer clientId=consumer-order-events-consumer-1, groupId=order-events-consumer] Discovered group coordinator localhost:9093 (id: 2147482646 rack: null)
2025-12-11 12:17:57.845 [HikariPool-1 housekeeper] WARN  com.zaxxer.hikari.pool.HikariPool [node1:8080] - HikariPool-1 - Thread starvation or clock leap detected (housekeeper delta=9m43s393ms).
2025-12-11 12:27:42.013 [kafka-coordinator-heartbeat-thread | order-events-consumer] INFO  o.a.k.c.c.i.ConsumerCoordinator [node1:8080] - [Consumer clientId=consumer-order-events-consumer-1, groupId=order-events-consumer] Group coordinator localhost:9093 (id: 2147482646 rack: null) is unavailable or invalid due to cause: session timed out without receiving a heartbeat response.isDisconnected: false. Rediscovery will be attempted.
2025-12-11 12:27:42.154 [HikariPool-1 housekeeper] WARN  com.zaxxer.hikari.pool.HikariPool [node1:8080] - HikariPool-1 - Thread starvation or clock leap detected (housekeeper delta=9m44s309ms).
2025-12-11 12:27:42.554 [org.springframework.kafka.KafkaListenerEndpointContainer#0-0-C-1] INFO  o.a.k.clients.FetchSessionHandler [node1:8080] - [Consumer clientId=consumer-pattern-consumer-3, groupId=pattern-consumer] Error sending fetch request (sessionId=1029731050, epoch=88) to node 1001:
org.apache.kafka.common.errors.DisconnectException: null
2025-12-11 12:27:42.554 [kafka-coordinator-heartbeat-thread | pattern-consumer] INFO  o.a.k.c.c.i.ConsumerCoordinator [node1:8080] - [Consumer clientId=consumer-pattern-consumer-3, groupId=pattern-consumer] Group coordinator localhost:9093 (id: 2147482646 rack: null) is unavailable or invalid due to cause: session timed out without receiving a heartbeat response.isDisconnected: false. Rediscovery will be attempted.
2025-12-11 12:27:42.563 [org.springframework.kafka.KafkaListenerEndpointContainer#1-0-C-1] INFO  o.a.k.clients.FetchSessionHandler [node1:8080] - [Consumer clientId=consumer-notification-batch-consumer-4, groupId=notification-batch-consumer] Error sending fetch request (sessionId=1917506539, epoch=87) to node 1001:
org.apache.kafka.common.errors.DisconnectException: null
2025-12-11 12:27:42.564 [kafka-coordinator-heartbeat-thread | notification-batch-consumer] INFO  o.a.k.c.c.i.ConsumerCoordinator [node1:8080] - [Consumer clientId=consumer-notification-batch-consumer-4, groupId=notification-batch-consumer] Group coordinator localhost:9093 (id: 2147482646 rack: null) is unavailable or invalid due to cause: session timed out without receiving a heartbeat response.isDisconnected: false. Rediscovery will be attempted.
2025-12-11 12:27:42.591 [org.springframework.kafka.KafkaListenerEndpointContainer#3-0-C-1] INFO  o.a.k.clients.FetchSessionHandler [node1:8080] - [Consumer clientId=consumer-user-events-consumer-2, groupId=user-events-consumer] Error sending fetch request (sessionId=1257445630, epoch=88) to node 1001:
org.apache.kafka.common.errors.DisconnectException: null
2025-12-11 12:27:42.592 [kafka-coordinator-heartbeat-thread | user-events-consumer] INFO  o.a.k.c.c.i.ConsumerCoordinator [node1:8080] - [Consumer clientId=consumer-user-events-consumer-2, groupId=user-events-consumer] Group coordinator localhost:9093 (id: 2147482646 rack: null) is unavailable or invalid due to cause: session timed out without receiving a heartbeat response.isDisconnected: false. Rediscovery will be attempted.
2025-12-11 12:27:43.157 [org.springframework.kafka.KafkaListenerEndpointContainer#0-0-C-1] INFO  o.a.k.c.c.i.ConsumerCoordinator [node1:8080] - [Consumer clientId=consumer-pattern-consumer-3, groupId=pattern-consumer] Discovered group coordinator localhost:9093 (id: 2147482646 rack: null)
2025-12-11 12:27:43.159 [org.springframework.kafka.KafkaListenerEndpointContainer#2-0-C-1] INFO  o.a.k.c.c.i.ConsumerCoordinator [node1:8080] - [Consumer clientId=consumer-order-events-consumer-1, groupId=order-events-consumer] Discovered group coordinator localhost:9093 (id: 2147482646 rack: null)
2025-12-11 12:27:43.161 [org.springframework.kafka.KafkaListenerEndpointContainer#2-0-C-1] INFO  o.a.k.c.c.i.ConsumerCoordinator [node1:8080] - [Consumer clientId=consumer-order-events-consumer-1, groupId=order-events-consumer] Discovered group coordinator localhost:9093 (id: 2147482646 rack: null)
2025-12-11 12:27:43.182 [org.springframework.kafka.KafkaListenerEndpointContainer#1-0-C-1] INFO  o.a.k.c.c.i.ConsumerCoordinator [node1:8080] - [Consumer clientId=consumer-notification-batch-consumer-4, groupId=notification-batch-consumer] Discovered group coordinator localhost:9093 (id: 2147482646 rack: null)
2025-12-11 12:27:43.216 [org.springframework.kafka.KafkaListenerEndpointContainer#3-0-C-1] INFO  o.a.k.c.c.i.ConsumerCoordinator [node1:8080] - [Consumer clientId=consumer-user-events-consumer-2, groupId=user-events-consumer] Discovered group coordinator localhost:9093 (id: 2147482646 rack: null)
2025-12-11 12:38:09.005 [org.springframework.kafka.KafkaListenerEndpointContainer#0-0-C-1] INFO  o.a.k.clients.FetchSessionHandler [node1:8080] - [Consumer clientId=consumer-pattern-consumer-3, groupId=pattern-consumer] Error sending fetch request (sessionId=1735367001, epoch=122) to node 1001:
org.apache.kafka.common.errors.DisconnectException: null
2025-12-11 12:38:09.007 [org.springframework.kafka.KafkaListenerEndpointContainer#1-0-C-1] INFO  o.a.k.clients.FetchSessionHandler [node1:8080] - [Consumer clientId=consumer-notification-batch-consumer-4, groupId=notification-batch-consumer] Error sending fetch request (sessionId=1879862171, epoch=123) to node 1001:
org.apache.kafka.common.errors.DisconnectException: null
2025-12-11 12:38:09.011 [org.springframework.kafka.KafkaListenerEndpointContainer#2-0-C-1] INFO  o.a.k.clients.FetchSessionHandler [node1:8080] - [Consumer clientId=consumer-order-events-consumer-1, groupId=order-events-consumer] Error sending fetch request (sessionId=1854191784, epoch=210) to node 1001:
org.apache.kafka.common.errors.DisconnectException: null
2025-12-11 12:38:09.011 [org.springframework.kafka.KafkaListenerEndpointContainer#3-0-C-1] INFO  o.a.k.clients.FetchSessionHandler [node1:8080] - [Consumer clientId=consumer-user-events-consumer-2, groupId=user-events-consumer] Error sending fetch request (sessionId=1583337703, epoch=123) to node 1001:
org.apache.kafka.common.errors.DisconnectException: null
2025-12-11 12:38:09.012 [kafka-coordinator-heartbeat-thread | notification-batch-consumer] INFO  o.a.k.c.c.i.ConsumerCoordinator [node1:8080] - [Consumer clientId=consumer-notification-batch-consumer-4, groupId=notification-batch-consumer] Group coordinator localhost:9093 (id: 2147482646 rack: null) is unavailable or invalid due to cause: session timed out without receiving a heartbeat response.isDisconnected: false. Rediscovery will be attempted.
2025-12-11 12:38:09.012 [kafka-coordinator-heartbeat-thread | order-events-consumer] INFO  o.a.k.c.c.i.ConsumerCoordinator [node1:8080] - [Consumer clientId=consumer-order-events-consumer-1, groupId=order-events-consumer] Group coordinator localhost:9093 (id: 2147482646 rack: null) is unavailable or invalid due to cause: session timed out without receiving a heartbeat response.isDisconnected: false. Rediscovery will be attempted.
2025-12-11 12:38:09.013 [kafka-coordinator-heartbeat-thread | user-events-consumer] INFO  o.a.k.c.c.i.ConsumerCoordinator [node1:8080] - [Consumer clientId=consumer-user-events-consumer-2, groupId=user-events-consumer] Group coordinator localhost:9093 (id: 2147482646 rack: null) is unavailable or invalid due to cause: session timed out without receiving a heartbeat response.isDisconnected: false. Rediscovery will be attempted.
2025-12-11 12:38:09.013 [kafka-coordinator-heartbeat-thread | pattern-consumer] INFO  o.a.k.c.c.i.ConsumerCoordinator [node1:8080] - [Consumer clientId=consumer-pattern-consumer-3, groupId=pattern-consumer] Group coordinator localhost:9093 (id: 2147482646 rack: null) is unavailable or invalid due to cause: session timed out without receiving a heartbeat response.isDisconnected: false. Rediscovery will be attempted.
2025-12-11 12:38:10.200 [org.springframework.kafka.KafkaListenerEndpointContainer#1-0-C-1] INFO  o.a.k.c.c.i.ConsumerCoordinator [node1:8080] - [Consumer clientId=consumer-notification-batch-consumer-4, groupId=notification-batch-consumer] Discovered group coordinator localhost:9093 (id: 2147482646 rack: null)
2025-12-11 12:38:10.210 [org.springframework.kafka.KafkaListenerEndpointContainer#3-0-C-1] INFO  o.a.k.c.c.i.ConsumerCoordinator [node1:8080] - [Consumer clientId=consumer-user-events-consumer-2, groupId=user-events-consumer] Discovered group coordinator localhost:9093 (id: 2147482646 rack: null)
2025-12-11 12:38:10.210 [org.springframework.kafka.KafkaListenerEndpointContainer#2-0-C-1] INFO  o.a.k.c.c.i.ConsumerCoordinator [node1:8080] - [Consumer clientId=consumer-order-events-consumer-1, groupId=order-events-consumer] Discovered group coordinator localhost:9093 (id: 2147482646 rack: null)
2025-12-11 12:38:10.211 [org.springframework.kafka.KafkaListenerEndpointContainer#0-0-C-1] INFO  o.a.k.c.c.i.ConsumerCoordinator [node1:8080] - [Consumer clientId=consumer-pattern-consumer-3, groupId=pattern-consumer] Discovered group coordinator localhost:9093 (id: 2147482646 rack: null)
2025-12-11 12:38:30.509 [HikariPool-1 housekeeper] WARN  com.zaxxer.hikari.pool.HikariPool [node1:8080] - HikariPool-1 - Thread starvation or clock leap detected (housekeeper delta=9m45s180ms).
2025-12-11 12:48:14.006 [org.springframework.kafka.KafkaListenerEndpointContainer#2-0-C-1] INFO  o.a.k.clients.FetchSessionHandler [node1:8080] - [Consumer clientId=consumer-order-events-consumer-1, groupId=order-events-consumer] Error sending fetch request (sessionId=123924141, epoch=88) to node 1001:
org.apache.kafka.common.errors.DisconnectException: null
2025-12-11 12:48:14.009 [kafka-coordinator-heartbeat-thread | order-events-consumer] INFO  o.a.k.c.c.i.ConsumerCoordinator [node1:8080] - [Consumer clientId=consumer-order-events-consumer-1, groupId=order-events-consumer] Group coordinator localhost:9093 (id: 2147482646 rack: null) is unavailable or invalid due to cause: session timed out without receiving a heartbeat response.isDisconnected: false. Rediscovery will be attempted.
2025-12-11 12:48:14.009 [org.springframework.kafka.KafkaListenerEndpointContainer#3-0-C-1] INFO  o.a.k.clients.FetchSessionHandler [node1:8080] - [Consumer clientId=consumer-user-events-consumer-2, groupId=user-events-consumer] Error sending fetch request (sessionId=715967421, epoch=87) to node 1001:
org.apache.kafka.common.errors.DisconnectException: null
2025-12-11 12:48:14.009 [org.springframework.kafka.KafkaListenerEndpointContainer#1-0-C-1] INFO  o.a.k.clients.FetchSessionHandler [node1:8080] - [Consumer clientId=consumer-notification-batch-consumer-4, groupId=notification-batch-consumer] Error sending fetch request (sessionId=278092683, epoch=88) to node 1001:
org.apache.kafka.common.errors.DisconnectException: null
2025-12-11 12:48:14.009 [org.springframework.kafka.KafkaListenerEndpointContainer#0-0-C-1] INFO  o.a.k.clients.FetchSessionHandler [node1:8080] - [Consumer clientId=consumer-pattern-consumer-3, groupId=pattern-consumer] Error sending fetch request (sessionId=1847863324, epoch=87) to node 1001:
org.apache.kafka.common.errors.DisconnectException: null
2025-12-11 12:48:14.011 [kafka-coordinator-heartbeat-thread | pattern-consumer] INFO  o.a.k.c.c.i.ConsumerCoordinator [node1:8080] - [Consumer clientId=consumer-pattern-consumer-3, groupId=pattern-consumer] Group coordinator localhost:9093 (id: 2147482646 rack: null) is unavailable or invalid due to cause: session timed out without receiving a heartbeat response.isDisconnected: false. Rediscovery will be attempted.
2025-12-11 12:48:14.011 [kafka-coordinator-heartbeat-thread | notification-batch-consumer] INFO  o.a.k.c.c.i.ConsumerCoordinator [node1:8080] - [Consumer clientId=consumer-notification-batch-consumer-4, groupId=notification-batch-consumer] Group coordinator localhost:9093 (id: 2147482646 rack: null) is unavailable or invalid due to cause: session timed out without receiving a heartbeat response.isDisconnected: false. Rediscovery will be attempted.
2025-12-11 12:48:14.011 [kafka-coordinator-heartbeat-thread | user-events-consumer] INFO  o.a.k.c.c.i.ConsumerCoordinator [node1:8080] - [Consumer clientId=consumer-user-events-consumer-2, groupId=user-events-consumer] Group coordinator localhost:9093 (id: 2147482646 rack: null) is unavailable or invalid due to cause: session timed out without receiving a heartbeat response.isDisconnected: false. Rediscovery will be attempted.
2025-12-11 12:48:14.790 [HikariPool-1 housekeeper] WARN  com.zaxxer.hikari.pool.HikariPool [node1:8080] - HikariPool-1 - Thread starvation or clock leap detected (housekeeper delta=9m44s282ms).
2025-12-11 12:48:15.168 [org.springframework.kafka.KafkaListenerEndpointContainer#1-0-C-1] INFO  o.a.k.c.c.i.ConsumerCoordinator [node1:8080] - [Consumer clientId=consumer-notification-batch-consumer-4, groupId=notification-batch-consumer] Discovered group coordinator localhost:9093 (id: 2147482646 rack: null)
2025-12-11 12:48:15.189 [org.springframework.kafka.KafkaListenerEndpointContainer#0-0-C-1] INFO  o.a.k.c.c.i.ConsumerCoordinator [node1:8080] - [Consumer clientId=consumer-pattern-consumer-3, groupId=pattern-consumer] Discovered group coordinator localhost:9093 (id: 2147482646 rack: null)
2025-12-11 12:48:15.189 [org.springframework.kafka.KafkaListenerEndpointContainer#2-0-C-1] INFO  o.a.k.c.c.i.ConsumerCoordinator [node1:8080] - [Consumer clientId=consumer-order-events-consumer-1, groupId=order-events-consumer] Discovered group coordinator localhost:9093 (id: 2147482646 rack: null)
2025-12-11 12:48:15.289 [org.springframework.kafka.KafkaListenerEndpointContainer#3-0-C-1] INFO  o.a.k.c.c.i.ConsumerCoordinator [node1:8080] - [Consumer clientId=consumer-user-events-consumer-2, groupId=user-events-consumer] Discovered group coordinator localhost:9093 (id: 2147482646 rack: null)
2025-12-11 12:58:20.868 [kafka-coordinator-heartbeat-thread | notification-batch-consumer] INFO  o.a.k.c.c.i.ConsumerCoordinator [node1:8080] - [Consumer clientId=consumer-notification-batch-consumer-4, groupId=notification-batch-consumer] Group coordinator localhost:9093 (id: 2147482646 rack: null) is unavailable or invalid due to cause: session timed out without receiving a heartbeat response.isDisconnected: false. Rediscovery will be attempted.
2025-12-11 12:58:20.868 [org.springframework.kafka.KafkaListenerEndpointContainer#1-0-C-1] INFO  o.a.k.clients.FetchSessionHandler [node1:8080] - [Consumer clientId=consumer-notification-batch-consumer-4, groupId=notification-batch-consumer] Error sending fetch request (sessionId=330534047, epoch=88) to node 1001:
org.apache.kafka.common.errors.DisconnectException: null
2025-12-11 12:58:20.869 [kafka-coordinator-heartbeat-thread | pattern-consumer] INFO  o.a.k.c.c.i.ConsumerCoordinator [node1:8080] - [Consumer clientId=consumer-pattern-consumer-3, groupId=pattern-consumer] Group coordinator localhost:9093 (id: 2147482646 rack: null) is unavailable or invalid due to cause: session timed out without receiving a heartbeat response.isDisconnected: false. Rediscovery will be attempted.
2025-12-11 12:58:20.869 [org.springframework.kafka.KafkaListenerEndpointContainer#0-0-C-1] INFO  o.a.k.clients.FetchSessionHandler [node1:8080] - [Consumer clientId=consumer-pattern-consumer-3, groupId=pattern-consumer] Error sending fetch request (sessionId=1783766324, epoch=88) to node 1001:
org.apache.kafka.common.errors.DisconnectException: null
2025-12-11 12:58:20.946 [kafka-coordinator-heartbeat-thread | user-events-consumer] INFO  o.a.k.c.c.i.ConsumerCoordinator [node1:8080] - [Consumer clientId=consumer-user-events-consumer-2, groupId=user-events-consumer] Group coordinator localhost:9093 (id: 2147482646 rack: null) is unavailable or invalid due to cause: session timed out without receiving a heartbeat response.isDisconnected: false. Rediscovery will be attempted.
2025-12-11 12:58:20.946 [org.springframework.kafka.KafkaListenerEndpointContainer#3-0-C-1] INFO  o.a.k.clients.FetchSessionHandler [node1:8080] - [Consumer clientId=consumer-user-events-consumer-2, groupId=user-events-consumer] Error sending fetch request (sessionId=1184403399, epoch=88) to node 1001:
org.apache.kafka.common.errors.DisconnectException: null
2025-12-11 12:58:21.096 [org.springframework.kafka.KafkaListenerEndpointContainer#2-0-C-1] INFO  o.a.k.clients.FetchSessionHandler [node1:8080] - [Consumer clientId=consumer-order-events-consumer-1, groupId=order-events-consumer] Error sending fetch request (sessionId=877640228, epoch=88) to node 1001:
org.apache.kafka.common.errors.DisconnectException: null
2025-12-11 12:58:21.096 [kafka-coordinator-heartbeat-thread | order-events-consumer] INFO  o.a.k.c.c.i.ConsumerCoordinator [node1:8080] - [Consumer clientId=consumer-order-events-consumer-1, groupId=order-events-consumer] Group coordinator localhost:9093 (id: 2147482646 rack: null) is unavailable or invalid due to cause: session timed out without receiving a heartbeat response.isDisconnected: false. Rediscovery will be attempted.
2025-12-11 12:58:21.164 [org.springframework.kafka.KafkaListenerEndpointContainer#2-0-C-1] INFO  o.a.k.c.c.i.ConsumerCoordinator [node1:8080] - [Consumer clientId=consumer-order-events-consumer-1, groupId=order-events-consumer] Discovered group coordinator localhost:9093 (id: 2147482646 rack: null)
2025-12-11 12:58:21.175 [org.springframework.kafka.KafkaListenerEndpointContainer#0-0-C-1] INFO  o.a.k.c.c.i.ConsumerCoordinator [node1:8080] - [Consumer clientId=consumer-pattern-consumer-3, groupId=pattern-consumer] Discovered group coordinator localhost:9093 (id: 2147482646 rack: null)
2025-12-11 12:58:21.183 [org.springframework.kafka.KafkaListenerEndpointContainer#2-0-C-1] INFO  o.a.k.c.c.i.ConsumerCoordinator [node1:8080] - [Consumer clientId=consumer-order-events-consumer-1, groupId=order-events-consumer] Discovered group coordinator localhost:9093 (id: 2147482646 rack: null)
2025-12-11 12:58:21.183 [org.springframework.kafka.KafkaListenerEndpointContainer#1-0-C-1] INFO  o.a.k.c.c.i.ConsumerCoordinator [node1:8080] - [Consumer clientId=consumer-notification-batch-consumer-4, groupId=notification-batch-consumer] Discovered group coordinator localhost:9093 (id: 2147482646 rack: null)
2025-12-11 12:58:21.184 [org.springframework.kafka.KafkaListenerEndpointContainer#0-0-C-1] INFO  o.a.k.c.c.i.ConsumerCoordinator [node1:8080] - [Consumer clientId=consumer-pattern-consumer-3, groupId=pattern-consumer] Discovered group coordinator localhost:9093 (id: 2147482646 rack: null)
2025-12-11 12:58:21.212 [org.springframework.kafka.KafkaListenerEndpointContainer#3-0-C-1] INFO  o.a.k.c.c.i.ConsumerCoordinator [node1:8080] - [Consumer clientId=consumer-user-events-consumer-2, groupId=user-events-consumer] Discovered group coordinator localhost:9093 (id: 2147482646 rack: null)
2025-12-11 12:58:31.500 [HikariPool-1 housekeeper] WARN  com.zaxxer.hikari.pool.HikariPool [node1:8080] - HikariPool-1 - Thread starvation or clock leap detected (housekeeper delta=9m45s503ms).
2025-12-11 13:08:26.005 [org.springframework.kafka.KafkaListenerEndpointContainer#3-0-C-1] INFO  o.a.k.clients.FetchSessionHandler [node1:8080] - [Consumer clientId=consumer-user-events-consumer-2, groupId=user-events-consumer] Error sending fetch request (sessionId=1163731335, epoch=84) to node 1001:
org.apache.kafka.common.errors.DisconnectException: null
2025-12-11 13:08:26.009 [org.springframework.kafka.KafkaListenerEndpointContainer#2-0-C-1] INFO  o.a.k.clients.FetchSessionHandler [node1:8080] - [Consumer clientId=consumer-order-events-consumer-1, groupId=order-events-consumer] Error sending fetch request (sessionId=1334507605, epoch=84) to node 1001:
org.apache.kafka.common.errors.DisconnectException: null
2025-12-11 13:08:26.005 [org.springframework.kafka.KafkaListenerEndpointContainer#0-0-C-1] INFO  o.a.k.clients.FetchSessionHandler [node1:8080] - [Consumer clientId=consumer-pattern-consumer-3, groupId=pattern-consumer] Error sending fetch request (sessionId=714289245, epoch=84) to node 1001:
org.apache.kafka.common.errors.DisconnectException: null
2025-12-11 13:08:26.011 [kafka-coordinator-heartbeat-thread | user-events-consumer] INFO  o.a.k.c.c.i.ConsumerCoordinator [node1:8080] - [Consumer clientId=consumer-user-events-consumer-2, groupId=user-events-consumer] Group coordinator localhost:9093 (id: 2147482646 rack: null) is unavailable or invalid due to cause: session timed out without receiving a heartbeat response.isDisconnected: false. Rediscovery will be attempted.
2025-12-11 13:08:26.009 [org.springframework.kafka.KafkaListenerEndpointContainer#1-0-C-1] INFO  o.a.k.clients.FetchSessionHandler [node1:8080] - [Consumer clientId=consumer-notification-batch-consumer-4, groupId=notification-batch-consumer] Error sending fetch request (sessionId=2116123854, epoch=85) to node 1001:
org.apache.kafka.common.errors.DisconnectException: null
2025-12-11 13:08:26.012 [kafka-coordinator-heartbeat-thread | notification-batch-consumer] INFO  o.a.k.c.c.i.ConsumerCoordinator [node1:8080] - [Consumer clientId=consumer-notification-batch-consumer-4, groupId=notification-batch-consumer] Group coordinator localhost:9093 (id: 2147482646 rack: null) is unavailable or invalid due to cause: session timed out without receiving a heartbeat response.isDisconnected: false. Rediscovery will be attempted.
2025-12-11 13:08:26.011 [kafka-coordinator-heartbeat-thread | pattern-consumer] INFO  o.a.k.c.c.i.ConsumerCoordinator [node1:8080] - [Consumer clientId=consumer-pattern-consumer-3, groupId=pattern-consumer] Group coordinator localhost:9093 (id: 2147482646 rack: null) is unavailable or invalid due to cause: session timed out without receiving a heartbeat response.isDisconnected: false. Rediscovery will be attempted.
2025-12-11 13:08:26.012 [kafka-coordinator-heartbeat-thread | order-events-consumer] INFO  o.a.k.c.c.i.ConsumerCoordinator [node1:8080] - [Consumer clientId=consumer-order-events-consumer-1, groupId=order-events-consumer] Group coordinator localhost:9093 (id: 2147482646 rack: null) is unavailable or invalid due to cause: session timed out without receiving a heartbeat response.isDisconnected: false. Rediscovery will be attempted.
2025-12-11 13:08:28.102 [org.springframework.kafka.KafkaListenerEndpointContainer#2-0-C-1] INFO  o.a.k.c.c.i.ConsumerCoordinator [node1:8080] - [Consumer clientId=consumer-order-events-consumer-1, groupId=order-events-consumer] Discovered group coordinator localhost:9093 (id: 2147482646 rack: null)
2025-12-11 13:08:28.110 [org.springframework.kafka.KafkaListenerEndpointContainer#1-0-C-1] INFO  o.a.k.c.c.i.ConsumerCoordinator [node1:8080] - [Consumer clientId=consumer-notification-batch-consumer-4, groupId=notification-batch-consumer] Discovered group coordinator localhost:9093 (id: 2147482646 rack: null)
2025-12-11 13:08:28.150 [org.springframework.kafka.KafkaListenerEndpointContainer#2-0-C-1] INFO  o.a.k.c.c.i.ConsumerCoordinator [node1:8080] - [Consumer clientId=consumer-order-events-consumer-1, groupId=order-events-consumer] Discovered group coordinator localhost:9093 (id: 2147482646 rack: null)
2025-12-11 13:08:28.150 [org.springframework.kafka.KafkaListenerEndpointContainer#3-0-C-1] INFO  o.a.k.c.c.i.ConsumerCoordinator [node1:8080] - [Consumer clientId=consumer-user-events-consumer-2, groupId=user-events-consumer] Discovered group coordinator localhost:9093 (id: 2147482646 rack: null)
2025-12-11 13:08:28.150 [org.springframework.kafka.KafkaListenerEndpointContainer#1-0-C-1] INFO  o.a.k.c.c.i.ConsumerCoordinator [node1:8080] - [Consumer clientId=consumer-notification-batch-consumer-4, groupId=notification-batch-consumer] Discovered group coordinator localhost:9093 (id: 2147482646 rack: null)
2025-12-11 13:08:28.162 [org.springframework.kafka.KafkaListenerEndpointContainer#0-0-C-1] INFO  o.a.k.c.c.i.ConsumerCoordinator [node1:8080] - [Consumer clientId=consumer-pattern-consumer-3, groupId=pattern-consumer] Discovered group coordinator localhost:9093 (id: 2147482646 rack: null)
2025-12-11 13:08:28.179 [org.springframework.kafka.KafkaListenerEndpointContainer#3-0-C-1] INFO  o.a.k.c.c.i.ConsumerCoordinator [node1:8080] - [Consumer clientId=consumer-user-events-consumer-2, groupId=user-events-consumer] Discovered group coordinator localhost:9093 (id: 2147482646 rack: null)
2025-12-11 13:08:28.193 [org.springframework.kafka.KafkaListenerEndpointContainer#0-0-C-1] INFO  o.a.k.c.c.i.ConsumerCoordinator [node1:8080] - [Consumer clientId=consumer-pattern-consumer-3, groupId=pattern-consumer] Discovered group coordinator localhost:9093 (id: 2147482646 rack: null)
2025-12-11 13:08:46.744 [HikariPool-1 housekeeper] WARN  com.zaxxer.hikari.pool.HikariPool [node1:8080] - HikariPool-1 - Thread starvation or clock leap detected (housekeeper delta=9m45s239ms).
2025-12-11 13:18:33.006 [HikariPool-1 housekeeper] WARN  com.zaxxer.hikari.pool.HikariPool [node1:8080] - HikariPool-1 - Thread starvation or clock leap detected (housekeeper delta=9m46s262ms).
2025-12-11 13:18:33.006 [org.springframework.kafka.KafkaListenerEndpointContainer#2-0-C-1] INFO  o.a.k.clients.FetchSessionHandler [node1:8080] - [Consumer clientId=consumer-order-events-consumer-1, groupId=order-events-consumer] Error sending fetch request (sessionId=1469745707, epoch=81) to node 1001:
org.apache.kafka.common.errors.DisconnectException: null
2025-12-11 13:18:33.007 [org.springframework.kafka.KafkaListenerEndpointContainer#1-0-C-1] INFO  o.a.k.clients.FetchSessionHandler [node1:8080] - [Consumer clientId=consumer-notification-batch-consumer-4, groupId=notification-batch-consumer] Error sending fetch request (sessionId=50761536, epoch=80) to node 1001:
org.apache.kafka.common.errors.DisconnectException: null
2025-12-11 13:18:33.006 [org.springframework.kafka.KafkaListenerEndpointContainer#3-0-C-1] INFO  o.a.k.clients.FetchSessionHandler [node1:8080] - [Consumer clientId=consumer-user-events-consumer-2, groupId=user-events-consumer] Error sending fetch request (sessionId=548642185, epoch=83) to node 1001:
org.apache.kafka.common.errors.DisconnectException: null
2025-12-11 13:18:33.014 [kafka-coordinator-heartbeat-thread | notification-batch-consumer] INFO  o.a.k.c.c.i.ConsumerCoordinator [node1:8080] - [Consumer clientId=consumer-notification-batch-consumer-4, groupId=notification-batch-consumer] Group coordinator localhost:9093 (id: 2147482646 rack: null) is unavailable or invalid due to cause: session timed out without receiving a heartbeat response.isDisconnected: false. Rediscovery will be attempted.
2025-12-11 13:18:33.014 [kafka-coordinator-heartbeat-thread | order-events-consumer] INFO  o.a.k.c.c.i.ConsumerCoordinator [node1:8080] - [Consumer clientId=consumer-order-events-consumer-1, groupId=order-events-consumer] Group coordinator localhost:9093 (id: 2147482646 rack: null) is unavailable or invalid due to cause: session timed out without receiving a heartbeat response.isDisconnected: false. Rediscovery will be attempted.
2025-12-11 13:18:33.014 [kafka-coordinator-heartbeat-thread | pattern-consumer] INFO  o.a.k.c.c.i.ConsumerCoordinator [node1:8080] - [Consumer clientId=consumer-pattern-consumer-3, groupId=pattern-consumer] Group coordinator localhost:9093 (id: 2147482646 rack: null) is unavailable or invalid due to cause: session timed out without receiving a heartbeat response.isDisconnected: false. Rediscovery will be attempted.
2025-12-11 13:18:33.006 [org.springframework.kafka.KafkaListenerEndpointContainer#0-0-C-1] INFO  o.a.k.clients.FetchSessionHandler [node1:8080] - [Consumer clientId=consumer-pattern-consumer-3, groupId=pattern-consumer] Error sending fetch request (sessionId=679581116, epoch=83) to node 1001:
org.apache.kafka.common.errors.DisconnectException: null
2025-12-11 13:18:33.014 [kafka-coordinator-heartbeat-thread | user-events-consumer] INFO  o.a.k.c.c.i.ConsumerCoordinator [node1:8080] - [Consumer clientId=consumer-user-events-consumer-2, groupId=user-events-consumer] Group coordinator localhost:9093 (id: 2147482646 rack: null) is unavailable or invalid due to cause: session timed out without receiving a heartbeat response.isDisconnected: false. Rediscovery will be attempted.
2025-12-11 13:18:34.221 [org.springframework.kafka.KafkaListenerEndpointContainer#2-0-C-1] INFO  o.a.k.c.c.i.ConsumerCoordinator [node1:8080] - [Consumer clientId=consumer-order-events-consumer-1, groupId=order-events-consumer] Discovered group coordinator localhost:9093 (id: 2147482646 rack: null)
2025-12-11 13:18:34.221 [org.springframework.kafka.KafkaListenerEndpointContainer#1-0-C-1] INFO  o.a.k.c.c.i.ConsumerCoordinator [node1:8080] - [Consumer clientId=consumer-notification-batch-consumer-4, groupId=notification-batch-consumer] Discovered group coordinator localhost:9093 (id: 2147482646 rack: null)
2025-12-11 13:18:34.245 [org.springframework.kafka.KafkaListenerEndpointContainer#1-0-C-1] INFO  o.a.k.c.c.i.ConsumerCoordinator [node1:8080] - [Consumer clientId=consumer-notification-batch-consumer-4, groupId=notification-batch-consumer] Discovered group coordinator localhost:9093 (id: 2147482646 rack: null)
2025-12-11 13:18:34.323 [org.springframework.kafka.KafkaListenerEndpointContainer#2-0-C-1] INFO  o.a.k.c.c.i.ConsumerCoordinator [node1:8080] - [Consumer clientId=consumer-order-events-consumer-1, groupId=order-events-consumer] Discovered group coordinator localhost:9093 (id: 2147482646 rack: null)
2025-12-11 13:18:34.360 [org.springframework.kafka.KafkaListenerEndpointContainer#3-0-C-1] INFO  o.a.k.c.c.i.ConsumerCoordinator [node1:8080] - [Consumer clientId=consumer-user-events-consumer-2, groupId=user-events-consumer] Discovered group coordinator localhost:9093 (id: 2147482646 rack: null)
2025-12-11 13:18:34.360 [org.springframework.kafka.KafkaListenerEndpointContainer#0-0-C-1] INFO  o.a.k.c.c.i.ConsumerCoordinator [node1:8080] - [Consumer clientId=consumer-pattern-consumer-3, groupId=pattern-consumer] Discovered group coordinator localhost:9093 (id: 2147482646 rack: null)
2025-12-11 13:18:34.361 [org.springframework.kafka.KafkaListenerEndpointContainer#0-0-C-1] INFO  o.a.k.c.c.i.ConsumerCoordinator [node1:8080] - [Consumer clientId=consumer-pattern-consumer-3, groupId=pattern-consumer] Discovered group coordinator localhost:9093 (id: 2147482646 rack: null)
2025-12-11 13:18:34.361 [org.springframework.kafka.KafkaListenerEndpointContainer#3-0-C-1] INFO  o.a.k.c.c.i.ConsumerCoordinator [node1:8080] - [Consumer clientId=consumer-user-events-consumer-2, groupId=user-events-consumer] Discovered group coordinator localhost:9093 (id: 2147482646 rack: null)
2025-12-11 13:28:39.012 [org.springframework.kafka.KafkaListenerEndpointContainer#1-0-C-1] INFO  o.a.k.clients.FetchSessionHandler [node1:8080] - [Consumer clientId=consumer-notification-batch-consumer-4, groupId=notification-batch-consumer] Error sending fetch request (sessionId=19286474, epoch=84) to node 1001:
org.apache.kafka.common.errors.DisconnectException: null
2025-12-11 13:28:39.013 [org.springframework.kafka.KafkaListenerEndpointContainer#0-0-C-1] INFO  o.a.k.clients.FetchSessionHandler [node1:8080] - [Consumer clientId=consumer-pattern-consumer-3, groupId=pattern-consumer] Error sending fetch request (sessionId=385098104, epoch=82) to node 1001:
org.apache.kafka.common.errors.DisconnectException: null
2025-12-11 13:28:39.013 [org.springframework.kafka.KafkaListenerEndpointContainer#3-0-C-1] INFO  o.a.k.clients.FetchSessionHandler [node1:8080] - [Consumer clientId=consumer-user-events-consumer-2, groupId=user-events-consumer] Error sending fetch request (sessionId=1703518869, epoch=83) to node 1001:
org.apache.kafka.common.errors.DisconnectException: null
2025-12-11 13:28:39.014 [org.springframework.kafka.KafkaListenerEndpointContainer#2-0-C-1] INFO  o.a.k.clients.FetchSessionHandler [node1:8080] - [Consumer clientId=consumer-order-events-consumer-1, groupId=order-events-consumer] Error sending fetch request (sessionId=1225011168, epoch=85) to node 1001:
org.apache.kafka.common.errors.DisconnectException: null
2025-12-11 13:28:39.014 [kafka-coordinator-heartbeat-thread | notification-batch-consumer] INFO  o.a.k.c.c.i.ConsumerCoordinator [node1:8080] - [Consumer clientId=consumer-notification-batch-consumer-4, groupId=notification-batch-consumer] Group coordinator localhost:9093 (id: 2147482646 rack: null) is unavailable or invalid due to cause: session timed out without receiving a heartbeat response.isDisconnected: false. Rediscovery will be attempted.
2025-12-11 13:28:39.014 [kafka-coordinator-heartbeat-thread | pattern-consumer] INFO  o.a.k.c.c.i.ConsumerCoordinator [node1:8080] - [Consumer clientId=consumer-pattern-consumer-3, groupId=pattern-consumer] Group coordinator localhost:9093 (id: 2147482646 rack: null) is unavailable or invalid due to cause: session timed out without receiving a heartbeat response.isDisconnected: false. Rediscovery will be attempted.
2025-12-11 13:28:39.014 [kafka-coordinator-heartbeat-thread | user-events-consumer] INFO  o.a.k.c.c.i.ConsumerCoordinator [node1:8080] - [Consumer clientId=consumer-user-events-consumer-2, groupId=user-events-consumer] Group coordinator localhost:9093 (id: 2147482646 rack: null) is unavailable or invalid due to cause: session timed out without receiving a heartbeat response.isDisconnected: false. Rediscovery will be attempted.
2025-12-11 13:28:39.014 [kafka-coordinator-heartbeat-thread | order-events-consumer] INFO  o.a.k.c.c.i.ConsumerCoordinator [node1:8080] - [Consumer clientId=consumer-order-events-consumer-1, groupId=order-events-consumer] Group coordinator localhost:9093 (id: 2147482646 rack: null) is unavailable or invalid due to cause: session timed out without receiving a heartbeat response.isDisconnected: false. Rediscovery will be attempted.
2025-12-11 13:28:40.168 [org.springframework.kafka.KafkaListenerEndpointContainer#0-0-C-1] INFO  o.a.k.c.c.i.ConsumerCoordinator [node1:8080] - [Consumer clientId=consumer-pattern-consumer-3, groupId=pattern-consumer] Discovered group coordinator localhost:9093 (id: 2147482646 rack: null)
2025-12-11 13:28:40.168 [org.springframework.kafka.KafkaListenerEndpointContainer#1-0-C-1] INFO  o.a.k.c.c.i.ConsumerCoordinator [node1:8080] - [Consumer clientId=consumer-notification-batch-consumer-4, groupId=notification-batch-consumer] Discovered group coordinator localhost:9093 (id: 2147482646 rack: null)
2025-12-11 13:28:40.169 [org.springframework.kafka.KafkaListenerEndpointContainer#0-0-C-1] INFO  o.a.k.c.c.i.ConsumerCoordinator [node1:8080] - [Consumer clientId=consumer-pattern-consumer-3, groupId=pattern-consumer] Discovered group coordinator localhost:9093 (id: 2147482646 rack: null)
2025-12-11 13:28:40.169 [org.springframework.kafka.KafkaListenerEndpointContainer#2-0-C-1] INFO  o.a.k.c.c.i.ConsumerCoordinator [node1:8080] - [Consumer clientId=consumer-order-events-consumer-1, groupId=order-events-consumer] Discovered group coordinator localhost:9093 (id: 2147482646 rack: null)
2025-12-11 13:28:40.169 [org.springframework.kafka.KafkaListenerEndpointContainer#0-0-C-1] INFO  o.a.k.c.c.i.ConsumerCoordinator [node1:8080] - [Consumer clientId=consumer-pattern-consumer-3, groupId=pattern-consumer] Group coordinator localhost:9093 (id: 2147482646 rack: null) is unavailable or invalid due to cause: coordinator unavailable.isDisconnected: false. Rediscovery will be attempted.
2025-12-11 13:28:40.169 [org.springframework.kafka.KafkaListenerEndpointContainer#1-0-C-1] INFO  o.a.k.c.c.i.ConsumerCoordinator [node1:8080] - [Consumer clientId=consumer-notification-batch-consumer-4, groupId=notification-batch-consumer] Discovered group coordinator localhost:9093 (id: 2147482646 rack: null)
2025-12-11 13:28:40.170 [org.springframework.kafka.KafkaListenerEndpointContainer#2-0-C-1] INFO  o.a.k.c.c.i.ConsumerCoordinator [node1:8080] - [Consumer clientId=consumer-order-events-consumer-1, groupId=order-events-consumer] Discovered group coordinator localhost:9093 (id: 2147482646 rack: null)
2025-12-11 13:28:40.186 [org.springframework.kafka.KafkaListenerEndpointContainer#3-0-C-1] INFO  o.a.k.c.c.i.ConsumerCoordinator [node1:8080] - [Consumer clientId=consumer-user-events-consumer-2, groupId=user-events-consumer] Discovered group coordinator localhost:9093 (id: 2147482646 rack: null)
2025-12-11 13:28:40.188 [org.springframework.kafka.KafkaListenerEndpointContainer#3-0-C-1] INFO  o.a.k.c.c.i.ConsumerCoordinator [node1:8080] - [Consumer clientId=consumer-user-events-consumer-2, groupId=user-events-consumer] Discovered group coordinator localhost:9093 (id: 2147482646 rack: null)
2025-12-11 13:28:40.396 [org.springframework.kafka.KafkaListenerEndpointContainer#0-0-C-1] INFO  o.a.k.c.c.i.ConsumerCoordinator [node1:8080] - [Consumer clientId=consumer-pattern-consumer-3, groupId=pattern-consumer] Discovered group coordinator localhost:9093 (id: 2147482646 rack: null)
2025-12-11 13:28:49.426 [HikariPool-1 housekeeper] WARN  com.zaxxer.hikari.pool.HikariPool [node1:8080] - HikariPool-1 - Thread starvation or clock leap detected (housekeeper delta=9m45s411ms).
2025-12-11 13:38:44.006 [org.springframework.kafka.KafkaListenerEndpointContainer#0-0-C-1] INFO  o.a.k.clients.FetchSessionHandler [node1:8080] - [Consumer clientId=consumer-pattern-consumer-3, groupId=pattern-consumer] Error sending fetch request (sessionId=1203794067, epoch=88) to node 1001:
org.apache.kafka.common.errors.DisconnectException: null
2025-12-11 13:38:44.012 [kafka-coordinator-heartbeat-thread | pattern-consumer] INFO  o.a.k.c.c.i.ConsumerCoordinator [node1:8080] - [Consumer clientId=consumer-pattern-consumer-3, groupId=pattern-consumer] Group coordinator localhost:9093 (id: 2147482646 rack: null) is unavailable or invalid due to cause: session timed out without receiving a heartbeat response.isDisconnected: false. Rediscovery will be attempted.
2025-12-11 13:38:44.036 [kafka-coordinator-heartbeat-thread | order-events-consumer] INFO  o.a.k.c.c.i.ConsumerCoordinator [node1:8080] - [Consumer clientId=consumer-order-events-consumer-1, groupId=order-events-consumer] Group coordinator localhost:9093 (id: 2147482646 rack: null) is unavailable or invalid due to cause: session timed out without receiving a heartbeat response.isDisconnected: false. Rediscovery will be attempted.
2025-12-11 13:38:44.036 [kafka-coordinator-heartbeat-thread | user-events-consumer] INFO  o.a.k.c.c.i.ConsumerCoordinator [node1:8080] - [Consumer clientId=consumer-user-events-consumer-2, groupId=user-events-consumer] Group coordinator localhost:9093 (id: 2147482646 rack: null) is unavailable or invalid due to cause: session timed out without receiving a heartbeat response.isDisconnected: false. Rediscovery will be attempted.
2025-12-11 13:38:44.042 [kafka-coordinator-heartbeat-thread | notification-batch-consumer] INFO  o.a.k.c.c.i.ConsumerCoordinator [node1:8080] - [Consumer clientId=consumer-notification-batch-consumer-4, groupId=notification-batch-consumer] Group coordinator localhost:9093 (id: 2147482646 rack: null) is unavailable or invalid due to cause: session timed out without receiving a heartbeat response.isDisconnected: false. Rediscovery will be attempted.
2025-12-11 13:38:45.165 [org.springframework.kafka.KafkaListenerEndpointContainer#3-0-C-1] INFO  o.a.k.c.c.i.ConsumerCoordinator [node1:8080] - [Consumer clientId=consumer-user-events-consumer-2, groupId=user-events-consumer] Discovered group coordinator localhost:9093 (id: 2147482646 rack: null)
2025-12-11 13:38:45.167 [org.springframework.kafka.KafkaListenerEndpointContainer#3-0-C-1] INFO  o.a.k.c.c.i.ConsumerCoordinator [node1:8080] - [Consumer clientId=consumer-user-events-consumer-2, groupId=user-events-consumer] Discovered group coordinator localhost:9093 (id: 2147482646 rack: null)
2025-12-11 13:38:45.167 [org.springframework.kafka.KafkaListenerEndpointContainer#3-0-C-1] INFO  o.a.k.c.c.i.ConsumerCoordinator [node1:8080] - [Consumer clientId=consumer-user-events-consumer-2, groupId=user-events-consumer] Group coordinator localhost:9093 (id: 2147482646 rack: null) is unavailable or invalid due to cause: coordinator unavailable.isDisconnected: false. Rediscovery will be attempted.
2025-12-11 13:38:45.210 [org.springframework.kafka.KafkaListenerEndpointContainer#1-0-C-1] INFO  o.a.k.c.c.i.ConsumerCoordinator [node1:8080] - [Consumer clientId=consumer-notification-batch-consumer-4, groupId=notification-batch-consumer] Discovered group coordinator localhost:9093 (id: 2147482646 rack: null)
2025-12-11 13:38:45.210 [org.springframework.kafka.KafkaListenerEndpointContainer#2-0-C-1] INFO  o.a.k.c.c.i.ConsumerCoordinator [node1:8080] - [Consumer clientId=consumer-order-events-consumer-1, groupId=order-events-consumer] Discovered group coordinator localhost:9093 (id: 2147482646 rack: null)
2025-12-11 13:38:45.211 [org.springframework.kafka.KafkaListenerEndpointContainer#2-0-C-1] INFO  o.a.k.c.c.i.ConsumerCoordinator [node1:8080] - [Consumer clientId=consumer-order-events-consumer-1, groupId=order-events-consumer] Discovered group coordinator localhost:9093 (id: 2147482646 rack: null)
2025-12-11 13:38:45.249 [org.springframework.kafka.KafkaListenerEndpointContainer#0-0-C-1] INFO  o.a.k.c.c.i.ConsumerCoordinator [node1:8080] - [Consumer clientId=consumer-pattern-consumer-3, groupId=pattern-consumer] Discovered group coordinator localhost:9093 (id: 2147482646 rack: null)
2025-12-11 13:38:45.267 [org.springframework.kafka.KafkaListenerEndpointContainer#1-0-C-1] INFO  o.a.k.c.c.i.ConsumerCoordinator [node1:8080] - [Consumer clientId=consumer-notification-batch-consumer-4, groupId=notification-batch-consumer] Discovered group coordinator localhost:9093 (id: 2147482646 rack: null)
2025-12-11 13:38:45.274 [org.springframework.kafka.KafkaListenerEndpointContainer#0-0-C-1] INFO  o.a.k.c.c.i.ConsumerCoordinator [node1:8080] - [Consumer clientId=consumer-pattern-consumer-3, groupId=pattern-consumer] Discovered group coordinator localhost:9093 (id: 2147482646 rack: null)
2025-12-11 13:38:45.317 [org.springframework.kafka.KafkaListenerEndpointContainer#3-0-C-1] INFO  o.a.k.c.c.i.ConsumerCoordinator [node1:8080] - [Consumer clientId=consumer-user-events-consumer-2, groupId=user-events-consumer] Discovered group coordinator localhost:9093 (id: 2147482646 rack: null)
2025-12-11 13:39:02.592 [HikariPool-1 housekeeper] WARN  com.zaxxer.hikari.pool.HikariPool [node1:8080] - HikariPool-1 - Thread starvation or clock leap detected (housekeeper delta=9m43s156ms).
2025-12-11 13:42:37.009 [org.springframework.kafka.KafkaListenerEndpointContainer#2-0-C-1] INFO  o.a.k.clients.FetchSessionHandler [node1:8080] - [Consumer clientId=consumer-order-events-consumer-1, groupId=order-events-consumer] Error sending fetch request (sessionId=262728383, epoch=265) to node 1001:
org.apache.kafka.common.errors.DisconnectException: null
2025-12-11 13:42:37.009 [org.springframework.kafka.KafkaListenerEndpointContainer#3-0-C-1] INFO  o.a.k.clients.FetchSessionHandler [node1:8080] - [Consumer clientId=consumer-user-events-consumer-2, groupId=user-events-consumer] Error sending fetch request (sessionId=577758662, epoch=265) to node 1001:
org.apache.kafka.common.errors.DisconnectException: null
2025-12-11 13:42:37.010 [org.springframework.kafka.KafkaListenerEndpointContainer#0-0-C-1] INFO  o.a.k.clients.FetchSessionHandler [node1:8080] - [Consumer clientId=consumer-pattern-consumer-3, groupId=pattern-consumer] Error sending fetch request (sessionId=842683668, epoch=175) to node 1001:
org.apache.kafka.common.errors.DisconnectException: null
2025-12-11 13:42:37.010 [org.springframework.kafka.KafkaListenerEndpointContainer#1-0-C-1] INFO  o.a.k.clients.FetchSessionHandler [node1:8080] - [Consumer clientId=consumer-notification-batch-consumer-4, groupId=notification-batch-consumer] Error sending fetch request (sessionId=549949527, epoch=266) to node 1001:
org.apache.kafka.common.errors.DisconnectException: null
2025-12-11 13:42:37.019 [kafka-coordinator-heartbeat-thread | pattern-consumer] INFO  o.a.k.c.c.i.ConsumerCoordinator [node1:8080] - [Consumer clientId=consumer-pattern-consumer-3, groupId=pattern-consumer] Group coordinator localhost:9093 (id: 2147482646 rack: null) is unavailable or invalid due to cause: session timed out without receiving a heartbeat response.isDisconnected: false. Rediscovery will be attempted.
2025-12-11 13:42:37.019 [kafka-coordinator-heartbeat-thread | notification-batch-consumer] INFO  o.a.k.c.c.i.ConsumerCoordinator [node1:8080] - [Consumer clientId=consumer-notification-batch-consumer-4, groupId=notification-batch-consumer] Group coordinator localhost:9093 (id: 2147482646 rack: null) is unavailable or invalid due to cause: session timed out without receiving a heartbeat response.isDisconnected: false. Rediscovery will be attempted.
2025-12-11 13:42:37.019 [kafka-coordinator-heartbeat-thread | order-events-consumer] INFO  o.a.k.c.c.i.ConsumerCoordinator [node1:8080] - [Consumer clientId=consumer-order-events-consumer-1, groupId=order-events-consumer] Group coordinator localhost:9093 (id: 2147482646 rack: null) is unavailable or invalid due to cause: session timed out without receiving a heartbeat response.isDisconnected: false. Rediscovery will be attempted.
2025-12-11 13:42:37.019 [kafka-coordinator-heartbeat-thread | user-events-consumer] INFO  o.a.k.c.c.i.ConsumerCoordinator [node1:8080] - [Consumer clientId=consumer-user-events-consumer-2, groupId=user-events-consumer] Group coordinator localhost:9093 (id: 2147482646 rack: null) is unavailable or invalid due to cause: session timed out without receiving a heartbeat response.isDisconnected: false. Rediscovery will be attempted.
2025-12-11 13:42:38.648 [org.springframework.kafka.KafkaListenerEndpointContainer#1-0-C-1] INFO  o.a.k.c.c.i.ConsumerCoordinator [node1:8080] - [Consumer clientId=consumer-notification-batch-consumer-4, groupId=notification-batch-consumer] Discovered group coordinator localhost:9093 (id: 2147482646 rack: null)
2025-12-11 13:42:38.649 [org.springframework.kafka.KafkaListenerEndpointContainer#3-0-C-1] INFO  o.a.k.c.c.i.ConsumerCoordinator [node1:8080] - [Consumer clientId=consumer-user-events-consumer-2, groupId=user-events-consumer] Discovered group coordinator localhost:9093 (id: 2147482646 rack: null)
2025-12-11 13:42:38.662 [org.springframework.kafka.KafkaListenerEndpointContainer#0-0-C-1] INFO  o.a.k.c.c.i.ConsumerCoordinator [node1:8080] - [Consumer clientId=consumer-pattern-consumer-3, groupId=pattern-consumer] Discovered group coordinator localhost:9093 (id: 2147482646 rack: null)
2025-12-11 13:42:38.662 [org.springframework.kafka.KafkaListenerEndpointContainer#1-0-C-1] INFO  o.a.k.c.c.i.ConsumerCoordinator [node1:8080] - [Consumer clientId=consumer-notification-batch-consumer-4, groupId=notification-batch-consumer] Discovered group coordinator localhost:9093 (id: 2147482646 rack: null)
2025-12-11 13:42:38.663 [org.springframework.kafka.KafkaListenerEndpointContainer#3-0-C-1] INFO  o.a.k.c.c.i.ConsumerCoordinator [node1:8080] - [Consumer clientId=consumer-user-events-consumer-2, groupId=user-events-consumer] Discovered group coordinator localhost:9093 (id: 2147482646 rack: null)
2025-12-11 13:42:38.663 [org.springframework.kafka.KafkaListenerEndpointContainer#0-0-C-1] INFO  o.a.k.c.c.i.ConsumerCoordinator [node1:8080] - [Consumer clientId=consumer-pattern-consumer-3, groupId=pattern-consumer] Discovered group coordinator localhost:9093 (id: 2147482646 rack: null)
2025-12-11 13:42:38.694 [org.springframework.kafka.KafkaListenerEndpointContainer#2-0-C-1] INFO  o.a.k.c.c.i.ConsumerCoordinator [node1:8080] - [Consumer clientId=consumer-order-events-consumer-1, groupId=order-events-consumer] Discovered group coordinator localhost:9093 (id: 2147482646 rack: null)
2025-12-11 13:42:38.715 [org.springframework.kafka.KafkaListenerEndpointContainer#2-0-C-1] INFO  o.a.k.c.c.i.ConsumerCoordinator [node1:8080] - [Consumer clientId=consumer-order-events-consumer-1, groupId=order-events-consumer] Discovered group coordinator localhost:9093 (id: 2147482646 rack: null)
2025-12-11 13:42:48.362 [HikariPool-1 housekeeper] WARN  com.zaxxer.hikari.pool.HikariPool [node1:8080] - HikariPool-1 - Thread starvation or clock leap detected (housekeeper delta=2m45s760ms).
2025-12-11 14:32:04.668 [Thread-1] WARN  c.a.n.c.http.HttpClientBeanHolder [node1:8080] - [HttpClientBeanHolder] Start destroying common HttpClient
2025-12-11 14:32:04.668 [Thread-6] WARN  c.a.nacos.common.notify.NotifyCenter [node1:8080] - [NotifyCenter] Start destroying Publisher
2025-12-11 14:32:04.692 [Thread-6] WARN  c.a.nacos.common.notify.NotifyCenter [node1:8080] - [NotifyCenter] Destruction of the end
2025-12-11 14:32:04.772 [Thread-1] WARN  c.a.n.c.http.HttpClientBeanHolder [node1:8080] - [HttpClientBeanHolder] Destruction of the end
2025-12-11 14:32:05.477 [org.springframework.kafka.KafkaListenerEndpointContainer#1-0-C-1] INFO  o.a.k.c.c.i.ConsumerCoordinator [node1:8080] - [Consumer clientId=consumer-notification-batch-consumer-4, groupId=notification-batch-consumer] Revoke previously assigned partitions notification-topic-0
2025-12-11 14:32:05.477 [org.springframework.kafka.KafkaListenerEndpointContainer#2-0-C-1] INFO  o.a.k.c.c.i.ConsumerCoordinator [node1:8080] - [Consumer clientId=consumer-order-events-consumer-1, groupId=order-events-consumer] Revoke previously assigned partitions order-events-topic-4, order-events-topic-2, order-events-topic-3, order-events-topic-0, order-events-topic-1
2025-12-11 14:32:05.477 [org.springframework.kafka.KafkaListenerEndpointContainer#0-0-C-1] INFO  o.a.k.c.c.i.ConsumerCoordinator [node1:8080] - [Consumer clientId=consumer-pattern-consumer-3, groupId=pattern-consumer] Revoke previously assigned partitions user-events-topic-1, user-events-topic-2, order-events-topic-4, user-events-topic-0, order-events-topic-2, order-events-topic-3, order-events-topic-0, order-events-topic-1
2025-12-11 14:32:05.477 [org.springframework.kafka.KafkaListenerEndpointContainer#3-0-C-1] INFO  o.a.k.c.c.i.ConsumerCoordinator [node1:8080] - [Consumer clientId=consumer-user-events-consumer-2, groupId=user-events-consumer] Revoke previously assigned partitions user-events-topic-1, user-events-topic-2, user-events-topic-0
2025-12-11 14:32:05.486 [org.springframework.kafka.KafkaListenerEndpointContainer#0-0-C-1] INFO  o.s.k.l.KafkaMessageListenerContainer [node1:8080] - pattern-consumer: partitions revoked: [user-events-topic-1, user-events-topic-2, order-events-topic-4, user-events-topic-0, order-events-topic-2, order-events-topic-3, order-events-topic-0, order-events-topic-1]
2025-12-11 14:32:05.486 [org.springframework.kafka.KafkaListenerEndpointContainer#3-0-C-1] INFO  o.s.k.l.KafkaMessageListenerContainer [node1:8080] - user-events-consumer: partitions revoked: [user-events-topic-1, user-events-topic-2, user-events-topic-0]
2025-12-11 14:32:05.486 [org.springframework.kafka.KafkaListenerEndpointContainer#1-0-C-1] INFO  o.s.k.l.KafkaMessageListenerContainer [node1:8080] - notification-batch-consumer: partitions revoked: [notification-topic-0]
2025-12-11 14:32:05.486 [org.springframework.kafka.KafkaListenerEndpointContainer#2-0-C-1] INFO  o.s.k.l.KafkaMessageListenerContainer [node1:8080] - order-events-consumer: partitions revoked: [order-events-topic-4, order-events-topic-2, order-events-topic-3, order-events-topic-0, order-events-topic-1]
2025-12-11 14:32:05.494 [org.springframework.kafka.KafkaListenerEndpointContainer#1-0-C-1] INFO  o.a.k.c.c.i.ConsumerCoordinator [node1:8080] - [Consumer clientId=consumer-notification-batch-consumer-4, groupId=notification-batch-consumer] Member consumer-notification-batch-consumer-4-6ee7176c-7c7d-40dd-a97c-797520ecb305 sending LeaveGroup request to coordinator localhost:9093 (id: 2147482646 rack: null) due to the consumer unsubscribed from all topics
2025-12-11 14:32:05.494 [org.springframework.kafka.KafkaListenerEndpointContainer#2-0-C-1] INFO  o.a.k.c.c.i.ConsumerCoordinator [node1:8080] - [Consumer clientId=consumer-order-events-consumer-1, groupId=order-events-consumer] Member consumer-order-events-consumer-1-31e149eb-08f1-401c-81be-d6d28748fb2e sending LeaveGroup request to coordinator localhost:9093 (id: 2147482646 rack: null) due to the consumer unsubscribed from all topics
2025-12-11 14:32:05.494 [org.springframework.kafka.KafkaListenerEndpointContainer#0-0-C-1] INFO  o.a.k.c.c.i.ConsumerCoordinator [node1:8080] - [Consumer clientId=consumer-pattern-consumer-3, groupId=pattern-consumer] Member consumer-pattern-consumer-3-e167f915-23fb-4a82-8005-9d550ae1fe31 sending LeaveGroup request to coordinator localhost:9093 (id: 2147482646 rack: null) due to the consumer unsubscribed from all topics
2025-12-11 14:32:05.495 [org.springframework.kafka.KafkaListenerEndpointContainer#3-0-C-1] INFO  o.a.k.c.c.i.ConsumerCoordinator [node1:8080] - [Consumer clientId=consumer-user-events-consumer-2, groupId=user-events-consumer] Member consumer-user-events-consumer-2-12919ae2-3ff6-4261-b3ad-7bcc007f9042 sending LeaveGroup request to coordinator localhost:9093 (id: 2147482646 rack: null) due to the consumer unsubscribed from all topics
2025-12-11 14:32:05.514 [org.springframework.kafka.KafkaListenerEndpointContainer#3-0-C-1] INFO  o.a.k.c.c.i.ConsumerCoordinator [node1:8080] - [Consumer clientId=consumer-user-events-consumer-2, groupId=user-events-consumer] Resetting generation due to: consumer pro-actively leaving the group
2025-12-11 14:32:05.514 [org.springframework.kafka.KafkaListenerEndpointContainer#1-0-C-1] INFO  o.a.k.c.c.i.ConsumerCoordinator [node1:8080] - [Consumer clientId=consumer-notification-batch-consumer-4, groupId=notification-batch-consumer] Resetting generation due to: consumer pro-actively leaving the group
2025-12-11 14:32:05.514 [org.springframework.kafka.KafkaListenerEndpointContainer#0-0-C-1] INFO  o.a.k.c.c.i.ConsumerCoordinator [node1:8080] - [Consumer clientId=consumer-pattern-consumer-3, groupId=pattern-consumer] Resetting generation due to: consumer pro-actively leaving the group
2025-12-11 14:32:05.514 [org.springframework.kafka.KafkaListenerEndpointContainer#2-0-C-1] INFO  o.a.k.c.c.i.ConsumerCoordinator [node1:8080] - [Consumer clientId=consumer-order-events-consumer-1, groupId=order-events-consumer] Resetting generation due to: consumer pro-actively leaving the group
2025-12-11 14:32:05.515 [org.springframework.kafka.KafkaListenerEndpointContainer#3-0-C-1] INFO  o.a.k.c.c.i.ConsumerCoordinator [node1:8080] - [Consumer clientId=consumer-user-events-consumer-2, groupId=user-events-consumer] Request joining group due to: consumer pro-actively leaving the group
2025-12-11 14:32:05.515 [org.springframework.kafka.KafkaListenerEndpointContainer#2-0-C-1] INFO  o.a.k.c.c.i.ConsumerCoordinator [node1:8080] - [Consumer clientId=consumer-order-events-consumer-1, groupId=order-events-consumer] Request joining group due to: consumer pro-actively leaving the group
2025-12-11 14:32:05.515 [org.springframework.kafka.KafkaListenerEndpointContainer#1-0-C-1] INFO  o.a.k.c.c.i.ConsumerCoordinator [node1:8080] - [Consumer clientId=consumer-notification-batch-consumer-4, groupId=notification-batch-consumer] Request joining group due to: consumer pro-actively leaving the group
2025-12-11 14:32:05.515 [org.springframework.kafka.KafkaListenerEndpointContainer#2-0-C-1] INFO  o.a.k.clients.consumer.KafkaConsumer [node1:8080] - [Consumer clientId=consumer-order-events-consumer-1, groupId=order-events-consumer] Unsubscribed all topics or patterns and assigned partitions
2025-12-11 14:32:05.515 [org.springframework.kafka.KafkaListenerEndpointContainer#3-0-C-1] INFO  o.a.k.clients.consumer.KafkaConsumer [node1:8080] - [Consumer clientId=consumer-user-events-consumer-2, groupId=user-events-consumer] Unsubscribed all topics or patterns and assigned partitions
2025-12-11 14:32:05.515 [org.springframework.kafka.KafkaListenerEndpointContainer#1-0-C-1] INFO  o.a.k.clients.consumer.KafkaConsumer [node1:8080] - [Consumer clientId=consumer-notification-batch-consumer-4, groupId=notification-batch-consumer] Unsubscribed all topics or patterns and assigned partitions
2025-12-11 14:32:05.517 [org.springframework.kafka.KafkaListenerEndpointContainer#0-0-C-1] INFO  o.a.k.c.c.i.ConsumerCoordinator [node1:8080] - [Consumer clientId=consumer-pattern-consumer-3, groupId=pattern-consumer] Request joining group due to: consumer pro-actively leaving the group
2025-12-11 14:32:05.517 [org.springframework.kafka.KafkaListenerEndpointContainer#0-0-C-1] INFO  o.a.k.clients.consumer.KafkaConsumer [node1:8080] - [Consumer clientId=consumer-pattern-consumer-3, groupId=pattern-consumer] Unsubscribed all topics or patterns and assigned partitions
2025-12-11 14:32:05.524 [org.springframework.kafka.KafkaListenerEndpointContainer#1-0-C-1] INFO  o.a.k.c.c.i.ConsumerCoordinator [node1:8080] - [Consumer clientId=consumer-notification-batch-consumer-4, groupId=notification-batch-consumer] Resetting generation due to: consumer pro-actively leaving the group
2025-12-11 14:32:05.524 [org.springframework.kafka.KafkaListenerEndpointContainer#1-0-C-1] INFO  o.a.k.c.c.i.ConsumerCoordinator [node1:8080] - [Consumer clientId=consumer-notification-batch-consumer-4, groupId=notification-batch-consumer] Request joining group due to: consumer pro-actively leaving the group
2025-12-11 14:32:05.524 [org.springframework.kafka.KafkaListenerEndpointContainer#3-0-C-1] INFO  o.a.k.c.c.i.ConsumerCoordinator [node1:8080] - [Consumer clientId=consumer-user-events-consumer-2, groupId=user-events-consumer] Resetting generation due to: consumer pro-actively leaving the group
2025-12-11 14:32:05.525 [org.springframework.kafka.KafkaListenerEndpointContainer#0-0-C-1] INFO  o.a.k.c.c.i.ConsumerCoordinator [node1:8080] - [Consumer clientId=consumer-pattern-consumer-3, groupId=pattern-consumer] Resetting generation due to: consumer pro-actively leaving the group
2025-12-11 14:32:05.525 [org.springframework.kafka.KafkaListenerEndpointContainer#3-0-C-1] INFO  o.a.k.c.c.i.ConsumerCoordinator [node1:8080] - [Consumer clientId=consumer-user-events-consumer-2, groupId=user-events-consumer] Request joining group due to: consumer pro-actively leaving the group
2025-12-11 14:32:05.525 [org.springframework.kafka.KafkaListenerEndpointContainer#0-0-C-1] INFO  o.a.k.c.c.i.ConsumerCoordinator [node1:8080] - [Consumer clientId=consumer-pattern-consumer-3, groupId=pattern-consumer] Request joining group due to: consumer pro-actively leaving the group
2025-12-11 14:32:05.526 [org.springframework.kafka.KafkaListenerEndpointContainer#2-0-C-1] INFO  o.a.k.c.c.i.ConsumerCoordinator [node1:8080] - [Consumer clientId=consumer-order-events-consumer-1, groupId=order-events-consumer] Resetting generation due to: consumer pro-actively leaving the group
2025-12-11 14:32:05.526 [org.springframework.kafka.KafkaListenerEndpointContainer#2-0-C-1] INFO  o.a.k.c.c.i.ConsumerCoordinator [node1:8080] - [Consumer clientId=consumer-order-events-consumer-1, groupId=order-events-consumer] Request joining group due to: consumer pro-actively leaving the group
2025-12-11 14:32:05.576 [org.springframework.kafka.KafkaListenerEndpointContainer#2-0-C-1] INFO  o.a.kafka.common.metrics.Metrics [node1:8080] - Metrics scheduler closed
2025-12-11 14:32:05.576 [org.springframework.kafka.KafkaListenerEndpointContainer#2-0-C-1] INFO  o.a.kafka.common.metrics.Metrics [node1:8080] - Closing reporter org.apache.kafka.common.metrics.JmxReporter
2025-12-11 14:32:05.576 [org.springframework.kafka.KafkaListenerEndpointContainer#2-0-C-1] INFO  o.a.kafka.common.metrics.Metrics [node1:8080] - Metrics reporters closed
2025-12-11 14:32:05.579 [org.springframework.kafka.KafkaListenerEndpointContainer#1-0-C-1] INFO  o.a.kafka.common.metrics.Metrics [node1:8080] - Metrics scheduler closed
2025-12-11 14:32:05.580 [org.springframework.kafka.KafkaListenerEndpointContainer#1-0-C-1] INFO  o.a.kafka.common.metrics.Metrics [node1:8080] - Closing reporter org.apache.kafka.common.metrics.JmxReporter
2025-12-11 14:32:05.581 [org.springframework.kafka.KafkaListenerEndpointContainer#1-0-C-1] INFO  o.a.kafka.common.metrics.Metrics [node1:8080] - Metrics reporters closed
2025-12-11 14:32:05.590 [org.springframework.kafka.KafkaListenerEndpointContainer#2-0-C-1] INFO  o.a.kafka.common.utils.AppInfoParser [node1:8080] - App info kafka.consumer for consumer-order-events-consumer-1 unregistered
2025-12-11 14:32:05.592 [org.springframework.kafka.KafkaListenerEndpointContainer#1-0-C-1] INFO  o.a.kafka.common.utils.AppInfoParser [node1:8080] - App info kafka.consumer for consumer-notification-batch-consumer-4 unregistered
2025-12-11 14:32:05.593 [org.springframework.kafka.KafkaListenerEndpointContainer#1-0-C-1] INFO  o.s.k.l.KafkaMessageListenerContainer [node1:8080] - notification-batch-consumer: Consumer stopped
2025-12-11 14:32:05.594 [org.springframework.kafka.KafkaListenerEndpointContainer#2-0-C-1] INFO  o.s.k.l.KafkaMessageListenerContainer [node1:8080] - order-events-consumer: Consumer stopped
2025-12-11 14:32:05.597 [org.springframework.kafka.KafkaListenerEndpointContainer#3-0-C-1] INFO  o.a.kafka.common.metrics.Metrics [node1:8080] - Metrics scheduler closed
2025-12-11 14:32:05.597 [org.springframework.kafka.KafkaListenerEndpointContainer#3-0-C-1] INFO  o.a.kafka.common.metrics.Metrics [node1:8080] - Closing reporter org.apache.kafka.common.metrics.JmxReporter
2025-12-11 14:32:05.597 [org.springframework.kafka.KafkaListenerEndpointContainer#3-0-C-1] INFO  o.a.kafka.common.metrics.Metrics [node1:8080] - Metrics reporters closed
2025-12-11 14:32:05.602 [org.springframework.kafka.KafkaListenerEndpointContainer#3-0-C-1] INFO  o.a.kafka.common.utils.AppInfoParser [node1:8080] - App info kafka.consumer for consumer-user-events-consumer-2 unregistered
2025-12-11 14:32:05.602 [org.springframework.kafka.KafkaListenerEndpointContainer#3-0-C-1] INFO  o.s.k.l.KafkaMessageListenerContainer [node1:8080] - user-events-consumer: Consumer stopped
2025-12-11 14:32:05.627 [org.springframework.kafka.KafkaListenerEndpointContainer#0-0-C-1] INFO  o.a.kafka.common.metrics.Metrics [node1:8080] - Metrics scheduler closed
2025-12-11 14:32:05.627 [org.springframework.kafka.KafkaListenerEndpointContainer#0-0-C-1] INFO  o.a.kafka.common.metrics.Metrics [node1:8080] - Closing reporter org.apache.kafka.common.metrics.JmxReporter
2025-12-11 14:32:05.629 [org.springframework.kafka.KafkaListenerEndpointContainer#0-0-C-1] INFO  o.a.kafka.common.metrics.Metrics [node1:8080] - Metrics reporters closed
2025-12-11 14:32:05.636 [org.springframework.kafka.KafkaListenerEndpointContainer#0-0-C-1] INFO  o.a.kafka.common.utils.AppInfoParser [node1:8080] - App info kafka.consumer for consumer-pattern-consumer-3 unregistered
2025-12-11 14:32:05.636 [org.springframework.kafka.KafkaListenerEndpointContainer#0-0-C-1] INFO  o.s.k.l.KafkaMessageListenerContainer [node1:8080] - pattern-consumer: Consumer stopped
2025-12-11 14:32:05.726 [SpringApplicationShutdownHook] INFO  c.a.c.n.r.NacosServiceRegistry [node1:8080] - De-registering from Nacos Server now...
2025-12-11 14:32:05.793 [SpringApplicationShutdownHook] INFO  c.a.c.n.r.NacosServiceRegistry [node1:8080] - De-registration finished.
2025-12-11 14:32:06.172 [SpringApplicationShutdownHook] INFO  o.s.o.j.LocalContainerEntityManagerFactoryBean [node1:8080] - Closing JPA EntityManagerFactory for persistence unit 'default'
2025-12-11 14:32:06.242 [SpringApplicationShutdownHook] INFO  com.zaxxer.hikari.HikariDataSource [node1:8080] - HikariPool-1 - Shutdown initiated...
2025-12-11 14:32:06.286 [SpringApplicationShutdownHook] INFO  com.zaxxer.hikari.HikariDataSource [node1:8080] - HikariPool-1 - Shutdown completed.
