2025-12-06 00:06:39.114 [kafka-coordinator-heartbeat-thread | notification-batch-consumer] INFO  o.a.k.c.c.i.ConsumerCoordinator [node1:8080] - [Consumer clientId=consumer-notification-batch-consumer-1, groupId=notification-batch-consumer] Group coordinator localhost:9093 (id: 2147482646 rack: null) is unavailable or invalid due to cause: session timed out without receiving a heartbeat response.isDisconnected: false. Rediscovery will be attempted.
2025-12-06 00:06:39.116 [kafka-coordinator-heartbeat-thread | pattern-consumer] INFO  o.a.k.c.c.i.ConsumerCoordinator [node1:8080] - [Consumer clientId=consumer-pattern-consumer-2, groupId=pattern-consumer] Group coordinator localhost:9093 (id: 2147482646 rack: null) is unavailable or invalid due to cause: session timed out without receiving a heartbeat response.isDisconnected: false. Rediscovery will be attempted.
2025-12-06 00:06:39.124 [kafka-coordinator-heartbeat-thread | order-events-consumer] INFO  o.a.k.c.c.i.ConsumerCoordinator [node1:8080] - [Consumer clientId=consumer-order-events-consumer-4, groupId=order-events-consumer] Group coordinator localhost:9093 (id: 2147482646 rack: null) is unavailable or invalid due to cause: session timed out without receiving a heartbeat response.isDisconnected: false. Rediscovery will be attempted.
2025-12-06 00:06:39.114 [kafka-coordinator-heartbeat-thread | user-events-consumer] INFO  o.a.k.c.c.i.ConsumerCoordinator [node1:8080] - [Consumer clientId=consumer-user-events-consumer-3, groupId=user-events-consumer] Group coordinator localhost:9093 (id: 2147482646 rack: null) is unavailable or invalid due to cause: session timed out without receiving a heartbeat response.isDisconnected: false. Rediscovery will be attempted.
2025-12-06 00:06:39.288 [org.springframework.kafka.KafkaListenerEndpointContainer#2-0-C-1] INFO  o.a.k.c.c.i.ConsumerCoordinator [node1:8080] - [Consumer clientId=consumer-notification-batch-consumer-1, groupId=notification-batch-consumer] Discovered group coordinator localhost:9093 (id: 2147482646 rack: null)
2025-12-06 00:06:39.288 [org.springframework.kafka.KafkaListenerEndpointContainer#2-0-C-1] INFO  o.a.k.c.c.i.ConsumerCoordinator [node1:8080] - [Consumer clientId=consumer-notification-batch-consumer-1, groupId=notification-batch-consumer] Discovered group coordinator localhost:9093 (id: 2147482646 rack: null)
2025-12-06 00:06:39.288 [org.springframework.kafka.KafkaListenerEndpointContainer#2-0-C-1] INFO  o.a.k.c.c.i.ConsumerCoordinator [node1:8080] - [Consumer clientId=consumer-notification-batch-consumer-1, groupId=notification-batch-consumer] Group coordinator localhost:9093 (id: 2147482646 rack: null) is unavailable or invalid due to cause: coordinator unavailable.isDisconnected: false. Rediscovery will be attempted.
2025-12-06 00:06:39.296 [org.springframework.kafka.KafkaListenerEndpointContainer#0-0-C-1] INFO  o.a.k.c.c.i.ConsumerCoordinator [node1:8080] - [Consumer clientId=consumer-user-events-consumer-3, groupId=user-events-consumer] Discovered group coordinator localhost:9093 (id: 2147482646 rack: null)
2025-12-06 00:06:39.298 [org.springframework.kafka.KafkaListenerEndpointContainer#3-0-C-1] INFO  o.a.k.c.c.i.ConsumerCoordinator [node1:8080] - [Consumer clientId=consumer-pattern-consumer-2, groupId=pattern-consumer] Discovered group coordinator localhost:9093 (id: 2147482646 rack: null)
2025-12-06 00:06:39.299 [org.springframework.kafka.KafkaListenerEndpointContainer#3-0-C-1] INFO  o.a.k.c.c.i.ConsumerCoordinator [node1:8080] - [Consumer clientId=consumer-pattern-consumer-2, groupId=pattern-consumer] Discovered group coordinator localhost:9093 (id: 2147482646 rack: null)
2025-12-06 00:06:39.299 [org.springframework.kafka.KafkaListenerEndpointContainer#0-0-C-1] INFO  o.a.k.c.c.i.ConsumerCoordinator [node1:8080] - [Consumer clientId=consumer-user-events-consumer-3, groupId=user-events-consumer] Discovered group coordinator localhost:9093 (id: 2147482646 rack: null)
2025-12-06 00:06:39.299 [org.springframework.kafka.KafkaListenerEndpointContainer#3-0-C-1] INFO  o.a.k.c.c.i.ConsumerCoordinator [node1:8080] - [Consumer clientId=consumer-pattern-consumer-2, groupId=pattern-consumer] Group coordinator localhost:9093 (id: 2147482646 rack: null) is unavailable or invalid due to cause: coordinator unavailable.isDisconnected: false. Rediscovery will be attempted.
2025-12-06 00:06:39.299 [org.springframework.kafka.KafkaListenerEndpointContainer#1-0-C-1] INFO  o.a.k.c.c.i.ConsumerCoordinator [node1:8080] - [Consumer clientId=consumer-order-events-consumer-4, groupId=order-events-consumer] Discovered group coordinator localhost:9093 (id: 2147482646 rack: null)
2025-12-06 00:06:39.299 [org.springframework.kafka.KafkaListenerEndpointContainer#0-0-C-1] INFO  o.a.k.c.c.i.ConsumerCoordinator [node1:8080] - [Consumer clientId=consumer-user-events-consumer-3, groupId=user-events-consumer] Group coordinator localhost:9093 (id: 2147482646 rack: null) is unavailable or invalid due to cause: coordinator unavailable.isDisconnected: false. Rediscovery will be attempted.
2025-12-06 00:06:39.299 [org.springframework.kafka.KafkaListenerEndpointContainer#1-0-C-1] INFO  o.a.k.c.c.i.ConsumerCoordinator [node1:8080] - [Consumer clientId=consumer-order-events-consumer-4, groupId=order-events-consumer] Discovered group coordinator localhost:9093 (id: 2147482646 rack: null)
2025-12-06 00:06:39.299 [org.springframework.kafka.KafkaListenerEndpointContainer#1-0-C-1] INFO  o.a.k.c.c.i.ConsumerCoordinator [node1:8080] - [Consumer clientId=consumer-order-events-consumer-4, groupId=order-events-consumer] Group coordinator localhost:9093 (id: 2147482646 rack: null) is unavailable or invalid due to cause: coordinator unavailable.isDisconnected: false. Rediscovery will be attempted.
2025-12-06 00:06:39.394 [org.springframework.kafka.KafkaListenerEndpointContainer#2-0-C-1] INFO  o.a.k.c.c.i.ConsumerCoordinator [node1:8080] - [Consumer clientId=consumer-notification-batch-consumer-1, groupId=notification-batch-consumer] Discovered group coordinator localhost:9093 (id: 2147482646 rack: null)
2025-12-06 00:06:39.423 [org.springframework.kafka.KafkaListenerEndpointContainer#0-0-C-1] INFO  o.a.k.c.c.i.ConsumerCoordinator [node1:8080] - [Consumer clientId=consumer-user-events-consumer-3, groupId=user-events-consumer] Discovered group coordinator localhost:9093 (id: 2147482646 rack: null)
2025-12-06 00:06:39.428 [org.springframework.kafka.KafkaListenerEndpointContainer#3-0-C-1] INFO  o.a.k.c.c.i.ConsumerCoordinator [node1:8080] - [Consumer clientId=consumer-pattern-consumer-2, groupId=pattern-consumer] Discovered group coordinator localhost:9093 (id: 2147482646 rack: null)
2025-12-06 00:06:39.429 [org.springframework.kafka.KafkaListenerEndpointContainer#1-0-C-1] INFO  o.a.k.c.c.i.ConsumerCoordinator [node1:8080] - [Consumer clientId=consumer-order-events-consumer-4, groupId=order-events-consumer] Discovered group coordinator localhost:9093 (id: 2147482646 rack: null)
2025-12-06 00:06:49.013 [HikariPool-1 housekeeper] WARN  com.zaxxer.hikari.pool.HikariPool [node1:8080] - HikariPool-1 - Thread starvation or clock leap detected (housekeeper delta=9m45s589ms).
2025-12-06 00:16:44.009 [org.springframework.kafka.KafkaListenerEndpointContainer#3-0-C-1] INFO  o.a.k.clients.FetchSessionHandler [node1:8080] - [Consumer clientId=consumer-pattern-consumer-2, groupId=pattern-consumer] Error sending fetch request (sessionId=1209575259, epoch=372) to node 1001:
org.apache.kafka.common.errors.DisconnectException: null
2025-12-06 00:16:44.012 [kafka-coordinator-heartbeat-thread | pattern-consumer] INFO  o.a.k.c.c.i.ConsumerCoordinator [node1:8080] - [Consumer clientId=consumer-pattern-consumer-2, groupId=pattern-consumer] Group coordinator localhost:9093 (id: 2147482646 rack: null) is unavailable or invalid due to cause: session timed out without receiving a heartbeat response.isDisconnected: false. Rediscovery will be attempted.
2025-12-06 00:16:44.013 [org.springframework.kafka.KafkaListenerEndpointContainer#0-0-C-1] INFO  o.a.k.clients.FetchSessionHandler [node1:8080] - [Consumer clientId=consumer-user-events-consumer-3, groupId=user-events-consumer] Error sending fetch request (sessionId=2046917693, epoch=373) to node 1001:
org.apache.kafka.common.errors.DisconnectException: null
2025-12-06 00:16:44.014 [kafka-coordinator-heartbeat-thread | user-events-consumer] INFO  o.a.k.c.c.i.ConsumerCoordinator [node1:8080] - [Consumer clientId=consumer-user-events-consumer-3, groupId=user-events-consumer] Group coordinator localhost:9093 (id: 2147482646 rack: null) is unavailable or invalid due to cause: session timed out without receiving a heartbeat response.isDisconnected: false. Rediscovery will be attempted.
2025-12-06 00:16:44.014 [org.springframework.kafka.KafkaListenerEndpointContainer#2-0-C-1] INFO  o.a.k.clients.FetchSessionHandler [node1:8080] - [Consumer clientId=consumer-notification-batch-consumer-1, groupId=notification-batch-consumer] Error sending fetch request (sessionId=1132958910, epoch=371) to node 1001:
org.apache.kafka.common.errors.DisconnectException: null
2025-12-06 00:16:44.014 [org.springframework.kafka.KafkaListenerEndpointContainer#1-0-C-1] INFO  o.a.k.clients.FetchSessionHandler [node1:8080] - [Consumer clientId=consumer-order-events-consumer-4, groupId=order-events-consumer] Error sending fetch request (sessionId=372917148, epoch=373) to node 1001:
org.apache.kafka.common.errors.DisconnectException: null
2025-12-06 00:16:44.015 [kafka-coordinator-heartbeat-thread | order-events-consumer] INFO  o.a.k.c.c.i.ConsumerCoordinator [node1:8080] - [Consumer clientId=consumer-order-events-consumer-4, groupId=order-events-consumer] Group coordinator localhost:9093 (id: 2147482646 rack: null) is unavailable or invalid due to cause: session timed out without receiving a heartbeat response.isDisconnected: false. Rediscovery will be attempted.
2025-12-06 00:16:44.015 [kafka-coordinator-heartbeat-thread | notification-batch-consumer] INFO  o.a.k.c.c.i.ConsumerCoordinator [node1:8080] - [Consumer clientId=consumer-notification-batch-consumer-1, groupId=notification-batch-consumer] Group coordinator localhost:9093 (id: 2147482646 rack: null) is unavailable or invalid due to cause: session timed out without receiving a heartbeat response.isDisconnected: false. Rediscovery will be attempted.
2025-12-06 00:16:45.198 [org.springframework.kafka.KafkaListenerEndpointContainer#2-0-C-1] INFO  o.a.k.c.c.i.ConsumerCoordinator [node1:8080] - [Consumer clientId=consumer-notification-batch-consumer-1, groupId=notification-batch-consumer] Discovered group coordinator localhost:9093 (id: 2147482646 rack: null)
2025-12-06 00:16:45.198 [org.springframework.kafka.KafkaListenerEndpointContainer#3-0-C-1] INFO  o.a.k.c.c.i.ConsumerCoordinator [node1:8080] - [Consumer clientId=consumer-pattern-consumer-2, groupId=pattern-consumer] Discovered group coordinator localhost:9093 (id: 2147482646 rack: null)
2025-12-06 00:16:45.211 [org.springframework.kafka.KafkaListenerEndpointContainer#1-0-C-1] INFO  o.a.k.c.c.i.ConsumerCoordinator [node1:8080] - [Consumer clientId=consumer-order-events-consumer-4, groupId=order-events-consumer] Discovered group coordinator localhost:9093 (id: 2147482646 rack: null)
2025-12-06 00:16:45.211 [org.springframework.kafka.KafkaListenerEndpointContainer#2-0-C-1] INFO  o.a.k.c.c.i.ConsumerCoordinator [node1:8080] - [Consumer clientId=consumer-notification-batch-consumer-1, groupId=notification-batch-consumer] Discovered group coordinator localhost:9093 (id: 2147482646 rack: null)
2025-12-06 00:16:45.219 [org.springframework.kafka.KafkaListenerEndpointContainer#0-0-C-1] INFO  o.a.k.c.c.i.ConsumerCoordinator [node1:8080] - [Consumer clientId=consumer-user-events-consumer-3, groupId=user-events-consumer] Discovered group coordinator localhost:9093 (id: 2147482646 rack: null)
2025-12-06 00:17:04.407 [HikariPool-1 housekeeper] WARN  com.zaxxer.hikari.pool.HikariPool [node1:8080] - HikariPool-1 - Thread starvation or clock leap detected (housekeeper delta=9m45s388ms).
2025-12-06 00:26:52.008 [HikariPool-1 housekeeper] WARN  com.zaxxer.hikari.pool.HikariPool [node1:8080] - HikariPool-1 - Thread starvation or clock leap detected (housekeeper delta=9m47s601ms).
2025-12-06 00:26:52.008 [org.springframework.kafka.KafkaListenerEndpointContainer#2-0-C-1] INFO  o.a.k.clients.FetchSessionHandler [node1:8080] - [Consumer clientId=consumer-notification-batch-consumer-1, groupId=notification-batch-consumer] Error sending fetch request (sessionId=2048306114, epoch=93) to node 1001:
org.apache.kafka.common.errors.DisconnectException: null
2025-12-06 00:26:52.008 [org.springframework.kafka.KafkaListenerEndpointContainer#0-0-C-1] INFO  o.a.k.clients.FetchSessionHandler [node1:8080] - [Consumer clientId=consumer-user-events-consumer-3, groupId=user-events-consumer] Error sending fetch request (sessionId=1387742432, epoch=93) to node 1001:
org.apache.kafka.common.errors.DisconnectException: null
2025-12-06 00:26:52.008 [org.springframework.kafka.KafkaListenerEndpointContainer#1-0-C-1] INFO  o.a.k.clients.FetchSessionHandler [node1:8080] - [Consumer clientId=consumer-order-events-consumer-4, groupId=order-events-consumer] Error sending fetch request (sessionId=250254116, epoch=93) to node 1001:
org.apache.kafka.common.errors.DisconnectException: null
2025-12-06 00:26:52.008 [kafka-coordinator-heartbeat-thread | order-events-consumer] INFO  o.a.k.c.c.i.ConsumerCoordinator [node1:8080] - [Consumer clientId=consumer-order-events-consumer-4, groupId=order-events-consumer] Group coordinator localhost:9093 (id: 2147482646 rack: null) is unavailable or invalid due to cause: session timed out without receiving a heartbeat response.isDisconnected: false. Rediscovery will be attempted.
2025-12-06 00:26:52.008 [org.springframework.kafka.KafkaListenerEndpointContainer#3-0-C-1] INFO  o.a.k.clients.FetchSessionHandler [node1:8080] - [Consumer clientId=consumer-pattern-consumer-2, groupId=pattern-consumer] Error sending fetch request (sessionId=1816706811, epoch=93) to node 1001:
org.apache.kafka.common.errors.DisconnectException: null
2025-12-06 00:26:52.012 [kafka-coordinator-heartbeat-thread | user-events-consumer] INFO  o.a.k.c.c.i.ConsumerCoordinator [node1:8080] - [Consumer clientId=consumer-user-events-consumer-3, groupId=user-events-consumer] Group coordinator localhost:9093 (id: 2147482646 rack: null) is unavailable or invalid due to cause: session timed out without receiving a heartbeat response.isDisconnected: false. Rediscovery will be attempted.
2025-12-06 00:26:52.013 [kafka-coordinator-heartbeat-thread | pattern-consumer] INFO  o.a.k.c.c.i.ConsumerCoordinator [node1:8080] - [Consumer clientId=consumer-pattern-consumer-2, groupId=pattern-consumer] Group coordinator localhost:9093 (id: 2147482646 rack: null) is unavailable or invalid due to cause: session timed out without receiving a heartbeat response.isDisconnected: false. Rediscovery will be attempted.
2025-12-06 00:26:52.124 [org.springframework.kafka.KafkaListenerEndpointContainer#1-0-C-1] INFO  o.a.k.c.c.i.ConsumerCoordinator [node1:8080] - [Consumer clientId=consumer-order-events-consumer-4, groupId=order-events-consumer] Discovered group coordinator localhost:9093 (id: 2147482646 rack: null)
2025-12-06 00:26:52.008 [kafka-coordinator-heartbeat-thread | notification-batch-consumer] INFO  o.a.k.c.c.i.ConsumerCoordinator [node1:8080] - [Consumer clientId=consumer-notification-batch-consumer-1, groupId=notification-batch-consumer] Group coordinator localhost:9093 (id: 2147482646 rack: null) is unavailable or invalid due to cause: session timed out without receiving a heartbeat response.isDisconnected: false. Rediscovery will be attempted.
2025-12-06 00:26:53.124 [org.springframework.kafka.KafkaListenerEndpointContainer#0-0-C-1] INFO  o.a.k.c.c.i.ConsumerCoordinator [node1:8080] - [Consumer clientId=consumer-user-events-consumer-3, groupId=user-events-consumer] Discovered group coordinator localhost:9093 (id: 2147482646 rack: null)
2025-12-06 00:26:53.124 [org.springframework.kafka.KafkaListenerEndpointContainer#3-0-C-1] INFO  o.a.k.c.c.i.ConsumerCoordinator [node1:8080] - [Consumer clientId=consumer-pattern-consumer-2, groupId=pattern-consumer] Discovered group coordinator localhost:9093 (id: 2147482646 rack: null)
2025-12-06 00:26:53.125 [org.springframework.kafka.KafkaListenerEndpointContainer#0-0-C-1] INFO  o.a.k.c.c.i.ConsumerCoordinator [node1:8080] - [Consumer clientId=consumer-user-events-consumer-3, groupId=user-events-consumer] Discovered group coordinator localhost:9093 (id: 2147482646 rack: null)
2025-12-06 00:26:53.126 [org.springframework.kafka.KafkaListenerEndpointContainer#3-0-C-1] INFO  o.a.k.c.c.i.ConsumerCoordinator [node1:8080] - [Consumer clientId=consumer-pattern-consumer-2, groupId=pattern-consumer] Discovered group coordinator localhost:9093 (id: 2147482646 rack: null)
2025-12-06 00:26:53.135 [org.springframework.kafka.KafkaListenerEndpointContainer#2-0-C-1] INFO  o.a.k.c.c.i.ConsumerCoordinator [node1:8080] - [Consumer clientId=consumer-notification-batch-consumer-1, groupId=notification-batch-consumer] Discovered group coordinator localhost:9093 (id: 2147482646 rack: null)
2025-12-06 00:26:53.137 [org.springframework.kafka.KafkaListenerEndpointContainer#2-0-C-1] INFO  o.a.k.c.c.i.ConsumerCoordinator [node1:8080] - [Consumer clientId=consumer-notification-batch-consumer-1, groupId=notification-batch-consumer] Discovered group coordinator localhost:9093 (id: 2147482646 rack: null)
2025-12-06 00:26:53.137 [org.springframework.kafka.KafkaListenerEndpointContainer#2-0-C-1] INFO  o.a.k.c.c.i.ConsumerCoordinator [node1:8080] - [Consumer clientId=consumer-notification-batch-consumer-1, groupId=notification-batch-consumer] Group coordinator localhost:9093 (id: 2147482646 rack: null) is unavailable or invalid due to cause: coordinator unavailable.isDisconnected: false. Rediscovery will be attempted.
2025-12-06 00:26:53.705 [org.springframework.kafka.KafkaListenerEndpointContainer#2-0-C-1] INFO  o.a.k.c.c.i.ConsumerCoordinator [node1:8080] - [Consumer clientId=consumer-notification-batch-consumer-1, groupId=notification-batch-consumer] Discovered group coordinator localhost:9093 (id: 2147482646 rack: null)
2025-12-06 00:36:57.006 [org.springframework.kafka.KafkaListenerEndpointContainer#1-0-C-1] INFO  o.a.k.clients.FetchSessionHandler [node1:8080] - [Consumer clientId=consumer-order-events-consumer-4, groupId=order-events-consumer] Error sending fetch request (sessionId=1264410666, epoch=94) to node 1001:
org.apache.kafka.common.errors.DisconnectException: null
2025-12-06 00:36:57.006 [org.springframework.kafka.KafkaListenerEndpointContainer#2-0-C-1] INFO  o.a.k.clients.FetchSessionHandler [node1:8080] - [Consumer clientId=consumer-notification-batch-consumer-1, groupId=notification-batch-consumer] Error sending fetch request (sessionId=848104708, epoch=92) to node 1001:
org.apache.kafka.common.errors.DisconnectException: null
2025-12-06 00:36:57.006 [org.springframework.kafka.KafkaListenerEndpointContainer#0-0-C-1] INFO  o.a.k.clients.FetchSessionHandler [node1:8080] - [Consumer clientId=consumer-user-events-consumer-3, groupId=user-events-consumer] Error sending fetch request (sessionId=347408238, epoch=92) to node 1001:
org.apache.kafka.common.errors.DisconnectException: null
2025-12-06 00:36:57.008 [org.springframework.kafka.KafkaListenerEndpointContainer#3-0-C-1] INFO  o.a.k.clients.FetchSessionHandler [node1:8080] - [Consumer clientId=consumer-pattern-consumer-2, groupId=pattern-consumer] Error sending fetch request (sessionId=2143622043, epoch=92) to node 1001:
org.apache.kafka.common.errors.DisconnectException: null
2025-12-06 00:36:57.010 [kafka-coordinator-heartbeat-thread | user-events-consumer] INFO  o.a.k.c.c.i.ConsumerCoordinator [node1:8080] - [Consumer clientId=consumer-user-events-consumer-3, groupId=user-events-consumer] Group coordinator localhost:9093 (id: 2147482646 rack: null) is unavailable or invalid due to cause: session timed out without receiving a heartbeat response.isDisconnected: false. Rediscovery will be attempted.
2025-12-06 00:36:57.010 [kafka-coordinator-heartbeat-thread | notification-batch-consumer] INFO  o.a.k.c.c.i.ConsumerCoordinator [node1:8080] - [Consumer clientId=consumer-notification-batch-consumer-1, groupId=notification-batch-consumer] Group coordinator localhost:9093 (id: 2147482646 rack: null) is unavailable or invalid due to cause: session timed out without receiving a heartbeat response.isDisconnected: false. Rediscovery will be attempted.
2025-12-06 00:36:57.011 [kafka-coordinator-heartbeat-thread | pattern-consumer] INFO  o.a.k.c.c.i.ConsumerCoordinator [node1:8080] - [Consumer clientId=consumer-pattern-consumer-2, groupId=pattern-consumer] Group coordinator localhost:9093 (id: 2147482646 rack: null) is unavailable or invalid due to cause: session timed out without receiving a heartbeat response.isDisconnected: false. Rediscovery will be attempted.
2025-12-06 00:36:57.010 [kafka-coordinator-heartbeat-thread | order-events-consumer] INFO  o.a.k.c.c.i.ConsumerCoordinator [node1:8080] - [Consumer clientId=consumer-order-events-consumer-4, groupId=order-events-consumer] Group coordinator localhost:9093 (id: 2147482646 rack: null) is unavailable or invalid due to cause: session timed out without receiving a heartbeat response.isDisconnected: false. Rediscovery will be attempted.
2025-12-06 00:36:58.140 [org.springframework.kafka.KafkaListenerEndpointContainer#0-0-C-1] INFO  o.a.k.c.c.i.ConsumerCoordinator [node1:8080] - [Consumer clientId=consumer-user-events-consumer-3, groupId=user-events-consumer] Discovered group coordinator localhost:9093 (id: 2147482646 rack: null)
2025-12-06 00:36:58.145 [org.springframework.kafka.KafkaListenerEndpointContainer#3-0-C-1] INFO  o.a.k.c.c.i.ConsumerCoordinator [node1:8080] - [Consumer clientId=consumer-pattern-consumer-2, groupId=pattern-consumer] Discovered group coordinator localhost:9093 (id: 2147482646 rack: null)
2025-12-06 00:36:58.145 [org.springframework.kafka.KafkaListenerEndpointContainer#2-0-C-1] INFO  o.a.k.c.c.i.ConsumerCoordinator [node1:8080] - [Consumer clientId=consumer-notification-batch-consumer-1, groupId=notification-batch-consumer] Discovered group coordinator localhost:9093 (id: 2147482646 rack: null)
2025-12-06 00:36:58.151 [org.springframework.kafka.KafkaListenerEndpointContainer#0-0-C-1] INFO  o.a.k.c.c.i.ConsumerCoordinator [node1:8080] - [Consumer clientId=consumer-user-events-consumer-3, groupId=user-events-consumer] Discovered group coordinator localhost:9093 (id: 2147482646 rack: null)
2025-12-06 00:36:58.151 [org.springframework.kafka.KafkaListenerEndpointContainer#2-0-C-1] INFO  o.a.k.c.c.i.ConsumerCoordinator [node1:8080] - [Consumer clientId=consumer-notification-batch-consumer-1, groupId=notification-batch-consumer] Discovered group coordinator localhost:9093 (id: 2147482646 rack: null)
2025-12-06 00:36:58.152 [org.springframework.kafka.KafkaListenerEndpointContainer#3-0-C-1] INFO  o.a.k.c.c.i.ConsumerCoordinator [node1:8080] - [Consumer clientId=consumer-pattern-consumer-2, groupId=pattern-consumer] Discovered group coordinator localhost:9093 (id: 2147482646 rack: null)
2025-12-06 00:36:58.152 [org.springframework.kafka.KafkaListenerEndpointContainer#3-0-C-1] INFO  o.a.k.c.c.i.ConsumerCoordinator [node1:8080] - [Consumer clientId=consumer-pattern-consumer-2, groupId=pattern-consumer] Group coordinator localhost:9093 (id: 2147482646 rack: null) is unavailable or invalid due to cause: coordinator unavailable.isDisconnected: false. Rediscovery will be attempted.
2025-12-06 00:36:58.164 [org.springframework.kafka.KafkaListenerEndpointContainer#1-0-C-1] INFO  o.a.k.c.c.i.ConsumerCoordinator [node1:8080] - [Consumer clientId=consumer-order-events-consumer-4, groupId=order-events-consumer] Discovered group coordinator localhost:9093 (id: 2147482646 rack: null)
2025-12-06 00:36:58.167 [org.springframework.kafka.KafkaListenerEndpointContainer#1-0-C-1] INFO  o.a.k.c.c.i.ConsumerCoordinator [node1:8080] - [Consumer clientId=consumer-order-events-consumer-4, groupId=order-events-consumer] Discovered group coordinator localhost:9093 (id: 2147482646 rack: null)
2025-12-06 00:36:58.167 [org.springframework.kafka.KafkaListenerEndpointContainer#1-0-C-1] INFO  o.a.k.c.c.i.ConsumerCoordinator [node1:8080] - [Consumer clientId=consumer-order-events-consumer-4, groupId=order-events-consumer] Group coordinator localhost:9093 (id: 2147482646 rack: null) is unavailable or invalid due to cause: coordinator unavailable.isDisconnected: false. Rediscovery will be attempted.
2025-12-06 00:36:58.257 [org.springframework.kafka.KafkaListenerEndpointContainer#3-0-C-1] INFO  o.a.k.c.c.i.ConsumerCoordinator [node1:8080] - [Consumer clientId=consumer-pattern-consumer-2, groupId=pattern-consumer] Discovered group coordinator localhost:9093 (id: 2147482646 rack: null)
2025-12-06 00:36:58.279 [org.springframework.kafka.KafkaListenerEndpointContainer#1-0-C-1] INFO  o.a.k.c.c.i.ConsumerCoordinator [node1:8080] - [Consumer clientId=consumer-order-events-consumer-4, groupId=order-events-consumer] Discovered group coordinator localhost:9093 (id: 2147482646 rack: null)
2025-12-06 00:37:08.024 [HikariPool-1 housekeeper] WARN  com.zaxxer.hikari.pool.HikariPool [node1:8080] - HikariPool-1 - Thread starvation or clock leap detected (housekeeper delta=9m45s552ms).
2025-12-06 00:47:04.007 [org.springframework.kafka.KafkaListenerEndpointContainer#2-0-C-1] INFO  o.a.k.clients.FetchSessionHandler [node1:8080] - [Consumer clientId=consumer-notification-batch-consumer-1, groupId=notification-batch-consumer] Error sending fetch request (sessionId=1756654330, epoch=94) to node 1001:
org.apache.kafka.common.errors.DisconnectException: null
2025-12-06 00:47:04.007 [org.springframework.kafka.KafkaListenerEndpointContainer#1-0-C-1] INFO  o.a.k.clients.FetchSessionHandler [node1:8080] - [Consumer clientId=consumer-order-events-consumer-4, groupId=order-events-consumer] Error sending fetch request (sessionId=1428143682, epoch=94) to node 1001:
org.apache.kafka.common.errors.DisconnectException: null
2025-12-06 00:47:04.007 [org.springframework.kafka.KafkaListenerEndpointContainer#3-0-C-1] INFO  o.a.k.clients.FetchSessionHandler [node1:8080] - [Consumer clientId=consumer-pattern-consumer-2, groupId=pattern-consumer] Error sending fetch request (sessionId=587464170, epoch=94) to node 1001:
org.apache.kafka.common.errors.DisconnectException: null
2025-12-06 00:47:04.011 [kafka-coordinator-heartbeat-thread | notification-batch-consumer] INFO  o.a.k.c.c.i.ConsumerCoordinator [node1:8080] - [Consumer clientId=consumer-notification-batch-consumer-1, groupId=notification-batch-consumer] Group coordinator localhost:9093 (id: 2147482646 rack: null) is unavailable or invalid due to cause: session timed out without receiving a heartbeat response.isDisconnected: false. Rediscovery will be attempted.
2025-12-06 00:47:04.007 [org.springframework.kafka.KafkaListenerEndpointContainer#0-0-C-1] INFO  o.a.k.clients.FetchSessionHandler [node1:8080] - [Consumer clientId=consumer-user-events-consumer-3, groupId=user-events-consumer] Error sending fetch request (sessionId=1648876818, epoch=94) to node 1001:
org.apache.kafka.common.errors.DisconnectException: null
2025-12-06 00:47:04.012 [kafka-coordinator-heartbeat-thread | pattern-consumer] INFO  o.a.k.c.c.i.ConsumerCoordinator [node1:8080] - [Consumer clientId=consumer-pattern-consumer-2, groupId=pattern-consumer] Group coordinator localhost:9093 (id: 2147482646 rack: null) is unavailable or invalid due to cause: session timed out without receiving a heartbeat response.isDisconnected: false. Rediscovery will be attempted.
2025-12-06 00:47:04.012 [kafka-coordinator-heartbeat-thread | user-events-consumer] INFO  o.a.k.c.c.i.ConsumerCoordinator [node1:8080] - [Consumer clientId=consumer-user-events-consumer-3, groupId=user-events-consumer] Group coordinator localhost:9093 (id: 2147482646 rack: null) is unavailable or invalid due to cause: session timed out without receiving a heartbeat response.isDisconnected: false. Rediscovery will be attempted.
2025-12-06 00:47:04.011 [kafka-coordinator-heartbeat-thread | order-events-consumer] INFO  o.a.k.c.c.i.ConsumerCoordinator [node1:8080] - [Consumer clientId=consumer-order-events-consumer-4, groupId=order-events-consumer] Group coordinator localhost:9093 (id: 2147482646 rack: null) is unavailable or invalid due to cause: session timed out without receiving a heartbeat response.isDisconnected: false. Rediscovery will be attempted.
2025-12-06 00:47:04.124 [org.springframework.kafka.KafkaListenerEndpointContainer#1-0-C-1] INFO  o.a.k.c.c.i.ConsumerCoordinator [node1:8080] - [Consumer clientId=consumer-order-events-consumer-4, groupId=order-events-consumer] Discovered group coordinator localhost:9093 (id: 2147482646 rack: null)
2025-12-06 00:47:04.125 [org.springframework.kafka.KafkaListenerEndpointContainer#2-0-C-1] INFO  o.a.k.c.c.i.ConsumerCoordinator [node1:8080] - [Consumer clientId=consumer-notification-batch-consumer-1, groupId=notification-batch-consumer] Discovered group coordinator localhost:9093 (id: 2147482646 rack: null)
2025-12-06 00:47:05.099 [org.springframework.kafka.KafkaListenerEndpointContainer#0-0-C-1] INFO  o.a.k.c.c.i.ConsumerCoordinator [node1:8080] - [Consumer clientId=consumer-user-events-consumer-3, groupId=user-events-consumer] Discovered group coordinator localhost:9093 (id: 2147482646 rack: null)
2025-12-06 00:47:05.101 [org.springframework.kafka.KafkaListenerEndpointContainer#3-0-C-1] INFO  o.a.k.c.c.i.ConsumerCoordinator [node1:8080] - [Consumer clientId=consumer-pattern-consumer-2, groupId=pattern-consumer] Discovered group coordinator localhost:9093 (id: 2147482646 rack: null)
2025-12-06 00:47:23.439 [HikariPool-1 housekeeper] WARN  com.zaxxer.hikari.pool.HikariPool [node1:8080] - HikariPool-1 - Thread starvation or clock leap detected (housekeeper delta=9m45s412ms).
2025-12-06 00:57:09.006 [HikariPool-1 housekeeper] WARN  com.zaxxer.hikari.pool.HikariPool [node1:8080] - HikariPool-1 - Thread starvation or clock leap detected (housekeeper delta=9m45s567ms).
2025-12-06 00:57:09.006 [org.springframework.kafka.KafkaListenerEndpointContainer#1-0-C-1] INFO  o.a.k.clients.FetchSessionHandler [node1:8080] - [Consumer clientId=consumer-order-events-consumer-4, groupId=order-events-consumer] Error sending fetch request (sessionId=1187134835, epoch=94) to node 1001:
org.apache.kafka.common.errors.DisconnectException: null
2025-12-06 00:57:09.006 [org.springframework.kafka.KafkaListenerEndpointContainer#0-0-C-1] INFO  o.a.k.clients.FetchSessionHandler [node1:8080] - [Consumer clientId=consumer-user-events-consumer-3, groupId=user-events-consumer] Error sending fetch request (sessionId=1163496554, epoch=92) to node 1001:
org.apache.kafka.common.errors.DisconnectException: null
2025-12-06 00:57:09.010 [kafka-coordinator-heartbeat-thread | order-events-consumer] INFO  o.a.k.c.c.i.ConsumerCoordinator [node1:8080] - [Consumer clientId=consumer-order-events-consumer-4, groupId=order-events-consumer] Group coordinator localhost:9093 (id: 2147482646 rack: null) is unavailable or invalid due to cause: session timed out without receiving a heartbeat response.isDisconnected: false. Rediscovery will be attempted.
2025-12-06 00:57:09.006 [org.springframework.kafka.KafkaListenerEndpointContainer#3-0-C-1] INFO  o.a.k.clients.FetchSessionHandler [node1:8080] - [Consumer clientId=consumer-pattern-consumer-2, groupId=pattern-consumer] Error sending fetch request (sessionId=364391509, epoch=92) to node 1001:
org.apache.kafka.common.errors.DisconnectException: null
2025-12-06 00:57:09.012 [kafka-coordinator-heartbeat-thread | pattern-consumer] INFO  o.a.k.c.c.i.ConsumerCoordinator [node1:8080] - [Consumer clientId=consumer-pattern-consumer-2, groupId=pattern-consumer] Group coordinator localhost:9093 (id: 2147482646 rack: null) is unavailable or invalid due to cause: session timed out without receiving a heartbeat response.isDisconnected: false. Rediscovery will be attempted.
2025-12-06 00:57:09.012 [kafka-coordinator-heartbeat-thread | notification-batch-consumer] INFO  o.a.k.c.c.i.ConsumerCoordinator [node1:8080] - [Consumer clientId=consumer-notification-batch-consumer-1, groupId=notification-batch-consumer] Group coordinator localhost:9093 (id: 2147482646 rack: null) is unavailable or invalid due to cause: session timed out without receiving a heartbeat response.isDisconnected: false. Rediscovery will be attempted.
2025-12-06 00:57:09.006 [org.springframework.kafka.KafkaListenerEndpointContainer#2-0-C-1] INFO  o.a.k.clients.FetchSessionHandler [node1:8080] - [Consumer clientId=consumer-notification-batch-consumer-1, groupId=notification-batch-consumer] Error sending fetch request (sessionId=2098951756, epoch=94) to node 1001:
org.apache.kafka.common.errors.DisconnectException: null
2025-12-06 00:57:10.087 [kafka-coordinator-heartbeat-thread | user-events-consumer] INFO  o.a.k.c.c.i.ConsumerCoordinator [node1:8080] - [Consumer clientId=consumer-user-events-consumer-3, groupId=user-events-consumer] Group coordinator localhost:9093 (id: 2147482646 rack: null) is unavailable or invalid due to cause: session timed out without receiving a heartbeat response.isDisconnected: false. Rediscovery will be attempted.
2025-12-06 00:57:10.130 [org.springframework.kafka.KafkaListenerEndpointContainer#1-0-C-1] INFO  o.a.k.c.c.i.ConsumerCoordinator [node1:8080] - [Consumer clientId=consumer-order-events-consumer-4, groupId=order-events-consumer] Discovered group coordinator localhost:9093 (id: 2147482646 rack: null)
2025-12-06 00:57:10.132 [org.springframework.kafka.KafkaListenerEndpointContainer#0-0-C-1] INFO  o.a.k.c.c.i.ConsumerCoordinator [node1:8080] - [Consumer clientId=consumer-user-events-consumer-3, groupId=user-events-consumer] Discovered group coordinator localhost:9093 (id: 2147482646 rack: null)
2025-12-06 00:57:10.134 [org.springframework.kafka.KafkaListenerEndpointContainer#3-0-C-1] INFO  o.a.k.c.c.i.ConsumerCoordinator [node1:8080] - [Consumer clientId=consumer-pattern-consumer-2, groupId=pattern-consumer] Discovered group coordinator localhost:9093 (id: 2147482646 rack: null)
2025-12-06 00:57:10.137 [org.springframework.kafka.KafkaListenerEndpointContainer#0-0-C-1] INFO  o.a.k.c.c.i.ConsumerCoordinator [node1:8080] - [Consumer clientId=consumer-user-events-consumer-3, groupId=user-events-consumer] Discovered group coordinator localhost:9093 (id: 2147482646 rack: null)
2025-12-06 00:57:10.141 [org.springframework.kafka.KafkaListenerEndpointContainer#2-0-C-1] INFO  o.a.k.c.c.i.ConsumerCoordinator [node1:8080] - [Consumer clientId=consumer-notification-batch-consumer-1, groupId=notification-batch-consumer] Discovered group coordinator localhost:9093 (id: 2147482646 rack: null)
2025-12-06 00:57:10.142 [org.springframework.kafka.KafkaListenerEndpointContainer#0-0-C-1] INFO  o.a.k.c.c.i.ConsumerCoordinator [node1:8080] - [Consumer clientId=consumer-user-events-consumer-3, groupId=user-events-consumer] Discovered group coordinator localhost:9093 (id: 2147482646 rack: null)
2025-12-06 00:57:10.142 [org.springframework.kafka.KafkaListenerEndpointContainer#0-0-C-1] INFO  o.a.k.c.c.i.ConsumerCoordinator [node1:8080] - [Consumer clientId=consumer-user-events-consumer-3, groupId=user-events-consumer] Group coordinator localhost:9093 (id: 2147482646 rack: null) is unavailable or invalid due to cause: coordinator unavailable.isDisconnected: false. Rediscovery will be attempted.
2025-12-06 00:57:10.250 [org.springframework.kafka.KafkaListenerEndpointContainer#0-0-C-1] INFO  o.a.k.c.c.i.ConsumerCoordinator [node1:8080] - [Consumer clientId=consumer-user-events-consumer-3, groupId=user-events-consumer] Discovered group coordinator localhost:9093 (id: 2147482646 rack: null)
2025-12-06 01:07:15.006 [org.springframework.kafka.KafkaListenerEndpointContainer#2-0-C-1] INFO  o.a.k.clients.FetchSessionHandler [node1:8080] - [Consumer clientId=consumer-notification-batch-consumer-1, groupId=notification-batch-consumer] Error sending fetch request (sessionId=2058473697, epoch=92) to node 1001:
org.apache.kafka.common.errors.DisconnectException: null
2025-12-06 01:07:15.006 [org.springframework.kafka.KafkaListenerEndpointContainer#3-0-C-1] INFO  o.a.k.clients.FetchSessionHandler [node1:8080] - [Consumer clientId=consumer-pattern-consumer-2, groupId=pattern-consumer] Error sending fetch request (sessionId=420116909, epoch=92) to node 1001:
org.apache.kafka.common.errors.DisconnectException: null
2025-12-06 01:07:15.007 [kafka-coordinator-heartbeat-thread | pattern-consumer] INFO  o.a.k.c.c.i.ConsumerCoordinator [node1:8080] - [Consumer clientId=consumer-pattern-consumer-2, groupId=pattern-consumer] Group coordinator localhost:9093 (id: 2147482646 rack: null) is unavailable or invalid due to cause: session timed out without receiving a heartbeat response.isDisconnected: false. Rediscovery will be attempted.
2025-12-06 01:07:15.007 [org.springframework.kafka.KafkaListenerEndpointContainer#1-0-C-1] INFO  o.a.k.clients.FetchSessionHandler [node1:8080] - [Consumer clientId=consumer-order-events-consumer-4, groupId=order-events-consumer] Error sending fetch request (sessionId=806034747, epoch=92) to node 1001:
org.apache.kafka.common.errors.DisconnectException: null
2025-12-06 01:07:15.006 [org.springframework.kafka.KafkaListenerEndpointContainer#0-0-C-1] INFO  o.a.k.clients.FetchSessionHandler [node1:8080] - [Consumer clientId=consumer-user-events-consumer-3, groupId=user-events-consumer] Error sending fetch request (sessionId=795855343, epoch=92) to node 1001:
org.apache.kafka.common.errors.DisconnectException: null
2025-12-06 01:07:15.010 [kafka-coordinator-heartbeat-thread | order-events-consumer] INFO  o.a.k.c.c.i.ConsumerCoordinator [node1:8080] - [Consumer clientId=consumer-order-events-consumer-4, groupId=order-events-consumer] Group coordinator localhost:9093 (id: 2147482646 rack: null) is unavailable or invalid due to cause: session timed out without receiving a heartbeat response.isDisconnected: false. Rediscovery will be attempted.
2025-12-06 01:07:15.013 [kafka-coordinator-heartbeat-thread | user-events-consumer] INFO  o.a.k.c.c.i.ConsumerCoordinator [node1:8080] - [Consumer clientId=consumer-user-events-consumer-3, groupId=user-events-consumer] Group coordinator localhost:9093 (id: 2147482646 rack: null) is unavailable or invalid due to cause: session timed out without receiving a heartbeat response.isDisconnected: false. Rediscovery will be attempted.
2025-12-06 01:07:15.016 [kafka-coordinator-heartbeat-thread | notification-batch-consumer] INFO  o.a.k.c.c.i.ConsumerCoordinator [node1:8080] - [Consumer clientId=consumer-notification-batch-consumer-1, groupId=notification-batch-consumer] Group coordinator localhost:9093 (id: 2147482646 rack: null) is unavailable or invalid due to cause: session timed out without receiving a heartbeat response.isDisconnected: false. Rediscovery will be attempted.
2025-12-06 01:07:16.121 [org.springframework.kafka.KafkaListenerEndpointContainer#0-0-C-1] INFO  o.a.k.c.c.i.ConsumerCoordinator [node1:8080] - [Consumer clientId=consumer-user-events-consumer-3, groupId=user-events-consumer] Discovered group coordinator localhost:9093 (id: 2147482646 rack: null)
2025-12-06 01:07:16.122 [org.springframework.kafka.KafkaListenerEndpointContainer#2-0-C-1] INFO  o.a.k.c.c.i.ConsumerCoordinator [node1:8080] - [Consumer clientId=consumer-notification-batch-consumer-1, groupId=notification-batch-consumer] Discovered group coordinator localhost:9093 (id: 2147482646 rack: null)
2025-12-06 01:07:16.123 [org.springframework.kafka.KafkaListenerEndpointContainer#1-0-C-1] INFO  o.a.k.c.c.i.ConsumerCoordinator [node1:8080] - [Consumer clientId=consumer-order-events-consumer-4, groupId=order-events-consumer] Discovered group coordinator localhost:9093 (id: 2147482646 rack: null)
2025-12-06 01:07:16.125 [org.springframework.kafka.KafkaListenerEndpointContainer#3-0-C-1] INFO  o.a.k.c.c.i.ConsumerCoordinator [node1:8080] - [Consumer clientId=consumer-pattern-consumer-2, groupId=pattern-consumer] Discovered group coordinator localhost:9093 (id: 2147482646 rack: null)
2025-12-06 01:07:21.454 [HikariPool-1 housekeeper] WARN  com.zaxxer.hikari.pool.HikariPool [node1:8080] - HikariPool-1 - Thread starvation or clock leap detected (housekeeper delta=9m41s527ms).
2025-12-06 01:17:19.003 [org.springframework.kafka.KafkaListenerEndpointContainer#3-0-C-1] INFO  o.a.k.clients.FetchSessionHandler [node1:8080] - [Consumer clientId=consumer-pattern-consumer-2, groupId=pattern-consumer] Error sending fetch request (sessionId=917359597, epoch=92) to node 1001:
org.apache.kafka.common.errors.DisconnectException: null
2025-12-06 01:17:19.004 [org.springframework.kafka.KafkaListenerEndpointContainer#2-0-C-1] INFO  o.a.k.clients.FetchSessionHandler [node1:8080] - [Consumer clientId=consumer-notification-batch-consumer-1, groupId=notification-batch-consumer] Error sending fetch request (sessionId=1669238712, epoch=92) to node 1001:
org.apache.kafka.common.errors.DisconnectException: null
2025-12-06 01:17:19.004 [org.springframework.kafka.KafkaListenerEndpointContainer#1-0-C-1] INFO  o.a.k.clients.FetchSessionHandler [node1:8080] - [Consumer clientId=consumer-order-events-consumer-4, groupId=order-events-consumer] Error sending fetch request (sessionId=362816394, epoch=91) to node 1001:
org.apache.kafka.common.errors.DisconnectException: null
2025-12-06 01:17:19.008 [kafka-coordinator-heartbeat-thread | notification-batch-consumer] INFO  o.a.k.c.c.i.ConsumerCoordinator [node1:8080] - [Consumer clientId=consumer-notification-batch-consumer-1, groupId=notification-batch-consumer] Group coordinator localhost:9093 (id: 2147482646 rack: null) is unavailable or invalid due to cause: session timed out without receiving a heartbeat response.isDisconnected: false. Rediscovery will be attempted.
2025-12-06 01:17:19.004 [org.springframework.kafka.KafkaListenerEndpointContainer#0-0-C-1] INFO  o.a.k.clients.FetchSessionHandler [node1:8080] - [Consumer clientId=consumer-user-events-consumer-3, groupId=user-events-consumer] Error sending fetch request (sessionId=989833278, epoch=91) to node 1001:
org.apache.kafka.common.errors.DisconnectException: null
2025-12-06 01:17:19.008 [kafka-coordinator-heartbeat-thread | order-events-consumer] INFO  o.a.k.c.c.i.ConsumerCoordinator [node1:8080] - [Consumer clientId=consumer-order-events-consumer-4, groupId=order-events-consumer] Group coordinator localhost:9093 (id: 2147482646 rack: null) is unavailable or invalid due to cause: session timed out without receiving a heartbeat response.isDisconnected: false. Rediscovery will be attempted.
2025-12-06 01:17:19.010 [kafka-coordinator-heartbeat-thread | pattern-consumer] INFO  o.a.k.c.c.i.ConsumerCoordinator [node1:8080] - [Consumer clientId=consumer-pattern-consumer-2, groupId=pattern-consumer] Group coordinator localhost:9093 (id: 2147482646 rack: null) is unavailable or invalid due to cause: session timed out without receiving a heartbeat response.isDisconnected: false. Rediscovery will be attempted.
2025-12-06 01:17:20.097 [kafka-coordinator-heartbeat-thread | user-events-consumer] INFO  o.a.k.c.c.i.ConsumerCoordinator [node1:8080] - [Consumer clientId=consumer-user-events-consumer-3, groupId=user-events-consumer] Group coordinator localhost:9093 (id: 2147482646 rack: null) is unavailable or invalid due to cause: session timed out without receiving a heartbeat response.isDisconnected: false. Rediscovery will be attempted.
2025-12-06 01:17:20.123 [org.springframework.kafka.KafkaListenerEndpointContainer#1-0-C-1] INFO  o.a.k.c.c.i.ConsumerCoordinator [node1:8080] - [Consumer clientId=consumer-order-events-consumer-4, groupId=order-events-consumer] Discovered group coordinator localhost:9093 (id: 2147482646 rack: null)
2025-12-06 01:17:20.125 [org.springframework.kafka.KafkaListenerEndpointContainer#3-0-C-1] INFO  o.a.k.c.c.i.ConsumerCoordinator [node1:8080] - [Consumer clientId=consumer-pattern-consumer-2, groupId=pattern-consumer] Discovered group coordinator localhost:9093 (id: 2147482646 rack: null)
2025-12-06 01:17:20.128 [org.springframework.kafka.KafkaListenerEndpointContainer#2-0-C-1] INFO  o.a.k.c.c.i.ConsumerCoordinator [node1:8080] - [Consumer clientId=consumer-notification-batch-consumer-1, groupId=notification-batch-consumer] Discovered group coordinator localhost:9093 (id: 2147482646 rack: null)
2025-12-06 01:17:20.128 [org.springframework.kafka.KafkaListenerEndpointContainer#0-0-C-1] INFO  o.a.k.c.c.i.ConsumerCoordinator [node1:8080] - [Consumer clientId=consumer-user-events-consumer-3, groupId=user-events-consumer] Discovered group coordinator localhost:9093 (id: 2147482646 rack: null)
2025-12-06 01:17:20.132 [org.springframework.kafka.KafkaListenerEndpointContainer#0-0-C-1] INFO  o.a.k.c.c.i.ConsumerCoordinator [node1:8080] - [Consumer clientId=consumer-user-events-consumer-3, groupId=user-events-consumer] Discovered group coordinator localhost:9093 (id: 2147482646 rack: null)
2025-12-06 01:17:20.132 [org.springframework.kafka.KafkaListenerEndpointContainer#0-0-C-1] INFO  o.a.k.c.c.i.ConsumerCoordinator [node1:8080] - [Consumer clientId=consumer-user-events-consumer-3, groupId=user-events-consumer] Group coordinator localhost:9093 (id: 2147482646 rack: null) is unavailable or invalid due to cause: coordinator unavailable.isDisconnected: false. Rediscovery will be attempted.
2025-12-06 01:17:24.647 [org.springframework.kafka.KafkaListenerEndpointContainer#0-0-C-1] INFO  o.a.k.c.c.i.ConsumerCoordinator [node1:8080] - [Consumer clientId=consumer-user-events-consumer-3, groupId=user-events-consumer] Discovered group coordinator localhost:9093 (id: 2147482646 rack: null)
2025-12-06 01:17:25.152 [org.springframework.kafka.KafkaListenerEndpointContainer#0-0-C-1] INFO  o.a.k.c.c.i.ConsumerCoordinator [node1:8080] - [Consumer clientId=consumer-user-events-consumer-3, groupId=user-events-consumer] Discovered group coordinator localhost:9093 (id: 2147482646 rack: null)
2025-12-06 01:17:43.535 [HikariPool-1 housekeeper] WARN  com.zaxxer.hikari.pool.HikariPool [node1:8080] - HikariPool-1 - Thread starvation or clock leap detected (housekeeper delta=9m52s79ms).
2025-12-06 01:27:29.008 [org.springframework.kafka.KafkaListenerEndpointContainer#2-0-C-1] INFO  o.a.k.clients.FetchSessionHandler [node1:8080] - [Consumer clientId=consumer-notification-batch-consumer-1, groupId=notification-batch-consumer] Error sending fetch request (sessionId=592458545, epoch=93) to node 1001:
org.apache.kafka.common.errors.DisconnectException: null
2025-12-06 01:27:29.008 [org.springframework.kafka.KafkaListenerEndpointContainer#1-0-C-1] INFO  o.a.k.clients.FetchSessionHandler [node1:8080] - [Consumer clientId=consumer-order-events-consumer-4, groupId=order-events-consumer] Error sending fetch request (sessionId=1495513572, epoch=93) to node 1001:
org.apache.kafka.common.errors.DisconnectException: null
2025-12-06 01:27:29.009 [org.springframework.kafka.KafkaListenerEndpointContainer#0-0-C-1] INFO  o.a.k.clients.FetchSessionHandler [node1:8080] - [Consumer clientId=consumer-user-events-consumer-3, groupId=user-events-consumer] Error sending fetch request (sessionId=1873911658, epoch=93) to node 1001:
org.apache.kafka.common.errors.DisconnectException: null
2025-12-06 01:27:29.015 [kafka-coordinator-heartbeat-thread | notification-batch-consumer] INFO  o.a.k.c.c.i.ConsumerCoordinator [node1:8080] - [Consumer clientId=consumer-notification-batch-consumer-1, groupId=notification-batch-consumer] Group coordinator localhost:9093 (id: 2147482646 rack: null) is unavailable or invalid due to cause: session timed out without receiving a heartbeat response.isDisconnected: false. Rediscovery will be attempted.
2025-12-06 01:27:29.008 [org.springframework.kafka.KafkaListenerEndpointContainer#3-0-C-1] INFO  o.a.k.clients.FetchSessionHandler [node1:8080] - [Consumer clientId=consumer-pattern-consumer-2, groupId=pattern-consumer] Error sending fetch request (sessionId=1035047799, epoch=93) to node 1001:
org.apache.kafka.common.errors.DisconnectException: null
2025-12-06 01:27:29.015 [kafka-coordinator-heartbeat-thread | order-events-consumer] INFO  o.a.k.c.c.i.ConsumerCoordinator [node1:8080] - [Consumer clientId=consumer-order-events-consumer-4, groupId=order-events-consumer] Group coordinator localhost:9093 (id: 2147482646 rack: null) is unavailable or invalid due to cause: session timed out without receiving a heartbeat response.isDisconnected: false. Rediscovery will be attempted.
2025-12-06 01:27:29.015 [kafka-coordinator-heartbeat-thread | user-events-consumer] INFO  o.a.k.c.c.i.ConsumerCoordinator [node1:8080] - [Consumer clientId=consumer-user-events-consumer-3, groupId=user-events-consumer] Group coordinator localhost:9093 (id: 2147482646 rack: null) is unavailable or invalid due to cause: session timed out without receiving a heartbeat response.isDisconnected: false. Rediscovery will be attempted.
2025-12-06 01:27:29.015 [HikariPool-1 housekeeper] WARN  com.zaxxer.hikari.pool.HikariPool [node1:8080] - HikariPool-1 - Thread starvation or clock leap detected (housekeeper delta=9m45s480ms).
2025-12-06 01:27:29.017 [kafka-coordinator-heartbeat-thread | pattern-consumer] INFO  o.a.k.c.c.i.ConsumerCoordinator [node1:8080] - [Consumer clientId=consumer-pattern-consumer-2, groupId=pattern-consumer] Group coordinator localhost:9093 (id: 2147482646 rack: null) is unavailable or invalid due to cause: session timed out without receiving a heartbeat response.isDisconnected: false. Rediscovery will be attempted.
2025-12-06 01:27:30.148 [org.springframework.kafka.KafkaListenerEndpointContainer#0-0-C-1] INFO  o.a.k.c.c.i.ConsumerCoordinator [node1:8080] - [Consumer clientId=consumer-user-events-consumer-3, groupId=user-events-consumer] Discovered group coordinator localhost:9093 (id: 2147482646 rack: null)
2025-12-06 01:27:30.148 [org.springframework.kafka.KafkaListenerEndpointContainer#0-0-C-1] INFO  o.a.k.c.c.i.ConsumerCoordinator [node1:8080] - [Consumer clientId=consumer-user-events-consumer-3, groupId=user-events-consumer] Discovered group coordinator localhost:9093 (id: 2147482646 rack: null)
2025-12-06 01:27:30.160 [org.springframework.kafka.KafkaListenerEndpointContainer#1-0-C-1] INFO  o.a.k.c.c.i.ConsumerCoordinator [node1:8080] - [Consumer clientId=consumer-order-events-consumer-4, groupId=order-events-consumer] Discovered group coordinator localhost:9093 (id: 2147482646 rack: null)
2025-12-06 01:27:30.161 [org.springframework.kafka.KafkaListenerEndpointContainer#3-0-C-1] INFO  o.a.k.c.c.i.ConsumerCoordinator [node1:8080] - [Consumer clientId=consumer-pattern-consumer-2, groupId=pattern-consumer] Discovered group coordinator localhost:9093 (id: 2147482646 rack: null)
2025-12-06 01:27:30.168 [org.springframework.kafka.KafkaListenerEndpointContainer#3-0-C-1] INFO  o.a.k.c.c.i.ConsumerCoordinator [node1:8080] - [Consumer clientId=consumer-pattern-consumer-2, groupId=pattern-consumer] Discovered group coordinator localhost:9093 (id: 2147482646 rack: null)
2025-12-06 01:27:30.168 [org.springframework.kafka.KafkaListenerEndpointContainer#1-0-C-1] INFO  o.a.k.c.c.i.ConsumerCoordinator [node1:8080] - [Consumer clientId=consumer-order-events-consumer-4, groupId=order-events-consumer] Discovered group coordinator localhost:9093 (id: 2147482646 rack: null)
2025-12-06 01:27:30.182 [org.springframework.kafka.KafkaListenerEndpointContainer#2-0-C-1] INFO  o.a.k.c.c.i.ConsumerCoordinator [node1:8080] - [Consumer clientId=consumer-notification-batch-consumer-1, groupId=notification-batch-consumer] Discovered group coordinator localhost:9093 (id: 2147482646 rack: null)
2025-12-06 01:27:30.187 [org.springframework.kafka.KafkaListenerEndpointContainer#2-0-C-1] INFO  o.a.k.c.c.i.ConsumerCoordinator [node1:8080] - [Consumer clientId=consumer-notification-batch-consumer-1, groupId=notification-batch-consumer] Discovered group coordinator localhost:9093 (id: 2147482646 rack: null)
2025-12-06 01:37:34.004 [org.springframework.kafka.KafkaListenerEndpointContainer#0-0-C-1] INFO  o.a.k.clients.FetchSessionHandler [node1:8080] - [Consumer clientId=consumer-user-events-consumer-3, groupId=user-events-consumer] Error sending fetch request (sessionId=1821852808, epoch=93) to node 1001:
org.apache.kafka.common.errors.DisconnectException: null
2025-12-06 01:37:34.004 [org.springframework.kafka.KafkaListenerEndpointContainer#1-0-C-1] INFO  o.a.k.clients.FetchSessionHandler [node1:8080] - [Consumer clientId=consumer-order-events-consumer-4, groupId=order-events-consumer] Error sending fetch request (sessionId=1696621410, epoch=93) to node 1001:
org.apache.kafka.common.errors.DisconnectException: null
2025-12-06 01:37:34.004 [org.springframework.kafka.KafkaListenerEndpointContainer#3-0-C-1] INFO  o.a.k.clients.FetchSessionHandler [node1:8080] - [Consumer clientId=consumer-pattern-consumer-2, groupId=pattern-consumer] Error sending fetch request (sessionId=1223316924, epoch=93) to node 1001:
org.apache.kafka.common.errors.DisconnectException: null
2025-12-06 01:37:34.008 [kafka-coordinator-heartbeat-thread | pattern-consumer] INFO  o.a.k.c.c.i.ConsumerCoordinator [node1:8080] - [Consumer clientId=consumer-pattern-consumer-2, groupId=pattern-consumer] Group coordinator localhost:9093 (id: 2147482646 rack: null) is unavailable or invalid due to cause: session timed out without receiving a heartbeat response.isDisconnected: false. Rediscovery will be attempted.
2025-12-06 01:37:34.004 [org.springframework.kafka.KafkaListenerEndpointContainer#2-0-C-1] INFO  o.a.k.clients.FetchSessionHandler [node1:8080] - [Consumer clientId=consumer-notification-batch-consumer-1, groupId=notification-batch-consumer] Error sending fetch request (sessionId=606870782, epoch=93) to node 1001:
org.apache.kafka.common.errors.DisconnectException: null
2025-12-06 01:37:34.009 [kafka-coordinator-heartbeat-thread | order-events-consumer] INFO  o.a.k.c.c.i.ConsumerCoordinator [node1:8080] - [Consumer clientId=consumer-order-events-consumer-4, groupId=order-events-consumer] Group coordinator localhost:9093 (id: 2147482646 rack: null) is unavailable or invalid due to cause: session timed out without receiving a heartbeat response.isDisconnected: false. Rediscovery will be attempted.
2025-12-06 01:37:34.010 [kafka-coordinator-heartbeat-thread | notification-batch-consumer] INFO  o.a.k.c.c.i.ConsumerCoordinator [node1:8080] - [Consumer clientId=consumer-notification-batch-consumer-1, groupId=notification-batch-consumer] Group coordinator localhost:9093 (id: 2147482646 rack: null) is unavailable or invalid due to cause: session timed out without receiving a heartbeat response.isDisconnected: false. Rediscovery will be attempted.
2025-12-06 01:37:34.008 [kafka-coordinator-heartbeat-thread | user-events-consumer] INFO  o.a.k.c.c.i.ConsumerCoordinator [node1:8080] - [Consumer clientId=consumer-user-events-consumer-3, groupId=user-events-consumer] Group coordinator localhost:9093 (id: 2147482646 rack: null) is unavailable or invalid due to cause: session timed out without receiving a heartbeat response.isDisconnected: false. Rediscovery will be attempted.
2025-12-06 01:37:34.132 [org.springframework.kafka.KafkaListenerEndpointContainer#0-0-C-1] INFO  o.a.k.c.c.i.ConsumerCoordinator [node1:8080] - [Consumer clientId=consumer-user-events-consumer-3, groupId=user-events-consumer] Discovered group coordinator localhost:9093 (id: 2147482646 rack: null)
2025-12-06 01:37:34.132 [org.springframework.kafka.KafkaListenerEndpointContainer#2-0-C-1] INFO  o.a.k.c.c.i.ConsumerCoordinator [node1:8080] - [Consumer clientId=consumer-notification-batch-consumer-1, groupId=notification-batch-consumer] Discovered group coordinator localhost:9093 (id: 2147482646 rack: null)
2025-12-06 01:37:35.122 [org.springframework.kafka.KafkaListenerEndpointContainer#1-0-C-1] INFO  o.a.k.c.c.i.ConsumerCoordinator [node1:8080] - [Consumer clientId=consumer-order-events-consumer-4, groupId=order-events-consumer] Discovered group coordinator localhost:9093 (id: 2147482646 rack: null)
2025-12-06 01:37:35.123 [org.springframework.kafka.KafkaListenerEndpointContainer#3-0-C-1] INFO  o.a.k.c.c.i.ConsumerCoordinator [node1:8080] - [Consumer clientId=consumer-pattern-consumer-2, groupId=pattern-consumer] Discovered group coordinator localhost:9093 (id: 2147482646 rack: null)
2025-12-06 01:37:35.124 [org.springframework.kafka.KafkaListenerEndpointContainer#1-0-C-1] INFO  o.a.k.c.c.i.ConsumerCoordinator [node1:8080] - [Consumer clientId=consumer-order-events-consumer-4, groupId=order-events-consumer] Discovered group coordinator localhost:9093 (id: 2147482646 rack: null)
2025-12-06 01:37:35.135 [org.springframework.kafka.KafkaListenerEndpointContainer#3-0-C-1] INFO  o.a.k.c.c.i.ConsumerCoordinator [node1:8080] - [Consumer clientId=consumer-pattern-consumer-2, groupId=pattern-consumer] Discovered group coordinator localhost:9093 (id: 2147482646 rack: null)
2025-12-06 01:37:44.562 [HikariPool-1 housekeeper] WARN  com.zaxxer.hikari.pool.HikariPool [node1:8080] - HikariPool-1 - Thread starvation or clock leap detected (housekeeper delta=9m45s554ms).
2025-12-06 01:47:41.007 [org.springframework.kafka.KafkaListenerEndpointContainer#2-0-C-1] INFO  o.a.k.clients.FetchSessionHandler [node1:8080] - [Consumer clientId=consumer-notification-batch-consumer-1, groupId=notification-batch-consumer] Error sending fetch request (sessionId=329395383, epoch=94) to node 1001:
org.apache.kafka.common.errors.DisconnectException: null
2025-12-06 01:47:41.008 [org.springframework.kafka.KafkaListenerEndpointContainer#0-0-C-1] INFO  o.a.k.clients.FetchSessionHandler [node1:8080] - [Consumer clientId=consumer-user-events-consumer-3, groupId=user-events-consumer] Error sending fetch request (sessionId=2066220734, epoch=96) to node 1001:
org.apache.kafka.common.errors.DisconnectException: null
2025-12-06 01:47:41.013 [kafka-coordinator-heartbeat-thread | user-events-consumer] INFO  o.a.k.c.c.i.ConsumerCoordinator [node1:8080] - [Consumer clientId=consumer-user-events-consumer-3, groupId=user-events-consumer] Group coordinator localhost:9093 (id: 2147482646 rack: null) is unavailable or invalid due to cause: session timed out without receiving a heartbeat response.isDisconnected: false. Rediscovery will be attempted.
2025-12-06 01:47:42.091 [kafka-coordinator-heartbeat-thread | notification-batch-consumer] INFO  o.a.k.c.c.i.ConsumerCoordinator [node1:8080] - [Consumer clientId=consumer-notification-batch-consumer-1, groupId=notification-batch-consumer] Group coordinator localhost:9093 (id: 2147482646 rack: null) is unavailable or invalid due to cause: session timed out without receiving a heartbeat response.isDisconnected: false. Rediscovery will be attempted.
2025-12-06 01:47:41.050 [kafka-coordinator-heartbeat-thread | pattern-consumer] INFO  o.a.k.c.c.i.ConsumerCoordinator [node1:8080] - [Consumer clientId=consumer-pattern-consumer-2, groupId=pattern-consumer] Group coordinator localhost:9093 (id: 2147482646 rack: null) is unavailable or invalid due to cause: session timed out without receiving a heartbeat response.isDisconnected: false. Rediscovery will be attempted.
2025-12-06 01:47:41.062 [kafka-coordinator-heartbeat-thread | order-events-consumer] INFO  o.a.k.c.c.i.ConsumerCoordinator [node1:8080] - [Consumer clientId=consumer-order-events-consumer-4, groupId=order-events-consumer] Group coordinator localhost:9093 (id: 2147482646 rack: null) is unavailable or invalid due to cause: session timed out without receiving a heartbeat response.isDisconnected: false. Rediscovery will be attempted.
2025-12-06 01:47:42.115 [org.springframework.kafka.KafkaListenerEndpointContainer#1-0-C-1] INFO  o.a.k.c.c.i.ConsumerCoordinator [node1:8080] - [Consumer clientId=consumer-order-events-consumer-4, groupId=order-events-consumer] Discovered group coordinator localhost:9093 (id: 2147482646 rack: null)
2025-12-06 01:47:42.118 [org.springframework.kafka.KafkaListenerEndpointContainer#1-0-C-1] INFO  o.a.k.c.c.i.ConsumerCoordinator [node1:8080] - [Consumer clientId=consumer-order-events-consumer-4, groupId=order-events-consumer] Discovered group coordinator localhost:9093 (id: 2147482646 rack: null)
2025-12-06 01:47:42.118 [org.springframework.kafka.KafkaListenerEndpointContainer#1-0-C-1] INFO  o.a.k.c.c.i.ConsumerCoordinator [node1:8080] - [Consumer clientId=consumer-order-events-consumer-4, groupId=order-events-consumer] Group coordinator localhost:9093 (id: 2147482646 rack: null) is unavailable or invalid due to cause: coordinator unavailable.isDisconnected: false. Rediscovery will be attempted.
2025-12-06 01:47:42.118 [org.springframework.kafka.KafkaListenerEndpointContainer#3-0-C-1] INFO  o.a.k.c.c.i.ConsumerCoordinator [node1:8080] - [Consumer clientId=consumer-pattern-consumer-2, groupId=pattern-consumer] Discovered group coordinator localhost:9093 (id: 2147482646 rack: null)
2025-12-06 01:47:42.119 [org.springframework.kafka.KafkaListenerEndpointContainer#3-0-C-1] INFO  o.a.k.c.c.i.ConsumerCoordinator [node1:8080] - [Consumer clientId=consumer-pattern-consumer-2, groupId=pattern-consumer] Discovered group coordinator localhost:9093 (id: 2147482646 rack: null)
2025-12-06 01:47:42.120 [org.springframework.kafka.KafkaListenerEndpointContainer#3-0-C-1] INFO  o.a.k.c.c.i.ConsumerCoordinator [node1:8080] - [Consumer clientId=consumer-pattern-consumer-2, groupId=pattern-consumer] Group coordinator localhost:9093 (id: 2147482646 rack: null) is unavailable or invalid due to cause: coordinator unavailable.isDisconnected: false. Rediscovery will be attempted.
2025-12-06 01:47:42.133 [org.springframework.kafka.KafkaListenerEndpointContainer#2-0-C-1] INFO  o.a.k.c.c.i.ConsumerCoordinator [node1:8080] - [Consumer clientId=consumer-notification-batch-consumer-1, groupId=notification-batch-consumer] Discovered group coordinator localhost:9093 (id: 2147482646 rack: null)
2025-12-06 01:47:42.135 [org.springframework.kafka.KafkaListenerEndpointContainer#2-0-C-1] INFO  o.a.k.c.c.i.ConsumerCoordinator [node1:8080] - [Consumer clientId=consumer-notification-batch-consumer-1, groupId=notification-batch-consumer] Discovered group coordinator localhost:9093 (id: 2147482646 rack: null)
2025-12-06 01:47:42.135 [org.springframework.kafka.KafkaListenerEndpointContainer#2-0-C-1] INFO  o.a.k.c.c.i.ConsumerCoordinator [node1:8080] - [Consumer clientId=consumer-notification-batch-consumer-1, groupId=notification-batch-consumer] Group coordinator localhost:9093 (id: 2147482646 rack: null) is unavailable or invalid due to cause: coordinator unavailable.isDisconnected: false. Rediscovery will be attempted.
2025-12-06 01:47:42.138 [org.springframework.kafka.KafkaListenerEndpointContainer#0-0-C-1] INFO  o.a.k.c.c.i.ConsumerCoordinator [node1:8080] - [Consumer clientId=consumer-user-events-consumer-3, groupId=user-events-consumer] Discovered group coordinator localhost:9093 (id: 2147482646 rack: null)
2025-12-06 01:47:42.139 [org.springframework.kafka.KafkaListenerEndpointContainer#0-0-C-1] INFO  o.a.k.c.c.i.ConsumerCoordinator [node1:8080] - [Consumer clientId=consumer-user-events-consumer-3, groupId=user-events-consumer] Discovered group coordinator localhost:9093 (id: 2147482646 rack: null)
2025-12-06 01:47:42.139 [org.springframework.kafka.KafkaListenerEndpointContainer#0-0-C-1] INFO  o.a.k.c.c.i.ConsumerCoordinator [node1:8080] - [Consumer clientId=consumer-user-events-consumer-3, groupId=user-events-consumer] Group coordinator localhost:9093 (id: 2147482646 rack: null) is unavailable or invalid due to cause: coordinator unavailable.isDisconnected: false. Rediscovery will be attempted.
2025-12-06 01:47:42.232 [org.springframework.kafka.KafkaListenerEndpointContainer#3-0-C-1] INFO  o.a.k.c.c.i.ConsumerCoordinator [node1:8080] - [Consumer clientId=consumer-pattern-consumer-2, groupId=pattern-consumer] Discovered group coordinator localhost:9093 (id: 2147482646 rack: null)
2025-12-06 01:47:42.232 [org.springframework.kafka.KafkaListenerEndpointContainer#1-0-C-1] INFO  o.a.k.c.c.i.ConsumerCoordinator [node1:8080] - [Consumer clientId=consumer-order-events-consumer-4, groupId=order-events-consumer] Discovered group coordinator localhost:9093 (id: 2147482646 rack: null)
2025-12-06 01:47:42.598 [org.springframework.kafka.KafkaListenerEndpointContainer#2-0-C-1] INFO  o.a.k.c.c.i.ConsumerCoordinator [node1:8080] - [Consumer clientId=consumer-notification-batch-consumer-1, groupId=notification-batch-consumer] Discovered group coordinator localhost:9093 (id: 2147482646 rack: null)
2025-12-06 01:47:42.609 [org.springframework.kafka.KafkaListenerEndpointContainer#0-0-C-1] INFO  o.a.k.c.c.i.ConsumerCoordinator [node1:8080] - [Consumer clientId=consumer-user-events-consumer-3, groupId=user-events-consumer] Discovered group coordinator localhost:9093 (id: 2147482646 rack: null)
2025-12-06 01:48:00.133 [HikariPool-1 housekeeper] WARN  com.zaxxer.hikari.pool.HikariPool [node1:8080] - HikariPool-1 - Thread starvation or clock leap detected (housekeeper delta=9m45s566ms).
2025-12-06 01:57:47.003 [HikariPool-1 housekeeper] WARN  com.zaxxer.hikari.pool.HikariPool [node1:8080] - HikariPool-1 - Thread starvation or clock leap detected (housekeeper delta=9m46s870ms).
2025-12-06 01:57:47.004 [org.springframework.kafka.KafkaListenerEndpointContainer#2-0-C-1] INFO  o.a.k.clients.FetchSessionHandler [node1:8080] - [Consumer clientId=consumer-notification-batch-consumer-1, groupId=notification-batch-consumer] Error sending fetch request (sessionId=2046056410, epoch=92) to node 1001:
org.apache.kafka.common.errors.DisconnectException: null
2025-12-06 01:57:47.004 [org.springframework.kafka.KafkaListenerEndpointContainer#0-0-C-1] INFO  o.a.k.clients.FetchSessionHandler [node1:8080] - [Consumer clientId=consumer-user-events-consumer-3, groupId=user-events-consumer] Error sending fetch request (sessionId=1330754941, epoch=92) to node 1001:
org.apache.kafka.common.errors.DisconnectException: null
2025-12-06 01:57:47.004 [org.springframework.kafka.KafkaListenerEndpointContainer#3-0-C-1] INFO  o.a.k.clients.FetchSessionHandler [node1:8080] - [Consumer clientId=consumer-pattern-consumer-2, groupId=pattern-consumer] Error sending fetch request (sessionId=1522507718, epoch=187) to node 1001:
org.apache.kafka.common.errors.DisconnectException: null
2025-12-06 01:57:47.007 [kafka-coordinator-heartbeat-thread | pattern-consumer] INFO  o.a.k.c.c.i.ConsumerCoordinator [node1:8080] - [Consumer clientId=consumer-pattern-consumer-2, groupId=pattern-consumer] Group coordinator localhost:9093 (id: 2147482646 rack: null) is unavailable or invalid due to cause: session timed out without receiving a heartbeat response.isDisconnected: false. Rediscovery will be attempted.
2025-12-06 01:57:47.007 [kafka-coordinator-heartbeat-thread | notification-batch-consumer] INFO  o.a.k.c.c.i.ConsumerCoordinator [node1:8080] - [Consumer clientId=consumer-notification-batch-consumer-1, groupId=notification-batch-consumer] Group coordinator localhost:9093 (id: 2147482646 rack: null) is unavailable or invalid due to cause: session timed out without receiving a heartbeat response.isDisconnected: false. Rediscovery will be attempted.
2025-12-06 01:57:47.007 [kafka-coordinator-heartbeat-thread | user-events-consumer] INFO  o.a.k.c.c.i.ConsumerCoordinator [node1:8080] - [Consumer clientId=consumer-user-events-consumer-3, groupId=user-events-consumer] Group coordinator localhost:9093 (id: 2147482646 rack: null) is unavailable or invalid due to cause: session timed out without receiving a heartbeat response.isDisconnected: false. Rediscovery will be attempted.
2025-12-06 01:57:47.009 [kafka-coordinator-heartbeat-thread | order-events-consumer] INFO  o.a.k.c.c.i.ConsumerCoordinator [node1:8080] - [Consumer clientId=consumer-order-events-consumer-4, groupId=order-events-consumer] Group coordinator localhost:9093 (id: 2147482646 rack: null) is unavailable or invalid due to cause: session timed out without receiving a heartbeat response.isDisconnected: false. Rediscovery will be attempted.
2025-12-06 01:57:47.121 [org.springframework.kafka.KafkaListenerEndpointContainer#0-0-C-1] INFO  o.a.k.c.c.i.ConsumerCoordinator [node1:8080] - [Consumer clientId=consumer-user-events-consumer-3, groupId=user-events-consumer] Discovered group coordinator localhost:9093 (id: 2147482646 rack: null)
2025-12-06 01:57:47.121 [org.springframework.kafka.KafkaListenerEndpointContainer#2-0-C-1] INFO  o.a.k.c.c.i.ConsumerCoordinator [node1:8080] - [Consumer clientId=consumer-notification-batch-consumer-1, groupId=notification-batch-consumer] Discovered group coordinator localhost:9093 (id: 2147482646 rack: null)
2025-12-06 01:57:47.129 [org.springframework.kafka.KafkaListenerEndpointContainer#3-0-C-1] INFO  o.a.k.c.c.i.ConsumerCoordinator [node1:8080] - [Consumer clientId=consumer-pattern-consumer-2, groupId=pattern-consumer] Discovered group coordinator localhost:9093 (id: 2147482646 rack: null)
2025-12-06 01:57:47.004 [org.springframework.kafka.KafkaListenerEndpointContainer#1-0-C-1] INFO  o.a.k.clients.FetchSessionHandler [node1:8080] - [Consumer clientId=consumer-order-events-consumer-4, groupId=order-events-consumer] Error sending fetch request (sessionId=266157970, epoch=187) to node 1001:
org.apache.kafka.common.errors.DisconnectException: null
2025-12-06 01:57:48.122 [org.springframework.kafka.KafkaListenerEndpointContainer#1-0-C-1] INFO  o.a.k.c.c.i.ConsumerCoordinator [node1:8080] - [Consumer clientId=consumer-order-events-consumer-4, groupId=order-events-consumer] Discovered group coordinator localhost:9093 (id: 2147482646 rack: null)
2025-12-06 01:57:48.123 [org.springframework.kafka.KafkaListenerEndpointContainer#1-0-C-1] INFO  o.a.k.c.c.i.ConsumerCoordinator [node1:8080] - [Consumer clientId=consumer-order-events-consumer-4, groupId=order-events-consumer] Discovered group coordinator localhost:9093 (id: 2147482646 rack: null)
2025-12-06 02:07:52.004 [org.springframework.kafka.KafkaListenerEndpointContainer#1-0-C-1] INFO  o.a.k.clients.FetchSessionHandler [node1:8080] - [Consumer clientId=consumer-order-events-consumer-4, groupId=order-events-consumer] Error sending fetch request (sessionId=668688464, epoch=93) to node 1001:
org.apache.kafka.common.errors.DisconnectException: null
2025-12-06 02:07:52.004 [org.springframework.kafka.KafkaListenerEndpointContainer#2-0-C-1] INFO  o.a.k.clients.FetchSessionHandler [node1:8080] - [Consumer clientId=consumer-notification-batch-consumer-1, groupId=notification-batch-consumer] Error sending fetch request (sessionId=1110072906, epoch=93) to node 1001:
org.apache.kafka.common.errors.DisconnectException: null
2025-12-06 02:07:52.008 [kafka-coordinator-heartbeat-thread | order-events-consumer] INFO  o.a.k.c.c.i.ConsumerCoordinator [node1:8080] - [Consumer clientId=consumer-order-events-consumer-4, groupId=order-events-consumer] Group coordinator localhost:9093 (id: 2147482646 rack: null) is unavailable or invalid due to cause: session timed out without receiving a heartbeat response.isDisconnected: false. Rediscovery will be attempted.
2025-12-06 02:07:52.004 [org.springframework.kafka.KafkaListenerEndpointContainer#0-0-C-1] INFO  o.a.k.clients.FetchSessionHandler [node1:8080] - [Consumer clientId=consumer-user-events-consumer-3, groupId=user-events-consumer] Error sending fetch request (sessionId=1798259492, epoch=95) to node 1001:
org.apache.kafka.common.errors.DisconnectException: null
2025-12-06 02:07:52.010 [kafka-coordinator-heartbeat-thread | pattern-consumer] INFO  o.a.k.c.c.i.ConsumerCoordinator [node1:8080] - [Consumer clientId=consumer-pattern-consumer-2, groupId=pattern-consumer] Group coordinator localhost:9093 (id: 2147482646 rack: null) is unavailable or invalid due to cause: session timed out without receiving a heartbeat response.isDisconnected: false. Rediscovery will be attempted.
2025-12-06 02:07:52.010 [kafka-coordinator-heartbeat-thread | notification-batch-consumer] INFO  o.a.k.c.c.i.ConsumerCoordinator [node1:8080] - [Consumer clientId=consumer-notification-batch-consumer-1, groupId=notification-batch-consumer] Group coordinator localhost:9093 (id: 2147482646 rack: null) is unavailable or invalid due to cause: session timed out without receiving a heartbeat response.isDisconnected: false. Rediscovery will be attempted.
2025-12-06 02:07:52.010 [kafka-coordinator-heartbeat-thread | user-events-consumer] INFO  o.a.k.c.c.i.ConsumerCoordinator [node1:8080] - [Consumer clientId=consumer-user-events-consumer-3, groupId=user-events-consumer] Group coordinator localhost:9093 (id: 2147482646 rack: null) is unavailable or invalid due to cause: session timed out without receiving a heartbeat response.isDisconnected: false. Rediscovery will be attempted.
2025-12-06 02:07:52.008 [org.springframework.kafka.KafkaListenerEndpointContainer#3-0-C-1] INFO  o.a.k.clients.FetchSessionHandler [node1:8080] - [Consumer clientId=consumer-pattern-consumer-2, groupId=pattern-consumer] Error sending fetch request (sessionId=162632720, epoch=95) to node 1001:
org.apache.kafka.common.errors.DisconnectException: null
2025-12-06 02:07:52.126 [org.springframework.kafka.KafkaListenerEndpointContainer#0-0-C-1] INFO  o.a.k.c.c.i.ConsumerCoordinator [node1:8080] - [Consumer clientId=consumer-user-events-consumer-3, groupId=user-events-consumer] Discovered group coordinator localhost:9093 (id: 2147482646 rack: null)
2025-12-06 02:07:52.126 [org.springframework.kafka.KafkaListenerEndpointContainer#2-0-C-1] INFO  o.a.k.c.c.i.ConsumerCoordinator [node1:8080] - [Consumer clientId=consumer-notification-batch-consumer-1, groupId=notification-batch-consumer] Discovered group coordinator localhost:9093 (id: 2147482646 rack: null)
2025-12-06 02:07:52.136 [org.springframework.kafka.KafkaListenerEndpointContainer#3-0-C-1] INFO  o.a.k.c.c.i.ConsumerCoordinator [node1:8080] - [Consumer clientId=consumer-pattern-consumer-2, groupId=pattern-consumer] Discovered group coordinator localhost:9093 (id: 2147482646 rack: null)
2025-12-06 02:07:52.142 [org.springframework.kafka.KafkaListenerEndpointContainer#1-0-C-1] INFO  o.a.k.c.c.i.ConsumerCoordinator [node1:8080] - [Consumer clientId=consumer-order-events-consumer-4, groupId=order-events-consumer] Discovered group coordinator localhost:9093 (id: 2147482646 rack: null)
2025-12-06 02:08:02.334 [HikariPool-1 housekeeper] WARN  com.zaxxer.hikari.pool.HikariPool [node1:8080] - HikariPool-1 - Thread starvation or clock leap detected (housekeeper delta=9m45s293ms).
2025-12-06 02:17:57.005 [org.springframework.kafka.KafkaListenerEndpointContainer#2-0-C-1] INFO  o.a.k.clients.FetchSessionHandler [node1:8080] - [Consumer clientId=consumer-notification-batch-consumer-1, groupId=notification-batch-consumer] Error sending fetch request (sessionId=678164161, epoch=93) to node 1001:
org.apache.kafka.common.errors.DisconnectException: null
2025-12-06 02:17:57.006 [org.springframework.kafka.KafkaListenerEndpointContainer#0-0-C-1] INFO  o.a.k.clients.FetchSessionHandler [node1:8080] - [Consumer clientId=consumer-user-events-consumer-3, groupId=user-events-consumer] Error sending fetch request (sessionId=644879599, epoch=93) to node 1001:
org.apache.kafka.common.errors.DisconnectException: null
2025-12-06 02:17:57.006 [org.springframework.kafka.KafkaListenerEndpointContainer#1-0-C-1] INFO  o.a.k.clients.FetchSessionHandler [node1:8080] - [Consumer clientId=consumer-order-events-consumer-4, groupId=order-events-consumer] Error sending fetch request (sessionId=1031219265, epoch=92) to node 1001:
org.apache.kafka.common.errors.DisconnectException: null
2025-12-06 02:17:57.010 [kafka-coordinator-heartbeat-thread | notification-batch-consumer] INFO  o.a.k.c.c.i.ConsumerCoordinator [node1:8080] - [Consumer clientId=consumer-notification-batch-consumer-1, groupId=notification-batch-consumer] Group coordinator localhost:9093 (id: 2147482646 rack: null) is unavailable or invalid due to cause: session timed out without receiving a heartbeat response.isDisconnected: false. Rediscovery will be attempted.
2025-12-06 02:17:57.011 [kafka-coordinator-heartbeat-thread | user-events-consumer] INFO  o.a.k.c.c.i.ConsumerCoordinator [node1:8080] - [Consumer clientId=consumer-user-events-consumer-3, groupId=user-events-consumer] Group coordinator localhost:9093 (id: 2147482646 rack: null) is unavailable or invalid due to cause: session timed out without receiving a heartbeat response.isDisconnected: false. Rediscovery will be attempted.
2025-12-06 02:17:57.011 [kafka-coordinator-heartbeat-thread | order-events-consumer] INFO  o.a.k.c.c.i.ConsumerCoordinator [node1:8080] - [Consumer clientId=consumer-order-events-consumer-4, groupId=order-events-consumer] Group coordinator localhost:9093 (id: 2147482646 rack: null) is unavailable or invalid due to cause: session timed out without receiving a heartbeat response.isDisconnected: false. Rediscovery will be attempted.
2025-12-06 02:17:57.011 [org.springframework.kafka.KafkaListenerEndpointContainer#3-0-C-1] INFO  o.a.k.clients.FetchSessionHandler [node1:8080] - [Consumer clientId=consumer-pattern-consumer-2, groupId=pattern-consumer] Error sending fetch request (sessionId=1116376269, epoch=93) to node 1001:
org.apache.kafka.common.errors.DisconnectException: null
2025-12-06 02:17:57.014 [kafka-coordinator-heartbeat-thread | pattern-consumer] INFO  o.a.k.c.c.i.ConsumerCoordinator [node1:8080] - [Consumer clientId=consumer-pattern-consumer-2, groupId=pattern-consumer] Group coordinator localhost:9093 (id: 2147482646 rack: null) is unavailable or invalid due to cause: session timed out without receiving a heartbeat response.isDisconnected: false. Rediscovery will be attempted.
2025-12-06 02:17:57.123 [org.springframework.kafka.KafkaListenerEndpointContainer#2-0-C-1] INFO  o.a.k.c.c.i.ConsumerCoordinator [node1:8080] - [Consumer clientId=consumer-notification-batch-consumer-1, groupId=notification-batch-consumer] Discovered group coordinator localhost:9093 (id: 2147482646 rack: null)
2025-12-06 02:17:57.129 [org.springframework.kafka.KafkaListenerEndpointContainer#1-0-C-1] INFO  o.a.k.c.c.i.ConsumerCoordinator [node1:8080] - [Consumer clientId=consumer-order-events-consumer-4, groupId=order-events-consumer] Discovered group coordinator localhost:9093 (id: 2147482646 rack: null)
2025-12-06 02:17:58.109 [org.springframework.kafka.KafkaListenerEndpointContainer#0-0-C-1] INFO  o.a.k.c.c.i.ConsumerCoordinator [node1:8080] - [Consumer clientId=consumer-user-events-consumer-3, groupId=user-events-consumer] Discovered group coordinator localhost:9093 (id: 2147482646 rack: null)
2025-12-06 02:17:58.111 [org.springframework.kafka.KafkaListenerEndpointContainer#0-0-C-1] INFO  o.a.k.c.c.i.ConsumerCoordinator [node1:8080] - [Consumer clientId=consumer-user-events-consumer-3, groupId=user-events-consumer] Discovered group coordinator localhost:9093 (id: 2147482646 rack: null)
2025-12-06 02:17:58.113 [org.springframework.kafka.KafkaListenerEndpointContainer#3-0-C-1] INFO  o.a.k.c.c.i.ConsumerCoordinator [node1:8080] - [Consumer clientId=consumer-pattern-consumer-2, groupId=pattern-consumer] Discovered group coordinator localhost:9093 (id: 2147482646 rack: null)
2025-12-06 02:18:17.880 [HikariPool-1 housekeeper] WARN  com.zaxxer.hikari.pool.HikariPool [node1:8080] - HikariPool-1 - Thread starvation or clock leap detected (housekeeper delta=9m45s537ms).
2025-12-06 02:28:02.008 [org.springframework.kafka.KafkaListenerEndpointContainer#2-0-C-1] INFO  o.a.k.clients.FetchSessionHandler [node1:8080] - [Consumer clientId=consumer-notification-batch-consumer-1, groupId=notification-batch-consumer] Error sending fetch request (sessionId=58368815, epoch=95) to node 1001:
org.apache.kafka.common.errors.DisconnectException: null
2025-12-06 02:28:02.009 [org.springframework.kafka.KafkaListenerEndpointContainer#1-0-C-1] INFO  o.a.k.clients.FetchSessionHandler [node1:8080] - [Consumer clientId=consumer-order-events-consumer-4, groupId=order-events-consumer] Error sending fetch request (sessionId=1384070500, epoch=95) to node 1001:
org.apache.kafka.common.errors.DisconnectException: null
2025-12-06 02:28:02.008 [org.springframework.kafka.KafkaListenerEndpointContainer#3-0-C-1] INFO  o.a.k.clients.FetchSessionHandler [node1:8080] - [Consumer clientId=consumer-pattern-consumer-2, groupId=pattern-consumer] Error sending fetch request (sessionId=526965921, epoch=93) to node 1001:
org.apache.kafka.common.errors.DisconnectException: null
2025-12-06 02:28:02.014 [kafka-coordinator-heartbeat-thread | notification-batch-consumer] INFO  o.a.k.c.c.i.ConsumerCoordinator [node1:8080] - [Consumer clientId=consumer-notification-batch-consumer-1, groupId=notification-batch-consumer] Group coordinator localhost:9093 (id: 2147482646 rack: null) is unavailable or invalid due to cause: session timed out without receiving a heartbeat response.isDisconnected: false. Rediscovery will be attempted.
2025-12-06 02:28:02.014 [kafka-coordinator-heartbeat-thread | order-events-consumer] INFO  o.a.k.c.c.i.ConsumerCoordinator [node1:8080] - [Consumer clientId=consumer-order-events-consumer-4, groupId=order-events-consumer] Group coordinator localhost:9093 (id: 2147482646 rack: null) is unavailable or invalid due to cause: session timed out without receiving a heartbeat response.isDisconnected: false. Rediscovery will be attempted.
2025-12-06 02:28:02.015 [kafka-coordinator-heartbeat-thread | pattern-consumer] INFO  o.a.k.c.c.i.ConsumerCoordinator [node1:8080] - [Consumer clientId=consumer-pattern-consumer-2, groupId=pattern-consumer] Group coordinator localhost:9093 (id: 2147482646 rack: null) is unavailable or invalid due to cause: session timed out without receiving a heartbeat response.isDisconnected: false. Rediscovery will be attempted.
2025-12-06 02:28:02.015 [kafka-coordinator-heartbeat-thread | user-events-consumer] INFO  o.a.k.c.c.i.ConsumerCoordinator [node1:8080] - [Consumer clientId=consumer-user-events-consumer-3, groupId=user-events-consumer] Group coordinator localhost:9093 (id: 2147482646 rack: null) is unavailable or invalid due to cause: session timed out without receiving a heartbeat response.isDisconnected: false. Rediscovery will be attempted.
2025-12-06 02:28:02.117 [HikariPool-1 housekeeper] WARN  com.zaxxer.hikari.pool.HikariPool [node1:8080] - HikariPool-1 - Thread starvation or clock leap detected (housekeeper delta=9m44s237ms).
2025-12-06 02:28:02.125 [org.springframework.kafka.KafkaListenerEndpointContainer#1-0-C-1] INFO  o.a.k.c.c.i.ConsumerCoordinator [node1:8080] - [Consumer clientId=consumer-order-events-consumer-4, groupId=order-events-consumer] Discovered group coordinator localhost:9093 (id: 2147482646 rack: null)
2025-12-06 02:28:02.134 [org.springframework.kafka.KafkaListenerEndpointContainer#3-0-C-1] INFO  o.a.k.c.c.i.ConsumerCoordinator [node1:8080] - [Consumer clientId=consumer-pattern-consumer-2, groupId=pattern-consumer] Discovered group coordinator localhost:9093 (id: 2147482646 rack: null)
2025-12-06 02:28:02.141 [org.springframework.kafka.KafkaListenerEndpointContainer#2-0-C-1] INFO  o.a.k.c.c.i.ConsumerCoordinator [node1:8080] - [Consumer clientId=consumer-notification-batch-consumer-1, groupId=notification-batch-consumer] Discovered group coordinator localhost:9093 (id: 2147482646 rack: null)
2025-12-06 02:28:02.482 [kafka-coordinator-heartbeat-thread | user-events-consumer] INFO  o.a.k.c.c.i.ConsumerCoordinator [node1:8080] - [Consumer clientId=consumer-user-events-consumer-3, groupId=user-events-consumer] Discovered group coordinator localhost:9093 (id: 2147482646 rack: null)
2025-12-06 02:28:02.482 [kafka-coordinator-heartbeat-thread | user-events-consumer] WARN  o.a.k.c.c.i.ConsumerCoordinator [node1:8080] - [Consumer clientId=consumer-user-events-consumer-3, groupId=user-events-consumer] consumer poll timeout has expired. This means the time between subsequent calls to poll() was longer than the configured max.poll.interval.ms, which typically implies that the poll loop is spending too much time processing messages. You can address this either by increasing max.poll.interval.ms or by reducing the maximum size of batches returned in poll() with max.poll.records.
2025-12-06 02:28:03.088 [org.springframework.kafka.KafkaListenerEndpointContainer#0-0-C-1] INFO  o.a.k.clients.FetchSessionHandler [node1:8080] - [Consumer clientId=consumer-user-events-consumer-3, groupId=user-events-consumer] Error sending fetch request (sessionId=496283413, epoch=93) to node 1001:
org.apache.kafka.common.errors.DisconnectException: null
2025-12-06 02:28:03.093 [kafka-coordinator-heartbeat-thread | user-events-consumer] INFO  o.a.k.c.c.i.ConsumerCoordinator [node1:8080] - [Consumer clientId=consumer-user-events-consumer-3, groupId=user-events-consumer] Member consumer-user-events-consumer-3-7fa30b98-f098-49d0-bc4a-921e6e43f8c6 sending LeaveGroup request to coordinator localhost:9093 (id: 2147482646 rack: null) due to consumer poll timeout has expired.
2025-12-06 02:28:03.182 [kafka-coordinator-heartbeat-thread | user-events-consumer] INFO  o.a.k.c.c.i.ConsumerCoordinator [node1:8080] - [Consumer clientId=consumer-user-events-consumer-3, groupId=user-events-consumer] Discovered group coordinator localhost:9093 (id: 2147482646 rack: null)
2025-12-06 02:28:03.183 [kafka-coordinator-heartbeat-thread | user-events-consumer] INFO  o.a.k.c.c.i.ConsumerCoordinator [node1:8080] - [Consumer clientId=consumer-user-events-consumer-3, groupId=user-events-consumer] Resetting generation due to: consumer pro-actively leaving the group
2025-12-06 02:28:03.183 [kafka-coordinator-heartbeat-thread | user-events-consumer] INFO  o.a.k.c.c.i.ConsumerCoordinator [node1:8080] - [Consumer clientId=consumer-user-events-consumer-3, groupId=user-events-consumer] Request joining group due to: consumer pro-actively leaving the group
2025-12-06 02:28:03.187 [org.springframework.kafka.KafkaListenerEndpointContainer#0-0-C-1] INFO  o.a.k.c.c.i.ConsumerCoordinator [node1:8080] - [Consumer clientId=consumer-user-events-consumer-3, groupId=user-events-consumer] Giving away all assigned partitions as lost since generation has been reset,indicating that consumer is no longer part of the group
2025-12-06 02:28:03.187 [org.springframework.kafka.KafkaListenerEndpointContainer#0-0-C-1] INFO  o.a.k.c.c.i.ConsumerCoordinator [node1:8080] - [Consumer clientId=consumer-user-events-consumer-3, groupId=user-events-consumer] Lost previously assigned partitions user-events-topic-1, user-events-topic-2, user-events-topic-0
2025-12-06 02:28:03.272 [org.springframework.kafka.KafkaListenerEndpointContainer#0-0-C-1] INFO  o.s.k.l.KafkaMessageListenerContainer [node1:8080] - user-events-consumer: partitions lost: [user-events-topic-1, user-events-topic-2, user-events-topic-0]
2025-12-06 02:28:03.279 [org.springframework.kafka.KafkaListenerEndpointContainer#0-0-C-1] INFO  o.s.k.l.KafkaMessageListenerContainer [node1:8080] - user-events-consumer: partitions revoked: [user-events-topic-1, user-events-topic-2, user-events-topic-0]
2025-12-06 02:28:03.289 [org.springframework.kafka.KafkaListenerEndpointContainer#0-0-C-1] INFO  o.a.k.c.c.i.ConsumerCoordinator [node1:8080] - [Consumer clientId=consumer-user-events-consumer-3, groupId=user-events-consumer] (Re-)joining group
2025-12-06 02:28:03.304 [org.springframework.kafka.KafkaListenerEndpointContainer#0-0-C-1] INFO  o.a.k.c.c.i.ConsumerCoordinator [node1:8080] - [Consumer clientId=consumer-user-events-consumer-3, groupId=user-events-consumer] Discovered group coordinator localhost:9093 (id: 2147482646 rack: null)
2025-12-06 02:28:03.332 [org.springframework.kafka.KafkaListenerEndpointContainer#0-0-C-1] INFO  o.a.k.c.c.i.ConsumerCoordinator [node1:8080] - [Consumer clientId=consumer-user-events-consumer-3, groupId=user-events-consumer] Discovered group coordinator localhost:9093 (id: 2147482646 rack: null)
2025-12-06 02:28:03.432 [org.springframework.kafka.KafkaListenerEndpointContainer#0-0-C-1] INFO  o.a.k.c.c.i.ConsumerCoordinator [node1:8080] - [Consumer clientId=consumer-user-events-consumer-3, groupId=user-events-consumer] Request joining group due to: need to re-join with the given member-id
2025-12-06 02:28:03.432 [org.springframework.kafka.KafkaListenerEndpointContainer#0-0-C-1] INFO  o.a.k.c.c.i.ConsumerCoordinator [node1:8080] - [Consumer clientId=consumer-user-events-consumer-3, groupId=user-events-consumer] (Re-)joining group
2025-12-06 02:28:07.827 [org.springframework.kafka.KafkaListenerEndpointContainer#0-0-C-1] INFO  o.a.k.c.c.i.ConsumerCoordinator [node1:8080] - [Consumer clientId=consumer-user-events-consumer-3, groupId=user-events-consumer] Successfully joined group with generation Generation{generationId=9, memberId='consumer-user-events-consumer-3-4866fb8b-13f4-4c2b-a88b-e76217f4f459', protocol='range'}
2025-12-06 02:28:07.831 [org.springframework.kafka.KafkaListenerEndpointContainer#0-0-C-1] INFO  o.a.k.c.c.i.ConsumerCoordinator [node1:8080] - [Consumer clientId=consumer-user-events-consumer-3, groupId=user-events-consumer] Finished assignment for group at generation 9: {consumer-user-events-consumer-3-4866fb8b-13f4-4c2b-a88b-e76217f4f459=Assignment(partitions=[user-events-topic-0, user-events-topic-1, user-events-topic-2])}
2025-12-06 02:28:07.850 [org.springframework.kafka.KafkaListenerEndpointContainer#0-0-C-1] INFO  o.a.k.c.c.i.ConsumerCoordinator [node1:8080] - [Consumer clientId=consumer-user-events-consumer-3, groupId=user-events-consumer] Successfully synced group in generation Generation{generationId=9, memberId='consumer-user-events-consumer-3-4866fb8b-13f4-4c2b-a88b-e76217f4f459', protocol='range'}
2025-12-06 02:28:07.851 [org.springframework.kafka.KafkaListenerEndpointContainer#0-0-C-1] INFO  o.a.k.c.c.i.ConsumerCoordinator [node1:8080] - [Consumer clientId=consumer-user-events-consumer-3, groupId=user-events-consumer] Notifying assignor about the new Assignment(partitions=[user-events-topic-0, user-events-topic-1, user-events-topic-2])
2025-12-06 02:28:07.851 [org.springframework.kafka.KafkaListenerEndpointContainer#0-0-C-1] INFO  o.a.k.c.c.i.ConsumerCoordinator [node1:8080] - [Consumer clientId=consumer-user-events-consumer-3, groupId=user-events-consumer] Adding newly assigned partitions: user-events-topic-1, user-events-topic-2, user-events-topic-0
2025-12-06 02:28:07.873 [org.springframework.kafka.KafkaListenerEndpointContainer#0-0-C-1] INFO  o.a.k.c.c.i.ConsumerCoordinator [node1:8080] - [Consumer clientId=consumer-user-events-consumer-3, groupId=user-events-consumer] Setting offset for partition user-events-topic-1 to the committed offset FetchPosition{offset=4, offsetEpoch=Optional.empty, currentLeader=LeaderAndEpoch{leader=Optional[localhost:9093 (id: 1001 rack: null)], epoch=0}}
2025-12-06 02:28:07.873 [org.springframework.kafka.KafkaListenerEndpointContainer#0-0-C-1] INFO  o.a.k.c.c.i.ConsumerCoordinator [node1:8080] - [Consumer clientId=consumer-user-events-consumer-3, groupId=user-events-consumer] Setting offset for partition user-events-topic-2 to the committed offset FetchPosition{offset=4, offsetEpoch=Optional.empty, currentLeader=LeaderAndEpoch{leader=Optional[localhost:9093 (id: 1001 rack: null)], epoch=0}}
2025-12-06 02:28:07.874 [org.springframework.kafka.KafkaListenerEndpointContainer#0-0-C-1] INFO  o.a.k.c.c.i.ConsumerCoordinator [node1:8080] - [Consumer clientId=consumer-user-events-consumer-3, groupId=user-events-consumer] Setting offset for partition user-events-topic-0 to the committed offset FetchPosition{offset=7, offsetEpoch=Optional.empty, currentLeader=LeaderAndEpoch{leader=Optional[localhost:9093 (id: 1001 rack: null)], epoch=0}}
2025-12-06 02:28:07.880 [org.springframework.kafka.KafkaListenerEndpointContainer#0-0-C-1] INFO  o.s.k.l.KafkaMessageListenerContainer [node1:8080] - user-events-consumer: partitions assigned: [user-events-topic-1, user-events-topic-2, user-events-topic-0]
2025-12-06 02:38:08.004 [org.springframework.kafka.KafkaListenerEndpointContainer#0-0-C-1] INFO  o.a.k.clients.FetchSessionHandler [node1:8080] - [Consumer clientId=consumer-user-events-consumer-3, groupId=user-events-consumer] Error sending fetch request (sessionId=1484598215, epoch=85) to node 1001:
org.apache.kafka.common.errors.DisconnectException: null
2025-12-06 02:38:08.004 [org.springframework.kafka.KafkaListenerEndpointContainer#1-0-C-1] INFO  o.a.k.clients.FetchSessionHandler [node1:8080] - [Consumer clientId=consumer-order-events-consumer-4, groupId=order-events-consumer] Error sending fetch request (sessionId=194527591, epoch=94) to node 1001:
org.apache.kafka.common.errors.DisconnectException: null
2025-12-06 02:38:08.004 [org.springframework.kafka.KafkaListenerEndpointContainer#3-0-C-1] INFO  o.a.k.clients.FetchSessionHandler [node1:8080] - [Consumer clientId=consumer-pattern-consumer-2, groupId=pattern-consumer] Error sending fetch request (sessionId=415342133, epoch=94) to node 1001:
org.apache.kafka.common.errors.DisconnectException: null
2025-12-06 02:38:08.008 [kafka-coordinator-heartbeat-thread | user-events-consumer] INFO  o.a.k.c.c.i.ConsumerCoordinator [node1:8080] - [Consumer clientId=consumer-user-events-consumer-3, groupId=user-events-consumer] Group coordinator localhost:9093 (id: 2147482646 rack: null) is unavailable or invalid due to cause: session timed out without receiving a heartbeat response.isDisconnected: false. Rediscovery will be attempted.
2025-12-06 02:38:08.011 [kafka-coordinator-heartbeat-thread | notification-batch-consumer] INFO  o.a.k.c.c.i.ConsumerCoordinator [node1:8080] - [Consumer clientId=consumer-notification-batch-consumer-1, groupId=notification-batch-consumer] Group coordinator localhost:9093 (id: 2147482646 rack: null) is unavailable or invalid due to cause: session timed out without receiving a heartbeat response.isDisconnected: false. Rediscovery will be attempted.
2025-12-06 02:38:08.008 [kafka-coordinator-heartbeat-thread | order-events-consumer] INFO  o.a.k.c.c.i.ConsumerCoordinator [node1:8080] - [Consumer clientId=consumer-order-events-consumer-4, groupId=order-events-consumer] Group coordinator localhost:9093 (id: 2147482646 rack: null) is unavailable or invalid due to cause: session timed out without receiving a heartbeat response.isDisconnected: false. Rediscovery will be attempted.
2025-12-06 02:38:08.011 [kafka-coordinator-heartbeat-thread | pattern-consumer] INFO  o.a.k.c.c.i.ConsumerCoordinator [node1:8080] - [Consumer clientId=consumer-pattern-consumer-2, groupId=pattern-consumer] Group coordinator localhost:9093 (id: 2147482646 rack: null) is unavailable or invalid due to cause: session timed out without receiving a heartbeat response.isDisconnected: false. Rediscovery will be attempted.
2025-12-06 02:38:08.121 [org.springframework.kafka.KafkaListenerEndpointContainer#0-0-C-1] INFO  o.a.k.c.c.i.ConsumerCoordinator [node1:8080] - [Consumer clientId=consumer-user-events-consumer-3, groupId=user-events-consumer] Discovered group coordinator localhost:9093 (id: 2147482646 rack: null)
2025-12-06 02:38:08.121 [org.springframework.kafka.KafkaListenerEndpointContainer#1-0-C-1] INFO  o.a.k.c.c.i.ConsumerCoordinator [node1:8080] - [Consumer clientId=consumer-order-events-consumer-4, groupId=order-events-consumer] Discovered group coordinator localhost:9093 (id: 2147482646 rack: null)
2025-12-06 02:38:08.121 [org.springframework.kafka.KafkaListenerEndpointContainer#3-0-C-1] INFO  o.a.k.c.c.i.ConsumerCoordinator [node1:8080] - [Consumer clientId=consumer-pattern-consumer-2, groupId=pattern-consumer] Discovered group coordinator localhost:9093 (id: 2147482646 rack: null)
2025-12-06 02:38:08.478 [kafka-coordinator-heartbeat-thread | notification-batch-consumer] INFO  o.a.k.c.c.i.ConsumerCoordinator [node1:8080] - [Consumer clientId=consumer-notification-batch-consumer-1, groupId=notification-batch-consumer] Discovered group coordinator localhost:9093 (id: 2147482646 rack: null)
2025-12-06 02:38:08.478 [kafka-coordinator-heartbeat-thread | notification-batch-consumer] WARN  o.a.k.c.c.i.ConsumerCoordinator [node1:8080] - [Consumer clientId=consumer-notification-batch-consumer-1, groupId=notification-batch-consumer] consumer poll timeout has expired. This means the time between subsequent calls to poll() was longer than the configured max.poll.interval.ms, which typically implies that the poll loop is spending too much time processing messages. You can address this either by increasing max.poll.interval.ms or by reducing the maximum size of batches returned in poll() with max.poll.records.
2025-12-06 02:38:08.478 [kafka-coordinator-heartbeat-thread | notification-batch-consumer] INFO  o.a.k.c.c.i.ConsumerCoordinator [node1:8080] - [Consumer clientId=consumer-notification-batch-consumer-1, groupId=notification-batch-consumer] Member consumer-notification-batch-consumer-1-00fd3102-220f-4fde-9613-2dfccdb29261 sending LeaveGroup request to coordinator localhost:9093 (id: 2147482646 rack: null) due to consumer poll timeout has expired.
2025-12-06 02:38:08.478 [kafka-coordinator-heartbeat-thread | notification-batch-consumer] INFO  o.a.k.c.c.i.ConsumerCoordinator [node1:8080] - [Consumer clientId=consumer-notification-batch-consumer-1, groupId=notification-batch-consumer] Discovered group coordinator localhost:9093 (id: 2147482646 rack: null)
2025-12-06 02:38:08.478 [kafka-coordinator-heartbeat-thread | notification-batch-consumer] INFO  o.a.k.c.c.i.ConsumerCoordinator [node1:8080] - [Consumer clientId=consumer-notification-batch-consumer-1, groupId=notification-batch-consumer] Resetting generation due to: consumer pro-actively leaving the group
2025-12-06 02:38:08.478 [kafka-coordinator-heartbeat-thread | notification-batch-consumer] INFO  o.a.k.c.c.i.ConsumerCoordinator [node1:8080] - [Consumer clientId=consumer-notification-batch-consumer-1, groupId=notification-batch-consumer] Request joining group due to: consumer pro-actively leaving the group
2025-12-06 02:38:09.096 [org.springframework.kafka.KafkaListenerEndpointContainer#2-0-C-1] INFO  o.a.k.clients.FetchSessionHandler [node1:8080] - [Consumer clientId=consumer-notification-batch-consumer-1, groupId=notification-batch-consumer] Error sending fetch request (sessionId=944456477, epoch=94) to node 1001:
org.apache.kafka.common.errors.DisconnectException: null
2025-12-06 02:38:09.102 [org.springframework.kafka.KafkaListenerEndpointContainer#2-0-C-1] INFO  o.a.k.c.c.i.ConsumerCoordinator [node1:8080] - [Consumer clientId=consumer-notification-batch-consumer-1, groupId=notification-batch-consumer] Giving away all assigned partitions as lost since generation has been reset,indicating that consumer is no longer part of the group
2025-12-06 02:38:09.102 [org.springframework.kafka.KafkaListenerEndpointContainer#2-0-C-1] INFO  o.a.k.c.c.i.ConsumerCoordinator [node1:8080] - [Consumer clientId=consumer-notification-batch-consumer-1, groupId=notification-batch-consumer] Lost previously assigned partitions notification-topic-0
2025-12-06 02:38:09.102 [org.springframework.kafka.KafkaListenerEndpointContainer#2-0-C-1] INFO  o.s.k.l.KafkaMessageListenerContainer [node1:8080] - notification-batch-consumer: partitions lost: [notification-topic-0]
2025-12-06 02:38:09.102 [org.springframework.kafka.KafkaListenerEndpointContainer#2-0-C-1] INFO  o.s.k.l.KafkaMessageListenerContainer [node1:8080] - notification-batch-consumer: partitions revoked: [notification-topic-0]
2025-12-06 02:38:09.103 [org.springframework.kafka.KafkaListenerEndpointContainer#2-0-C-1] INFO  o.a.k.c.c.i.ConsumerCoordinator [node1:8080] - [Consumer clientId=consumer-notification-batch-consumer-1, groupId=notification-batch-consumer] (Re-)joining group
2025-12-06 02:38:09.103 [org.springframework.kafka.KafkaListenerEndpointContainer#2-0-C-1] INFO  o.a.k.c.c.i.ConsumerCoordinator [node1:8080] - [Consumer clientId=consumer-notification-batch-consumer-1, groupId=notification-batch-consumer] Discovered group coordinator localhost:9093 (id: 2147482646 rack: null)
2025-12-06 02:38:09.103 [org.springframework.kafka.KafkaListenerEndpointContainer#2-0-C-1] INFO  o.a.k.c.c.i.ConsumerCoordinator [node1:8080] - [Consumer clientId=consumer-notification-batch-consumer-1, groupId=notification-batch-consumer] Discovered group coordinator localhost:9093 (id: 2147482646 rack: null)
2025-12-06 02:38:09.111 [org.springframework.kafka.KafkaListenerEndpointContainer#2-0-C-1] INFO  o.a.k.c.c.i.ConsumerCoordinator [node1:8080] - [Consumer clientId=consumer-notification-batch-consumer-1, groupId=notification-batch-consumer] Request joining group due to: need to re-join with the given member-id
2025-12-06 02:38:09.111 [org.springframework.kafka.KafkaListenerEndpointContainer#2-0-C-1] INFO  o.a.k.c.c.i.ConsumerCoordinator [node1:8080] - [Consumer clientId=consumer-notification-batch-consumer-1, groupId=notification-batch-consumer] (Re-)joining group
2025-12-06 02:38:12.617 [org.springframework.kafka.KafkaListenerEndpointContainer#2-0-C-1] INFO  o.a.k.c.c.i.ConsumerCoordinator [node1:8080] - [Consumer clientId=consumer-notification-batch-consumer-1, groupId=notification-batch-consumer] Successfully joined group with generation Generation{generationId=9, memberId='consumer-notification-batch-consumer-1-7420a8db-eb36-4171-8e4b-56d469e75108', protocol='range'}
2025-12-06 02:38:12.617 [org.springframework.kafka.KafkaListenerEndpointContainer#2-0-C-1] INFO  o.a.k.c.c.i.ConsumerCoordinator [node1:8080] - [Consumer clientId=consumer-notification-batch-consumer-1, groupId=notification-batch-consumer] Finished assignment for group at generation 9: {consumer-notification-batch-consumer-1-7420a8db-eb36-4171-8e4b-56d469e75108=Assignment(partitions=[notification-topic-0])}
2025-12-06 02:38:12.624 [org.springframework.kafka.KafkaListenerEndpointContainer#2-0-C-1] INFO  o.a.k.c.c.i.ConsumerCoordinator [node1:8080] - [Consumer clientId=consumer-notification-batch-consumer-1, groupId=notification-batch-consumer] Successfully synced group in generation Generation{generationId=9, memberId='consumer-notification-batch-consumer-1-7420a8db-eb36-4171-8e4b-56d469e75108', protocol='range'}
2025-12-06 02:38:12.624 [org.springframework.kafka.KafkaListenerEndpointContainer#2-0-C-1] INFO  o.a.k.c.c.i.ConsumerCoordinator [node1:8080] - [Consumer clientId=consumer-notification-batch-consumer-1, groupId=notification-batch-consumer] Notifying assignor about the new Assignment(partitions=[notification-topic-0])
2025-12-06 02:38:12.624 [org.springframework.kafka.KafkaListenerEndpointContainer#2-0-C-1] INFO  o.a.k.c.c.i.ConsumerCoordinator [node1:8080] - [Consumer clientId=consumer-notification-batch-consumer-1, groupId=notification-batch-consumer] Adding newly assigned partitions: notification-topic-0
2025-12-06 02:38:12.632 [org.springframework.kafka.KafkaListenerEndpointContainer#2-0-C-1] INFO  o.a.k.c.c.i.ConsumerCoordinator [node1:8080] - [Consumer clientId=consumer-notification-batch-consumer-1, groupId=notification-batch-consumer] Setting offset for partition notification-topic-0 to the committed offset FetchPosition{offset=0, offsetEpoch=Optional.empty, currentLeader=LeaderAndEpoch{leader=Optional[localhost:9093 (id: 1001 rack: null)], epoch=0}}
2025-12-06 02:38:12.633 [org.springframework.kafka.KafkaListenerEndpointContainer#2-0-C-1] INFO  o.s.k.l.KafkaMessageListenerContainer [node1:8080] - notification-batch-consumer: partitions assigned: [notification-topic-0]
2025-12-06 02:38:18.963 [HikariPool-1 housekeeper] WARN  com.zaxxer.hikari.pool.HikariPool [node1:8080] - HikariPool-1 - Thread starvation or clock leap detected (housekeeper delta=9m45s453ms).
2025-12-06 02:48:15.007 [org.springframework.kafka.KafkaListenerEndpointContainer#3-0-C-1] INFO  o.a.k.clients.FetchSessionHandler [node1:8080] - [Consumer clientId=consumer-pattern-consumer-2, groupId=pattern-consumer] Error sending fetch request (sessionId=69125384, epoch=95) to node 1001:
org.apache.kafka.common.errors.DisconnectException: null
2025-12-06 02:48:15.007 [org.springframework.kafka.KafkaListenerEndpointContainer#2-0-C-1] INFO  o.a.k.clients.FetchSessionHandler [node1:8080] - [Consumer clientId=consumer-notification-batch-consumer-1, groupId=notification-batch-consumer] Error sending fetch request (sessionId=57346254, epoch=88) to node 1001:
org.apache.kafka.common.errors.DisconnectException: null
2025-12-06 02:48:15.007 [org.springframework.kafka.KafkaListenerEndpointContainer#0-0-C-1] INFO  o.a.k.clients.FetchSessionHandler [node1:8080] - [Consumer clientId=consumer-user-events-consumer-3, groupId=user-events-consumer] Error sending fetch request (sessionId=793942983, epoch=95) to node 1001:
org.apache.kafka.common.errors.DisconnectException: null
2025-12-06 02:48:15.007 [org.springframework.kafka.KafkaListenerEndpointContainer#1-0-C-1] INFO  o.a.k.clients.FetchSessionHandler [node1:8080] - [Consumer clientId=consumer-order-events-consumer-4, groupId=order-events-consumer] Error sending fetch request (sessionId=1534883750, epoch=95) to node 1001:
org.apache.kafka.common.errors.DisconnectException: null
2025-12-06 02:48:15.011 [kafka-coordinator-heartbeat-thread | notification-batch-consumer] INFO  o.a.k.c.c.i.ConsumerCoordinator [node1:8080] - [Consumer clientId=consumer-notification-batch-consumer-1, groupId=notification-batch-consumer] Group coordinator localhost:9093 (id: 2147482646 rack: null) is unavailable or invalid due to cause: session timed out without receiving a heartbeat response.isDisconnected: false. Rediscovery will be attempted.
2025-12-06 02:48:15.011 [kafka-coordinator-heartbeat-thread | pattern-consumer] INFO  o.a.k.c.c.i.ConsumerCoordinator [node1:8080] - [Consumer clientId=consumer-pattern-consumer-2, groupId=pattern-consumer] Group coordinator localhost:9093 (id: 2147482646 rack: null) is unavailable or invalid due to cause: session timed out without receiving a heartbeat response.isDisconnected: false. Rediscovery will be attempted.
2025-12-06 02:48:15.011 [kafka-coordinator-heartbeat-thread | order-events-consumer] INFO  o.a.k.c.c.i.ConsumerCoordinator [node1:8080] - [Consumer clientId=consumer-order-events-consumer-4, groupId=order-events-consumer] Group coordinator localhost:9093 (id: 2147482646 rack: null) is unavailable or invalid due to cause: session timed out without receiving a heartbeat response.isDisconnected: false. Rediscovery will be attempted.
2025-12-06 02:48:15.011 [kafka-coordinator-heartbeat-thread | user-events-consumer] INFO  o.a.k.c.c.i.ConsumerCoordinator [node1:8080] - [Consumer clientId=consumer-user-events-consumer-3, groupId=user-events-consumer] Group coordinator localhost:9093 (id: 2147482646 rack: null) is unavailable or invalid due to cause: session timed out without receiving a heartbeat response.isDisconnected: false. Rediscovery will be attempted.
2025-12-06 02:48:16.133 [org.springframework.kafka.KafkaListenerEndpointContainer#1-0-C-1] INFO  o.a.k.c.c.i.ConsumerCoordinator [node1:8080] - [Consumer clientId=consumer-order-events-consumer-4, groupId=order-events-consumer] Discovered group coordinator localhost:9093 (id: 2147482646 rack: null)
2025-12-06 02:48:16.135 [org.springframework.kafka.KafkaListenerEndpointContainer#2-0-C-1] INFO  o.a.k.c.c.i.ConsumerCoordinator [node1:8080] - [Consumer clientId=consumer-notification-batch-consumer-1, groupId=notification-batch-consumer] Discovered group coordinator localhost:9093 (id: 2147482646 rack: null)
2025-12-06 02:48:16.294 [org.springframework.kafka.KafkaListenerEndpointContainer#0-0-C-1] INFO  o.a.k.c.c.i.ConsumerCoordinator [node1:8080] - [Consumer clientId=consumer-user-events-consumer-3, groupId=user-events-consumer] Discovered group coordinator localhost:9093 (id: 2147482646 rack: null)
2025-12-06 02:48:16.295 [org.springframework.kafka.KafkaListenerEndpointContainer#3-0-C-1] INFO  o.a.k.c.c.i.ConsumerCoordinator [node1:8080] - [Consumer clientId=consumer-pattern-consumer-2, groupId=pattern-consumer] Discovered group coordinator localhost:9093 (id: 2147482646 rack: null)
2025-12-06 02:48:34.396 [HikariPool-1 housekeeper] WARN  com.zaxxer.hikari.pool.HikariPool [node1:8080] - HikariPool-1 - Thread starvation or clock leap detected (housekeeper delta=9m45s432ms).
2025-12-06 02:58:21.004 [HikariPool-1 housekeeper] WARN  com.zaxxer.hikari.pool.HikariPool [node1:8080] - HikariPool-1 - Thread starvation or clock leap detected (housekeeper delta=9m46s608ms).
2025-12-06 02:58:21.004 [org.springframework.kafka.KafkaListenerEndpointContainer#3-0-C-1] INFO  o.a.k.clients.FetchSessionHandler [node1:8080] - [Consumer clientId=consumer-pattern-consumer-2, groupId=pattern-consumer] Error sending fetch request (sessionId=835763458, epoch=93) to node 1001:
org.apache.kafka.common.errors.DisconnectException: null
2025-12-06 02:58:21.005 [org.springframework.kafka.KafkaListenerEndpointContainer#2-0-C-1] INFO  o.a.k.clients.FetchSessionHandler [node1:8080] - [Consumer clientId=consumer-notification-batch-consumer-1, groupId=notification-batch-consumer] Error sending fetch request (sessionId=457506012, epoch=93) to node 1001:
org.apache.kafka.common.errors.DisconnectException: null
2025-12-06 02:58:21.005 [org.springframework.kafka.KafkaListenerEndpointContainer#1-0-C-1] INFO  o.a.k.clients.FetchSessionHandler [node1:8080] - [Consumer clientId=consumer-order-events-consumer-4, groupId=order-events-consumer] Error sending fetch request (sessionId=223363470, epoch=93) to node 1001:
org.apache.kafka.common.errors.DisconnectException: null
2025-12-06 02:58:21.005 [org.springframework.kafka.KafkaListenerEndpointContainer#0-0-C-1] INFO  o.a.k.clients.FetchSessionHandler [node1:8080] - [Consumer clientId=consumer-user-events-consumer-3, groupId=user-events-consumer] Error sending fetch request (sessionId=405075264, epoch=93) to node 1001:
org.apache.kafka.common.errors.DisconnectException: null
2025-12-06 02:58:21.010 [kafka-coordinator-heartbeat-thread | pattern-consumer] INFO  o.a.k.c.c.i.ConsumerCoordinator [node1:8080] - [Consumer clientId=consumer-pattern-consumer-2, groupId=pattern-consumer] Group coordinator localhost:9093 (id: 2147482646 rack: null) is unavailable or invalid due to cause: session timed out without receiving a heartbeat response.isDisconnected: false. Rediscovery will be attempted.
2025-12-06 02:58:21.011 [kafka-coordinator-heartbeat-thread | notification-batch-consumer] INFO  o.a.k.c.c.i.ConsumerCoordinator [node1:8080] - [Consumer clientId=consumer-notification-batch-consumer-1, groupId=notification-batch-consumer] Group coordinator localhost:9093 (id: 2147482646 rack: null) is unavailable or invalid due to cause: session timed out without receiving a heartbeat response.isDisconnected: false. Rediscovery will be attempted.
2025-12-06 02:58:21.011 [kafka-coordinator-heartbeat-thread | order-events-consumer] INFO  o.a.k.c.c.i.ConsumerCoordinator [node1:8080] - [Consumer clientId=consumer-order-events-consumer-4, groupId=order-events-consumer] Group coordinator localhost:9093 (id: 2147482646 rack: null) is unavailable or invalid due to cause: session timed out without receiving a heartbeat response.isDisconnected: false. Rediscovery will be attempted.
2025-12-06 02:58:21.010 [kafka-coordinator-heartbeat-thread | user-events-consumer] INFO  o.a.k.c.c.i.ConsumerCoordinator [node1:8080] - [Consumer clientId=consumer-user-events-consumer-3, groupId=user-events-consumer] Group coordinator localhost:9093 (id: 2147482646 rack: null) is unavailable or invalid due to cause: session timed out without receiving a heartbeat response.isDisconnected: false. Rediscovery will be attempted.
2025-12-06 02:58:22.121 [org.springframework.kafka.KafkaListenerEndpointContainer#0-0-C-1] INFO  o.a.k.c.c.i.ConsumerCoordinator [node1:8080] - [Consumer clientId=consumer-user-events-consumer-3, groupId=user-events-consumer] Discovered group coordinator localhost:9093 (id: 2147482646 rack: null)
2025-12-06 02:58:22.123 [org.springframework.kafka.KafkaListenerEndpointContainer#0-0-C-1] INFO  o.a.k.c.c.i.ConsumerCoordinator [node1:8080] - [Consumer clientId=consumer-user-events-consumer-3, groupId=user-events-consumer] Discovered group coordinator localhost:9093 (id: 2147482646 rack: null)
2025-12-06 02:58:22.123 [org.springframework.kafka.KafkaListenerEndpointContainer#0-0-C-1] INFO  o.a.k.c.c.i.ConsumerCoordinator [node1:8080] - [Consumer clientId=consumer-user-events-consumer-3, groupId=user-events-consumer] Group coordinator localhost:9093 (id: 2147482646 rack: null) is unavailable or invalid due to cause: coordinator unavailable.isDisconnected: false. Rediscovery will be attempted.
2025-12-06 02:58:22.141 [org.springframework.kafka.KafkaListenerEndpointContainer#3-0-C-1] INFO  o.a.k.c.c.i.ConsumerCoordinator [node1:8080] - [Consumer clientId=consumer-pattern-consumer-2, groupId=pattern-consumer] Discovered group coordinator localhost:9093 (id: 2147482646 rack: null)
2025-12-06 02:58:22.144 [org.springframework.kafka.KafkaListenerEndpointContainer#3-0-C-1] INFO  o.a.k.c.c.i.ConsumerCoordinator [node1:8080] - [Consumer clientId=consumer-pattern-consumer-2, groupId=pattern-consumer] Discovered group coordinator localhost:9093 (id: 2147482646 rack: null)
2025-12-06 02:58:22.147 [org.springframework.kafka.KafkaListenerEndpointContainer#2-0-C-1] INFO  o.a.k.c.c.i.ConsumerCoordinator [node1:8080] - [Consumer clientId=consumer-notification-batch-consumer-1, groupId=notification-batch-consumer] Discovered group coordinator localhost:9093 (id: 2147482646 rack: null)
2025-12-06 02:58:22.150 [org.springframework.kafka.KafkaListenerEndpointContainer#1-0-C-1] INFO  o.a.k.c.c.i.ConsumerCoordinator [node1:8080] - [Consumer clientId=consumer-order-events-consumer-4, groupId=order-events-consumer] Discovered group coordinator localhost:9093 (id: 2147482646 rack: null)
2025-12-06 02:58:22.159 [org.springframework.kafka.KafkaListenerEndpointContainer#1-0-C-1] INFO  o.a.k.c.c.i.ConsumerCoordinator [node1:8080] - [Consumer clientId=consumer-order-events-consumer-4, groupId=order-events-consumer] Discovered group coordinator localhost:9093 (id: 2147482646 rack: null)
2025-12-06 02:58:22.159 [org.springframework.kafka.KafkaListenerEndpointContainer#2-0-C-1] INFO  o.a.k.c.c.i.ConsumerCoordinator [node1:8080] - [Consumer clientId=consumer-notification-batch-consumer-1, groupId=notification-batch-consumer] Discovered group coordinator localhost:9093 (id: 2147482646 rack: null)
2025-12-06 02:58:22.234 [org.springframework.kafka.KafkaListenerEndpointContainer#0-0-C-1] INFO  o.a.k.c.c.i.ConsumerCoordinator [node1:8080] - [Consumer clientId=consumer-user-events-consumer-3, groupId=user-events-consumer] Discovered group coordinator localhost:9093 (id: 2147482646 rack: null)
2025-12-06 03:08:26.007 [org.springframework.kafka.KafkaListenerEndpointContainer#0-0-C-1] INFO  o.a.k.clients.FetchSessionHandler [node1:8080] - [Consumer clientId=consumer-user-events-consumer-3, groupId=user-events-consumer] Error sending fetch request (sessionId=846527150, epoch=91) to node 1001:
org.apache.kafka.common.errors.DisconnectException: null
2025-12-06 03:08:26.007 [org.springframework.kafka.KafkaListenerEndpointContainer#1-0-C-1] INFO  o.a.k.clients.FetchSessionHandler [node1:8080] - [Consumer clientId=consumer-order-events-consumer-4, groupId=order-events-consumer] Error sending fetch request (sessionId=118433702, epoch=92) to node 1001:
org.apache.kafka.common.errors.DisconnectException: null
2025-12-06 03:08:26.011 [kafka-coordinator-heartbeat-thread | user-events-consumer] INFO  o.a.k.c.c.i.ConsumerCoordinator [node1:8080] - [Consumer clientId=consumer-user-events-consumer-3, groupId=user-events-consumer] Group coordinator localhost:9093 (id: 2147482646 rack: null) is unavailable or invalid due to cause: session timed out without receiving a heartbeat response.isDisconnected: false. Rediscovery will be attempted.
2025-12-06 03:08:26.007 [org.springframework.kafka.KafkaListenerEndpointContainer#3-0-C-1] INFO  o.a.k.clients.FetchSessionHandler [node1:8080] - [Consumer clientId=consumer-pattern-consumer-2, groupId=pattern-consumer] Error sending fetch request (sessionId=1869988576, epoch=91) to node 1001:
org.apache.kafka.common.errors.DisconnectException: null
2025-12-06 03:08:26.011 [kafka-coordinator-heartbeat-thread | order-events-consumer] INFO  o.a.k.c.c.i.ConsumerCoordinator [node1:8080] - [Consumer clientId=consumer-order-events-consumer-4, groupId=order-events-consumer] Group coordinator localhost:9093 (id: 2147482646 rack: null) is unavailable or invalid due to cause: session timed out without receiving a heartbeat response.isDisconnected: false. Rediscovery will be attempted.
2025-12-06 03:08:26.011 [org.springframework.kafka.KafkaListenerEndpointContainer#2-0-C-1] INFO  o.a.k.clients.FetchSessionHandler [node1:8080] - [Consumer clientId=consumer-notification-batch-consumer-1, groupId=notification-batch-consumer] Error sending fetch request (sessionId=1291341292, epoch=92) to node 1001:
org.apache.kafka.common.errors.DisconnectException: null
2025-12-06 03:08:26.012 [kafka-coordinator-heartbeat-thread | pattern-consumer] INFO  o.a.k.c.c.i.ConsumerCoordinator [node1:8080] - [Consumer clientId=consumer-pattern-consumer-2, groupId=pattern-consumer] Group coordinator localhost:9093 (id: 2147482646 rack: null) is unavailable or invalid due to cause: session timed out without receiving a heartbeat response.isDisconnected: false. Rediscovery will be attempted.
2025-12-06 03:08:26.014 [kafka-coordinator-heartbeat-thread | notification-batch-consumer] INFO  o.a.k.c.c.i.ConsumerCoordinator [node1:8080] - [Consumer clientId=consumer-notification-batch-consumer-1, groupId=notification-batch-consumer] Group coordinator localhost:9093 (id: 2147482646 rack: null) is unavailable or invalid due to cause: session timed out without receiving a heartbeat response.isDisconnected: false. Rediscovery will be attempted.
2025-12-06 03:08:27.130 [org.springframework.kafka.KafkaListenerEndpointContainer#1-0-C-1] INFO  o.a.k.c.c.i.ConsumerCoordinator [node1:8080] - [Consumer clientId=consumer-order-events-consumer-4, groupId=order-events-consumer] Discovered group coordinator localhost:9093 (id: 2147482646 rack: null)
2025-12-06 03:08:27.135 [org.springframework.kafka.KafkaListenerEndpointContainer#0-0-C-1] INFO  o.a.k.c.c.i.ConsumerCoordinator [node1:8080] - [Consumer clientId=consumer-user-events-consumer-3, groupId=user-events-consumer] Discovered group coordinator localhost:9093 (id: 2147482646 rack: null)
2025-12-06 03:08:27.141 [org.springframework.kafka.KafkaListenerEndpointContainer#2-0-C-1] INFO  o.a.k.c.c.i.ConsumerCoordinator [node1:8080] - [Consumer clientId=consumer-notification-batch-consumer-1, groupId=notification-batch-consumer] Discovered group coordinator localhost:9093 (id: 2147482646 rack: null)
2025-12-06 03:08:27.144 [org.springframework.kafka.KafkaListenerEndpointContainer#3-0-C-1] INFO  o.a.k.c.c.i.ConsumerCoordinator [node1:8080] - [Consumer clientId=consumer-pattern-consumer-2, groupId=pattern-consumer] Discovered group coordinator localhost:9093 (id: 2147482646 rack: null)
2025-12-06 03:08:27.153 [org.springframework.kafka.KafkaListenerEndpointContainer#3-0-C-1] INFO  o.a.k.c.c.i.ConsumerCoordinator [node1:8080] - [Consumer clientId=consumer-pattern-consumer-2, groupId=pattern-consumer] Discovered group coordinator localhost:9093 (id: 2147482646 rack: null)
2025-12-06 03:08:35.480 [HikariPool-1 housekeeper] WARN  com.zaxxer.hikari.pool.HikariPool [node1:8080] - HikariPool-1 - Thread starvation or clock leap detected (housekeeper delta=9m43s570ms).
2025-12-06 03:18:30.052 [kafka-coordinator-heartbeat-thread | user-events-consumer] INFO  o.a.k.c.c.i.ConsumerCoordinator [node1:8080] - [Consumer clientId=consumer-user-events-consumer-3, groupId=user-events-consumer] Group coordinator localhost:9093 (id: 2147482646 rack: null) is unavailable or invalid due to cause: session timed out without receiving a heartbeat response.isDisconnected: false. Rediscovery will be attempted.
2025-12-06 03:18:30.052 [kafka-coordinator-heartbeat-thread | notification-batch-consumer] INFO  o.a.k.c.c.i.ConsumerCoordinator [node1:8080] - [Consumer clientId=consumer-notification-batch-consumer-1, groupId=notification-batch-consumer] Group coordinator localhost:9093 (id: 2147482646 rack: null) is unavailable or invalid due to cause: session timed out without receiving a heartbeat response.isDisconnected: false. Rediscovery will be attempted.
2025-12-06 03:18:30.053 [kafka-coordinator-heartbeat-thread | pattern-consumer] INFO  o.a.k.c.c.i.ConsumerCoordinator [node1:8080] - [Consumer clientId=consumer-pattern-consumer-2, groupId=pattern-consumer] Group coordinator localhost:9093 (id: 2147482646 rack: null) is unavailable or invalid due to cause: session timed out without receiving a heartbeat response.isDisconnected: false. Rediscovery will be attempted.
2025-12-06 03:18:31.098 [kafka-coordinator-heartbeat-thread | order-events-consumer] INFO  o.a.k.c.c.i.ConsumerCoordinator [node1:8080] - [Consumer clientId=consumer-order-events-consumer-4, groupId=order-events-consumer] Group coordinator localhost:9093 (id: 2147482646 rack: null) is unavailable or invalid due to cause: session timed out without receiving a heartbeat response.isDisconnected: false. Rediscovery will be attempted.
2025-12-06 03:18:31.121 [org.springframework.kafka.KafkaListenerEndpointContainer#3-0-C-1] INFO  o.a.k.c.c.i.ConsumerCoordinator [node1:8080] - [Consumer clientId=consumer-pattern-consumer-2, groupId=pattern-consumer] Discovered group coordinator localhost:9093 (id: 2147482646 rack: null)
2025-12-06 03:18:31.125 [org.springframework.kafka.KafkaListenerEndpointContainer#3-0-C-1] INFO  o.a.k.c.c.i.ConsumerCoordinator [node1:8080] - [Consumer clientId=consumer-pattern-consumer-2, groupId=pattern-consumer] Discovered group coordinator localhost:9093 (id: 2147482646 rack: null)
2025-12-06 03:18:31.125 [org.springframework.kafka.KafkaListenerEndpointContainer#3-0-C-1] INFO  o.a.k.c.c.i.ConsumerCoordinator [node1:8080] - [Consumer clientId=consumer-pattern-consumer-2, groupId=pattern-consumer] Group coordinator localhost:9093 (id: 2147482646 rack: null) is unavailable or invalid due to cause: coordinator unavailable.isDisconnected: false. Rediscovery will be attempted.
2025-12-06 03:18:31.127 [org.springframework.kafka.KafkaListenerEndpointContainer#2-0-C-1] INFO  o.a.k.c.c.i.ConsumerCoordinator [node1:8080] - [Consumer clientId=consumer-notification-batch-consumer-1, groupId=notification-batch-consumer] Discovered group coordinator localhost:9093 (id: 2147482646 rack: null)
2025-12-06 03:18:31.130 [org.springframework.kafka.KafkaListenerEndpointContainer#0-0-C-1] INFO  o.a.k.c.c.i.ConsumerCoordinator [node1:8080] - [Consumer clientId=consumer-user-events-consumer-3, groupId=user-events-consumer] Discovered group coordinator localhost:9093 (id: 2147482646 rack: null)
2025-12-06 03:18:31.134 [org.springframework.kafka.KafkaListenerEndpointContainer#2-0-C-1] INFO  o.a.k.c.c.i.ConsumerCoordinator [node1:8080] - [Consumer clientId=consumer-notification-batch-consumer-1, groupId=notification-batch-consumer] Discovered group coordinator localhost:9093 (id: 2147482646 rack: null)
2025-12-06 03:18:31.134 [org.springframework.kafka.KafkaListenerEndpointContainer#2-0-C-1] INFO  o.a.k.c.c.i.ConsumerCoordinator [node1:8080] - [Consumer clientId=consumer-notification-batch-consumer-1, groupId=notification-batch-consumer] Group coordinator localhost:9093 (id: 2147482646 rack: null) is unavailable or invalid due to cause: coordinator unavailable.isDisconnected: false. Rediscovery will be attempted.
2025-12-06 03:18:31.135 [org.springframework.kafka.KafkaListenerEndpointContainer#0-0-C-1] INFO  o.a.k.c.c.i.ConsumerCoordinator [node1:8080] - [Consumer clientId=consumer-user-events-consumer-3, groupId=user-events-consumer] Discovered group coordinator localhost:9093 (id: 2147482646 rack: null)
2025-12-06 03:18:31.135 [org.springframework.kafka.KafkaListenerEndpointContainer#0-0-C-1] INFO  o.a.k.c.c.i.ConsumerCoordinator [node1:8080] - [Consumer clientId=consumer-user-events-consumer-3, groupId=user-events-consumer] Group coordinator localhost:9093 (id: 2147482646 rack: null) is unavailable or invalid due to cause: coordinator unavailable.isDisconnected: false. Rediscovery will be attempted.
2025-12-06 03:18:31.138 [org.springframework.kafka.KafkaListenerEndpointContainer#1-0-C-1] INFO  o.a.k.c.c.i.ConsumerCoordinator [node1:8080] - [Consumer clientId=consumer-order-events-consumer-4, groupId=order-events-consumer] Discovered group coordinator localhost:9093 (id: 2147482646 rack: null)
2025-12-06 03:18:31.139 [org.springframework.kafka.KafkaListenerEndpointContainer#1-0-C-1] INFO  o.a.k.c.c.i.ConsumerCoordinator [node1:8080] - [Consumer clientId=consumer-order-events-consumer-4, groupId=order-events-consumer] Discovered group coordinator localhost:9093 (id: 2147482646 rack: null)
2025-12-06 03:18:31.139 [org.springframework.kafka.KafkaListenerEndpointContainer#1-0-C-1] INFO  o.a.k.c.c.i.ConsumerCoordinator [node1:8080] - [Consumer clientId=consumer-order-events-consumer-4, groupId=order-events-consumer] Group coordinator localhost:9093 (id: 2147482646 rack: null) is unavailable or invalid due to cause: coordinator unavailable.isDisconnected: false. Rediscovery will be attempted.
2025-12-06 03:18:31.237 [org.springframework.kafka.KafkaListenerEndpointContainer#3-0-C-1] INFO  o.a.k.c.c.i.ConsumerCoordinator [node1:8080] - [Consumer clientId=consumer-pattern-consumer-2, groupId=pattern-consumer] Discovered group coordinator localhost:9093 (id: 2147482646 rack: null)
2025-12-06 03:18:33.356 [org.springframework.kafka.KafkaListenerEndpointContainer#2-0-C-1] INFO  o.a.k.c.c.i.ConsumerCoordinator [node1:8080] - [Consumer clientId=consumer-notification-batch-consumer-1, groupId=notification-batch-consumer] Discovered group coordinator localhost:9093 (id: 2147482646 rack: null)
2025-12-06 03:18:33.367 [org.springframework.kafka.KafkaListenerEndpointContainer#0-0-C-1] INFO  o.a.k.c.c.i.ConsumerCoordinator [node1:8080] - [Consumer clientId=consumer-user-events-consumer-3, groupId=user-events-consumer] Discovered group coordinator localhost:9093 (id: 2147482646 rack: null)
2025-12-06 03:18:33.369 [org.springframework.kafka.KafkaListenerEndpointContainer#1-0-C-1] INFO  o.a.k.c.c.i.ConsumerCoordinator [node1:8080] - [Consumer clientId=consumer-order-events-consumer-4, groupId=order-events-consumer] Discovered group coordinator localhost:9093 (id: 2147482646 rack: null)
2025-12-06 03:18:52.791 [HikariPool-1 housekeeper] WARN  com.zaxxer.hikari.pool.HikariPool [node1:8080] - HikariPool-1 - Thread starvation or clock leap detected (housekeeper delta=9m47s306ms).
2025-12-06 03:28:38.010 [org.springframework.kafka.KafkaListenerEndpointContainer#0-0-C-1] INFO  o.a.k.clients.FetchSessionHandler [node1:8080] - [Consumer clientId=consumer-user-events-consumer-3, groupId=user-events-consumer] Error sending fetch request (sessionId=47106469, epoch=184) to node 1001:
org.apache.kafka.common.errors.DisconnectException: null
2025-12-06 03:28:38.010 [org.springframework.kafka.KafkaListenerEndpointContainer#2-0-C-1] INFO  o.a.k.clients.FetchSessionHandler [node1:8080] - [Consumer clientId=consumer-notification-batch-consumer-1, groupId=notification-batch-consumer] Error sending fetch request (sessionId=1037049774, epoch=184) to node 1001:
org.apache.kafka.common.errors.DisconnectException: null
2025-12-06 03:28:38.014 [kafka-coordinator-heartbeat-thread | user-events-consumer] INFO  o.a.k.c.c.i.ConsumerCoordinator [node1:8080] - [Consumer clientId=consumer-user-events-consumer-3, groupId=user-events-consumer] Group coordinator localhost:9093 (id: 2147482646 rack: null) is unavailable or invalid due to cause: session timed out without receiving a heartbeat response.isDisconnected: false. Rediscovery will be attempted.
2025-12-06 03:28:38.010 [org.springframework.kafka.KafkaListenerEndpointContainer#1-0-C-1] INFO  o.a.k.clients.FetchSessionHandler [node1:8080] - [Consumer clientId=consumer-order-events-consumer-4, groupId=order-events-consumer] Error sending fetch request (sessionId=382233467, epoch=184) to node 1001:
org.apache.kafka.common.errors.DisconnectException: null
2025-12-06 03:28:38.015 [kafka-coordinator-heartbeat-thread | order-events-consumer] INFO  o.a.k.c.c.i.ConsumerCoordinator [node1:8080] - [Consumer clientId=consumer-order-events-consumer-4, groupId=order-events-consumer] Group coordinator localhost:9093 (id: 2147482646 rack: null) is unavailable or invalid due to cause: session timed out without receiving a heartbeat response.isDisconnected: false. Rediscovery will be attempted.
2025-12-06 03:28:38.015 [kafka-coordinator-heartbeat-thread | notification-batch-consumer] INFO  o.a.k.c.c.i.ConsumerCoordinator [node1:8080] - [Consumer clientId=consumer-notification-batch-consumer-1, groupId=notification-batch-consumer] Group coordinator localhost:9093 (id: 2147482646 rack: null) is unavailable or invalid due to cause: session timed out without receiving a heartbeat response.isDisconnected: false. Rediscovery will be attempted.
2025-12-06 03:28:38.065 [kafka-coordinator-heartbeat-thread | pattern-consumer] INFO  o.a.k.c.c.i.ConsumerCoordinator [node1:8080] - [Consumer clientId=consumer-pattern-consumer-2, groupId=pattern-consumer] Group coordinator localhost:9093 (id: 2147482646 rack: null) is unavailable or invalid due to cause: session timed out without receiving a heartbeat response.isDisconnected: false. Rediscovery will be attempted.
2025-12-06 03:28:39.090 [HikariPool-1 housekeeper] WARN  com.zaxxer.hikari.pool.HikariPool [node1:8080] - HikariPool-1 - Thread starvation or clock leap detected (housekeeper delta=9m46s299ms).
2025-12-06 03:28:39.117 [org.springframework.kafka.KafkaListenerEndpointContainer#3-0-C-1] INFO  o.a.k.c.c.i.ConsumerCoordinator [node1:8080] - [Consumer clientId=consumer-pattern-consumer-2, groupId=pattern-consumer] Discovered group coordinator localhost:9093 (id: 2147482646 rack: null)
2025-12-06 03:28:39.126 [org.springframework.kafka.KafkaListenerEndpointContainer#3-0-C-1] INFO  o.a.k.c.c.i.ConsumerCoordinator [node1:8080] - [Consumer clientId=consumer-pattern-consumer-2, groupId=pattern-consumer] Discovered group coordinator localhost:9093 (id: 2147482646 rack: null)
2025-12-06 03:28:39.126 [org.springframework.kafka.KafkaListenerEndpointContainer#3-0-C-1] INFO  o.a.k.c.c.i.ConsumerCoordinator [node1:8080] - [Consumer clientId=consumer-pattern-consumer-2, groupId=pattern-consumer] Group coordinator localhost:9093 (id: 2147482646 rack: null) is unavailable or invalid due to cause: coordinator unavailable.isDisconnected: false. Rediscovery will be attempted.
2025-12-06 03:28:39.137 [org.springframework.kafka.KafkaListenerEndpointContainer#0-0-C-1] INFO  o.a.k.c.c.i.ConsumerCoordinator [node1:8080] - [Consumer clientId=consumer-user-events-consumer-3, groupId=user-events-consumer] Discovered group coordinator localhost:9093 (id: 2147482646 rack: null)
2025-12-06 03:28:39.137 [org.springframework.kafka.KafkaListenerEndpointContainer#2-0-C-1] INFO  o.a.k.c.c.i.ConsumerCoordinator [node1:8080] - [Consumer clientId=consumer-notification-batch-consumer-1, groupId=notification-batch-consumer] Discovered group coordinator localhost:9093 (id: 2147482646 rack: null)
2025-12-06 03:28:39.137 [org.springframework.kafka.KafkaListenerEndpointContainer#1-0-C-1] INFO  o.a.k.c.c.i.ConsumerCoordinator [node1:8080] - [Consumer clientId=consumer-order-events-consumer-4, groupId=order-events-consumer] Discovered group coordinator localhost:9093 (id: 2147482646 rack: null)
2025-12-06 03:28:39.237 [org.springframework.kafka.KafkaListenerEndpointContainer#3-0-C-1] INFO  o.a.k.c.c.i.ConsumerCoordinator [node1:8080] - [Consumer clientId=consumer-pattern-consumer-2, groupId=pattern-consumer] Discovered group coordinator localhost:9093 (id: 2147482646 rack: null)
2025-12-06 03:29:08.859 [HikariPool-1 housekeeper] WARN  com.zaxxer.hikari.pool.HikariPool [node1:8080] - HikariPool-1 - Retrograde clock change detected (housekeeper delta=29s769ms), soft-evicting connections from pool.
2025-12-06 03:38:43.008 [org.springframework.kafka.KafkaListenerEndpointContainer#3-0-C-1] INFO  o.a.k.clients.FetchSessionHandler [node1:8080] - [Consumer clientId=consumer-pattern-consumer-2, groupId=pattern-consumer] Error sending fetch request (sessionId=124028817, epoch=277) to node 1001:
org.apache.kafka.common.errors.DisconnectException: null
2025-12-06 03:38:43.011 [kafka-coordinator-heartbeat-thread | pattern-consumer] INFO  o.a.k.c.c.i.ConsumerCoordinator [node1:8080] - [Consumer clientId=consumer-pattern-consumer-2, groupId=pattern-consumer] Group coordinator localhost:9093 (id: 2147482646 rack: null) is unavailable or invalid due to cause: session timed out without receiving a heartbeat response.isDisconnected: false. Rediscovery will be attempted.
2025-12-06 03:38:43.011 [org.springframework.kafka.KafkaListenerEndpointContainer#2-0-C-1] INFO  o.a.k.clients.FetchSessionHandler [node1:8080] - [Consumer clientId=consumer-notification-batch-consumer-1, groupId=notification-batch-consumer] Error sending fetch request (sessionId=1689422657, epoch=92) to node 1001:
org.apache.kafka.common.errors.DisconnectException: null
2025-12-06 03:38:43.008 [org.springframework.kafka.KafkaListenerEndpointContainer#1-0-C-1] INFO  o.a.k.clients.FetchSessionHandler [node1:8080] - [Consumer clientId=consumer-order-events-consumer-4, groupId=order-events-consumer] Error sending fetch request (sessionId=494066485, epoch=92) to node 1001:
org.apache.kafka.common.errors.DisconnectException: null
2025-12-06 03:38:43.013 [kafka-coordinator-heartbeat-thread | order-events-consumer] INFO  o.a.k.c.c.i.ConsumerCoordinator [node1:8080] - [Consumer clientId=consumer-order-events-consumer-4, groupId=order-events-consumer] Group coordinator localhost:9093 (id: 2147482646 rack: null) is unavailable or invalid due to cause: session timed out without receiving a heartbeat response.isDisconnected: false. Rediscovery will be attempted.
2025-12-06 03:38:43.013 [kafka-coordinator-heartbeat-thread | notification-batch-consumer] INFO  o.a.k.c.c.i.ConsumerCoordinator [node1:8080] - [Consumer clientId=consumer-notification-batch-consumer-1, groupId=notification-batch-consumer] Group coordinator localhost:9093 (id: 2147482646 rack: null) is unavailable or invalid due to cause: session timed out without receiving a heartbeat response.isDisconnected: false. Rediscovery will be attempted.
2025-12-06 03:38:44.095 [org.springframework.kafka.KafkaListenerEndpointContainer#0-0-C-1] INFO  o.a.k.clients.FetchSessionHandler [node1:8080] - [Consumer clientId=consumer-user-events-consumer-3, groupId=user-events-consumer] Error sending fetch request (sessionId=1275490266, epoch=92) to node 1001:
org.apache.kafka.common.errors.DisconnectException: null
2025-12-06 03:38:44.097 [kafka-coordinator-heartbeat-thread | user-events-consumer] INFO  o.a.k.c.c.i.ConsumerCoordinator [node1:8080] - [Consumer clientId=consumer-user-events-consumer-3, groupId=user-events-consumer] Group coordinator localhost:9093 (id: 2147482646 rack: null) is unavailable or invalid due to cause: session timed out without receiving a heartbeat response.isDisconnected: false. Rediscovery will be attempted.
2025-12-06 03:38:44.132 [org.springframework.kafka.KafkaListenerEndpointContainer#1-0-C-1] INFO  o.a.k.c.c.i.ConsumerCoordinator [node1:8080] - [Consumer clientId=consumer-order-events-consumer-4, groupId=order-events-consumer] Discovered group coordinator localhost:9093 (id: 2147482646 rack: null)
2025-12-06 03:38:44.135 [org.springframework.kafka.KafkaListenerEndpointContainer#0-0-C-1] INFO  o.a.k.c.c.i.ConsumerCoordinator [node1:8080] - [Consumer clientId=consumer-user-events-consumer-3, groupId=user-events-consumer] Discovered group coordinator localhost:9093 (id: 2147482646 rack: null)
2025-12-06 03:38:44.135 [org.springframework.kafka.KafkaListenerEndpointContainer#3-0-C-1] INFO  o.a.k.c.c.i.ConsumerCoordinator [node1:8080] - [Consumer clientId=consumer-pattern-consumer-2, groupId=pattern-consumer] Discovered group coordinator localhost:9093 (id: 2147482646 rack: null)
2025-12-06 03:38:44.138 [org.springframework.kafka.KafkaListenerEndpointContainer#2-0-C-1] INFO  o.a.k.c.c.i.ConsumerCoordinator [node1:8080] - [Consumer clientId=consumer-notification-batch-consumer-1, groupId=notification-batch-consumer] Discovered group coordinator localhost:9093 (id: 2147482646 rack: null)
2025-12-06 03:38:44.138 [org.springframework.kafka.KafkaListenerEndpointContainer#0-0-C-1] INFO  o.a.k.c.c.i.ConsumerCoordinator [node1:8080] - [Consumer clientId=consumer-user-events-consumer-3, groupId=user-events-consumer] Discovered group coordinator localhost:9093 (id: 2147482646 rack: null)
2025-12-06 03:38:44.138 [org.springframework.kafka.KafkaListenerEndpointContainer#0-0-C-1] INFO  o.a.k.c.c.i.ConsumerCoordinator [node1:8080] - [Consumer clientId=consumer-user-events-consumer-3, groupId=user-events-consumer] Group coordinator localhost:9093 (id: 2147482646 rack: null) is unavailable or invalid due to cause: coordinator unavailable.isDisconnected: false. Rediscovery will be attempted.
2025-12-06 03:38:44.140 [org.springframework.kafka.KafkaListenerEndpointContainer#2-0-C-1] INFO  o.a.k.c.c.i.ConsumerCoordinator [node1:8080] - [Consumer clientId=consumer-notification-batch-consumer-1, groupId=notification-batch-consumer] Discovered group coordinator localhost:9093 (id: 2147482646 rack: null)
2025-12-06 03:38:44.140 [org.springframework.kafka.KafkaListenerEndpointContainer#2-0-C-1] INFO  o.a.k.c.c.i.ConsumerCoordinator [node1:8080] - [Consumer clientId=consumer-notification-batch-consumer-1, groupId=notification-batch-consumer] Group coordinator localhost:9093 (id: 2147482646 rack: null) is unavailable or invalid due to cause: coordinator unavailable.isDisconnected: false. Rediscovery will be attempted.
2025-12-06 03:38:44.249 [org.springframework.kafka.KafkaListenerEndpointContainer#2-0-C-1] INFO  o.a.k.c.c.i.ConsumerCoordinator [node1:8080] - [Consumer clientId=consumer-notification-batch-consumer-1, groupId=notification-batch-consumer] Discovered group coordinator localhost:9093 (id: 2147482646 rack: null)
2025-12-06 03:38:44.250 [org.springframework.kafka.KafkaListenerEndpointContainer#0-0-C-1] INFO  o.a.k.c.c.i.ConsumerCoordinator [node1:8080] - [Consumer clientId=consumer-user-events-consumer-3, groupId=user-events-consumer] Discovered group coordinator localhost:9093 (id: 2147482646 rack: null)
2025-12-06 03:38:54.440 [HikariPool-1 housekeeper] WARN  com.zaxxer.hikari.pool.HikariPool [node1:8080] - HikariPool-1 - Thread starvation or clock leap detected (housekeeper delta=9m45s581ms).
2025-12-06 03:48:49.008 [org.springframework.kafka.KafkaListenerEndpointContainer#0-0-C-1] INFO  o.a.k.clients.FetchSessionHandler [node1:8080] - [Consumer clientId=consumer-user-events-consumer-3, groupId=user-events-consumer] Error sending fetch request (sessionId=1797088760, epoch=94) to node 1001:
org.apache.kafka.common.errors.DisconnectException: null
2025-12-06 03:48:49.012 [kafka-coordinator-heartbeat-thread | user-events-consumer] INFO  o.a.k.c.c.i.ConsumerCoordinator [node1:8080] - [Consumer clientId=consumer-user-events-consumer-3, groupId=user-events-consumer] Group coordinator localhost:9093 (id: 2147482646 rack: null) is unavailable or invalid due to cause: session timed out without receiving a heartbeat response.isDisconnected: false. Rediscovery will be attempted.
2025-12-06 03:48:49.065 [kafka-coordinator-heartbeat-thread | pattern-consumer] INFO  o.a.k.c.c.i.ConsumerCoordinator [node1:8080] - [Consumer clientId=consumer-pattern-consumer-2, groupId=pattern-consumer] Group coordinator localhost:9093 (id: 2147482646 rack: null) is unavailable or invalid due to cause: session timed out without receiving a heartbeat response.isDisconnected: false. Rediscovery will be attempted.
2025-12-06 03:48:49.075 [kafka-coordinator-heartbeat-thread | notification-batch-consumer] INFO  o.a.k.c.c.i.ConsumerCoordinator [node1:8080] - [Consumer clientId=consumer-notification-batch-consumer-1, groupId=notification-batch-consumer] Group coordinator localhost:9093 (id: 2147482646 rack: null) is unavailable or invalid due to cause: session timed out without receiving a heartbeat response.isDisconnected: false. Rediscovery will be attempted.
2025-12-06 03:48:49.075 [kafka-coordinator-heartbeat-thread | order-events-consumer] INFO  o.a.k.c.c.i.ConsumerCoordinator [node1:8080] - [Consumer clientId=consumer-order-events-consumer-4, groupId=order-events-consumer] Group coordinator localhost:9093 (id: 2147482646 rack: null) is unavailable or invalid due to cause: session timed out without receiving a heartbeat response.isDisconnected: false. Rediscovery will be attempted.
2025-12-06 03:48:49.084 [org.springframework.kafka.KafkaListenerEndpointContainer#1-0-C-1] INFO  o.a.k.c.c.i.ConsumerCoordinator [node1:8080] - [Consumer clientId=consumer-order-events-consumer-4, groupId=order-events-consumer] Discovered group coordinator localhost:9093 (id: 2147482646 rack: null)
2025-12-06 03:48:49.085 [org.springframework.kafka.KafkaListenerEndpointContainer#2-0-C-1] INFO  o.a.k.c.c.i.ConsumerCoordinator [node1:8080] - [Consumer clientId=consumer-notification-batch-consumer-1, groupId=notification-batch-consumer] Discovered group coordinator localhost:9093 (id: 2147482646 rack: null)
2025-12-06 03:48:49.086 [org.springframework.kafka.KafkaListenerEndpointContainer#1-0-C-1] INFO  o.a.k.c.c.i.ConsumerCoordinator [node1:8080] - [Consumer clientId=consumer-order-events-consumer-4, groupId=order-events-consumer] Discovered group coordinator localhost:9093 (id: 2147482646 rack: null)
2025-12-06 03:48:49.086 [org.springframework.kafka.KafkaListenerEndpointContainer#1-0-C-1] INFO  o.a.k.c.c.i.ConsumerCoordinator [node1:8080] - [Consumer clientId=consumer-order-events-consumer-4, groupId=order-events-consumer] Group coordinator localhost:9093 (id: 2147482646 rack: null) is unavailable or invalid due to cause: coordinator unavailable.isDisconnected: false. Rediscovery will be attempted.
2025-12-06 03:48:49.087 [org.springframework.kafka.KafkaListenerEndpointContainer#2-0-C-1] INFO  o.a.k.c.c.i.ConsumerCoordinator [node1:8080] - [Consumer clientId=consumer-notification-batch-consumer-1, groupId=notification-batch-consumer] Discovered group coordinator localhost:9093 (id: 2147482646 rack: null)
2025-12-06 03:48:49.087 [org.springframework.kafka.KafkaListenerEndpointContainer#3-0-C-1] INFO  o.a.k.c.c.i.ConsumerCoordinator [node1:8080] - [Consumer clientId=consumer-pattern-consumer-2, groupId=pattern-consumer] Discovered group coordinator localhost:9093 (id: 2147482646 rack: null)
2025-12-06 03:48:49.087 [org.springframework.kafka.KafkaListenerEndpointContainer#2-0-C-1] INFO  o.a.k.c.c.i.ConsumerCoordinator [node1:8080] - [Consumer clientId=consumer-notification-batch-consumer-1, groupId=notification-batch-consumer] Group coordinator localhost:9093 (id: 2147482646 rack: null) is unavailable or invalid due to cause: coordinator unavailable.isDisconnected: false. Rediscovery will be attempted.
2025-12-06 03:48:49.088 [org.springframework.kafka.KafkaListenerEndpointContainer#3-0-C-1] INFO  o.a.k.c.c.i.ConsumerCoordinator [node1:8080] - [Consumer clientId=consumer-pattern-consumer-2, groupId=pattern-consumer] Discovered group coordinator localhost:9093 (id: 2147482646 rack: null)
2025-12-06 03:48:49.089 [org.springframework.kafka.KafkaListenerEndpointContainer#3-0-C-1] INFO  o.a.k.c.c.i.ConsumerCoordinator [node1:8080] - [Consumer clientId=consumer-pattern-consumer-2, groupId=pattern-consumer] Group coordinator localhost:9093 (id: 2147482646 rack: null) is unavailable or invalid due to cause: coordinator unavailable.isDisconnected: false. Rediscovery will be attempted.
2025-12-06 03:48:49.191 [org.springframework.kafka.KafkaListenerEndpointContainer#2-0-C-1] INFO  o.a.k.c.c.i.ConsumerCoordinator [node1:8080] - [Consumer clientId=consumer-notification-batch-consumer-1, groupId=notification-batch-consumer] Discovered group coordinator localhost:9093 (id: 2147482646 rack: null)
2025-12-06 03:48:49.191 [org.springframework.kafka.KafkaListenerEndpointContainer#1-0-C-1] INFO  o.a.k.c.c.i.ConsumerCoordinator [node1:8080] - [Consumer clientId=consumer-order-events-consumer-4, groupId=order-events-consumer] Discovered group coordinator localhost:9093 (id: 2147482646 rack: null)
2025-12-06 03:48:50.123 [org.springframework.kafka.KafkaListenerEndpointContainer#3-0-C-1] INFO  o.a.k.c.c.i.ConsumerCoordinator [node1:8080] - [Consumer clientId=consumer-pattern-consumer-2, groupId=pattern-consumer] Discovered group coordinator localhost:9093 (id: 2147482646 rack: null)
2025-12-06 03:48:50.137 [org.springframework.kafka.KafkaListenerEndpointContainer#0-0-C-1] INFO  o.a.k.c.c.i.ConsumerCoordinator [node1:8080] - [Consumer clientId=consumer-user-events-consumer-3, groupId=user-events-consumer] Discovered group coordinator localhost:9093 (id: 2147482646 rack: null)
2025-12-06 03:48:50.140 [org.springframework.kafka.KafkaListenerEndpointContainer#0-0-C-1] INFO  o.a.k.c.c.i.ConsumerCoordinator [node1:8080] - [Consumer clientId=consumer-user-events-consumer-3, groupId=user-events-consumer] Discovered group coordinator localhost:9093 (id: 2147482646 rack: null)
2025-12-06 03:49:09.727 [HikariPool-1 housekeeper] WARN  com.zaxxer.hikari.pool.HikariPool [node1:8080] - HikariPool-1 - Thread starvation or clock leap detected (housekeeper delta=9m45s276ms).
2025-12-06 03:58:55.009 [HikariPool-1 housekeeper] WARN  com.zaxxer.hikari.pool.HikariPool [node1:8080] - HikariPool-1 - Thread starvation or clock leap detected (housekeeper delta=9m45s282ms).
2025-12-06 03:58:55.013 [org.springframework.kafka.KafkaListenerEndpointContainer#2-0-C-1] INFO  o.a.k.clients.FetchSessionHandler [node1:8080] - [Consumer clientId=consumer-notification-batch-consumer-1, groupId=notification-batch-consumer] Error sending fetch request (sessionId=1750923349, epoch=186) to node 1001:
org.apache.kafka.common.errors.DisconnectException: null
2025-12-06 03:58:55.014 [kafka-coordinator-heartbeat-thread | pattern-consumer] INFO  o.a.k.c.c.i.ConsumerCoordinator [node1:8080] - [Consumer clientId=consumer-pattern-consumer-2, groupId=pattern-consumer] Group coordinator localhost:9093 (id: 2147482646 rack: null) is unavailable or invalid due to cause: session timed out without receiving a heartbeat response.isDisconnected: false. Rediscovery will be attempted.
2025-12-06 03:58:55.014 [kafka-coordinator-heartbeat-thread | order-events-consumer] INFO  o.a.k.c.c.i.ConsumerCoordinator [node1:8080] - [Consumer clientId=consumer-order-events-consumer-4, groupId=order-events-consumer] Group coordinator localhost:9093 (id: 2147482646 rack: null) is unavailable or invalid due to cause: session timed out without receiving a heartbeat response.isDisconnected: false. Rediscovery will be attempted.
2025-12-06 03:58:55.014 [org.springframework.kafka.KafkaListenerEndpointContainer#3-0-C-1] INFO  o.a.k.clients.FetchSessionHandler [node1:8080] - [Consumer clientId=consumer-pattern-consumer-2, groupId=pattern-consumer] Error sending fetch request (sessionId=420014989, epoch=186) to node 1001:
org.apache.kafka.common.errors.DisconnectException: null
2025-12-06 03:58:55.015 [org.springframework.kafka.KafkaListenerEndpointContainer#1-0-C-1] INFO  o.a.k.clients.FetchSessionHandler [node1:8080] - [Consumer clientId=consumer-order-events-consumer-4, groupId=order-events-consumer] Error sending fetch request (sessionId=59487124, epoch=186) to node 1001:
org.apache.kafka.common.errors.DisconnectException: null
2025-12-06 03:58:55.014 [kafka-coordinator-heartbeat-thread | user-events-consumer] INFO  o.a.k.c.c.i.ConsumerCoordinator [node1:8080] - [Consumer clientId=consumer-user-events-consumer-3, groupId=user-events-consumer] Group coordinator localhost:9093 (id: 2147482646 rack: null) is unavailable or invalid due to cause: session timed out without receiving a heartbeat response.isDisconnected: false. Rediscovery will be attempted.
2025-12-06 03:58:55.014 [org.springframework.kafka.KafkaListenerEndpointContainer#0-0-C-1] INFO  o.a.k.clients.FetchSessionHandler [node1:8080] - [Consumer clientId=consumer-user-events-consumer-3, groupId=user-events-consumer] Error sending fetch request (sessionId=1021658894, epoch=91) to node 1001:
org.apache.kafka.common.errors.DisconnectException: null
2025-12-06 03:58:55.014 [kafka-coordinator-heartbeat-thread | notification-batch-consumer] INFO  o.a.k.c.c.i.ConsumerCoordinator [node1:8080] - [Consumer clientId=consumer-notification-batch-consumer-1, groupId=notification-batch-consumer] Group coordinator localhost:9093 (id: 2147482646 rack: null) is unavailable or invalid due to cause: session timed out without receiving a heartbeat response.isDisconnected: false. Rediscovery will be attempted.
2025-12-06 03:58:56.793 [org.springframework.kafka.KafkaListenerEndpointContainer#3-0-C-1] INFO  o.a.k.c.c.i.ConsumerCoordinator [node1:8080] - [Consumer clientId=consumer-pattern-consumer-2, groupId=pattern-consumer] Discovered group coordinator localhost:9093 (id: 2147482646 rack: null)
2025-12-06 03:58:56.794 [org.springframework.kafka.KafkaListenerEndpointContainer#3-0-C-1] INFO  o.a.k.c.c.i.ConsumerCoordinator [node1:8080] - [Consumer clientId=consumer-pattern-consumer-2, groupId=pattern-consumer] Discovered group coordinator localhost:9093 (id: 2147482646 rack: null)
2025-12-06 03:58:56.794 [org.springframework.kafka.KafkaListenerEndpointContainer#0-0-C-1] INFO  o.a.k.c.c.i.ConsumerCoordinator [node1:8080] - [Consumer clientId=consumer-user-events-consumer-3, groupId=user-events-consumer] Discovered group coordinator localhost:9093 (id: 2147482646 rack: null)
2025-12-06 03:58:56.795 [org.springframework.kafka.KafkaListenerEndpointContainer#1-0-C-1] INFO  o.a.k.c.c.i.ConsumerCoordinator [node1:8080] - [Consumer clientId=consumer-order-events-consumer-4, groupId=order-events-consumer] Discovered group coordinator localhost:9093 (id: 2147482646 rack: null)
2025-12-06 03:58:56.798 [org.springframework.kafka.KafkaListenerEndpointContainer#1-0-C-1] INFO  o.a.k.c.c.i.ConsumerCoordinator [node1:8080] - [Consumer clientId=consumer-order-events-consumer-4, groupId=order-events-consumer] Discovered group coordinator localhost:9093 (id: 2147482646 rack: null)
2025-12-06 03:58:56.798 [org.springframework.kafka.KafkaListenerEndpointContainer#0-0-C-1] INFO  o.a.k.c.c.i.ConsumerCoordinator [node1:8080] - [Consumer clientId=consumer-user-events-consumer-3, groupId=user-events-consumer] Discovered group coordinator localhost:9093 (id: 2147482646 rack: null)
2025-12-06 03:58:56.821 [org.springframework.kafka.KafkaListenerEndpointContainer#2-0-C-1] INFO  o.a.k.c.c.i.ConsumerCoordinator [node1:8080] - [Consumer clientId=consumer-notification-batch-consumer-1, groupId=notification-batch-consumer] Discovered group coordinator localhost:9093 (id: 2147482646 rack: null)
2025-12-06 03:58:56.832 [org.springframework.kafka.KafkaListenerEndpointContainer#2-0-C-1] INFO  o.a.k.c.c.i.ConsumerCoordinator [node1:8080] - [Consumer clientId=consumer-notification-batch-consumer-1, groupId=notification-batch-consumer] Discovered group coordinator localhost:9093 (id: 2147482646 rack: null)
2025-12-06 04:09:01.008 [org.springframework.kafka.KafkaListenerEndpointContainer#2-0-C-1] INFO  o.a.k.clients.FetchSessionHandler [node1:8080] - [Consumer clientId=consumer-notification-batch-consumer-1, groupId=notification-batch-consumer] Error sending fetch request (sessionId=1540535018, epoch=92) to node 1001:
org.apache.kafka.common.errors.DisconnectException: null
2025-12-06 04:09:01.008 [org.springframework.kafka.KafkaListenerEndpointContainer#1-0-C-1] INFO  o.a.k.clients.FetchSessionHandler [node1:8080] - [Consumer clientId=consumer-order-events-consumer-4, groupId=order-events-consumer] Error sending fetch request (sessionId=1987053411, epoch=91) to node 1001:
org.apache.kafka.common.errors.DisconnectException: null
2025-12-06 04:09:01.008 [org.springframework.kafka.KafkaListenerEndpointContainer#0-0-C-1] INFO  o.a.k.clients.FetchSessionHandler [node1:8080] - [Consumer clientId=consumer-user-events-consumer-3, groupId=user-events-consumer] Error sending fetch request (sessionId=41373383, epoch=91) to node 1001:
org.apache.kafka.common.errors.DisconnectException: null
2025-12-06 04:09:01.012 [kafka-coordinator-heartbeat-thread | pattern-consumer] INFO  o.a.k.c.c.i.ConsumerCoordinator [node1:8080] - [Consumer clientId=consumer-pattern-consumer-2, groupId=pattern-consumer] Group coordinator localhost:9093 (id: 2147482646 rack: null) is unavailable or invalid due to cause: session timed out without receiving a heartbeat response.isDisconnected: false. Rediscovery will be attempted.
2025-12-06 04:09:01.008 [org.springframework.kafka.KafkaListenerEndpointContainer#3-0-C-1] INFO  o.a.k.clients.FetchSessionHandler [node1:8080] - [Consumer clientId=consumer-pattern-consumer-2, groupId=pattern-consumer] Error sending fetch request (sessionId=1009578850, epoch=92) to node 1001:
org.apache.kafka.common.errors.DisconnectException: null
2025-12-06 04:09:01.013 [kafka-coordinator-heartbeat-thread | user-events-consumer] INFO  o.a.k.c.c.i.ConsumerCoordinator [node1:8080] - [Consumer clientId=consumer-user-events-consumer-3, groupId=user-events-consumer] Group coordinator localhost:9093 (id: 2147482646 rack: null) is unavailable or invalid due to cause: session timed out without receiving a heartbeat response.isDisconnected: false. Rediscovery will be attempted.
2025-12-06 04:09:01.013 [kafka-coordinator-heartbeat-thread | order-events-consumer] INFO  o.a.k.c.c.i.ConsumerCoordinator [node1:8080] - [Consumer clientId=consumer-order-events-consumer-4, groupId=order-events-consumer] Group coordinator localhost:9093 (id: 2147482646 rack: null) is unavailable or invalid due to cause: session timed out without receiving a heartbeat response.isDisconnected: false. Rediscovery will be attempted.
2025-12-06 04:09:01.014 [kafka-coordinator-heartbeat-thread | notification-batch-consumer] INFO  o.a.k.c.c.i.ConsumerCoordinator [node1:8080] - [Consumer clientId=consumer-notification-batch-consumer-1, groupId=notification-batch-consumer] Group coordinator localhost:9093 (id: 2147482646 rack: null) is unavailable or invalid due to cause: session timed out without receiving a heartbeat response.isDisconnected: false. Rediscovery will be attempted.
2025-12-06 04:09:02.164 [org.springframework.kafka.KafkaListenerEndpointContainer#0-0-C-1] INFO  o.a.k.c.c.i.ConsumerCoordinator [node1:8080] - [Consumer clientId=consumer-user-events-consumer-3, groupId=user-events-consumer] Discovered group coordinator localhost:9093 (id: 2147482646 rack: null)
2025-12-06 04:09:02.173 [org.springframework.kafka.KafkaListenerEndpointContainer#0-0-C-1] INFO  o.a.k.c.c.i.ConsumerCoordinator [node1:8080] - [Consumer clientId=consumer-user-events-consumer-3, groupId=user-events-consumer] Discovered group coordinator localhost:9093 (id: 2147482646 rack: null)
2025-12-06 04:09:02.173 [org.springframework.kafka.KafkaListenerEndpointContainer#1-0-C-1] INFO  o.a.k.c.c.i.ConsumerCoordinator [node1:8080] - [Consumer clientId=consumer-order-events-consumer-4, groupId=order-events-consumer] Discovered group coordinator localhost:9093 (id: 2147482646 rack: null)
2025-12-06 04:09:02.173 [org.springframework.kafka.KafkaListenerEndpointContainer#2-0-C-1] INFO  o.a.k.c.c.i.ConsumerCoordinator [node1:8080] - [Consumer clientId=consumer-notification-batch-consumer-1, groupId=notification-batch-consumer] Discovered group coordinator localhost:9093 (id: 2147482646 rack: null)
2025-12-06 04:09:02.196 [org.springframework.kafka.KafkaListenerEndpointContainer#1-0-C-1] INFO  o.a.k.c.c.i.ConsumerCoordinator [node1:8080] - [Consumer clientId=consumer-order-events-consumer-4, groupId=order-events-consumer] Discovered group coordinator localhost:9093 (id: 2147482646 rack: null)
2025-12-06 04:09:02.196 [org.springframework.kafka.KafkaListenerEndpointContainer#3-0-C-1] INFO  o.a.k.c.c.i.ConsumerCoordinator [node1:8080] - [Consumer clientId=consumer-pattern-consumer-2, groupId=pattern-consumer] Discovered group coordinator localhost:9093 (id: 2147482646 rack: null)
2025-12-06 04:09:02.196 [org.springframework.kafka.KafkaListenerEndpointContainer#2-0-C-1] INFO  o.a.k.c.c.i.ConsumerCoordinator [node1:8080] - [Consumer clientId=consumer-notification-batch-consumer-1, groupId=notification-batch-consumer] Discovered group coordinator localhost:9093 (id: 2147482646 rack: null)
2025-12-06 04:09:02.209 [org.springframework.kafka.KafkaListenerEndpointContainer#3-0-C-1] INFO  o.a.k.c.c.i.ConsumerCoordinator [node1:8080] - [Consumer clientId=consumer-pattern-consumer-2, groupId=pattern-consumer] Discovered group coordinator localhost:9093 (id: 2147482646 rack: null)
2025-12-06 04:09:12.290 [HikariPool-1 housekeeper] WARN  com.zaxxer.hikari.pool.HikariPool [node1:8080] - HikariPool-1 - Thread starvation or clock leap detected (housekeeper delta=9m45s681ms).
2025-12-06 04:19:06.030 [kafka-coordinator-heartbeat-thread | order-events-consumer] INFO  o.a.k.c.c.i.ConsumerCoordinator [node1:8080] - [Consumer clientId=consumer-order-events-consumer-4, groupId=order-events-consumer] Group coordinator localhost:9093 (id: 2147482646 rack: null) is unavailable or invalid due to cause: session timed out without receiving a heartbeat response.isDisconnected: false. Rediscovery will be attempted.
2025-12-06 04:19:06.030 [kafka-coordinator-heartbeat-thread | user-events-consumer] INFO  o.a.k.c.c.i.ConsumerCoordinator [node1:8080] - [Consumer clientId=consumer-user-events-consumer-3, groupId=user-events-consumer] Group coordinator localhost:9093 (id: 2147482646 rack: null) is unavailable or invalid due to cause: session timed out without receiving a heartbeat response.isDisconnected: false. Rediscovery will be attempted.
2025-12-06 04:19:06.030 [kafka-coordinator-heartbeat-thread | notification-batch-consumer] INFO  o.a.k.c.c.i.ConsumerCoordinator [node1:8080] - [Consumer clientId=consumer-notification-batch-consumer-1, groupId=notification-batch-consumer] Group coordinator localhost:9093 (id: 2147482646 rack: null) is unavailable or invalid due to cause: session timed out without receiving a heartbeat response.isDisconnected: false. Rediscovery will be attempted.
2025-12-06 04:19:06.030 [kafka-coordinator-heartbeat-thread | pattern-consumer] INFO  o.a.k.c.c.i.ConsumerCoordinator [node1:8080] - [Consumer clientId=consumer-pattern-consumer-2, groupId=pattern-consumer] Group coordinator localhost:9093 (id: 2147482646 rack: null) is unavailable or invalid due to cause: session timed out without receiving a heartbeat response.isDisconnected: false. Rediscovery will be attempted.
2025-12-06 04:19:07.108 [org.springframework.kafka.KafkaListenerEndpointContainer#1-0-C-1] INFO  o.a.k.c.c.i.ConsumerCoordinator [node1:8080] - [Consumer clientId=consumer-order-events-consumer-4, groupId=order-events-consumer] Discovered group coordinator localhost:9093 (id: 2147482646 rack: null)
2025-12-06 04:19:07.108 [org.springframework.kafka.KafkaListenerEndpointContainer#1-0-C-1] INFO  o.a.k.c.c.i.ConsumerCoordinator [node1:8080] - [Consumer clientId=consumer-order-events-consumer-4, groupId=order-events-consumer] Discovered group coordinator localhost:9093 (id: 2147482646 rack: null)
2025-12-06 04:19:07.108 [org.springframework.kafka.KafkaListenerEndpointContainer#1-0-C-1] INFO  o.a.k.c.c.i.ConsumerCoordinator [node1:8080] - [Consumer clientId=consumer-order-events-consumer-4, groupId=order-events-consumer] Group coordinator localhost:9093 (id: 2147482646 rack: null) is unavailable or invalid due to cause: coordinator unavailable.isDisconnected: false. Rediscovery will be attempted.
2025-12-06 04:19:07.108 [org.springframework.kafka.KafkaListenerEndpointContainer#2-0-C-1] INFO  o.a.k.c.c.i.ConsumerCoordinator [node1:8080] - [Consumer clientId=consumer-notification-batch-consumer-1, groupId=notification-batch-consumer] Discovered group coordinator localhost:9093 (id: 2147482646 rack: null)
2025-12-06 04:19:07.110 [org.springframework.kafka.KafkaListenerEndpointContainer#3-0-C-1] INFO  o.a.k.c.c.i.ConsumerCoordinator [node1:8080] - [Consumer clientId=consumer-pattern-consumer-2, groupId=pattern-consumer] Discovered group coordinator localhost:9093 (id: 2147482646 rack: null)
2025-12-06 04:19:07.110 [org.springframework.kafka.KafkaListenerEndpointContainer#2-0-C-1] INFO  o.a.k.c.c.i.ConsumerCoordinator [node1:8080] - [Consumer clientId=consumer-notification-batch-consumer-1, groupId=notification-batch-consumer] Discovered group coordinator localhost:9093 (id: 2147482646 rack: null)
2025-12-06 04:19:07.110 [org.springframework.kafka.KafkaListenerEndpointContainer#2-0-C-1] INFO  o.a.k.c.c.i.ConsumerCoordinator [node1:8080] - [Consumer clientId=consumer-notification-batch-consumer-1, groupId=notification-batch-consumer] Group coordinator localhost:9093 (id: 2147482646 rack: null) is unavailable or invalid due to cause: coordinator unavailable.isDisconnected: false. Rediscovery will be attempted.
2025-12-06 04:19:07.111 [org.springframework.kafka.KafkaListenerEndpointContainer#0-0-C-1] INFO  o.a.k.c.c.i.ConsumerCoordinator [node1:8080] - [Consumer clientId=consumer-user-events-consumer-3, groupId=user-events-consumer] Discovered group coordinator localhost:9093 (id: 2147482646 rack: null)
2025-12-06 04:19:07.113 [org.springframework.kafka.KafkaListenerEndpointContainer#0-0-C-1] INFO  o.a.k.c.c.i.ConsumerCoordinator [node1:8080] - [Consumer clientId=consumer-user-events-consumer-3, groupId=user-events-consumer] Discovered group coordinator localhost:9093 (id: 2147482646 rack: null)
2025-12-06 04:19:07.113 [org.springframework.kafka.KafkaListenerEndpointContainer#3-0-C-1] INFO  o.a.k.c.c.i.ConsumerCoordinator [node1:8080] - [Consumer clientId=consumer-pattern-consumer-2, groupId=pattern-consumer] Discovered group coordinator localhost:9093 (id: 2147482646 rack: null)
2025-12-06 04:19:07.113 [org.springframework.kafka.KafkaListenerEndpointContainer#3-0-C-1] INFO  o.a.k.c.c.i.ConsumerCoordinator [node1:8080] - [Consumer clientId=consumer-pattern-consumer-2, groupId=pattern-consumer] Group coordinator localhost:9093 (id: 2147482646 rack: null) is unavailable or invalid due to cause: coordinator unavailable.isDisconnected: false. Rediscovery will be attempted.
2025-12-06 04:19:07.113 [org.springframework.kafka.KafkaListenerEndpointContainer#0-0-C-1] INFO  o.a.k.c.c.i.ConsumerCoordinator [node1:8080] - [Consumer clientId=consumer-user-events-consumer-3, groupId=user-events-consumer] Group coordinator localhost:9093 (id: 2147482646 rack: null) is unavailable or invalid due to cause: coordinator unavailable.isDisconnected: false. Rediscovery will be attempted.
2025-12-06 04:19:07.220 [org.springframework.kafka.KafkaListenerEndpointContainer#3-0-C-1] INFO  o.a.k.c.c.i.ConsumerCoordinator [node1:8080] - [Consumer clientId=consumer-pattern-consumer-2, groupId=pattern-consumer] Discovered group coordinator localhost:9093 (id: 2147482646 rack: null)
2025-12-06 04:19:07.220 [org.springframework.kafka.KafkaListenerEndpointContainer#2-0-C-1] INFO  o.a.k.c.c.i.ConsumerCoordinator [node1:8080] - [Consumer clientId=consumer-notification-batch-consumer-1, groupId=notification-batch-consumer] Discovered group coordinator localhost:9093 (id: 2147482646 rack: null)
2025-12-06 04:19:07.220 [org.springframework.kafka.KafkaListenerEndpointContainer#0-0-C-1] INFO  o.a.k.c.c.i.ConsumerCoordinator [node1:8080] - [Consumer clientId=consumer-user-events-consumer-3, groupId=user-events-consumer] Discovered group coordinator localhost:9093 (id: 2147482646 rack: null)
2025-12-06 04:19:07.220 [org.springframework.kafka.KafkaListenerEndpointContainer#1-0-C-1] INFO  o.a.k.c.c.i.ConsumerCoordinator [node1:8080] - [Consumer clientId=consumer-order-events-consumer-4, groupId=order-events-consumer] Discovered group coordinator localhost:9093 (id: 2147482646 rack: null)
2025-12-06 04:19:27.685 [HikariPool-1 housekeeper] WARN  com.zaxxer.hikari.pool.HikariPool [node1:8080] - HikariPool-1 - Thread starvation or clock leap detected (housekeeper delta=9m45s392ms).
2025-12-06 04:29:12.007 [org.springframework.kafka.KafkaListenerEndpointContainer#2-0-C-1] INFO  o.a.k.clients.FetchSessionHandler [node1:8080] - [Consumer clientId=consumer-notification-batch-consumer-1, groupId=notification-batch-consumer] Error sending fetch request (sessionId=1641070305, epoch=184) to node 1001:
org.apache.kafka.common.errors.DisconnectException: null
2025-12-06 04:29:12.007 [org.springframework.kafka.KafkaListenerEndpointContainer#3-0-C-1] INFO  o.a.k.clients.FetchSessionHandler [node1:8080] - [Consumer clientId=consumer-pattern-consumer-2, groupId=pattern-consumer] Error sending fetch request (sessionId=1980201550, epoch=184) to node 1001:
org.apache.kafka.common.errors.DisconnectException: null
2025-12-06 04:29:12.007 [org.springframework.kafka.KafkaListenerEndpointContainer#0-0-C-1] INFO  o.a.k.clients.FetchSessionHandler [node1:8080] - [Consumer clientId=consumer-user-events-consumer-3, groupId=user-events-consumer] Error sending fetch request (sessionId=521962927, epoch=185) to node 1001:
org.apache.kafka.common.errors.DisconnectException: null
2025-12-06 04:29:12.007 [org.springframework.kafka.KafkaListenerEndpointContainer#1-0-C-1] INFO  o.a.k.clients.FetchSessionHandler [node1:8080] - [Consumer clientId=consumer-order-events-consumer-4, groupId=order-events-consumer] Error sending fetch request (sessionId=1856303505, epoch=184) to node 1001:
org.apache.kafka.common.errors.DisconnectException: null
2025-12-06 04:29:12.013 [kafka-coordinator-heartbeat-thread | pattern-consumer] INFO  o.a.k.c.c.i.ConsumerCoordinator [node1:8080] - [Consumer clientId=consumer-pattern-consumer-2, groupId=pattern-consumer] Group coordinator localhost:9093 (id: 2147482646 rack: null) is unavailable or invalid due to cause: session timed out without receiving a heartbeat response.isDisconnected: false. Rediscovery will be attempted.
2025-12-06 04:29:12.011 [kafka-coordinator-heartbeat-thread | notification-batch-consumer] INFO  o.a.k.c.c.i.ConsumerCoordinator [node1:8080] - [Consumer clientId=consumer-notification-batch-consumer-1, groupId=notification-batch-consumer] Group coordinator localhost:9093 (id: 2147482646 rack: null) is unavailable or invalid due to cause: session timed out without receiving a heartbeat response.isDisconnected: false. Rediscovery will be attempted.
2025-12-06 04:29:12.013 [kafka-coordinator-heartbeat-thread | order-events-consumer] INFO  o.a.k.c.c.i.ConsumerCoordinator [node1:8080] - [Consumer clientId=consumer-order-events-consumer-4, groupId=order-events-consumer] Group coordinator localhost:9093 (id: 2147482646 rack: null) is unavailable or invalid due to cause: session timed out without receiving a heartbeat response.isDisconnected: false. Rediscovery will be attempted.
2025-12-06 04:29:13.100 [kafka-coordinator-heartbeat-thread | user-events-consumer] INFO  o.a.k.c.c.i.ConsumerCoordinator [node1:8080] - [Consumer clientId=consumer-user-events-consumer-3, groupId=user-events-consumer] Group coordinator localhost:9093 (id: 2147482646 rack: null) is unavailable or invalid due to cause: session timed out without receiving a heartbeat response.isDisconnected: false. Rediscovery will be attempted.
2025-12-06 04:29:13.144 [HikariPool-1 housekeeper] WARN  com.zaxxer.hikari.pool.HikariPool [node1:8080] - HikariPool-1 - Thread starvation or clock leap detected (housekeeper delta=9m45s459ms).
2025-12-06 04:29:13.193 [org.springframework.kafka.KafkaListenerEndpointContainer#2-0-C-1] INFO  o.a.k.c.c.i.ConsumerCoordinator [node1:8080] - [Consumer clientId=consumer-notification-batch-consumer-1, groupId=notification-batch-consumer] Discovered group coordinator localhost:9093 (id: 2147482646 rack: null)
2025-12-06 04:29:13.213 [org.springframework.kafka.KafkaListenerEndpointContainer#0-0-C-1] INFO  o.a.k.c.c.i.ConsumerCoordinator [node1:8080] - [Consumer clientId=consumer-user-events-consumer-3, groupId=user-events-consumer] Discovered group coordinator localhost:9093 (id: 2147482646 rack: null)
2025-12-06 04:29:13.213 [org.springframework.kafka.KafkaListenerEndpointContainer#3-0-C-1] INFO  o.a.k.c.c.i.ConsumerCoordinator [node1:8080] - [Consumer clientId=consumer-pattern-consumer-2, groupId=pattern-consumer] Discovered group coordinator localhost:9093 (id: 2147482646 rack: null)
2025-12-06 04:29:13.214 [org.springframework.kafka.KafkaListenerEndpointContainer#0-0-C-1] INFO  o.a.k.c.c.i.ConsumerCoordinator [node1:8080] - [Consumer clientId=consumer-user-events-consumer-3, groupId=user-events-consumer] Discovered group coordinator localhost:9093 (id: 2147482646 rack: null)
2025-12-06 04:29:13.221 [org.springframework.kafka.KafkaListenerEndpointContainer#1-0-C-1] INFO  o.a.k.c.c.i.ConsumerCoordinator [node1:8080] - [Consumer clientId=consumer-order-events-consumer-4, groupId=order-events-consumer] Discovered group coordinator localhost:9093 (id: 2147482646 rack: null)
2025-12-06 04:39:17.010 [org.springframework.kafka.KafkaListenerEndpointContainer#2-0-C-1] INFO  o.a.k.clients.FetchSessionHandler [node1:8080] - [Consumer clientId=consumer-notification-batch-consumer-1, groupId=notification-batch-consumer] Error sending fetch request (sessionId=1616399805, epoch=93) to node 1001:
org.apache.kafka.common.errors.DisconnectException: null
2025-12-06 04:39:17.010 [org.springframework.kafka.KafkaListenerEndpointContainer#3-0-C-1] INFO  o.a.k.clients.FetchSessionHandler [node1:8080] - [Consumer clientId=consumer-pattern-consumer-2, groupId=pattern-consumer] Error sending fetch request (sessionId=879206416, epoch=92) to node 1001:
org.apache.kafka.common.errors.DisconnectException: null
2025-12-06 04:39:17.010 [org.springframework.kafka.KafkaListenerEndpointContainer#1-0-C-1] INFO  o.a.k.clients.FetchSessionHandler [node1:8080] - [Consumer clientId=consumer-order-events-consumer-4, groupId=order-events-consumer] Error sending fetch request (sessionId=754976519, epoch=92) to node 1001:
org.apache.kafka.common.errors.DisconnectException: null
2025-12-06 04:39:17.010 [org.springframework.kafka.KafkaListenerEndpointContainer#0-0-C-1] INFO  o.a.k.clients.FetchSessionHandler [node1:8080] - [Consumer clientId=consumer-user-events-consumer-3, groupId=user-events-consumer] Error sending fetch request (sessionId=1090992197, epoch=92) to node 1001:
org.apache.kafka.common.errors.DisconnectException: null
2025-12-06 04:39:17.015 [kafka-coordinator-heartbeat-thread | notification-batch-consumer] INFO  o.a.k.c.c.i.ConsumerCoordinator [node1:8080] - [Consumer clientId=consumer-notification-batch-consumer-1, groupId=notification-batch-consumer] Group coordinator localhost:9093 (id: 2147482646 rack: null) is unavailable or invalid due to cause: session timed out without receiving a heartbeat response.isDisconnected: false. Rediscovery will be attempted.
2025-12-06 04:39:17.017 [kafka-coordinator-heartbeat-thread | order-events-consumer] INFO  o.a.k.c.c.i.ConsumerCoordinator [node1:8080] - [Consumer clientId=consumer-order-events-consumer-4, groupId=order-events-consumer] Group coordinator localhost:9093 (id: 2147482646 rack: null) is unavailable or invalid due to cause: session timed out without receiving a heartbeat response.isDisconnected: false. Rediscovery will be attempted.
2025-12-06 04:39:17.017 [kafka-coordinator-heartbeat-thread | pattern-consumer] INFO  o.a.k.c.c.i.ConsumerCoordinator [node1:8080] - [Consumer clientId=consumer-pattern-consumer-2, groupId=pattern-consumer] Group coordinator localhost:9093 (id: 2147482646 rack: null) is unavailable or invalid due to cause: session timed out without receiving a heartbeat response.isDisconnected: false. Rediscovery will be attempted.
2025-12-06 04:39:17.017 [kafka-coordinator-heartbeat-thread | user-events-consumer] INFO  o.a.k.c.c.i.ConsumerCoordinator [node1:8080] - [Consumer clientId=consumer-user-events-consumer-3, groupId=user-events-consumer] Group coordinator localhost:9093 (id: 2147482646 rack: null) is unavailable or invalid due to cause: session timed out without receiving a heartbeat response.isDisconnected: false. Rediscovery will be attempted.
2025-12-06 04:39:19.782 [org.springframework.kafka.KafkaListenerEndpointContainer#1-0-C-1] INFO  o.a.k.c.c.i.ConsumerCoordinator [node1:8080] - [Consumer clientId=consumer-order-events-consumer-4, groupId=order-events-consumer] Discovered group coordinator localhost:9093 (id: 2147482646 rack: null)
2025-12-06 04:39:19.804 [org.springframework.kafka.KafkaListenerEndpointContainer#1-0-C-1] INFO  o.a.k.c.c.i.ConsumerCoordinator [node1:8080] - [Consumer clientId=consumer-order-events-consumer-4, groupId=order-events-consumer] Discovered group coordinator localhost:9093 (id: 2147482646 rack: null)
2025-12-06 04:39:19.818 [org.springframework.kafka.KafkaListenerEndpointContainer#2-0-C-1] INFO  o.a.k.c.c.i.ConsumerCoordinator [node1:8080] - [Consumer clientId=consumer-notification-batch-consumer-1, groupId=notification-batch-consumer] Discovered group coordinator localhost:9093 (id: 2147482646 rack: null)
2025-12-06 04:39:19.849 [org.springframework.kafka.KafkaListenerEndpointContainer#2-0-C-1] INFO  o.a.k.c.c.i.ConsumerCoordinator [node1:8080] - [Consumer clientId=consumer-notification-batch-consumer-1, groupId=notification-batch-consumer] Discovered group coordinator localhost:9093 (id: 2147482646 rack: null)
2025-12-06 04:39:19.859 [org.springframework.kafka.KafkaListenerEndpointContainer#3-0-C-1] INFO  o.a.k.c.c.i.ConsumerCoordinator [node1:8080] - [Consumer clientId=consumer-pattern-consumer-2, groupId=pattern-consumer] Discovered group coordinator localhost:9093 (id: 2147482646 rack: null)
2025-12-06 04:39:19.859 [org.springframework.kafka.KafkaListenerEndpointContainer#0-0-C-1] INFO  o.a.k.c.c.i.ConsumerCoordinator [node1:8080] - [Consumer clientId=consumer-user-events-consumer-3, groupId=user-events-consumer] Discovered group coordinator localhost:9093 (id: 2147482646 rack: null)
2025-12-06 04:39:19.865 [org.springframework.kafka.KafkaListenerEndpointContainer#0-0-C-1] INFO  o.a.k.c.c.i.ConsumerCoordinator [node1:8080] - [Consumer clientId=consumer-user-events-consumer-3, groupId=user-events-consumer] Discovered group coordinator localhost:9093 (id: 2147482646 rack: null)
2025-12-06 04:39:19.869 [org.springframework.kafka.KafkaListenerEndpointContainer#3-0-C-1] INFO  o.a.k.c.c.i.ConsumerCoordinator [node1:8080] - [Consumer clientId=consumer-pattern-consumer-2, groupId=pattern-consumer] Discovered group coordinator localhost:9093 (id: 2147482646 rack: null)
2025-12-06 04:39:28.980 [HikariPool-1 housekeeper] WARN  com.zaxxer.hikari.pool.HikariPool [node1:8080] - HikariPool-1 - Thread starvation or clock leap detected (housekeeper delta=9m45s412ms).
2025-12-06 04:49:23.008 [org.springframework.kafka.KafkaListenerEndpointContainer#2-0-C-1] INFO  o.a.k.clients.FetchSessionHandler [node1:8080] - [Consumer clientId=consumer-notification-batch-consumer-1, groupId=notification-batch-consumer] Error sending fetch request (sessionId=1835309168, epoch=92) to node 1001:
org.apache.kafka.common.errors.DisconnectException: null
2025-12-06 04:49:23.009 [org.springframework.kafka.KafkaListenerEndpointContainer#0-0-C-1] INFO  o.a.k.clients.FetchSessionHandler [node1:8080] - [Consumer clientId=consumer-user-events-consumer-3, groupId=user-events-consumer] Error sending fetch request (sessionId=1945622271, epoch=91) to node 1001:
org.apache.kafka.common.errors.DisconnectException: null
2025-12-06 04:49:23.009 [org.springframework.kafka.KafkaListenerEndpointContainer#3-0-C-1] INFO  o.a.k.clients.FetchSessionHandler [node1:8080] - [Consumer clientId=consumer-pattern-consumer-2, groupId=pattern-consumer] Error sending fetch request (sessionId=1773837318, epoch=91) to node 1001:
org.apache.kafka.common.errors.DisconnectException: null
2025-12-06 04:49:23.009 [org.springframework.kafka.KafkaListenerEndpointContainer#1-0-C-1] INFO  o.a.k.clients.FetchSessionHandler [node1:8080] - [Consumer clientId=consumer-order-events-consumer-4, groupId=order-events-consumer] Error sending fetch request (sessionId=58311369, epoch=91) to node 1001:
org.apache.kafka.common.errors.DisconnectException: null
2025-12-06 04:49:23.015 [kafka-coordinator-heartbeat-thread | notification-batch-consumer] INFO  o.a.k.c.c.i.ConsumerCoordinator [node1:8080] - [Consumer clientId=consumer-notification-batch-consumer-1, groupId=notification-batch-consumer] Group coordinator localhost:9093 (id: 2147482646 rack: null) is unavailable or invalid due to cause: session timed out without receiving a heartbeat response.isDisconnected: false. Rediscovery will be attempted.
2025-12-06 04:49:23.015 [kafka-coordinator-heartbeat-thread | order-events-consumer] INFO  o.a.k.c.c.i.ConsumerCoordinator [node1:8080] - [Consumer clientId=consumer-order-events-consumer-4, groupId=order-events-consumer] Group coordinator localhost:9093 (id: 2147482646 rack: null) is unavailable or invalid due to cause: session timed out without receiving a heartbeat response.isDisconnected: false. Rediscovery will be attempted.
2025-12-06 04:49:23.015 [kafka-coordinator-heartbeat-thread | user-events-consumer] INFO  o.a.k.c.c.i.ConsumerCoordinator [node1:8080] - [Consumer clientId=consumer-user-events-consumer-3, groupId=user-events-consumer] Group coordinator localhost:9093 (id: 2147482646 rack: null) is unavailable or invalid due to cause: session timed out without receiving a heartbeat response.isDisconnected: false. Rediscovery will be attempted.
2025-12-06 04:49:23.016 [kafka-coordinator-heartbeat-thread | pattern-consumer] INFO  o.a.k.c.c.i.ConsumerCoordinator [node1:8080] - [Consumer clientId=consumer-pattern-consumer-2, groupId=pattern-consumer] Group coordinator localhost:9093 (id: 2147482646 rack: null) is unavailable or invalid due to cause: session timed out without receiving a heartbeat response.isDisconnected: false. Rediscovery will be attempted.
2025-12-06 04:49:24.197 [org.springframework.kafka.KafkaListenerEndpointContainer#1-0-C-1] INFO  o.a.k.c.c.i.ConsumerCoordinator [node1:8080] - [Consumer clientId=consumer-order-events-consumer-4, groupId=order-events-consumer] Discovered group coordinator localhost:9093 (id: 2147482646 rack: null)
2025-12-06 04:49:24.232 [org.springframework.kafka.KafkaListenerEndpointContainer#1-0-C-1] INFO  o.a.k.c.c.i.ConsumerCoordinator [node1:8080] - [Consumer clientId=consumer-order-events-consumer-4, groupId=order-events-consumer] Discovered group coordinator localhost:9093 (id: 2147482646 rack: null)
2025-12-06 04:49:24.232 [org.springframework.kafka.KafkaListenerEndpointContainer#0-0-C-1] INFO  o.a.k.c.c.i.ConsumerCoordinator [node1:8080] - [Consumer clientId=consumer-user-events-consumer-3, groupId=user-events-consumer] Discovered group coordinator localhost:9093 (id: 2147482646 rack: null)
2025-12-06 04:49:24.232 [org.springframework.kafka.KafkaListenerEndpointContainer#3-0-C-1] INFO  o.a.k.c.c.i.ConsumerCoordinator [node1:8080] - [Consumer clientId=consumer-pattern-consumer-2, groupId=pattern-consumer] Discovered group coordinator localhost:9093 (id: 2147482646 rack: null)
2025-12-06 04:49:24.232 [org.springframework.kafka.KafkaListenerEndpointContainer#2-0-C-1] INFO  o.a.k.c.c.i.ConsumerCoordinator [node1:8080] - [Consumer clientId=consumer-notification-batch-consumer-1, groupId=notification-batch-consumer] Discovered group coordinator localhost:9093 (id: 2147482646 rack: null)
2025-12-06 04:49:24.244 [org.springframework.kafka.KafkaListenerEndpointContainer#2-0-C-1] INFO  o.a.k.c.c.i.ConsumerCoordinator [node1:8080] - [Consumer clientId=consumer-notification-batch-consumer-1, groupId=notification-batch-consumer] Discovered group coordinator localhost:9093 (id: 2147482646 rack: null)
2025-12-06 04:49:24.261 [org.springframework.kafka.KafkaListenerEndpointContainer#0-0-C-1] INFO  o.a.k.c.c.i.ConsumerCoordinator [node1:8080] - [Consumer clientId=consumer-user-events-consumer-3, groupId=user-events-consumer] Discovered group coordinator localhost:9093 (id: 2147482646 rack: null)
2025-12-06 04:49:24.262 [org.springframework.kafka.KafkaListenerEndpointContainer#3-0-C-1] INFO  o.a.k.c.c.i.ConsumerCoordinator [node1:8080] - [Consumer clientId=consumer-pattern-consumer-2, groupId=pattern-consumer] Discovered group coordinator localhost:9093 (id: 2147482646 rack: null)
2025-12-06 04:49:44.390 [HikariPool-1 housekeeper] WARN  com.zaxxer.hikari.pool.HikariPool [node1:8080] - HikariPool-1 - Thread starvation or clock leap detected (housekeeper delta=9m45s398ms).
2025-12-06 04:59:30.008 [HikariPool-1 housekeeper] WARN  com.zaxxer.hikari.pool.HikariPool [node1:8080] - HikariPool-1 - Thread starvation or clock leap detected (housekeeper delta=9m45s619ms).
2025-12-06 04:59:30.009 [org.springframework.kafka.KafkaListenerEndpointContainer#3-0-C-1] INFO  o.a.k.clients.FetchSessionHandler [node1:8080] - [Consumer clientId=consumer-pattern-consumer-2, groupId=pattern-consumer] Error sending fetch request (sessionId=1550798645, epoch=93) to node 1001:
org.apache.kafka.common.errors.DisconnectException: null
2025-12-06 04:59:30.009 [org.springframework.kafka.KafkaListenerEndpointContainer#0-0-C-1] INFO  o.a.k.clients.FetchSessionHandler [node1:8080] - [Consumer clientId=consumer-user-events-consumer-3, groupId=user-events-consumer] Error sending fetch request (sessionId=424873555, epoch=93) to node 1001:
org.apache.kafka.common.errors.DisconnectException: null
2025-12-06 04:59:30.009 [org.springframework.kafka.KafkaListenerEndpointContainer#1-0-C-1] INFO  o.a.k.clients.FetchSessionHandler [node1:8080] - [Consumer clientId=consumer-order-events-consumer-4, groupId=order-events-consumer] Error sending fetch request (sessionId=1456627633, epoch=94) to node 1001:
org.apache.kafka.common.errors.DisconnectException: null
2025-12-06 04:59:30.013 [kafka-coordinator-heartbeat-thread | user-events-consumer] INFO  o.a.k.c.c.i.ConsumerCoordinator [node1:8080] - [Consumer clientId=consumer-user-events-consumer-3, groupId=user-events-consumer] Group coordinator localhost:9093 (id: 2147482646 rack: null) is unavailable or invalid due to cause: session timed out without receiving a heartbeat response.isDisconnected: false. Rediscovery will be attempted.
2025-12-06 04:59:30.009 [org.springframework.kafka.KafkaListenerEndpointContainer#2-0-C-1] INFO  o.a.k.clients.FetchSessionHandler [node1:8080] - [Consumer clientId=consumer-notification-batch-consumer-1, groupId=notification-batch-consumer] Error sending fetch request (sessionId=1663083001, epoch=94) to node 1001:
org.apache.kafka.common.errors.DisconnectException: null
2025-12-06 04:59:30.012 [kafka-coordinator-heartbeat-thread | pattern-consumer] INFO  o.a.k.c.c.i.ConsumerCoordinator [node1:8080] - [Consumer clientId=consumer-pattern-consumer-2, groupId=pattern-consumer] Group coordinator localhost:9093 (id: 2147482646 rack: null) is unavailable or invalid due to cause: session timed out without receiving a heartbeat response.isDisconnected: false. Rediscovery will be attempted.
2025-12-06 04:59:30.015 [kafka-coordinator-heartbeat-thread | notification-batch-consumer] INFO  o.a.k.c.c.i.ConsumerCoordinator [node1:8080] - [Consumer clientId=consumer-notification-batch-consumer-1, groupId=notification-batch-consumer] Group coordinator localhost:9093 (id: 2147482646 rack: null) is unavailable or invalid due to cause: session timed out without receiving a heartbeat response.isDisconnected: false. Rediscovery will be attempted.
2025-12-06 04:59:30.015 [kafka-coordinator-heartbeat-thread | order-events-consumer] INFO  o.a.k.c.c.i.ConsumerCoordinator [node1:8080] - [Consumer clientId=consumer-order-events-consumer-4, groupId=order-events-consumer] Group coordinator localhost:9093 (id: 2147482646 rack: null) is unavailable or invalid due to cause: session timed out without receiving a heartbeat response.isDisconnected: false. Rediscovery will be attempted.
2025-12-06 04:59:31.142 [org.springframework.kafka.KafkaListenerEndpointContainer#0-0-C-1] INFO  o.a.k.c.c.i.ConsumerCoordinator [node1:8080] - [Consumer clientId=consumer-user-events-consumer-3, groupId=user-events-consumer] Discovered group coordinator localhost:9093 (id: 2147482646 rack: null)
2025-12-06 04:59:31.144 [org.springframework.kafka.KafkaListenerEndpointContainer#3-0-C-1] INFO  o.a.k.c.c.i.ConsumerCoordinator [node1:8080] - [Consumer clientId=consumer-pattern-consumer-2, groupId=pattern-consumer] Discovered group coordinator localhost:9093 (id: 2147482646 rack: null)
2025-12-06 04:59:31.145 [org.springframework.kafka.KafkaListenerEndpointContainer#1-0-C-1] INFO  o.a.k.c.c.i.ConsumerCoordinator [node1:8080] - [Consumer clientId=consumer-order-events-consumer-4, groupId=order-events-consumer] Discovered group coordinator localhost:9093 (id: 2147482646 rack: null)
2025-12-06 04:59:31.158 [org.springframework.kafka.KafkaListenerEndpointContainer#3-0-C-1] INFO  o.a.k.c.c.i.ConsumerCoordinator [node1:8080] - [Consumer clientId=consumer-pattern-consumer-2, groupId=pattern-consumer] Discovered group coordinator localhost:9093 (id: 2147482646 rack: null)
2025-12-06 04:59:31.158 [org.springframework.kafka.KafkaListenerEndpointContainer#1-0-C-1] INFO  o.a.k.c.c.i.ConsumerCoordinator [node1:8080] - [Consumer clientId=consumer-order-events-consumer-4, groupId=order-events-consumer] Discovered group coordinator localhost:9093 (id: 2147482646 rack: null)
2025-12-06 04:59:31.158 [org.springframework.kafka.KafkaListenerEndpointContainer#2-0-C-1] INFO  o.a.k.c.c.i.ConsumerCoordinator [node1:8080] - [Consumer clientId=consumer-notification-batch-consumer-1, groupId=notification-batch-consumer] Discovered group coordinator localhost:9093 (id: 2147482646 rack: null)
2025-12-06 04:59:31.159 [org.springframework.kafka.KafkaListenerEndpointContainer#2-0-C-1] INFO  o.a.k.c.c.i.ConsumerCoordinator [node1:8080] - [Consumer clientId=consumer-notification-batch-consumer-1, groupId=notification-batch-consumer] Discovered group coordinator localhost:9093 (id: 2147482646 rack: null)
2025-12-06 04:59:31.159 [org.springframework.kafka.KafkaListenerEndpointContainer#0-0-C-1] INFO  o.a.k.c.c.i.ConsumerCoordinator [node1:8080] - [Consumer clientId=consumer-user-events-consumer-3, groupId=user-events-consumer] Discovered group coordinator localhost:9093 (id: 2147482646 rack: null)
2025-12-06 05:09:36.007 [org.springframework.kafka.KafkaListenerEndpointContainer#2-0-C-1] INFO  o.a.k.clients.FetchSessionHandler [node1:8080] - [Consumer clientId=consumer-notification-batch-consumer-1, groupId=notification-batch-consumer] Error sending fetch request (sessionId=1161799499, epoch=93) to node 1001:
org.apache.kafka.common.errors.DisconnectException: null
2025-12-06 05:09:36.008 [org.springframework.kafka.KafkaListenerEndpointContainer#1-0-C-1] INFO  o.a.k.clients.FetchSessionHandler [node1:8080] - [Consumer clientId=consumer-order-events-consumer-4, groupId=order-events-consumer] Error sending fetch request (sessionId=1144871315, epoch=93) to node 1001:
org.apache.kafka.common.errors.DisconnectException: null
2025-12-06 05:09:36.012 [kafka-coordinator-heartbeat-thread | notification-batch-consumer] INFO  o.a.k.c.c.i.ConsumerCoordinator [node1:8080] - [Consumer clientId=consumer-notification-batch-consumer-1, groupId=notification-batch-consumer] Group coordinator localhost:9093 (id: 2147482646 rack: null) is unavailable or invalid due to cause: session timed out without receiving a heartbeat response.isDisconnected: false. Rediscovery will be attempted.
2025-12-06 05:09:36.012 [kafka-coordinator-heartbeat-thread | pattern-consumer] INFO  o.a.k.c.c.i.ConsumerCoordinator [node1:8080] - [Consumer clientId=consumer-pattern-consumer-2, groupId=pattern-consumer] Group coordinator localhost:9093 (id: 2147482646 rack: null) is unavailable or invalid due to cause: session timed out without receiving a heartbeat response.isDisconnected: false. Rediscovery will be attempted.
2025-12-06 05:09:36.007 [org.springframework.kafka.KafkaListenerEndpointContainer#3-0-C-1] INFO  o.a.k.clients.FetchSessionHandler [node1:8080] - [Consumer clientId=consumer-pattern-consumer-2, groupId=pattern-consumer] Error sending fetch request (sessionId=337020145, epoch=93) to node 1001:
org.apache.kafka.common.errors.DisconnectException: null
2025-12-06 05:09:36.007 [org.springframework.kafka.KafkaListenerEndpointContainer#0-0-C-1] INFO  o.a.k.clients.FetchSessionHandler [node1:8080] - [Consumer clientId=consumer-user-events-consumer-3, groupId=user-events-consumer] Error sending fetch request (sessionId=102064216, epoch=93) to node 1001:
org.apache.kafka.common.errors.DisconnectException: null
2025-12-06 05:09:36.013 [kafka-coordinator-heartbeat-thread | user-events-consumer] INFO  o.a.k.c.c.i.ConsumerCoordinator [node1:8080] - [Consumer clientId=consumer-user-events-consumer-3, groupId=user-events-consumer] Group coordinator localhost:9093 (id: 2147482646 rack: null) is unavailable or invalid due to cause: session timed out without receiving a heartbeat response.isDisconnected: false. Rediscovery will be attempted.
2025-12-06 05:09:36.012 [kafka-coordinator-heartbeat-thread | order-events-consumer] INFO  o.a.k.c.c.i.ConsumerCoordinator [node1:8080] - [Consumer clientId=consumer-order-events-consumer-4, groupId=order-events-consumer] Group coordinator localhost:9093 (id: 2147482646 rack: null) is unavailable or invalid due to cause: session timed out without receiving a heartbeat response.isDisconnected: false. Rediscovery will be attempted.
2025-12-06 05:09:37.130 [org.springframework.kafka.KafkaListenerEndpointContainer#3-0-C-1] INFO  o.a.k.c.c.i.ConsumerCoordinator [node1:8080] - [Consumer clientId=consumer-pattern-consumer-2, groupId=pattern-consumer] Discovered group coordinator localhost:9093 (id: 2147482646 rack: null)
2025-12-06 05:09:37.131 [org.springframework.kafka.KafkaListenerEndpointContainer#0-0-C-1] INFO  o.a.k.c.c.i.ConsumerCoordinator [node1:8080] - [Consumer clientId=consumer-user-events-consumer-3, groupId=user-events-consumer] Discovered group coordinator localhost:9093 (id: 2147482646 rack: null)
2025-12-06 05:09:37.138 [org.springframework.kafka.KafkaListenerEndpointContainer#1-0-C-1] INFO  o.a.k.c.c.i.ConsumerCoordinator [node1:8080] - [Consumer clientId=consumer-order-events-consumer-4, groupId=order-events-consumer] Discovered group coordinator localhost:9093 (id: 2147482646 rack: null)
2025-12-06 05:09:37.152 [org.springframework.kafka.KafkaListenerEndpointContainer#2-0-C-1] INFO  o.a.k.c.c.i.ConsumerCoordinator [node1:8080] - [Consumer clientId=consumer-notification-batch-consumer-1, groupId=notification-batch-consumer] Discovered group coordinator localhost:9093 (id: 2147482646 rack: null)
2025-12-06 05:09:48.019 [HikariPool-1 housekeeper] WARN  com.zaxxer.hikari.pool.HikariPool [node1:8080] - HikariPool-1 - Thread starvation or clock leap detected (housekeeper delta=9m45s421ms).
2025-12-06 05:19:43.004 [org.springframework.kafka.KafkaListenerEndpointContainer#3-0-C-1] INFO  o.a.k.clients.FetchSessionHandler [node1:8080] - [Consumer clientId=consumer-pattern-consumer-2, groupId=pattern-consumer] Error sending fetch request (sessionId=1673837651, epoch=92) to node 1001:
org.apache.kafka.common.errors.DisconnectException: null
2025-12-06 05:19:43.005 [org.springframework.kafka.KafkaListenerEndpointContainer#0-0-C-1] INFO  o.a.k.clients.FetchSessionHandler [node1:8080] - [Consumer clientId=consumer-user-events-consumer-3, groupId=user-events-consumer] Error sending fetch request (sessionId=1643949706, epoch=92) to node 1001:
org.apache.kafka.common.errors.DisconnectException: null
2025-12-06 05:19:43.005 [org.springframework.kafka.KafkaListenerEndpointContainer#2-0-C-1] INFO  o.a.k.clients.FetchSessionHandler [node1:8080] - [Consumer clientId=consumer-notification-batch-consumer-1, groupId=notification-batch-consumer] Error sending fetch request (sessionId=110426253, epoch=92) to node 1001:
org.apache.kafka.common.errors.DisconnectException: null
2025-12-06 05:19:43.005 [org.springframework.kafka.KafkaListenerEndpointContainer#1-0-C-1] INFO  o.a.k.clients.FetchSessionHandler [node1:8080] - [Consumer clientId=consumer-order-events-consumer-4, groupId=order-events-consumer] Error sending fetch request (sessionId=475059542, epoch=92) to node 1001:
org.apache.kafka.common.errors.DisconnectException: null
2025-12-06 05:19:43.010 [kafka-coordinator-heartbeat-thread | notification-batch-consumer] INFO  o.a.k.c.c.i.ConsumerCoordinator [node1:8080] - [Consumer clientId=consumer-notification-batch-consumer-1, groupId=notification-batch-consumer] Group coordinator localhost:9093 (id: 2147482646 rack: null) is unavailable or invalid due to cause: session timed out without receiving a heartbeat response.isDisconnected: false. Rediscovery will be attempted.
2025-12-06 05:19:43.010 [kafka-coordinator-heartbeat-thread | order-events-consumer] INFO  o.a.k.c.c.i.ConsumerCoordinator [node1:8080] - [Consumer clientId=consumer-order-events-consumer-4, groupId=order-events-consumer] Group coordinator localhost:9093 (id: 2147482646 rack: null) is unavailable or invalid due to cause: session timed out without receiving a heartbeat response.isDisconnected: false. Rediscovery will be attempted.
2025-12-06 05:19:43.010 [kafka-coordinator-heartbeat-thread | user-events-consumer] INFO  o.a.k.c.c.i.ConsumerCoordinator [node1:8080] - [Consumer clientId=consumer-user-events-consumer-3, groupId=user-events-consumer] Group coordinator localhost:9093 (id: 2147482646 rack: null) is unavailable or invalid due to cause: session timed out without receiving a heartbeat response.isDisconnected: false. Rediscovery will be attempted.
2025-12-06 05:19:43.010 [kafka-coordinator-heartbeat-thread | pattern-consumer] INFO  o.a.k.c.c.i.ConsumerCoordinator [node1:8080] - [Consumer clientId=consumer-pattern-consumer-2, groupId=pattern-consumer] Group coordinator localhost:9093 (id: 2147482646 rack: null) is unavailable or invalid due to cause: session timed out without receiving a heartbeat response.isDisconnected: false. Rediscovery will be attempted.
2025-12-06 05:19:44.156 [org.springframework.kafka.KafkaListenerEndpointContainer#2-0-C-1] INFO  o.a.k.c.c.i.ConsumerCoordinator [node1:8080] - [Consumer clientId=consumer-notification-batch-consumer-1, groupId=notification-batch-consumer] Discovered group coordinator localhost:9093 (id: 2147482646 rack: null)
2025-12-06 05:19:44.156 [org.springframework.kafka.KafkaListenerEndpointContainer#2-0-C-1] INFO  o.a.k.c.c.i.ConsumerCoordinator [node1:8080] - [Consumer clientId=consumer-notification-batch-consumer-1, groupId=notification-batch-consumer] Discovered group coordinator localhost:9093 (id: 2147482646 rack: null)
2025-12-06 05:19:44.156 [org.springframework.kafka.KafkaListenerEndpointContainer#2-0-C-1] INFO  o.a.k.c.c.i.ConsumerCoordinator [node1:8080] - [Consumer clientId=consumer-notification-batch-consumer-1, groupId=notification-batch-consumer] Group coordinator localhost:9093 (id: 2147482646 rack: null) is unavailable or invalid due to cause: coordinator unavailable.isDisconnected: false. Rediscovery will be attempted.
2025-12-06 05:19:44.158 [org.springframework.kafka.KafkaListenerEndpointContainer#0-0-C-1] INFO  o.a.k.c.c.i.ConsumerCoordinator [node1:8080] - [Consumer clientId=consumer-user-events-consumer-3, groupId=user-events-consumer] Discovered group coordinator localhost:9093 (id: 2147482646 rack: null)
2025-12-06 05:19:44.159 [org.springframework.kafka.KafkaListenerEndpointContainer#1-0-C-1] INFO  o.a.k.c.c.i.ConsumerCoordinator [node1:8080] - [Consumer clientId=consumer-order-events-consumer-4, groupId=order-events-consumer] Discovered group coordinator localhost:9093 (id: 2147482646 rack: null)
2025-12-06 05:19:44.159 [org.springframework.kafka.KafkaListenerEndpointContainer#1-0-C-1] INFO  o.a.k.c.c.i.ConsumerCoordinator [node1:8080] - [Consumer clientId=consumer-order-events-consumer-4, groupId=order-events-consumer] Discovered group coordinator localhost:9093 (id: 2147482646 rack: null)
2025-12-06 05:19:44.159 [org.springframework.kafka.KafkaListenerEndpointContainer#1-0-C-1] INFO  o.a.k.c.c.i.ConsumerCoordinator [node1:8080] - [Consumer clientId=consumer-order-events-consumer-4, groupId=order-events-consumer] Group coordinator localhost:9093 (id: 2147482646 rack: null) is unavailable or invalid due to cause: coordinator unavailable.isDisconnected: false. Rediscovery will be attempted.
2025-12-06 05:19:44.160 [org.springframework.kafka.KafkaListenerEndpointContainer#0-0-C-1] INFO  o.a.k.c.c.i.ConsumerCoordinator [node1:8080] - [Consumer clientId=consumer-user-events-consumer-3, groupId=user-events-consumer] Discovered group coordinator localhost:9093 (id: 2147482646 rack: null)
2025-12-06 05:19:44.160 [org.springframework.kafka.KafkaListenerEndpointContainer#0-0-C-1] INFO  o.a.k.c.c.i.ConsumerCoordinator [node1:8080] - [Consumer clientId=consumer-user-events-consumer-3, groupId=user-events-consumer] Group coordinator localhost:9093 (id: 2147482646 rack: null) is unavailable or invalid due to cause: coordinator unavailable.isDisconnected: false. Rediscovery will be attempted.
2025-12-06 05:19:44.164 [org.springframework.kafka.KafkaListenerEndpointContainer#3-0-C-1] INFO  o.a.k.c.c.i.ConsumerCoordinator [node1:8080] - [Consumer clientId=consumer-pattern-consumer-2, groupId=pattern-consumer] Discovered group coordinator localhost:9093 (id: 2147482646 rack: null)
2025-12-06 05:19:44.176 [org.springframework.kafka.KafkaListenerEndpointContainer#3-0-C-1] INFO  o.a.k.c.c.i.ConsumerCoordinator [node1:8080] - [Consumer clientId=consumer-pattern-consumer-2, groupId=pattern-consumer] Discovered group coordinator localhost:9093 (id: 2147482646 rack: null)
2025-12-06 05:19:44.176 [org.springframework.kafka.KafkaListenerEndpointContainer#3-0-C-1] INFO  o.a.k.c.c.i.ConsumerCoordinator [node1:8080] - [Consumer clientId=consumer-pattern-consumer-2, groupId=pattern-consumer] Group coordinator localhost:9093 (id: 2147482646 rack: null) is unavailable or invalid due to cause: coordinator unavailable.isDisconnected: false. Rediscovery will be attempted.
2025-12-06 05:19:44.261 [org.springframework.kafka.KafkaListenerEndpointContainer#2-0-C-1] INFO  o.a.k.c.c.i.ConsumerCoordinator [node1:8080] - [Consumer clientId=consumer-notification-batch-consumer-1, groupId=notification-batch-consumer] Discovered group coordinator localhost:9093 (id: 2147482646 rack: null)
2025-12-06 05:19:44.271 [org.springframework.kafka.KafkaListenerEndpointContainer#1-0-C-1] INFO  o.a.k.c.c.i.ConsumerCoordinator [node1:8080] - [Consumer clientId=consumer-order-events-consumer-4, groupId=order-events-consumer] Discovered group coordinator localhost:9093 (id: 2147482646 rack: null)
2025-12-06 05:19:44.271 [org.springframework.kafka.KafkaListenerEndpointContainer#0-0-C-1] INFO  o.a.k.c.c.i.ConsumerCoordinator [node1:8080] - [Consumer clientId=consumer-user-events-consumer-3, groupId=user-events-consumer] Discovered group coordinator localhost:9093 (id: 2147482646 rack: null)
2025-12-06 05:19:44.287 [org.springframework.kafka.KafkaListenerEndpointContainer#3-0-C-1] INFO  o.a.k.c.c.i.ConsumerCoordinator [node1:8080] - [Consumer clientId=consumer-pattern-consumer-2, groupId=pattern-consumer] Discovered group coordinator localhost:9093 (id: 2147482646 rack: null)
2025-12-06 05:20:03.490 [HikariPool-1 housekeeper] WARN  com.zaxxer.hikari.pool.HikariPool [node1:8080] - HikariPool-1 - Thread starvation or clock leap detected (housekeeper delta=9m45s463ms).
2025-12-06 05:29:48.006 [org.springframework.kafka.KafkaListenerEndpointContainer#3-0-C-1] INFO  o.a.k.clients.FetchSessionHandler [node1:8080] - [Consumer clientId=consumer-pattern-consumer-2, groupId=pattern-consumer] Error sending fetch request (sessionId=1582582955, epoch=93) to node 1001:
org.apache.kafka.common.errors.DisconnectException: null
2025-12-06 05:29:48.006 [org.springframework.kafka.KafkaListenerEndpointContainer#0-0-C-1] INFO  o.a.k.clients.FetchSessionHandler [node1:8080] - [Consumer clientId=consumer-user-events-consumer-3, groupId=user-events-consumer] Error sending fetch request (sessionId=822478259, epoch=93) to node 1001:
org.apache.kafka.common.errors.DisconnectException: null
2025-12-06 05:29:48.011 [kafka-coordinator-heartbeat-thread | notification-batch-consumer] INFO  o.a.k.c.c.i.ConsumerCoordinator [node1:8080] - [Consumer clientId=consumer-notification-batch-consumer-1, groupId=notification-batch-consumer] Group coordinator localhost:9093 (id: 2147482646 rack: null) is unavailable or invalid due to cause: session timed out without receiving a heartbeat response.isDisconnected: false. Rediscovery will be attempted.
2025-12-06 05:29:48.011 [kafka-coordinator-heartbeat-thread | pattern-consumer] INFO  o.a.k.c.c.i.ConsumerCoordinator [node1:8080] - [Consumer clientId=consumer-pattern-consumer-2, groupId=pattern-consumer] Group coordinator localhost:9093 (id: 2147482646 rack: null) is unavailable or invalid due to cause: session timed out without receiving a heartbeat response.isDisconnected: false. Rediscovery will be attempted.
2025-12-06 05:29:48.006 [org.springframework.kafka.KafkaListenerEndpointContainer#2-0-C-1] INFO  o.a.k.clients.FetchSessionHandler [node1:8080] - [Consumer clientId=consumer-notification-batch-consumer-1, groupId=notification-batch-consumer] Error sending fetch request (sessionId=1394628339, epoch=93) to node 1001:
org.apache.kafka.common.errors.DisconnectException: null
2025-12-06 05:29:48.011 [org.springframework.kafka.KafkaListenerEndpointContainer#1-0-C-1] INFO  o.a.k.clients.FetchSessionHandler [node1:8080] - [Consumer clientId=consumer-order-events-consumer-4, groupId=order-events-consumer] Error sending fetch request (sessionId=819741350, epoch=93) to node 1001:
org.apache.kafka.common.errors.DisconnectException: null
2025-12-06 05:29:48.012 [kafka-coordinator-heartbeat-thread | order-events-consumer] INFO  o.a.k.c.c.i.ConsumerCoordinator [node1:8080] - [Consumer clientId=consumer-order-events-consumer-4, groupId=order-events-consumer] Group coordinator localhost:9093 (id: 2147482646 rack: null) is unavailable or invalid due to cause: session timed out without receiving a heartbeat response.isDisconnected: false. Rediscovery will be attempted.
2025-12-06 05:29:48.011 [kafka-coordinator-heartbeat-thread | user-events-consumer] INFO  o.a.k.c.c.i.ConsumerCoordinator [node1:8080] - [Consumer clientId=consumer-user-events-consumer-3, groupId=user-events-consumer] Group coordinator localhost:9093 (id: 2147482646 rack: null) is unavailable or invalid due to cause: session timed out without receiving a heartbeat response.isDisconnected: false. Rediscovery will be attempted.
2025-12-06 05:29:48.631 [HikariPool-1 housekeeper] WARN  com.zaxxer.hikari.pool.HikariPool [node1:8080] - HikariPool-1 - Thread starvation or clock leap detected (housekeeper delta=9m45s141ms).
2025-12-06 05:29:49.117 [org.springframework.kafka.KafkaListenerEndpointContainer#2-0-C-1] INFO  o.a.k.c.c.i.ConsumerCoordinator [node1:8080] - [Consumer clientId=consumer-notification-batch-consumer-1, groupId=notification-batch-consumer] Discovered group coordinator localhost:9093 (id: 2147482646 rack: null)
2025-12-06 05:29:49.117 [org.springframework.kafka.KafkaListenerEndpointContainer#3-0-C-1] INFO  o.a.k.c.c.i.ConsumerCoordinator [node1:8080] - [Consumer clientId=consumer-pattern-consumer-2, groupId=pattern-consumer] Discovered group coordinator localhost:9093 (id: 2147482646 rack: null)
2025-12-06 05:29:49.117 [org.springframework.kafka.KafkaListenerEndpointContainer#0-0-C-1] INFO  o.a.k.c.c.i.ConsumerCoordinator [node1:8080] - [Consumer clientId=consumer-user-events-consumer-3, groupId=user-events-consumer] Discovered group coordinator localhost:9093 (id: 2147482646 rack: null)
2025-12-06 05:29:49.119 [org.springframework.kafka.KafkaListenerEndpointContainer#1-0-C-1] INFO  o.a.k.c.c.i.ConsumerCoordinator [node1:8080] - [Consumer clientId=consumer-order-events-consumer-4, groupId=order-events-consumer] Discovered group coordinator localhost:9093 (id: 2147482646 rack: null)
2025-12-06 05:39:53.006 [org.springframework.kafka.KafkaListenerEndpointContainer#3-0-C-1] INFO  o.a.k.clients.FetchSessionHandler [node1:8080] - [Consumer clientId=consumer-pattern-consumer-2, groupId=pattern-consumer] Error sending fetch request (sessionId=1462885385, epoch=92) to node 1001:
org.apache.kafka.common.errors.DisconnectException: null
2025-12-06 05:39:53.006 [org.springframework.kafka.KafkaListenerEndpointContainer#0-0-C-1] INFO  o.a.k.clients.FetchSessionHandler [node1:8080] - [Consumer clientId=consumer-user-events-consumer-3, groupId=user-events-consumer] Error sending fetch request (sessionId=300130335, epoch=92) to node 1001:
org.apache.kafka.common.errors.DisconnectException: null
2025-12-06 05:39:53.010 [kafka-coordinator-heartbeat-thread | order-events-consumer] INFO  o.a.k.c.c.i.ConsumerCoordinator [node1:8080] - [Consumer clientId=consumer-order-events-consumer-4, groupId=order-events-consumer] Group coordinator localhost:9093 (id: 2147482646 rack: null) is unavailable or invalid due to cause: session timed out without receiving a heartbeat response.isDisconnected: false. Rediscovery will be attempted.
2025-12-06 05:39:53.006 [org.springframework.kafka.KafkaListenerEndpointContainer#2-0-C-1] INFO  o.a.k.clients.FetchSessionHandler [node1:8080] - [Consumer clientId=consumer-notification-batch-consumer-1, groupId=notification-batch-consumer] Error sending fetch request (sessionId=1142993865, epoch=92) to node 1001:
org.apache.kafka.common.errors.DisconnectException: null
2025-12-06 05:39:53.006 [org.springframework.kafka.KafkaListenerEndpointContainer#1-0-C-1] INFO  o.a.k.clients.FetchSessionHandler [node1:8080] - [Consumer clientId=consumer-order-events-consumer-4, groupId=order-events-consumer] Error sending fetch request (sessionId=700314108, epoch=92) to node 1001:
org.apache.kafka.common.errors.DisconnectException: null
2025-12-06 05:39:53.012 [kafka-coordinator-heartbeat-thread | notification-batch-consumer] INFO  o.a.k.c.c.i.ConsumerCoordinator [node1:8080] - [Consumer clientId=consumer-notification-batch-consumer-1, groupId=notification-batch-consumer] Group coordinator localhost:9093 (id: 2147482646 rack: null) is unavailable or invalid due to cause: session timed out without receiving a heartbeat response.isDisconnected: false. Rediscovery will be attempted.
2025-12-06 05:39:53.010 [kafka-coordinator-heartbeat-thread | pattern-consumer] INFO  o.a.k.c.c.i.ConsumerCoordinator [node1:8080] - [Consumer clientId=consumer-pattern-consumer-2, groupId=pattern-consumer] Group coordinator localhost:9093 (id: 2147482646 rack: null) is unavailable or invalid due to cause: session timed out without receiving a heartbeat response.isDisconnected: false. Rediscovery will be attempted.
2025-12-06 05:39:53.012 [kafka-coordinator-heartbeat-thread | user-events-consumer] INFO  o.a.k.c.c.i.ConsumerCoordinator [node1:8080] - [Consumer clientId=consumer-user-events-consumer-3, groupId=user-events-consumer] Group coordinator localhost:9093 (id: 2147482646 rack: null) is unavailable or invalid due to cause: session timed out without receiving a heartbeat response.isDisconnected: false. Rediscovery will be attempted.
2025-12-06 05:39:53.130 [org.springframework.kafka.KafkaListenerEndpointContainer#0-0-C-1] INFO  o.a.k.c.c.i.ConsumerCoordinator [node1:8080] - [Consumer clientId=consumer-user-events-consumer-3, groupId=user-events-consumer] Discovered group coordinator localhost:9093 (id: 2147482646 rack: null)
2025-12-06 05:39:54.111 [org.springframework.kafka.KafkaListenerEndpointContainer#2-0-C-1] INFO  o.a.k.c.c.i.ConsumerCoordinator [node1:8080] - [Consumer clientId=consumer-notification-batch-consumer-1, groupId=notification-batch-consumer] Discovered group coordinator localhost:9093 (id: 2147482646 rack: null)
2025-12-06 05:39:54.111 [org.springframework.kafka.KafkaListenerEndpointContainer#1-0-C-1] INFO  o.a.k.c.c.i.ConsumerCoordinator [node1:8080] - [Consumer clientId=consumer-order-events-consumer-4, groupId=order-events-consumer] Discovered group coordinator localhost:9093 (id: 2147482646 rack: null)
2025-12-06 05:39:54.122 [org.springframework.kafka.KafkaListenerEndpointContainer#3-0-C-1] INFO  o.a.k.c.c.i.ConsumerCoordinator [node1:8080] - [Consumer clientId=consumer-pattern-consumer-2, groupId=pattern-consumer] Discovered group coordinator localhost:9093 (id: 2147482646 rack: null)
2025-12-06 05:40:04.470 [HikariPool-1 housekeeper] WARN  com.zaxxer.hikari.pool.HikariPool [node1:8080] - HikariPool-1 - Thread starvation or clock leap detected (housekeeper delta=9m45s424ms).
2025-12-06 05:50:00.006 [org.springframework.kafka.KafkaListenerEndpointContainer#0-0-C-1] INFO  o.a.k.clients.FetchSessionHandler [node1:8080] - [Consumer clientId=consumer-user-events-consumer-3, groupId=user-events-consumer] Error sending fetch request (sessionId=1643543358, epoch=93) to node 1001:
org.apache.kafka.common.errors.DisconnectException: null
2025-12-06 05:50:00.006 [org.springframework.kafka.KafkaListenerEndpointContainer#1-0-C-1] INFO  o.a.k.clients.FetchSessionHandler [node1:8080] - [Consumer clientId=consumer-order-events-consumer-4, groupId=order-events-consumer] Error sending fetch request (sessionId=507521187, epoch=93) to node 1001:
org.apache.kafka.common.errors.DisconnectException: null
2025-12-06 05:50:00.012 [org.springframework.kafka.KafkaListenerEndpointContainer#2-0-C-1] INFO  o.a.k.clients.FetchSessionHandler [node1:8080] - [Consumer clientId=consumer-notification-batch-consumer-1, groupId=notification-batch-consumer] Error sending fetch request (sessionId=237008621, epoch=93) to node 1001:
org.apache.kafka.common.errors.DisconnectException: null
2025-12-06 05:50:00.013 [kafka-coordinator-heartbeat-thread | pattern-consumer] INFO  o.a.k.c.c.i.ConsumerCoordinator [node1:8080] - [Consumer clientId=consumer-pattern-consumer-2, groupId=pattern-consumer] Group coordinator localhost:9093 (id: 2147482646 rack: null) is unavailable or invalid due to cause: session timed out without receiving a heartbeat response.isDisconnected: false. Rediscovery will be attempted.
2025-12-06 05:50:00.013 [kafka-coordinator-heartbeat-thread | notification-batch-consumer] INFO  o.a.k.c.c.i.ConsumerCoordinator [node1:8080] - [Consumer clientId=consumer-notification-batch-consumer-1, groupId=notification-batch-consumer] Group coordinator localhost:9093 (id: 2147482646 rack: null) is unavailable or invalid due to cause: session timed out without receiving a heartbeat response.isDisconnected: false. Rediscovery will be attempted.
2025-12-06 05:50:00.014 [org.springframework.kafka.KafkaListenerEndpointContainer#3-0-C-1] INFO  o.a.k.clients.FetchSessionHandler [node1:8080] - [Consumer clientId=consumer-pattern-consumer-2, groupId=pattern-consumer] Error sending fetch request (sessionId=1921311386, epoch=93) to node 1001:
org.apache.kafka.common.errors.DisconnectException: null
2025-12-06 05:50:00.014 [kafka-coordinator-heartbeat-thread | order-events-consumer] INFO  o.a.k.c.c.i.ConsumerCoordinator [node1:8080] - [Consumer clientId=consumer-order-events-consumer-4, groupId=order-events-consumer] Group coordinator localhost:9093 (id: 2147482646 rack: null) is unavailable or invalid due to cause: session timed out without receiving a heartbeat response.isDisconnected: false. Rediscovery will be attempted.
2025-12-06 05:50:00.011 [kafka-coordinator-heartbeat-thread | user-events-consumer] INFO  o.a.k.c.c.i.ConsumerCoordinator [node1:8080] - [Consumer clientId=consumer-user-events-consumer-3, groupId=user-events-consumer] Group coordinator localhost:9093 (id: 2147482646 rack: null) is unavailable or invalid due to cause: session timed out without receiving a heartbeat response.isDisconnected: false. Rediscovery will be attempted.
2025-12-06 05:50:01.120 [org.springframework.kafka.KafkaListenerEndpointContainer#1-0-C-1] INFO  o.a.k.c.c.i.ConsumerCoordinator [node1:8080] - [Consumer clientId=consumer-order-events-consumer-4, groupId=order-events-consumer] Discovered group coordinator localhost:9093 (id: 2147482646 rack: null)
2025-12-06 05:50:01.121 [org.springframework.kafka.KafkaListenerEndpointContainer#2-0-C-1] INFO  o.a.k.c.c.i.ConsumerCoordinator [node1:8080] - [Consumer clientId=consumer-notification-batch-consumer-1, groupId=notification-batch-consumer] Discovered group coordinator localhost:9093 (id: 2147482646 rack: null)
2025-12-06 05:50:01.121 [org.springframework.kafka.KafkaListenerEndpointContainer#3-0-C-1] INFO  o.a.k.c.c.i.ConsumerCoordinator [node1:8080] - [Consumer clientId=consumer-pattern-consumer-2, groupId=pattern-consumer] Discovered group coordinator localhost:9093 (id: 2147482646 rack: null)
2025-12-06 05:50:01.149 [org.springframework.kafka.KafkaListenerEndpointContainer#0-0-C-1] INFO  o.a.k.c.c.i.ConsumerCoordinator [node1:8080] - [Consumer clientId=consumer-user-events-consumer-3, groupId=user-events-consumer] Discovered group coordinator localhost:9093 (id: 2147482646 rack: null)
2025-12-06 05:50:01.152 [org.springframework.kafka.KafkaListenerEndpointContainer#0-0-C-1] INFO  o.a.k.c.c.i.ConsumerCoordinator [node1:8080] - [Consumer clientId=consumer-user-events-consumer-3, groupId=user-events-consumer] Discovered group coordinator localhost:9093 (id: 2147482646 rack: null)
2025-12-06 05:50:19.902 [HikariPool-1 housekeeper] WARN  com.zaxxer.hikari.pool.HikariPool [node1:8080] - HikariPool-1 - Thread starvation or clock leap detected (housekeeper delta=9m45s428ms).
2025-12-06 06:00:05.005 [HikariPool-1 housekeeper] WARN  com.zaxxer.hikari.pool.HikariPool [node1:8080] - HikariPool-1 - Thread starvation or clock leap detected (housekeeper delta=9m45s103ms).
2025-12-06 06:00:05.006 [org.springframework.kafka.KafkaListenerEndpointContainer#0-0-C-1] INFO  o.a.k.clients.FetchSessionHandler [node1:8080] - [Consumer clientId=consumer-user-events-consumer-3, groupId=user-events-consumer] Error sending fetch request (sessionId=924642133, epoch=95) to node 1001:
org.apache.kafka.common.errors.DisconnectException: null
2025-12-06 06:00:05.006 [org.springframework.kafka.KafkaListenerEndpointContainer#3-0-C-1] INFO  o.a.k.clients.FetchSessionHandler [node1:8080] - [Consumer clientId=consumer-pattern-consumer-2, groupId=pattern-consumer] Error sending fetch request (sessionId=54867911, epoch=95) to node 1001:
org.apache.kafka.common.errors.DisconnectException: null
2025-12-06 06:00:05.006 [org.springframework.kafka.KafkaListenerEndpointContainer#1-0-C-1] INFO  o.a.k.clients.FetchSessionHandler [node1:8080] - [Consumer clientId=consumer-order-events-consumer-4, groupId=order-events-consumer] Error sending fetch request (sessionId=1189480130, epoch=95) to node 1001:
org.apache.kafka.common.errors.DisconnectException: null
2025-12-06 06:00:05.006 [org.springframework.kafka.KafkaListenerEndpointContainer#2-0-C-1] INFO  o.a.k.clients.FetchSessionHandler [node1:8080] - [Consumer clientId=consumer-notification-batch-consumer-1, groupId=notification-batch-consumer] Error sending fetch request (sessionId=174484359, epoch=95) to node 1001:
org.apache.kafka.common.errors.DisconnectException: null
2025-12-06 06:00:05.016 [kafka-coordinator-heartbeat-thread | order-events-consumer] INFO  o.a.k.c.c.i.ConsumerCoordinator [node1:8080] - [Consumer clientId=consumer-order-events-consumer-4, groupId=order-events-consumer] Group coordinator localhost:9093 (id: 2147482646 rack: null) is unavailable or invalid due to cause: session timed out without receiving a heartbeat response.isDisconnected: false. Rediscovery will be attempted.
2025-12-06 06:00:05.018 [kafka-coordinator-heartbeat-thread | user-events-consumer] INFO  o.a.k.c.c.i.ConsumerCoordinator [node1:8080] - [Consumer clientId=consumer-user-events-consumer-3, groupId=user-events-consumer] Group coordinator localhost:9093 (id: 2147482646 rack: null) is unavailable or invalid due to cause: session timed out without receiving a heartbeat response.isDisconnected: false. Rediscovery will be attempted.
2025-12-06 06:00:05.017 [kafka-coordinator-heartbeat-thread | notification-batch-consumer] INFO  o.a.k.c.c.i.ConsumerCoordinator [node1:8080] - [Consumer clientId=consumer-notification-batch-consumer-1, groupId=notification-batch-consumer] Group coordinator localhost:9093 (id: 2147482646 rack: null) is unavailable or invalid due to cause: session timed out without receiving a heartbeat response.isDisconnected: false. Rediscovery will be attempted.
2025-12-06 06:00:05.019 [kafka-coordinator-heartbeat-thread | pattern-consumer] INFO  o.a.k.c.c.i.ConsumerCoordinator [node1:8080] - [Consumer clientId=consumer-pattern-consumer-2, groupId=pattern-consumer] Group coordinator localhost:9093 (id: 2147482646 rack: null) is unavailable or invalid due to cause: session timed out without receiving a heartbeat response.isDisconnected: false. Rediscovery will be attempted.
2025-12-06 06:00:05.125 [org.springframework.kafka.KafkaListenerEndpointContainer#1-0-C-1] INFO  o.a.k.c.c.i.ConsumerCoordinator [node1:8080] - [Consumer clientId=consumer-order-events-consumer-4, groupId=order-events-consumer] Discovered group coordinator localhost:9093 (id: 2147482646 rack: null)
2025-12-06 06:00:05.125 [org.springframework.kafka.KafkaListenerEndpointContainer#3-0-C-1] INFO  o.a.k.c.c.i.ConsumerCoordinator [node1:8080] - [Consumer clientId=consumer-pattern-consumer-2, groupId=pattern-consumer] Discovered group coordinator localhost:9093 (id: 2147482646 rack: null)
2025-12-06 06:00:05.134 [org.springframework.kafka.KafkaListenerEndpointContainer#0-0-C-1] INFO  o.a.k.c.c.i.ConsumerCoordinator [node1:8080] - [Consumer clientId=consumer-user-events-consumer-3, groupId=user-events-consumer] Discovered group coordinator localhost:9093 (id: 2147482646 rack: null)
2025-12-06 06:00:05.144 [org.springframework.kafka.KafkaListenerEndpointContainer#2-0-C-1] INFO  o.a.k.c.c.i.ConsumerCoordinator [node1:8080] - [Consumer clientId=consumer-notification-batch-consumer-1, groupId=notification-batch-consumer] Discovered group coordinator localhost:9093 (id: 2147482646 rack: null)
2025-12-06 06:10:12.007 [org.springframework.kafka.KafkaListenerEndpointContainer#2-0-C-1] INFO  o.a.k.clients.FetchSessionHandler [node1:8080] - [Consumer clientId=consumer-notification-batch-consumer-1, groupId=notification-batch-consumer] Error sending fetch request (sessionId=1116911394, epoch=94) to node 1001:
org.apache.kafka.common.errors.DisconnectException: null
2025-12-06 06:10:12.010 [org.springframework.kafka.KafkaListenerEndpointContainer#3-0-C-1] INFO  o.a.k.clients.FetchSessionHandler [node1:8080] - [Consumer clientId=consumer-pattern-consumer-2, groupId=pattern-consumer] Error sending fetch request (sessionId=1607244654, epoch=94) to node 1001:
org.apache.kafka.common.errors.DisconnectException: null
2025-12-06 06:10:12.011 [kafka-coordinator-heartbeat-thread | notification-batch-consumer] INFO  o.a.k.c.c.i.ConsumerCoordinator [node1:8080] - [Consumer clientId=consumer-notification-batch-consumer-1, groupId=notification-batch-consumer] Group coordinator localhost:9093 (id: 2147482646 rack: null) is unavailable or invalid due to cause: session timed out without receiving a heartbeat response.isDisconnected: false. Rediscovery will be attempted.
2025-12-06 06:10:12.007 [org.springframework.kafka.KafkaListenerEndpointContainer#1-0-C-1] INFO  o.a.k.clients.FetchSessionHandler [node1:8080] - [Consumer clientId=consumer-order-events-consumer-4, groupId=order-events-consumer] Error sending fetch request (sessionId=1189067707, epoch=94) to node 1001:
org.apache.kafka.common.errors.DisconnectException: null
2025-12-06 06:10:12.007 [org.springframework.kafka.KafkaListenerEndpointContainer#0-0-C-1] INFO  o.a.k.clients.FetchSessionHandler [node1:8080] - [Consumer clientId=consumer-user-events-consumer-3, groupId=user-events-consumer] Error sending fetch request (sessionId=761001831, epoch=94) to node 1001:
org.apache.kafka.common.errors.DisconnectException: null
2025-12-06 06:10:12.016 [kafka-coordinator-heartbeat-thread | pattern-consumer] INFO  o.a.k.c.c.i.ConsumerCoordinator [node1:8080] - [Consumer clientId=consumer-pattern-consumer-2, groupId=pattern-consumer] Group coordinator localhost:9093 (id: 2147482646 rack: null) is unavailable or invalid due to cause: session timed out without receiving a heartbeat response.isDisconnected: false. Rediscovery will be attempted.
2025-12-06 06:10:12.016 [kafka-coordinator-heartbeat-thread | order-events-consumer] INFO  o.a.k.c.c.i.ConsumerCoordinator [node1:8080] - [Consumer clientId=consumer-order-events-consumer-4, groupId=order-events-consumer] Group coordinator localhost:9093 (id: 2147482646 rack: null) is unavailable or invalid due to cause: session timed out without receiving a heartbeat response.isDisconnected: false. Rediscovery will be attempted.
2025-12-06 06:10:12.016 [kafka-coordinator-heartbeat-thread | user-events-consumer] INFO  o.a.k.c.c.i.ConsumerCoordinator [node1:8080] - [Consumer clientId=consumer-user-events-consumer-3, groupId=user-events-consumer] Group coordinator localhost:9093 (id: 2147482646 rack: null) is unavailable or invalid due to cause: session timed out without receiving a heartbeat response.isDisconnected: false. Rediscovery will be attempted.
2025-12-06 06:10:13.178 [org.springframework.kafka.KafkaListenerEndpointContainer#3-0-C-1] INFO  o.a.k.c.c.i.ConsumerCoordinator [node1:8080] - [Consumer clientId=consumer-pattern-consumer-2, groupId=pattern-consumer] Discovered group coordinator localhost:9093 (id: 2147482646 rack: null)
2025-12-06 06:10:13.179 [org.springframework.kafka.KafkaListenerEndpointContainer#0-0-C-1] INFO  o.a.k.c.c.i.ConsumerCoordinator [node1:8080] - [Consumer clientId=consumer-user-events-consumer-3, groupId=user-events-consumer] Discovered group coordinator localhost:9093 (id: 2147482646 rack: null)
2025-12-06 06:10:13.182 [org.springframework.kafka.KafkaListenerEndpointContainer#2-0-C-1] INFO  o.a.k.c.c.i.ConsumerCoordinator [node1:8080] - [Consumer clientId=consumer-notification-batch-consumer-1, groupId=notification-batch-consumer] Discovered group coordinator localhost:9093 (id: 2147482646 rack: null)
2025-12-06 06:10:13.193 [org.springframework.kafka.KafkaListenerEndpointContainer#0-0-C-1] INFO  o.a.k.c.c.i.ConsumerCoordinator [node1:8080] - [Consumer clientId=consumer-user-events-consumer-3, groupId=user-events-consumer] Discovered group coordinator localhost:9093 (id: 2147482646 rack: null)
2025-12-06 06:10:13.194 [org.springframework.kafka.KafkaListenerEndpointContainer#1-0-C-1] INFO  o.a.k.c.c.i.ConsumerCoordinator [node1:8080] - [Consumer clientId=consumer-order-events-consumer-4, groupId=order-events-consumer] Discovered group coordinator localhost:9093 (id: 2147482646 rack: null)
2025-12-06 06:10:21.662 [HikariPool-1 housekeeper] WARN  com.zaxxer.hikari.pool.HikariPool [node1:8080] - HikariPool-1 - Thread starvation or clock leap detected (housekeeper delta=9m45s429ms).
2025-12-06 06:20:17.007 [org.springframework.kafka.KafkaListenerEndpointContainer#2-0-C-1] INFO  o.a.k.clients.FetchSessionHandler [node1:8080] - [Consumer clientId=consumer-notification-batch-consumer-1, groupId=notification-batch-consumer] Error sending fetch request (sessionId=1066907373, epoch=92) to node 1001:
org.apache.kafka.common.errors.DisconnectException: null
2025-12-06 06:20:17.007 [org.springframework.kafka.KafkaListenerEndpointContainer#3-0-C-1] INFO  o.a.k.clients.FetchSessionHandler [node1:8080] - [Consumer clientId=consumer-pattern-consumer-2, groupId=pattern-consumer] Error sending fetch request (sessionId=1580107053, epoch=93) to node 1001:
org.apache.kafka.common.errors.DisconnectException: null
2025-12-06 06:20:17.007 [org.springframework.kafka.KafkaListenerEndpointContainer#0-0-C-1] INFO  o.a.k.clients.FetchSessionHandler [node1:8080] - [Consumer clientId=consumer-user-events-consumer-3, groupId=user-events-consumer] Error sending fetch request (sessionId=2003686840, epoch=93) to node 1001:
org.apache.kafka.common.errors.DisconnectException: null
2025-12-06 06:20:17.007 [org.springframework.kafka.KafkaListenerEndpointContainer#1-0-C-1] INFO  o.a.k.clients.FetchSessionHandler [node1:8080] - [Consumer clientId=consumer-order-events-consumer-4, groupId=order-events-consumer] Error sending fetch request (sessionId=1820504796, epoch=92) to node 1001:
org.apache.kafka.common.errors.DisconnectException: null
2025-12-06 06:20:17.012 [kafka-coordinator-heartbeat-thread | notification-batch-consumer] INFO  o.a.k.c.c.i.ConsumerCoordinator [node1:8080] - [Consumer clientId=consumer-notification-batch-consumer-1, groupId=notification-batch-consumer] Group coordinator localhost:9093 (id: 2147482646 rack: null) is unavailable or invalid due to cause: session timed out without receiving a heartbeat response.isDisconnected: false. Rediscovery will be attempted.
2025-12-06 06:20:17.012 [kafka-coordinator-heartbeat-thread | user-events-consumer] INFO  o.a.k.c.c.i.ConsumerCoordinator [node1:8080] - [Consumer clientId=consumer-user-events-consumer-3, groupId=user-events-consumer] Group coordinator localhost:9093 (id: 2147482646 rack: null) is unavailable or invalid due to cause: session timed out without receiving a heartbeat response.isDisconnected: false. Rediscovery will be attempted.
2025-12-06 06:20:17.012 [kafka-coordinator-heartbeat-thread | order-events-consumer] INFO  o.a.k.c.c.i.ConsumerCoordinator [node1:8080] - [Consumer clientId=consumer-order-events-consumer-4, groupId=order-events-consumer] Group coordinator localhost:9093 (id: 2147482646 rack: null) is unavailable or invalid due to cause: session timed out without receiving a heartbeat response.isDisconnected: false. Rediscovery will be attempted.
2025-12-06 06:20:17.007 [kafka-coordinator-heartbeat-thread | pattern-consumer] INFO  o.a.k.c.c.i.ConsumerCoordinator [node1:8080] - [Consumer clientId=consumer-pattern-consumer-2, groupId=pattern-consumer] Group coordinator localhost:9093 (id: 2147482646 rack: null) is unavailable or invalid due to cause: session timed out without receiving a heartbeat response.isDisconnected: false. Rediscovery will be attempted.
2025-12-06 06:20:18.149 [org.springframework.kafka.KafkaListenerEndpointContainer#0-0-C-1] INFO  o.a.k.c.c.i.ConsumerCoordinator [node1:8080] - [Consumer clientId=consumer-user-events-consumer-3, groupId=user-events-consumer] Discovered group coordinator localhost:9093 (id: 2147482646 rack: null)
2025-12-06 06:20:18.153 [org.springframework.kafka.KafkaListenerEndpointContainer#1-0-C-1] INFO  o.a.k.c.c.i.ConsumerCoordinator [node1:8080] - [Consumer clientId=consumer-order-events-consumer-4, groupId=order-events-consumer] Discovered group coordinator localhost:9093 (id: 2147482646 rack: null)
2025-12-06 06:20:18.163 [org.springframework.kafka.KafkaListenerEndpointContainer#3-0-C-1] INFO  o.a.k.c.c.i.ConsumerCoordinator [node1:8080] - [Consumer clientId=consumer-pattern-consumer-2, groupId=pattern-consumer] Discovered group coordinator localhost:9093 (id: 2147482646 rack: null)
2025-12-06 06:20:18.181 [org.springframework.kafka.KafkaListenerEndpointContainer#2-0-C-1] INFO  o.a.k.c.c.i.ConsumerCoordinator [node1:8080] - [Consumer clientId=consumer-notification-batch-consumer-1, groupId=notification-batch-consumer] Discovered group coordinator localhost:9093 (id: 2147482646 rack: null)
2025-12-06 06:20:37.161 [HikariPool-1 housekeeper] WARN  com.zaxxer.hikari.pool.HikariPool [node1:8080] - HikariPool-1 - Thread starvation or clock leap detected (housekeeper delta=9m45s488ms).
2025-12-06 06:30:22.008 [HikariPool-1 housekeeper] WARN  com.zaxxer.hikari.pool.HikariPool [node1:8080] - HikariPool-1 - Thread starvation or clock leap detected (housekeeper delta=9m44s847ms).
2025-12-06 06:30:22.008 [org.springframework.kafka.KafkaListenerEndpointContainer#3-0-C-1] INFO  o.a.k.clients.FetchSessionHandler [node1:8080] - [Consumer clientId=consumer-pattern-consumer-2, groupId=pattern-consumer] Error sending fetch request (sessionId=450026665, epoch=93) to node 1001:
org.apache.kafka.common.errors.DisconnectException: null
2025-12-06 06:30:22.008 [org.springframework.kafka.KafkaListenerEndpointContainer#1-0-C-1] INFO  o.a.k.clients.FetchSessionHandler [node1:8080] - [Consumer clientId=consumer-order-events-consumer-4, groupId=order-events-consumer] Error sending fetch request (sessionId=2091585114, epoch=93) to node 1001:
org.apache.kafka.common.errors.DisconnectException: null
2025-12-06 06:30:22.008 [org.springframework.kafka.KafkaListenerEndpointContainer#2-0-C-1] INFO  o.a.k.clients.FetchSessionHandler [node1:8080] - [Consumer clientId=consumer-notification-batch-consumer-1, groupId=notification-batch-consumer] Error sending fetch request (sessionId=1501113944, epoch=93) to node 1001:
org.apache.kafka.common.errors.DisconnectException: null
2025-12-06 06:30:22.008 [org.springframework.kafka.KafkaListenerEndpointContainer#0-0-C-1] INFO  o.a.k.clients.FetchSessionHandler [node1:8080] - [Consumer clientId=consumer-user-events-consumer-3, groupId=user-events-consumer] Error sending fetch request (sessionId=809553908, epoch=93) to node 1001:
org.apache.kafka.common.errors.DisconnectException: null
2025-12-06 06:30:22.013 [kafka-coordinator-heartbeat-thread | notification-batch-consumer] INFO  o.a.k.c.c.i.ConsumerCoordinator [node1:8080] - [Consumer clientId=consumer-notification-batch-consumer-1, groupId=notification-batch-consumer] Group coordinator localhost:9093 (id: 2147482646 rack: null) is unavailable or invalid due to cause: session timed out without receiving a heartbeat response.isDisconnected: false. Rediscovery will be attempted.
2025-12-06 06:30:22.015 [kafka-coordinator-heartbeat-thread | pattern-consumer] INFO  o.a.k.c.c.i.ConsumerCoordinator [node1:8080] - [Consumer clientId=consumer-pattern-consumer-2, groupId=pattern-consumer] Group coordinator localhost:9093 (id: 2147482646 rack: null) is unavailable or invalid due to cause: session timed out without receiving a heartbeat response.isDisconnected: false. Rediscovery will be attempted.
2025-12-06 06:30:22.015 [kafka-coordinator-heartbeat-thread | user-events-consumer] INFO  o.a.k.c.c.i.ConsumerCoordinator [node1:8080] - [Consumer clientId=consumer-user-events-consumer-3, groupId=user-events-consumer] Group coordinator localhost:9093 (id: 2147482646 rack: null) is unavailable or invalid due to cause: session timed out without receiving a heartbeat response.isDisconnected: false. Rediscovery will be attempted.
2025-12-06 06:30:22.015 [kafka-coordinator-heartbeat-thread | order-events-consumer] INFO  o.a.k.c.c.i.ConsumerCoordinator [node1:8080] - [Consumer clientId=consumer-order-events-consumer-4, groupId=order-events-consumer] Group coordinator localhost:9093 (id: 2147482646 rack: null) is unavailable or invalid due to cause: session timed out without receiving a heartbeat response.isDisconnected: false. Rediscovery will be attempted.
2025-12-06 06:30:22.067 [org.springframework.kafka.KafkaListenerEndpointContainer#2-0-C-1] INFO  o.a.k.c.c.i.ConsumerCoordinator [node1:8080] - [Consumer clientId=consumer-notification-batch-consumer-1, groupId=notification-batch-consumer] Discovered group coordinator localhost:9093 (id: 2147482646 rack: null)
2025-12-06 06:30:22.071 [org.springframework.kafka.KafkaListenerEndpointContainer#2-0-C-1] INFO  o.a.k.c.c.i.ConsumerCoordinator [node1:8080] - [Consumer clientId=consumer-notification-batch-consumer-1, groupId=notification-batch-consumer] Discovered group coordinator localhost:9093 (id: 2147482646 rack: null)
2025-12-06 06:30:22.126 [org.springframework.kafka.KafkaListenerEndpointContainer#3-0-C-1] INFO  o.a.k.c.c.i.ConsumerCoordinator [node1:8080] - [Consumer clientId=consumer-pattern-consumer-2, groupId=pattern-consumer] Discovered group coordinator localhost:9093 (id: 2147482646 rack: null)
2025-12-06 06:30:22.126 [org.springframework.kafka.KafkaListenerEndpointContainer#0-0-C-1] INFO  o.a.k.c.c.i.ConsumerCoordinator [node1:8080] - [Consumer clientId=consumer-user-events-consumer-3, groupId=user-events-consumer] Discovered group coordinator localhost:9093 (id: 2147482646 rack: null)
2025-12-06 06:30:22.129 [org.springframework.kafka.KafkaListenerEndpointContainer#1-0-C-1] INFO  o.a.k.c.c.i.ConsumerCoordinator [node1:8080] - [Consumer clientId=consumer-order-events-consumer-4, groupId=order-events-consumer] Discovered group coordinator localhost:9093 (id: 2147482646 rack: null)
2025-12-06 06:40:28.005 [org.springframework.kafka.KafkaListenerEndpointContainer#2-0-C-1] INFO  o.a.k.clients.FetchSessionHandler [node1:8080] - [Consumer clientId=consumer-notification-batch-consumer-1, groupId=notification-batch-consumer] Error sending fetch request (sessionId=1795726591, epoch=92) to node 1001:
org.apache.kafka.common.errors.DisconnectException: null
2025-12-06 06:40:28.006 [org.springframework.kafka.KafkaListenerEndpointContainer#0-0-C-1] INFO  o.a.k.clients.FetchSessionHandler [node1:8080] - [Consumer clientId=consumer-user-events-consumer-3, groupId=user-events-consumer] Error sending fetch request (sessionId=2065031139, epoch=92) to node 1001:
org.apache.kafka.common.errors.DisconnectException: null
2025-12-06 06:40:28.006 [org.springframework.kafka.KafkaListenerEndpointContainer#1-0-C-1] INFO  o.a.k.clients.FetchSessionHandler [node1:8080] - [Consumer clientId=consumer-order-events-consumer-4, groupId=order-events-consumer] Error sending fetch request (sessionId=1197894092, epoch=93) to node 1001:
org.apache.kafka.common.errors.DisconnectException: null
2025-12-06 06:40:28.010 [kafka-coordinator-heartbeat-thread | notification-batch-consumer] INFO  o.a.k.c.c.i.ConsumerCoordinator [node1:8080] - [Consumer clientId=consumer-notification-batch-consumer-1, groupId=notification-batch-consumer] Group coordinator localhost:9093 (id: 2147482646 rack: null) is unavailable or invalid due to cause: session timed out without receiving a heartbeat response.isDisconnected: false. Rediscovery will be attempted.
2025-12-06 06:40:28.010 [kafka-coordinator-heartbeat-thread | user-events-consumer] INFO  o.a.k.c.c.i.ConsumerCoordinator [node1:8080] - [Consumer clientId=consumer-user-events-consumer-3, groupId=user-events-consumer] Group coordinator localhost:9093 (id: 2147482646 rack: null) is unavailable or invalid due to cause: session timed out without receiving a heartbeat response.isDisconnected: false. Rediscovery will be attempted.
2025-12-06 06:40:28.010 [org.springframework.kafka.KafkaListenerEndpointContainer#3-0-C-1] INFO  o.a.k.clients.FetchSessionHandler [node1:8080] - [Consumer clientId=consumer-pattern-consumer-2, groupId=pattern-consumer] Error sending fetch request (sessionId=1351089670, epoch=92) to node 1001:
org.apache.kafka.common.errors.DisconnectException: null
2025-12-06 06:40:28.013 [kafka-coordinator-heartbeat-thread | pattern-consumer] INFO  o.a.k.c.c.i.ConsumerCoordinator [node1:8080] - [Consumer clientId=consumer-pattern-consumer-2, groupId=pattern-consumer] Group coordinator localhost:9093 (id: 2147482646 rack: null) is unavailable or invalid due to cause: session timed out without receiving a heartbeat response.isDisconnected: false. Rediscovery will be attempted.
2025-12-06 06:40:28.010 [kafka-coordinator-heartbeat-thread | order-events-consumer] INFO  o.a.k.c.c.i.ConsumerCoordinator [node1:8080] - [Consumer clientId=consumer-order-events-consumer-4, groupId=order-events-consumer] Group coordinator localhost:9093 (id: 2147482646 rack: null) is unavailable or invalid due to cause: session timed out without receiving a heartbeat response.isDisconnected: false. Rediscovery will be attempted.
2025-12-06 06:40:29.125 [org.springframework.kafka.KafkaListenerEndpointContainer#2-0-C-1] INFO  o.a.k.c.c.i.ConsumerCoordinator [node1:8080] - [Consumer clientId=consumer-notification-batch-consumer-1, groupId=notification-batch-consumer] Discovered group coordinator localhost:9093 (id: 2147482646 rack: null)
2025-12-06 06:40:29.128 [org.springframework.kafka.KafkaListenerEndpointContainer#3-0-C-1] INFO  o.a.k.c.c.i.ConsumerCoordinator [node1:8080] - [Consumer clientId=consumer-pattern-consumer-2, groupId=pattern-consumer] Discovered group coordinator localhost:9093 (id: 2147482646 rack: null)
2025-12-06 06:40:29.132 [org.springframework.kafka.KafkaListenerEndpointContainer#1-0-C-1] INFO  o.a.k.c.c.i.ConsumerCoordinator [node1:8080] - [Consumer clientId=consumer-order-events-consumer-4, groupId=order-events-consumer] Discovered group coordinator localhost:9093 (id: 2147482646 rack: null)
2025-12-06 06:40:29.138 [org.springframework.kafka.KafkaListenerEndpointContainer#0-0-C-1] INFO  o.a.k.c.c.i.ConsumerCoordinator [node1:8080] - [Consumer clientId=consumer-user-events-consumer-3, groupId=user-events-consumer] Discovered group coordinator localhost:9093 (id: 2147482646 rack: null)
2025-12-06 06:40:38.329 [HikariPool-1 housekeeper] WARN  com.zaxxer.hikari.pool.HikariPool [node1:8080] - HikariPool-1 - Thread starvation or clock leap detected (housekeeper delta=9m45s129ms).
2025-12-06 06:50:33.005 [org.springframework.kafka.KafkaListenerEndpointContainer#3-0-C-1] INFO  o.a.k.clients.FetchSessionHandler [node1:8080] - [Consumer clientId=consumer-pattern-consumer-2, groupId=pattern-consumer] Error sending fetch request (sessionId=1913125576, epoch=91) to node 1001:
org.apache.kafka.common.errors.DisconnectException: null
2025-12-06 06:50:33.006 [org.springframework.kafka.KafkaListenerEndpointContainer#0-0-C-1] INFO  o.a.k.clients.FetchSessionHandler [node1:8080] - [Consumer clientId=consumer-user-events-consumer-3, groupId=user-events-consumer] Error sending fetch request (sessionId=1012568807, epoch=91) to node 1001:
org.apache.kafka.common.errors.DisconnectException: null
2025-12-06 06:50:33.007 [org.springframework.kafka.KafkaListenerEndpointContainer#1-0-C-1] INFO  o.a.k.clients.FetchSessionHandler [node1:8080] - [Consumer clientId=consumer-order-events-consumer-4, groupId=order-events-consumer] Error sending fetch request (sessionId=330289417, epoch=91) to node 1001:
org.apache.kafka.common.errors.DisconnectException: null
2025-12-06 06:50:33.005 [org.springframework.kafka.KafkaListenerEndpointContainer#2-0-C-1] INFO  o.a.k.clients.FetchSessionHandler [node1:8080] - [Consumer clientId=consumer-notification-batch-consumer-1, groupId=notification-batch-consumer] Error sending fetch request (sessionId=2051261036, epoch=92) to node 1001:
org.apache.kafka.common.errors.DisconnectException: null
2025-12-06 06:50:33.011 [kafka-coordinator-heartbeat-thread | user-events-consumer] INFO  o.a.k.c.c.i.ConsumerCoordinator [node1:8080] - [Consumer clientId=consumer-user-events-consumer-3, groupId=user-events-consumer] Group coordinator localhost:9093 (id: 2147482646 rack: null) is unavailable or invalid due to cause: session timed out without receiving a heartbeat response.isDisconnected: false. Rediscovery will be attempted.
2025-12-06 06:50:33.012 [kafka-coordinator-heartbeat-thread | order-events-consumer] INFO  o.a.k.c.c.i.ConsumerCoordinator [node1:8080] - [Consumer clientId=consumer-order-events-consumer-4, groupId=order-events-consumer] Group coordinator localhost:9093 (id: 2147482646 rack: null) is unavailable or invalid due to cause: session timed out without receiving a heartbeat response.isDisconnected: false. Rediscovery will be attempted.
2025-12-06 06:50:33.011 [kafka-coordinator-heartbeat-thread | pattern-consumer] INFO  o.a.k.c.c.i.ConsumerCoordinator [node1:8080] - [Consumer clientId=consumer-pattern-consumer-2, groupId=pattern-consumer] Group coordinator localhost:9093 (id: 2147482646 rack: null) is unavailable or invalid due to cause: session timed out without receiving a heartbeat response.isDisconnected: false. Rediscovery will be attempted.
2025-12-06 06:50:33.012 [kafka-coordinator-heartbeat-thread | notification-batch-consumer] INFO  o.a.k.c.c.i.ConsumerCoordinator [node1:8080] - [Consumer clientId=consumer-notification-batch-consumer-1, groupId=notification-batch-consumer] Group coordinator localhost:9093 (id: 2147482646 rack: null) is unavailable or invalid due to cause: session timed out without receiving a heartbeat response.isDisconnected: false. Rediscovery will be attempted.
2025-12-06 06:50:34.129 [org.springframework.kafka.KafkaListenerEndpointContainer#3-0-C-1] INFO  o.a.k.c.c.i.ConsumerCoordinator [node1:8080] - [Consumer clientId=consumer-pattern-consumer-2, groupId=pattern-consumer] Discovered group coordinator localhost:9093 (id: 2147482646 rack: null)
2025-12-06 06:50:34.129 [org.springframework.kafka.KafkaListenerEndpointContainer#1-0-C-1] INFO  o.a.k.c.c.i.ConsumerCoordinator [node1:8080] - [Consumer clientId=consumer-order-events-consumer-4, groupId=order-events-consumer] Discovered group coordinator localhost:9093 (id: 2147482646 rack: null)
2025-12-06 06:50:34.208 [org.springframework.kafka.KafkaListenerEndpointContainer#2-0-C-1] INFO  o.a.k.c.c.i.ConsumerCoordinator [node1:8080] - [Consumer clientId=consumer-notification-batch-consumer-1, groupId=notification-batch-consumer] Discovered group coordinator localhost:9093 (id: 2147482646 rack: null)
2025-12-06 06:50:34.215 [org.springframework.kafka.KafkaListenerEndpointContainer#0-0-C-1] INFO  o.a.k.c.c.i.ConsumerCoordinator [node1:8080] - [Consumer clientId=consumer-user-events-consumer-3, groupId=user-events-consumer] Discovered group coordinator localhost:9093 (id: 2147482646 rack: null)
2025-12-06 06:50:34.216 [org.springframework.kafka.KafkaListenerEndpointContainer#3-0-C-1] INFO  o.a.k.c.c.i.ConsumerCoordinator [node1:8080] - [Consumer clientId=consumer-pattern-consumer-2, groupId=pattern-consumer] Discovered group coordinator localhost:9093 (id: 2147482646 rack: null)
2025-12-06 06:50:53.580 [HikariPool-1 housekeeper] WARN  com.zaxxer.hikari.pool.HikariPool [node1:8080] - HikariPool-1 - Thread starvation or clock leap detected (housekeeper delta=9m45s242ms).
2025-12-06 07:00:40.003 [HikariPool-1 housekeeper] WARN  com.zaxxer.hikari.pool.HikariPool [node1:8080] - HikariPool-1 - Thread starvation or clock leap detected (housekeeper delta=9m46s423ms).
2025-12-06 07:00:40.003 [org.springframework.kafka.KafkaListenerEndpointContainer#0-0-C-1] INFO  o.a.k.clients.FetchSessionHandler [node1:8080] - [Consumer clientId=consumer-user-events-consumer-3, groupId=user-events-consumer] Error sending fetch request (sessionId=33059071, epoch=95) to node 1001:
org.apache.kafka.common.errors.DisconnectException: null
2025-12-06 07:00:40.003 [org.springframework.kafka.KafkaListenerEndpointContainer#1-0-C-1] INFO  o.a.k.clients.FetchSessionHandler [node1:8080] - [Consumer clientId=consumer-order-events-consumer-4, groupId=order-events-consumer] Error sending fetch request (sessionId=465174256, epoch=95) to node 1001:
org.apache.kafka.common.errors.DisconnectException: null
2025-12-06 07:00:40.007 [kafka-coordinator-heartbeat-thread | user-events-consumer] INFO  o.a.k.c.c.i.ConsumerCoordinator [node1:8080] - [Consumer clientId=consumer-user-events-consumer-3, groupId=user-events-consumer] Group coordinator localhost:9093 (id: 2147482646 rack: null) is unavailable or invalid due to cause: session timed out without receiving a heartbeat response.isDisconnected: false. Rediscovery will be attempted.
2025-12-06 07:00:40.003 [org.springframework.kafka.KafkaListenerEndpointContainer#2-0-C-1] INFO  o.a.k.clients.FetchSessionHandler [node1:8080] - [Consumer clientId=consumer-notification-batch-consumer-1, groupId=notification-batch-consumer] Error sending fetch request (sessionId=1834802723, epoch=95) to node 1001:
org.apache.kafka.common.errors.DisconnectException: null
2025-12-06 07:00:40.007 [kafka-coordinator-heartbeat-thread | pattern-consumer] INFO  o.a.k.c.c.i.ConsumerCoordinator [node1:8080] - [Consumer clientId=consumer-pattern-consumer-2, groupId=pattern-consumer] Group coordinator localhost:9093 (id: 2147482646 rack: null) is unavailable or invalid due to cause: session timed out without receiving a heartbeat response.isDisconnected: false. Rediscovery will be attempted.
2025-12-06 07:00:40.007 [kafka-coordinator-heartbeat-thread | order-events-consumer] INFO  o.a.k.c.c.i.ConsumerCoordinator [node1:8080] - [Consumer clientId=consumer-order-events-consumer-4, groupId=order-events-consumer] Group coordinator localhost:9093 (id: 2147482646 rack: null) is unavailable or invalid due to cause: session timed out without receiving a heartbeat response.isDisconnected: false. Rediscovery will be attempted.
2025-12-06 07:00:40.003 [org.springframework.kafka.KafkaListenerEndpointContainer#3-0-C-1] INFO  o.a.k.clients.FetchSessionHandler [node1:8080] - [Consumer clientId=consumer-pattern-consumer-2, groupId=pattern-consumer] Error sending fetch request (sessionId=1815334103, epoch=95) to node 1001:
org.apache.kafka.common.errors.DisconnectException: null
2025-12-06 07:00:40.012 [kafka-coordinator-heartbeat-thread | notification-batch-consumer] INFO  o.a.k.c.c.i.ConsumerCoordinator [node1:8080] - [Consumer clientId=consumer-notification-batch-consumer-1, groupId=notification-batch-consumer] Group coordinator localhost:9093 (id: 2147482646 rack: null) is unavailable or invalid due to cause: session timed out without receiving a heartbeat response.isDisconnected: false. Rediscovery will be attempted.
2025-12-06 07:00:40.117 [org.springframework.kafka.KafkaListenerEndpointContainer#0-0-C-1] INFO  o.a.k.c.c.i.ConsumerCoordinator [node1:8080] - [Consumer clientId=consumer-user-events-consumer-3, groupId=user-events-consumer] Discovered group coordinator localhost:9093 (id: 2147482646 rack: null)
2025-12-06 07:00:40.131 [org.springframework.kafka.KafkaListenerEndpointContainer#3-0-C-1] INFO  o.a.k.c.c.i.ConsumerCoordinator [node1:8080] - [Consumer clientId=consumer-pattern-consumer-2, groupId=pattern-consumer] Discovered group coordinator localhost:9093 (id: 2147482646 rack: null)
2025-12-06 07:00:40.132 [org.springframework.kafka.KafkaListenerEndpointContainer#2-0-C-1] INFO  o.a.k.c.c.i.ConsumerCoordinator [node1:8080] - [Consumer clientId=consumer-notification-batch-consumer-1, groupId=notification-batch-consumer] Discovered group coordinator localhost:9093 (id: 2147482646 rack: null)
2025-12-06 07:00:40.140 [org.springframework.kafka.KafkaListenerEndpointContainer#1-0-C-1] INFO  o.a.k.c.c.i.ConsumerCoordinator [node1:8080] - [Consumer clientId=consumer-order-events-consumer-4, groupId=order-events-consumer] Discovered group coordinator localhost:9093 (id: 2147482646 rack: null)
2025-12-06 07:01:09.785 [HikariPool-1 housekeeper] WARN  com.zaxxer.hikari.pool.HikariPool [node1:8080] - HikariPool-1 - Retrograde clock change detected (housekeeper delta=29s782ms), soft-evicting connections from pool.
2025-12-06 07:10:45.032 [kafka-coordinator-heartbeat-thread | pattern-consumer] INFO  o.a.k.c.c.i.ConsumerCoordinator [node1:8080] - [Consumer clientId=consumer-pattern-consumer-2, groupId=pattern-consumer] Group coordinator localhost:9093 (id: 2147482646 rack: null) is unavailable or invalid due to cause: session timed out without receiving a heartbeat response.isDisconnected: false. Rediscovery will be attempted.
2025-12-06 07:10:45.032 [kafka-coordinator-heartbeat-thread | order-events-consumer] INFO  o.a.k.c.c.i.ConsumerCoordinator [node1:8080] - [Consumer clientId=consumer-order-events-consumer-4, groupId=order-events-consumer] Group coordinator localhost:9093 (id: 2147482646 rack: null) is unavailable or invalid due to cause: session timed out without receiving a heartbeat response.isDisconnected: false. Rediscovery will be attempted.
2025-12-06 07:10:45.032 [kafka-coordinator-heartbeat-thread | notification-batch-consumer] INFO  o.a.k.c.c.i.ConsumerCoordinator [node1:8080] - [Consumer clientId=consumer-notification-batch-consumer-1, groupId=notification-batch-consumer] Group coordinator localhost:9093 (id: 2147482646 rack: null) is unavailable or invalid due to cause: session timed out without receiving a heartbeat response.isDisconnected: false. Rediscovery will be attempted.
2025-12-06 07:10:45.044 [kafka-coordinator-heartbeat-thread | user-events-consumer] INFO  o.a.k.c.c.i.ConsumerCoordinator [node1:8080] - [Consumer clientId=consumer-user-events-consumer-3, groupId=user-events-consumer] Group coordinator localhost:9093 (id: 2147482646 rack: null) is unavailable or invalid due to cause: session timed out without receiving a heartbeat response.isDisconnected: false. Rediscovery will be attempted.
2025-12-06 07:10:46.110 [org.springframework.kafka.KafkaListenerEndpointContainer#3-0-C-1] INFO  o.a.k.c.c.i.ConsumerCoordinator [node1:8080] - [Consumer clientId=consumer-pattern-consumer-2, groupId=pattern-consumer] Discovered group coordinator localhost:9093 (id: 2147482646 rack: null)
2025-12-06 07:10:46.123 [org.springframework.kafka.KafkaListenerEndpointContainer#0-0-C-1] INFO  o.a.k.c.c.i.ConsumerCoordinator [node1:8080] - [Consumer clientId=consumer-user-events-consumer-3, groupId=user-events-consumer] Discovered group coordinator localhost:9093 (id: 2147482646 rack: null)
2025-12-06 07:10:46.124 [org.springframework.kafka.KafkaListenerEndpointContainer#2-0-C-1] INFO  o.a.k.c.c.i.ConsumerCoordinator [node1:8080] - [Consumer clientId=consumer-notification-batch-consumer-1, groupId=notification-batch-consumer] Discovered group coordinator localhost:9093 (id: 2147482646 rack: null)
2025-12-06 07:10:46.130 [org.springframework.kafka.KafkaListenerEndpointContainer#0-0-C-1] INFO  o.a.k.c.c.i.ConsumerCoordinator [node1:8080] - [Consumer clientId=consumer-user-events-consumer-3, groupId=user-events-consumer] Discovered group coordinator localhost:9093 (id: 2147482646 rack: null)
2025-12-06 07:10:46.145 [org.springframework.kafka.KafkaListenerEndpointContainer#3-0-C-1] INFO  o.a.k.c.c.i.ConsumerCoordinator [node1:8080] - [Consumer clientId=consumer-pattern-consumer-2, groupId=pattern-consumer] Discovered group coordinator localhost:9093 (id: 2147482646 rack: null)
2025-12-06 07:10:46.146 [org.springframework.kafka.KafkaListenerEndpointContainer#1-0-C-1] INFO  o.a.k.c.c.i.ConsumerCoordinator [node1:8080] - [Consumer clientId=consumer-order-events-consumer-4, groupId=order-events-consumer] Discovered group coordinator localhost:9093 (id: 2147482646 rack: null)
2025-12-06 07:10:46.151 [org.springframework.kafka.KafkaListenerEndpointContainer#1-0-C-1] INFO  o.a.k.c.c.i.ConsumerCoordinator [node1:8080] - [Consumer clientId=consumer-order-events-consumer-4, groupId=order-events-consumer] Discovered group coordinator localhost:9093 (id: 2147482646 rack: null)
2025-12-06 07:10:55.239 [HikariPool-1 housekeeper] WARN  com.zaxxer.hikari.pool.HikariPool [node1:8080] - HikariPool-1 - Thread starvation or clock leap detected (housekeeper delta=9m45s454ms).
2025-12-06 07:20:50.007 [org.springframework.kafka.KafkaListenerEndpointContainer#3-0-C-1] INFO  o.a.k.clients.FetchSessionHandler [node1:8080] - [Consumer clientId=consumer-pattern-consumer-2, groupId=pattern-consumer] Error sending fetch request (sessionId=1311359779, epoch=187) to node 1001:
org.apache.kafka.common.errors.DisconnectException: null
2025-12-06 07:20:50.007 [org.springframework.kafka.KafkaListenerEndpointContainer#1-0-C-1] INFO  o.a.k.clients.FetchSessionHandler [node1:8080] - [Consumer clientId=consumer-order-events-consumer-4, groupId=order-events-consumer] Error sending fetch request (sessionId=71283310, epoch=187) to node 1001:
org.apache.kafka.common.errors.DisconnectException: null
2025-12-06 07:20:50.007 [org.springframework.kafka.KafkaListenerEndpointContainer#2-0-C-1] INFO  o.a.k.clients.FetchSessionHandler [node1:8080] - [Consumer clientId=consumer-notification-batch-consumer-1, groupId=notification-batch-consumer] Error sending fetch request (sessionId=518923773, epoch=188) to node 1001:
org.apache.kafka.common.errors.DisconnectException: null
2025-12-06 07:20:50.007 [org.springframework.kafka.KafkaListenerEndpointContainer#0-0-C-1] INFO  o.a.k.clients.FetchSessionHandler [node1:8080] - [Consumer clientId=consumer-user-events-consumer-3, groupId=user-events-consumer] Error sending fetch request (sessionId=1648168279, epoch=189) to node 1001:
org.apache.kafka.common.errors.DisconnectException: null
2025-12-06 07:20:50.010 [kafka-coordinator-heartbeat-thread | order-events-consumer] INFO  o.a.k.c.c.i.ConsumerCoordinator [node1:8080] - [Consumer clientId=consumer-order-events-consumer-4, groupId=order-events-consumer] Group coordinator localhost:9093 (id: 2147482646 rack: null) is unavailable or invalid due to cause: session timed out without receiving a heartbeat response.isDisconnected: false. Rediscovery will be attempted.
2025-12-06 07:20:50.012 [kafka-coordinator-heartbeat-thread | notification-batch-consumer] INFO  o.a.k.c.c.i.ConsumerCoordinator [node1:8080] - [Consumer clientId=consumer-notification-batch-consumer-1, groupId=notification-batch-consumer] Group coordinator localhost:9093 (id: 2147482646 rack: null) is unavailable or invalid due to cause: session timed out without receiving a heartbeat response.isDisconnected: false. Rediscovery will be attempted.
2025-12-06 07:20:50.010 [kafka-coordinator-heartbeat-thread | pattern-consumer] INFO  o.a.k.c.c.i.ConsumerCoordinator [node1:8080] - [Consumer clientId=consumer-pattern-consumer-2, groupId=pattern-consumer] Group coordinator localhost:9093 (id: 2147482646 rack: null) is unavailable or invalid due to cause: session timed out without receiving a heartbeat response.isDisconnected: false. Rediscovery will be attempted.
2025-12-06 07:20:50.012 [kafka-coordinator-heartbeat-thread | user-events-consumer] INFO  o.a.k.c.c.i.ConsumerCoordinator [node1:8080] - [Consumer clientId=consumer-user-events-consumer-3, groupId=user-events-consumer] Group coordinator localhost:9093 (id: 2147482646 rack: null) is unavailable or invalid due to cause: session timed out without receiving a heartbeat response.isDisconnected: false. Rediscovery will be attempted.
2025-12-06 07:20:51.158 [org.springframework.kafka.KafkaListenerEndpointContainer#3-0-C-1] INFO  o.a.k.c.c.i.ConsumerCoordinator [node1:8080] - [Consumer clientId=consumer-pattern-consumer-2, groupId=pattern-consumer] Discovered group coordinator localhost:9093 (id: 2147482646 rack: null)
2025-12-06 07:20:51.159 [org.springframework.kafka.KafkaListenerEndpointContainer#1-0-C-1] INFO  o.a.k.c.c.i.ConsumerCoordinator [node1:8080] - [Consumer clientId=consumer-order-events-consumer-4, groupId=order-events-consumer] Discovered group coordinator localhost:9093 (id: 2147482646 rack: null)
2025-12-06 07:20:51.162 [org.springframework.kafka.KafkaListenerEndpointContainer#2-0-C-1] INFO  o.a.k.c.c.i.ConsumerCoordinator [node1:8080] - [Consumer clientId=consumer-notification-batch-consumer-1, groupId=notification-batch-consumer] Discovered group coordinator localhost:9093 (id: 2147482646 rack: null)
2025-12-06 07:20:51.162 [org.springframework.kafka.KafkaListenerEndpointContainer#0-0-C-1] INFO  o.a.k.c.c.i.ConsumerCoordinator [node1:8080] - [Consumer clientId=consumer-user-events-consumer-3, groupId=user-events-consumer] Discovered group coordinator localhost:9093 (id: 2147482646 rack: null)
2025-12-06 07:21:10.733 [HikariPool-1 housekeeper] WARN  com.zaxxer.hikari.pool.HikariPool [node1:8080] - HikariPool-1 - Thread starvation or clock leap detected (housekeeper delta=9m45s492ms).
2025-12-06 07:30:57.006 [HikariPool-1 housekeeper] WARN  com.zaxxer.hikari.pool.HikariPool [node1:8080] - HikariPool-1 - Thread starvation or clock leap detected (housekeeper delta=9m46s273ms).
2025-12-06 07:30:57.006 [org.springframework.kafka.KafkaListenerEndpointContainer#2-0-C-1] INFO  o.a.k.clients.FetchSessionHandler [node1:8080] - [Consumer clientId=consumer-notification-batch-consumer-1, groupId=notification-batch-consumer] Error sending fetch request (sessionId=113299733, epoch=93) to node 1001:
org.apache.kafka.common.errors.DisconnectException: null
2025-12-06 07:30:57.006 [org.springframework.kafka.KafkaListenerEndpointContainer#0-0-C-1] INFO  o.a.k.clients.FetchSessionHandler [node1:8080] - [Consumer clientId=consumer-user-events-consumer-3, groupId=user-events-consumer] Error sending fetch request (sessionId=675476653, epoch=93) to node 1001:
org.apache.kafka.common.errors.DisconnectException: null
2025-12-06 07:30:57.006 [org.springframework.kafka.KafkaListenerEndpointContainer#1-0-C-1] INFO  o.a.k.clients.FetchSessionHandler [node1:8080] - [Consumer clientId=consumer-order-events-consumer-4, groupId=order-events-consumer] Error sending fetch request (sessionId=602252033, epoch=93) to node 1001:
org.apache.kafka.common.errors.DisconnectException: null
2025-12-06 07:30:57.006 [org.springframework.kafka.KafkaListenerEndpointContainer#3-0-C-1] INFO  o.a.k.clients.FetchSessionHandler [node1:8080] - [Consumer clientId=consumer-pattern-consumer-2, groupId=pattern-consumer] Error sending fetch request (sessionId=1821808341, epoch=93) to node 1001:
org.apache.kafka.common.errors.DisconnectException: null
2025-12-06 07:30:57.012 [kafka-coordinator-heartbeat-thread | notification-batch-consumer] INFO  o.a.k.c.c.i.ConsumerCoordinator [node1:8080] - [Consumer clientId=consumer-notification-batch-consumer-1, groupId=notification-batch-consumer] Group coordinator localhost:9093 (id: 2147482646 rack: null) is unavailable or invalid due to cause: session timed out without receiving a heartbeat response.isDisconnected: false. Rediscovery will be attempted.
2025-12-06 07:30:57.012 [kafka-coordinator-heartbeat-thread | order-events-consumer] INFO  o.a.k.c.c.i.ConsumerCoordinator [node1:8080] - [Consumer clientId=consumer-order-events-consumer-4, groupId=order-events-consumer] Group coordinator localhost:9093 (id: 2147482646 rack: null) is unavailable or invalid due to cause: session timed out without receiving a heartbeat response.isDisconnected: false. Rediscovery will be attempted.
2025-12-06 07:30:57.014 [kafka-coordinator-heartbeat-thread | pattern-consumer] INFO  o.a.k.c.c.i.ConsumerCoordinator [node1:8080] - [Consumer clientId=consumer-pattern-consumer-2, groupId=pattern-consumer] Group coordinator localhost:9093 (id: 2147482646 rack: null) is unavailable or invalid due to cause: session timed out without receiving a heartbeat response.isDisconnected: false. Rediscovery will be attempted.
2025-12-06 07:30:57.012 [kafka-coordinator-heartbeat-thread | user-events-consumer] INFO  o.a.k.c.c.i.ConsumerCoordinator [node1:8080] - [Consumer clientId=consumer-user-events-consumer-3, groupId=user-events-consumer] Group coordinator localhost:9093 (id: 2147482646 rack: null) is unavailable or invalid due to cause: session timed out without receiving a heartbeat response.isDisconnected: false. Rediscovery will be attempted.
2025-12-06 07:30:58.132 [org.springframework.kafka.KafkaListenerEndpointContainer#0-0-C-1] INFO  o.a.k.c.c.i.ConsumerCoordinator [node1:8080] - [Consumer clientId=consumer-user-events-consumer-3, groupId=user-events-consumer] Discovered group coordinator localhost:9093 (id: 2147482646 rack: null)
2025-12-06 07:30:58.133 [org.springframework.kafka.KafkaListenerEndpointContainer#2-0-C-1] INFO  o.a.k.c.c.i.ConsumerCoordinator [node1:8080] - [Consumer clientId=consumer-notification-batch-consumer-1, groupId=notification-batch-consumer] Discovered group coordinator localhost:9093 (id: 2147482646 rack: null)
2025-12-06 07:30:58.138 [org.springframework.kafka.KafkaListenerEndpointContainer#3-0-C-1] INFO  o.a.k.c.c.i.ConsumerCoordinator [node1:8080] - [Consumer clientId=consumer-pattern-consumer-2, groupId=pattern-consumer] Discovered group coordinator localhost:9093 (id: 2147482646 rack: null)
2025-12-06 07:30:58.144 [org.springframework.kafka.KafkaListenerEndpointContainer#1-0-C-1] INFO  o.a.k.c.c.i.ConsumerCoordinator [node1:8080] - [Consumer clientId=consumer-order-events-consumer-4, groupId=order-events-consumer] Discovered group coordinator localhost:9093 (id: 2147482646 rack: null)
2025-12-06 07:31:26.608 [HikariPool-1 housekeeper] WARN  com.zaxxer.hikari.pool.HikariPool [node1:8080] - HikariPool-1 - Retrograde clock change detected (housekeeper delta=29s602ms), soft-evicting connections from pool.
2025-12-06 07:41:01.005 [org.springframework.kafka.KafkaListenerEndpointContainer#1-0-C-1] INFO  o.a.k.clients.FetchSessionHandler [node1:8080] - [Consumer clientId=consumer-order-events-consumer-4, groupId=order-events-consumer] Error sending fetch request (sessionId=438983665, epoch=93) to node 1001:
org.apache.kafka.common.errors.DisconnectException: null
2025-12-06 07:41:01.005 [org.springframework.kafka.KafkaListenerEndpointContainer#3-0-C-1] INFO  o.a.k.clients.FetchSessionHandler [node1:8080] - [Consumer clientId=consumer-pattern-consumer-2, groupId=pattern-consumer] Error sending fetch request (sessionId=655574963, epoch=93) to node 1001:
org.apache.kafka.common.errors.DisconnectException: null
2025-12-06 07:41:01.005 [org.springframework.kafka.KafkaListenerEndpointContainer#0-0-C-1] INFO  o.a.k.clients.FetchSessionHandler [node1:8080] - [Consumer clientId=consumer-user-events-consumer-3, groupId=user-events-consumer] Error sending fetch request (sessionId=449105194, epoch=93) to node 1001:
org.apache.kafka.common.errors.DisconnectException: null
2025-12-06 07:41:01.005 [org.springframework.kafka.KafkaListenerEndpointContainer#2-0-C-1] INFO  o.a.k.clients.FetchSessionHandler [node1:8080] - [Consumer clientId=consumer-notification-batch-consumer-1, groupId=notification-batch-consumer] Error sending fetch request (sessionId=800678181, epoch=93) to node 1001:
org.apache.kafka.common.errors.DisconnectException: null
2025-12-06 07:41:01.011 [kafka-coordinator-heartbeat-thread | pattern-consumer] INFO  o.a.k.c.c.i.ConsumerCoordinator [node1:8080] - [Consumer clientId=consumer-pattern-consumer-2, groupId=pattern-consumer] Group coordinator localhost:9093 (id: 2147482646 rack: null) is unavailable or invalid due to cause: session timed out without receiving a heartbeat response.isDisconnected: false. Rediscovery will be attempted.
2025-12-06 07:41:01.011 [kafka-coordinator-heartbeat-thread | notification-batch-consumer] INFO  o.a.k.c.c.i.ConsumerCoordinator [node1:8080] - [Consumer clientId=consumer-notification-batch-consumer-1, groupId=notification-batch-consumer] Group coordinator localhost:9093 (id: 2147482646 rack: null) is unavailable or invalid due to cause: session timed out without receiving a heartbeat response.isDisconnected: false. Rediscovery will be attempted.
2025-12-06 07:41:01.011 [kafka-coordinator-heartbeat-thread | user-events-consumer] INFO  o.a.k.c.c.i.ConsumerCoordinator [node1:8080] - [Consumer clientId=consumer-user-events-consumer-3, groupId=user-events-consumer] Group coordinator localhost:9093 (id: 2147482646 rack: null) is unavailable or invalid due to cause: session timed out without receiving a heartbeat response.isDisconnected: false. Rediscovery will be attempted.
2025-12-06 07:41:01.009 [kafka-coordinator-heartbeat-thread | order-events-consumer] INFO  o.a.k.c.c.i.ConsumerCoordinator [node1:8080] - [Consumer clientId=consumer-order-events-consumer-4, groupId=order-events-consumer] Group coordinator localhost:9093 (id: 2147482646 rack: null) is unavailable or invalid due to cause: session timed out without receiving a heartbeat response.isDisconnected: false. Rediscovery will be attempted.
2025-12-06 07:41:02.112 [org.springframework.kafka.KafkaListenerEndpointContainer#2-0-C-1] INFO  o.a.k.c.c.i.ConsumerCoordinator [node1:8080] - [Consumer clientId=consumer-notification-batch-consumer-1, groupId=notification-batch-consumer] Discovered group coordinator localhost:9093 (id: 2147482646 rack: null)
2025-12-06 07:41:02.116 [org.springframework.kafka.KafkaListenerEndpointContainer#1-0-C-1] INFO  o.a.k.c.c.i.ConsumerCoordinator [node1:8080] - [Consumer clientId=consumer-order-events-consumer-4, groupId=order-events-consumer] Discovered group coordinator localhost:9093 (id: 2147482646 rack: null)
2025-12-06 07:41:02.117 [org.springframework.kafka.KafkaListenerEndpointContainer#0-0-C-1] INFO  o.a.k.c.c.i.ConsumerCoordinator [node1:8080] - [Consumer clientId=consumer-user-events-consumer-3, groupId=user-events-consumer] Discovered group coordinator localhost:9093 (id: 2147482646 rack: null)
2025-12-06 07:41:02.134 [org.springframework.kafka.KafkaListenerEndpointContainer#3-0-C-1] INFO  o.a.k.c.c.i.ConsumerCoordinator [node1:8080] - [Consumer clientId=consumer-pattern-consumer-2, groupId=pattern-consumer] Discovered group coordinator localhost:9093 (id: 2147482646 rack: null)
2025-12-06 07:41:12.131 [HikariPool-1 housekeeper] WARN  com.zaxxer.hikari.pool.HikariPool [node1:8080] - HikariPool-1 - Thread starvation or clock leap detected (housekeeper delta=9m45s523ms).
2025-12-06 07:51:07.004 [org.springframework.kafka.KafkaListenerEndpointContainer#3-0-C-1] INFO  o.a.k.clients.FetchSessionHandler [node1:8080] - [Consumer clientId=consumer-pattern-consumer-2, groupId=pattern-consumer] Error sending fetch request (sessionId=1388004125, epoch=93) to node 1001:
org.apache.kafka.common.errors.DisconnectException: null
2025-12-06 07:51:07.004 [org.springframework.kafka.KafkaListenerEndpointContainer#0-0-C-1] INFO  o.a.k.clients.FetchSessionHandler [node1:8080] - [Consumer clientId=consumer-user-events-consumer-3, groupId=user-events-consumer] Error sending fetch request (sessionId=391611468, epoch=93) to node 1001:
org.apache.kafka.common.errors.DisconnectException: null
2025-12-06 07:51:07.004 [org.springframework.kafka.KafkaListenerEndpointContainer#1-0-C-1] INFO  o.a.k.clients.FetchSessionHandler [node1:8080] - [Consumer clientId=consumer-order-events-consumer-4, groupId=order-events-consumer] Error sending fetch request (sessionId=1920112902, epoch=93) to node 1001:
org.apache.kafka.common.errors.DisconnectException: null
2025-12-06 07:51:07.008 [kafka-coordinator-heartbeat-thread | pattern-consumer] INFO  o.a.k.c.c.i.ConsumerCoordinator [node1:8080] - [Consumer clientId=consumer-pattern-consumer-2, groupId=pattern-consumer] Group coordinator localhost:9093 (id: 2147482646 rack: null) is unavailable or invalid due to cause: session timed out without receiving a heartbeat response.isDisconnected: false. Rediscovery will be attempted.
2025-12-06 07:51:07.008 [kafka-coordinator-heartbeat-thread | order-events-consumer] INFO  o.a.k.c.c.i.ConsumerCoordinator [node1:8080] - [Consumer clientId=consumer-order-events-consumer-4, groupId=order-events-consumer] Group coordinator localhost:9093 (id: 2147482646 rack: null) is unavailable or invalid due to cause: session timed out without receiving a heartbeat response.isDisconnected: false. Rediscovery will be attempted.
2025-12-06 07:51:07.011 [kafka-coordinator-heartbeat-thread | notification-batch-consumer] INFO  o.a.k.c.c.i.ConsumerCoordinator [node1:8080] - [Consumer clientId=consumer-notification-batch-consumer-1, groupId=notification-batch-consumer] Group coordinator localhost:9093 (id: 2147482646 rack: null) is unavailable or invalid due to cause: session timed out without receiving a heartbeat response.isDisconnected: false. Rediscovery will be attempted.
2025-12-06 07:51:07.008 [kafka-coordinator-heartbeat-thread | user-events-consumer] INFO  o.a.k.c.c.i.ConsumerCoordinator [node1:8080] - [Consumer clientId=consumer-user-events-consumer-3, groupId=user-events-consumer] Group coordinator localhost:9093 (id: 2147482646 rack: null) is unavailable or invalid due to cause: session timed out without receiving a heartbeat response.isDisconnected: false. Rediscovery will be attempted.
2025-12-06 07:51:07.004 [org.springframework.kafka.KafkaListenerEndpointContainer#2-0-C-1] INFO  o.a.k.clients.FetchSessionHandler [node1:8080] - [Consumer clientId=consumer-notification-batch-consumer-1, groupId=notification-batch-consumer] Error sending fetch request (sessionId=1690379658, epoch=93) to node 1001:
org.apache.kafka.common.errors.DisconnectException: null
2025-12-06 07:51:07.069 [org.springframework.kafka.KafkaListenerEndpointContainer#3-0-C-1] INFO  o.a.k.c.c.i.ConsumerCoordinator [node1:8080] - [Consumer clientId=consumer-pattern-consumer-2, groupId=pattern-consumer] Discovered group coordinator localhost:9093 (id: 2147482646 rack: null)
2025-12-06 07:51:07.070 [org.springframework.kafka.KafkaListenerEndpointContainer#3-0-C-1] INFO  o.a.k.c.c.i.ConsumerCoordinator [node1:8080] - [Consumer clientId=consumer-pattern-consumer-2, groupId=pattern-consumer] Discovered group coordinator localhost:9093 (id: 2147482646 rack: null)
2025-12-06 07:51:08.126 [org.springframework.kafka.KafkaListenerEndpointContainer#1-0-C-1] INFO  o.a.k.c.c.i.ConsumerCoordinator [node1:8080] - [Consumer clientId=consumer-order-events-consumer-4, groupId=order-events-consumer] Discovered group coordinator localhost:9093 (id: 2147482646 rack: null)
2025-12-06 07:51:08.927 [org.springframework.kafka.KafkaListenerEndpointContainer#2-0-C-1] INFO  o.a.k.c.c.i.ConsumerCoordinator [node1:8080] - [Consumer clientId=consumer-notification-batch-consumer-1, groupId=notification-batch-consumer] Discovered group coordinator localhost:9093 (id: 2147482646 rack: null)
2025-12-06 07:51:08.953 [org.springframework.kafka.KafkaListenerEndpointContainer#0-0-C-1] INFO  o.a.k.c.c.i.ConsumerCoordinator [node1:8080] - [Consumer clientId=consumer-user-events-consumer-3, groupId=user-events-consumer] Discovered group coordinator localhost:9093 (id: 2147482646 rack: null)
2025-12-06 07:51:27.707 [HikariPool-1 housekeeper] WARN  com.zaxxer.hikari.pool.HikariPool [node1:8080] - HikariPool-1 - Thread starvation or clock leap detected (housekeeper delta=9m45s569ms).
2025-12-06 08:01:13.006 [HikariPool-1 housekeeper] WARN  com.zaxxer.hikari.pool.HikariPool [node1:8080] - HikariPool-1 - Thread starvation or clock leap detected (housekeeper delta=9m45s299ms).
2025-12-06 08:01:13.006 [org.springframework.kafka.KafkaListenerEndpointContainer#3-0-C-1] INFO  o.a.k.clients.FetchSessionHandler [node1:8080] - [Consumer clientId=consumer-pattern-consumer-2, groupId=pattern-consumer] Error sending fetch request (sessionId=154458857, epoch=96) to node 1001:
org.apache.kafka.common.errors.DisconnectException: null
2025-12-06 08:01:13.012 [kafka-coordinator-heartbeat-thread | pattern-consumer] INFO  o.a.k.c.c.i.ConsumerCoordinator [node1:8080] - [Consumer clientId=consumer-pattern-consumer-2, groupId=pattern-consumer] Group coordinator localhost:9093 (id: 2147482646 rack: null) is unavailable or invalid due to cause: session timed out without receiving a heartbeat response.isDisconnected: false. Rediscovery will be attempted.
2025-12-06 08:01:13.032 [kafka-coordinator-heartbeat-thread | user-events-consumer] INFO  o.a.k.c.c.i.ConsumerCoordinator [node1:8080] - [Consumer clientId=consumer-user-events-consumer-3, groupId=user-events-consumer] Group coordinator localhost:9093 (id: 2147482646 rack: null) is unavailable or invalid due to cause: session timed out without receiving a heartbeat response.isDisconnected: false. Rediscovery will be attempted.
2025-12-06 08:01:13.034 [kafka-coordinator-heartbeat-thread | order-events-consumer] INFO  o.a.k.c.c.i.ConsumerCoordinator [node1:8080] - [Consumer clientId=consumer-order-events-consumer-4, groupId=order-events-consumer] Group coordinator localhost:9093 (id: 2147482646 rack: null) is unavailable or invalid due to cause: session timed out without receiving a heartbeat response.isDisconnected: false. Rediscovery will be attempted.
2025-12-06 08:01:13.036 [kafka-coordinator-heartbeat-thread | notification-batch-consumer] INFO  o.a.k.c.c.i.ConsumerCoordinator [node1:8080] - [Consumer clientId=consumer-notification-batch-consumer-1, groupId=notification-batch-consumer] Group coordinator localhost:9093 (id: 2147482646 rack: null) is unavailable or invalid due to cause: session timed out without receiving a heartbeat response.isDisconnected: false. Rediscovery will be attempted.
2025-12-06 08:01:13.045 [org.springframework.kafka.KafkaListenerEndpointContainer#0-0-C-1] INFO  o.a.k.c.c.i.ConsumerCoordinator [node1:8080] - [Consumer clientId=consumer-user-events-consumer-3, groupId=user-events-consumer] Discovered group coordinator localhost:9093 (id: 2147482646 rack: null)
2025-12-06 08:01:13.047 [org.springframework.kafka.KafkaListenerEndpointContainer#1-0-C-1] INFO  o.a.k.c.c.i.ConsumerCoordinator [node1:8080] - [Consumer clientId=consumer-order-events-consumer-4, groupId=order-events-consumer] Discovered group coordinator localhost:9093 (id: 2147482646 rack: null)
2025-12-06 08:01:13.049 [org.springframework.kafka.KafkaListenerEndpointContainer#0-0-C-1] INFO  o.a.k.c.c.i.ConsumerCoordinator [node1:8080] - [Consumer clientId=consumer-user-events-consumer-3, groupId=user-events-consumer] Discovered group coordinator localhost:9093 (id: 2147482646 rack: null)
2025-12-06 08:01:13.049 [org.springframework.kafka.KafkaListenerEndpointContainer#0-0-C-1] INFO  o.a.k.c.c.i.ConsumerCoordinator [node1:8080] - [Consumer clientId=consumer-user-events-consumer-3, groupId=user-events-consumer] Group coordinator localhost:9093 (id: 2147482646 rack: null) is unavailable or invalid due to cause: coordinator unavailable.isDisconnected: false. Rediscovery will be attempted.
2025-12-06 08:01:13.053 [org.springframework.kafka.KafkaListenerEndpointContainer#2-0-C-1] INFO  o.a.k.c.c.i.ConsumerCoordinator [node1:8080] - [Consumer clientId=consumer-notification-batch-consumer-1, groupId=notification-batch-consumer] Discovered group coordinator localhost:9093 (id: 2147482646 rack: null)
2025-12-06 08:01:13.053 [org.springframework.kafka.KafkaListenerEndpointContainer#1-0-C-1] INFO  o.a.k.c.c.i.ConsumerCoordinator [node1:8080] - [Consumer clientId=consumer-order-events-consumer-4, groupId=order-events-consumer] Discovered group coordinator localhost:9093 (id: 2147482646 rack: null)
2025-12-06 08:01:13.054 [org.springframework.kafka.KafkaListenerEndpointContainer#1-0-C-1] INFO  o.a.k.c.c.i.ConsumerCoordinator [node1:8080] - [Consumer clientId=consumer-order-events-consumer-4, groupId=order-events-consumer] Group coordinator localhost:9093 (id: 2147482646 rack: null) is unavailable or invalid due to cause: coordinator unavailable.isDisconnected: false. Rediscovery will be attempted.
2025-12-06 08:01:13.054 [org.springframework.kafka.KafkaListenerEndpointContainer#2-0-C-1] INFO  o.a.k.c.c.i.ConsumerCoordinator [node1:8080] - [Consumer clientId=consumer-notification-batch-consumer-1, groupId=notification-batch-consumer] Discovered group coordinator localhost:9093 (id: 2147482646 rack: null)
2025-12-06 08:01:13.054 [org.springframework.kafka.KafkaListenerEndpointContainer#2-0-C-1] INFO  o.a.k.c.c.i.ConsumerCoordinator [node1:8080] - [Consumer clientId=consumer-notification-batch-consumer-1, groupId=notification-batch-consumer] Group coordinator localhost:9093 (id: 2147482646 rack: null) is unavailable or invalid due to cause: coordinator unavailable.isDisconnected: false. Rediscovery will be attempted.
2025-12-06 08:01:13.121 [org.springframework.kafka.KafkaListenerEndpointContainer#3-0-C-1] INFO  o.a.k.c.c.i.ConsumerCoordinator [node1:8080] - [Consumer clientId=consumer-pattern-consumer-2, groupId=pattern-consumer] Discovered group coordinator localhost:9093 (id: 2147482646 rack: null)
2025-12-06 08:01:13.161 [org.springframework.kafka.KafkaListenerEndpointContainer#0-0-C-1] INFO  o.a.k.c.c.i.ConsumerCoordinator [node1:8080] - [Consumer clientId=consumer-user-events-consumer-3, groupId=user-events-consumer] Discovered group coordinator localhost:9093 (id: 2147482646 rack: null)
2025-12-06 08:01:13.163 [org.springframework.kafka.KafkaListenerEndpointContainer#1-0-C-1] INFO  o.a.k.c.c.i.ConsumerCoordinator [node1:8080] - [Consumer clientId=consumer-order-events-consumer-4, groupId=order-events-consumer] Discovered group coordinator localhost:9093 (id: 2147482646 rack: null)
2025-12-06 08:01:13.166 [org.springframework.kafka.KafkaListenerEndpointContainer#2-0-C-1] INFO  o.a.k.c.c.i.ConsumerCoordinator [node1:8080] - [Consumer clientId=consumer-notification-batch-consumer-1, groupId=notification-batch-consumer] Discovered group coordinator localhost:9093 (id: 2147482646 rack: null)
2025-12-06 08:11:19.006 [org.springframework.kafka.KafkaListenerEndpointContainer#2-0-C-1] INFO  o.a.k.clients.FetchSessionHandler [node1:8080] - [Consumer clientId=consumer-notification-batch-consumer-1, groupId=notification-batch-consumer] Error sending fetch request (sessionId=810430146, epoch=189) to node 1001:
org.apache.kafka.common.errors.DisconnectException: null
2025-12-06 08:11:19.006 [org.springframework.kafka.KafkaListenerEndpointContainer#1-0-C-1] INFO  o.a.k.clients.FetchSessionHandler [node1:8080] - [Consumer clientId=consumer-order-events-consumer-4, groupId=order-events-consumer] Error sending fetch request (sessionId=551165317, epoch=189) to node 1001:
org.apache.kafka.common.errors.DisconnectException: null
2025-12-06 08:11:19.011 [kafka-coordinator-heartbeat-thread | pattern-consumer] INFO  o.a.k.c.c.i.ConsumerCoordinator [node1:8080] - [Consumer clientId=consumer-pattern-consumer-2, groupId=pattern-consumer] Group coordinator localhost:9093 (id: 2147482646 rack: null) is unavailable or invalid due to cause: session timed out without receiving a heartbeat response.isDisconnected: false. Rediscovery will be attempted.
2025-12-06 08:11:19.006 [org.springframework.kafka.KafkaListenerEndpointContainer#0-0-C-1] INFO  o.a.k.clients.FetchSessionHandler [node1:8080] - [Consumer clientId=consumer-user-events-consumer-3, groupId=user-events-consumer] Error sending fetch request (sessionId=1567634311, epoch=189) to node 1001:
org.apache.kafka.common.errors.DisconnectException: null
2025-12-06 08:11:19.013 [kafka-coordinator-heartbeat-thread | user-events-consumer] INFO  o.a.k.c.c.i.ConsumerCoordinator [node1:8080] - [Consumer clientId=consumer-user-events-consumer-3, groupId=user-events-consumer] Group coordinator localhost:9093 (id: 2147482646 rack: null) is unavailable or invalid due to cause: session timed out without receiving a heartbeat response.isDisconnected: false. Rediscovery will be attempted.
2025-12-06 08:11:19.006 [org.springframework.kafka.KafkaListenerEndpointContainer#3-0-C-1] INFO  o.a.k.clients.FetchSessionHandler [node1:8080] - [Consumer clientId=consumer-pattern-consumer-2, groupId=pattern-consumer] Error sending fetch request (sessionId=1843160305, epoch=95) to node 1001:
org.apache.kafka.common.errors.DisconnectException: null
2025-12-06 08:11:19.013 [kafka-coordinator-heartbeat-thread | order-events-consumer] INFO  o.a.k.c.c.i.ConsumerCoordinator [node1:8080] - [Consumer clientId=consumer-order-events-consumer-4, groupId=order-events-consumer] Group coordinator localhost:9093 (id: 2147482646 rack: null) is unavailable or invalid due to cause: session timed out without receiving a heartbeat response.isDisconnected: false. Rediscovery will be attempted.
2025-12-06 08:11:19.013 [kafka-coordinator-heartbeat-thread | notification-batch-consumer] INFO  o.a.k.c.c.i.ConsumerCoordinator [node1:8080] - [Consumer clientId=consumer-notification-batch-consumer-1, groupId=notification-batch-consumer] Group coordinator localhost:9093 (id: 2147482646 rack: null) is unavailable or invalid due to cause: session timed out without receiving a heartbeat response.isDisconnected: false. Rediscovery will be attempted.
2025-12-06 08:11:20.227 [org.springframework.kafka.KafkaListenerEndpointContainer#1-0-C-1] INFO  o.a.k.c.c.i.ConsumerCoordinator [node1:8080] - [Consumer clientId=consumer-order-events-consumer-4, groupId=order-events-consumer] Discovered group coordinator localhost:9093 (id: 2147482646 rack: null)
2025-12-06 08:11:20.233 [org.springframework.kafka.KafkaListenerEndpointContainer#3-0-C-1] INFO  o.a.k.c.c.i.ConsumerCoordinator [node1:8080] - [Consumer clientId=consumer-pattern-consumer-2, groupId=pattern-consumer] Discovered group coordinator localhost:9093 (id: 2147482646 rack: null)
2025-12-06 08:11:20.234 [org.springframework.kafka.KafkaListenerEndpointContainer#1-0-C-1] INFO  o.a.k.c.c.i.ConsumerCoordinator [node1:8080] - [Consumer clientId=consumer-order-events-consumer-4, groupId=order-events-consumer] Discovered group coordinator localhost:9093 (id: 2147482646 rack: null)
2025-12-06 08:11:20.298 [org.springframework.kafka.KafkaListenerEndpointContainer#3-0-C-1] INFO  o.a.k.c.c.i.ConsumerCoordinator [node1:8080] - [Consumer clientId=consumer-pattern-consumer-2, groupId=pattern-consumer] Discovered group coordinator localhost:9093 (id: 2147482646 rack: null)
2025-12-06 08:11:20.308 [org.springframework.kafka.KafkaListenerEndpointContainer#2-0-C-1] INFO  o.a.k.c.c.i.ConsumerCoordinator [node1:8080] - [Consumer clientId=consumer-notification-batch-consumer-1, groupId=notification-batch-consumer] Discovered group coordinator localhost:9093 (id: 2147482646 rack: null)
2025-12-06 08:11:20.309 [org.springframework.kafka.KafkaListenerEndpointContainer#0-0-C-1] INFO  o.a.k.c.c.i.ConsumerCoordinator [node1:8080] - [Consumer clientId=consumer-user-events-consumer-3, groupId=user-events-consumer] Discovered group coordinator localhost:9093 (id: 2147482646 rack: null)
2025-12-06 08:11:20.319 [org.springframework.kafka.KafkaListenerEndpointContainer#2-0-C-1] INFO  o.a.k.c.c.i.ConsumerCoordinator [node1:8080] - [Consumer clientId=consumer-notification-batch-consumer-1, groupId=notification-batch-consumer] Discovered group coordinator localhost:9093 (id: 2147482646 rack: null)
2025-12-06 08:11:20.321 [org.springframework.kafka.KafkaListenerEndpointContainer#0-0-C-1] INFO  o.a.k.c.c.i.ConsumerCoordinator [node1:8080] - [Consumer clientId=consumer-user-events-consumer-3, groupId=user-events-consumer] Discovered group coordinator localhost:9093 (id: 2147482646 rack: null)
2025-12-06 08:11:29.701 [HikariPool-1 housekeeper] WARN  com.zaxxer.hikari.pool.HikariPool [node1:8080] - HikariPool-1 - Thread starvation or clock leap detected (housekeeper delta=9m45s428ms).
2025-12-06 08:21:25.006 [org.springframework.kafka.KafkaListenerEndpointContainer#1-0-C-1] INFO  o.a.k.clients.FetchSessionHandler [node1:8080] - [Consumer clientId=consumer-order-events-consumer-4, groupId=order-events-consumer] Error sending fetch request (sessionId=1304238515, epoch=93) to node 1001:
org.apache.kafka.common.errors.DisconnectException: null
2025-12-06 08:21:25.006 [org.springframework.kafka.KafkaListenerEndpointContainer#2-0-C-1] INFO  o.a.k.clients.FetchSessionHandler [node1:8080] - [Consumer clientId=consumer-notification-batch-consumer-1, groupId=notification-batch-consumer] Error sending fetch request (sessionId=1355880092, epoch=92) to node 1001:
org.apache.kafka.common.errors.DisconnectException: null
2025-12-06 08:21:25.012 [kafka-coordinator-heartbeat-thread | pattern-consumer] INFO  o.a.k.c.c.i.ConsumerCoordinator [node1:8080] - [Consumer clientId=consumer-pattern-consumer-2, groupId=pattern-consumer] Group coordinator localhost:9093 (id: 2147482646 rack: null) is unavailable or invalid due to cause: session timed out without receiving a heartbeat response.isDisconnected: false. Rediscovery will be attempted.
2025-12-06 08:21:25.013 [kafka-coordinator-heartbeat-thread | notification-batch-consumer] INFO  o.a.k.c.c.i.ConsumerCoordinator [node1:8080] - [Consumer clientId=consumer-notification-batch-consumer-1, groupId=notification-batch-consumer] Group coordinator localhost:9093 (id: 2147482646 rack: null) is unavailable or invalid due to cause: session timed out without receiving a heartbeat response.isDisconnected: false. Rediscovery will be attempted.
2025-12-06 08:21:25.006 [org.springframework.kafka.KafkaListenerEndpointContainer#3-0-C-1] INFO  o.a.k.clients.FetchSessionHandler [node1:8080] - [Consumer clientId=consumer-pattern-consumer-2, groupId=pattern-consumer] Error sending fetch request (sessionId=1568373302, epoch=92) to node 1001:
org.apache.kafka.common.errors.DisconnectException: null
2025-12-06 08:21:25.010 [kafka-coordinator-heartbeat-thread | order-events-consumer] INFO  o.a.k.c.c.i.ConsumerCoordinator [node1:8080] - [Consumer clientId=consumer-order-events-consumer-4, groupId=order-events-consumer] Group coordinator localhost:9093 (id: 2147482646 rack: null) is unavailable or invalid due to cause: session timed out without receiving a heartbeat response.isDisconnected: false. Rediscovery will be attempted.
2025-12-06 08:21:25.027 [kafka-coordinator-heartbeat-thread | user-events-consumer] INFO  o.a.k.c.c.i.ConsumerCoordinator [node1:8080] - [Consumer clientId=consumer-user-events-consumer-3, groupId=user-events-consumer] Group coordinator localhost:9093 (id: 2147482646 rack: null) is unavailable or invalid due to cause: session timed out without receiving a heartbeat response.isDisconnected: false. Rediscovery will be attempted.
2025-12-06 08:21:25.033 [org.springframework.kafka.KafkaListenerEndpointContainer#0-0-C-1] INFO  o.a.k.clients.FetchSessionHandler [node1:8080] - [Consumer clientId=consumer-user-events-consumer-3, groupId=user-events-consumer] Error sending fetch request (sessionId=1687402008, epoch=92) to node 1001:
org.apache.kafka.common.errors.DisconnectException: null
2025-12-06 08:21:26.119 [org.springframework.kafka.KafkaListenerEndpointContainer#3-0-C-1] INFO  o.a.k.c.c.i.ConsumerCoordinator [node1:8080] - [Consumer clientId=consumer-pattern-consumer-2, groupId=pattern-consumer] Discovered group coordinator localhost:9093 (id: 2147482646 rack: null)
2025-12-06 08:21:26.131 [org.springframework.kafka.KafkaListenerEndpointContainer#0-0-C-1] INFO  o.a.k.c.c.i.ConsumerCoordinator [node1:8080] - [Consumer clientId=consumer-user-events-consumer-3, groupId=user-events-consumer] Discovered group coordinator localhost:9093 (id: 2147482646 rack: null)
2025-12-06 08:21:26.140 [org.springframework.kafka.KafkaListenerEndpointContainer#2-0-C-1] INFO  o.a.k.c.c.i.ConsumerCoordinator [node1:8080] - [Consumer clientId=consumer-notification-batch-consumer-1, groupId=notification-batch-consumer] Discovered group coordinator localhost:9093 (id: 2147482646 rack: null)
2025-12-06 08:21:26.146 [org.springframework.kafka.KafkaListenerEndpointContainer#1-0-C-1] INFO  o.a.k.c.c.i.ConsumerCoordinator [node1:8080] - [Consumer clientId=consumer-order-events-consumer-4, groupId=order-events-consumer] Discovered group coordinator localhost:9093 (id: 2147482646 rack: null)
2025-12-06 08:21:26.149 [org.springframework.kafka.KafkaListenerEndpointContainer#2-0-C-1] INFO  o.a.k.c.c.i.ConsumerCoordinator [node1:8080] - [Consumer clientId=consumer-notification-batch-consumer-1, groupId=notification-batch-consumer] Discovered group coordinator localhost:9093 (id: 2147482646 rack: null)
2025-12-06 08:21:45.174 [HikariPool-1 housekeeper] WARN  com.zaxxer.hikari.pool.HikariPool [node1:8080] - HikariPool-1 - Thread starvation or clock leap detected (housekeeper delta=9m45s472ms).
2025-12-06 08:31:31.006 [HikariPool-1 housekeeper] WARN  com.zaxxer.hikari.pool.HikariPool [node1:8080] - HikariPool-1 - Thread starvation or clock leap detected (housekeeper delta=9m45s832ms).
2025-12-06 08:31:31.007 [org.springframework.kafka.KafkaListenerEndpointContainer#1-0-C-1] INFO  o.a.k.clients.FetchSessionHandler [node1:8080] - [Consumer clientId=consumer-order-events-consumer-4, groupId=order-events-consumer] Error sending fetch request (sessionId=1654748862, epoch=92) to node 1001:
org.apache.kafka.common.errors.DisconnectException: null
2025-12-06 08:31:31.007 [org.springframework.kafka.KafkaListenerEndpointContainer#2-0-C-1] INFO  o.a.k.clients.FetchSessionHandler [node1:8080] - [Consumer clientId=consumer-notification-batch-consumer-1, groupId=notification-batch-consumer] Error sending fetch request (sessionId=680496002, epoch=92) to node 1001:
org.apache.kafka.common.errors.DisconnectException: null
2025-12-06 08:31:31.007 [org.springframework.kafka.KafkaListenerEndpointContainer#0-0-C-1] INFO  o.a.k.clients.FetchSessionHandler [node1:8080] - [Consumer clientId=consumer-user-events-consumer-3, groupId=user-events-consumer] Error sending fetch request (sessionId=1207646948, epoch=92) to node 1001:
org.apache.kafka.common.errors.DisconnectException: null
2025-12-06 08:31:31.007 [org.springframework.kafka.KafkaListenerEndpointContainer#3-0-C-1] INFO  o.a.k.clients.FetchSessionHandler [node1:8080] - [Consumer clientId=consumer-pattern-consumer-2, groupId=pattern-consumer] Error sending fetch request (sessionId=1238434852, epoch=92) to node 1001:
org.apache.kafka.common.errors.DisconnectException: null
2025-12-06 08:31:31.014 [kafka-coordinator-heartbeat-thread | pattern-consumer] INFO  o.a.k.c.c.i.ConsumerCoordinator [node1:8080] - [Consumer clientId=consumer-pattern-consumer-2, groupId=pattern-consumer] Group coordinator localhost:9093 (id: 2147482646 rack: null) is unavailable or invalid due to cause: session timed out without receiving a heartbeat response.isDisconnected: false. Rediscovery will be attempted.
2025-12-06 08:31:31.014 [kafka-coordinator-heartbeat-thread | notification-batch-consumer] INFO  o.a.k.c.c.i.ConsumerCoordinator [node1:8080] - [Consumer clientId=consumer-notification-batch-consumer-1, groupId=notification-batch-consumer] Group coordinator localhost:9093 (id: 2147482646 rack: null) is unavailable or invalid due to cause: session timed out without receiving a heartbeat response.isDisconnected: false. Rediscovery will be attempted.
2025-12-06 08:31:31.014 [kafka-coordinator-heartbeat-thread | user-events-consumer] INFO  o.a.k.c.c.i.ConsumerCoordinator [node1:8080] - [Consumer clientId=consumer-user-events-consumer-3, groupId=user-events-consumer] Group coordinator localhost:9093 (id: 2147482646 rack: null) is unavailable or invalid due to cause: session timed out without receiving a heartbeat response.isDisconnected: false. Rediscovery will be attempted.
2025-12-06 08:31:31.014 [kafka-coordinator-heartbeat-thread | order-events-consumer] INFO  o.a.k.c.c.i.ConsumerCoordinator [node1:8080] - [Consumer clientId=consumer-order-events-consumer-4, groupId=order-events-consumer] Group coordinator localhost:9093 (id: 2147482646 rack: null) is unavailable or invalid due to cause: session timed out without receiving a heartbeat response.isDisconnected: false. Rediscovery will be attempted.
2025-12-06 08:31:32.193 [org.springframework.kafka.KafkaListenerEndpointContainer#3-0-C-1] INFO  o.a.k.c.c.i.ConsumerCoordinator [node1:8080] - [Consumer clientId=consumer-pattern-consumer-2, groupId=pattern-consumer] Discovered group coordinator localhost:9093 (id: 2147482646 rack: null)
2025-12-06 08:31:32.224 [org.springframework.kafka.KafkaListenerEndpointContainer#0-0-C-1] INFO  o.a.k.c.c.i.ConsumerCoordinator [node1:8080] - [Consumer clientId=consumer-user-events-consumer-3, groupId=user-events-consumer] Discovered group coordinator localhost:9093 (id: 2147482646 rack: null)
2025-12-06 08:31:32.226 [org.springframework.kafka.KafkaListenerEndpointContainer#1-0-C-1] INFO  o.a.k.c.c.i.ConsumerCoordinator [node1:8080] - [Consumer clientId=consumer-order-events-consumer-4, groupId=order-events-consumer] Discovered group coordinator localhost:9093 (id: 2147482646 rack: null)
2025-12-06 08:31:32.234 [org.springframework.kafka.KafkaListenerEndpointContainer#1-0-C-1] INFO  o.a.k.c.c.i.ConsumerCoordinator [node1:8080] - [Consumer clientId=consumer-order-events-consumer-4, groupId=order-events-consumer] Discovered group coordinator localhost:9093 (id: 2147482646 rack: null)
2025-12-06 08:31:32.242 [org.springframework.kafka.KafkaListenerEndpointContainer#0-0-C-1] INFO  o.a.k.c.c.i.ConsumerCoordinator [node1:8080] - [Consumer clientId=consumer-user-events-consumer-3, groupId=user-events-consumer] Discovered group coordinator localhost:9093 (id: 2147482646 rack: null)
2025-12-06 08:31:32.247 [org.springframework.kafka.KafkaListenerEndpointContainer#2-0-C-1] INFO  o.a.k.c.c.i.ConsumerCoordinator [node1:8080] - [Consumer clientId=consumer-notification-batch-consumer-1, groupId=notification-batch-consumer] Discovered group coordinator localhost:9093 (id: 2147482646 rack: null)
2025-12-06 08:31:32.252 [org.springframework.kafka.KafkaListenerEndpointContainer#2-0-C-1] INFO  o.a.k.c.c.i.ConsumerCoordinator [node1:8080] - [Consumer clientId=consumer-notification-batch-consumer-1, groupId=notification-batch-consumer] Discovered group coordinator localhost:9093 (id: 2147482646 rack: null)
2025-12-06 08:41:36.013 [org.springframework.kafka.KafkaListenerEndpointContainer#2-0-C-1] INFO  o.a.k.clients.FetchSessionHandler [node1:8080] - [Consumer clientId=consumer-notification-batch-consumer-1, groupId=notification-batch-consumer] Error sending fetch request (sessionId=874214675, epoch=93) to node 1001:
org.apache.kafka.common.errors.DisconnectException: null
2025-12-06 08:41:36.013 [org.springframework.kafka.KafkaListenerEndpointContainer#1-0-C-1] INFO  o.a.k.clients.FetchSessionHandler [node1:8080] - [Consumer clientId=consumer-order-events-consumer-4, groupId=order-events-consumer] Error sending fetch request (sessionId=109390887, epoch=93) to node 1001:
org.apache.kafka.common.errors.DisconnectException: null
2025-12-06 08:41:36.013 [org.springframework.kafka.KafkaListenerEndpointContainer#0-0-C-1] INFO  o.a.k.clients.FetchSessionHandler [node1:8080] - [Consumer clientId=consumer-user-events-consumer-3, groupId=user-events-consumer] Error sending fetch request (sessionId=1337262396, epoch=93) to node 1001:
org.apache.kafka.common.errors.DisconnectException: null
2025-12-06 08:41:36.017 [kafka-coordinator-heartbeat-thread | user-events-consumer] INFO  o.a.k.c.c.i.ConsumerCoordinator [node1:8080] - [Consumer clientId=consumer-user-events-consumer-3, groupId=user-events-consumer] Group coordinator localhost:9093 (id: 2147482646 rack: null) is unavailable or invalid due to cause: session timed out without receiving a heartbeat response.isDisconnected: false. Rediscovery will be attempted.
2025-12-06 08:41:36.013 [org.springframework.kafka.KafkaListenerEndpointContainer#3-0-C-1] INFO  o.a.k.clients.FetchSessionHandler [node1:8080] - [Consumer clientId=consumer-pattern-consumer-2, groupId=pattern-consumer] Error sending fetch request (sessionId=1264830852, epoch=93) to node 1001:
org.apache.kafka.common.errors.DisconnectException: null
2025-12-06 08:41:36.018 [kafka-coordinator-heartbeat-thread | pattern-consumer] INFO  o.a.k.c.c.i.ConsumerCoordinator [node1:8080] - [Consumer clientId=consumer-pattern-consumer-2, groupId=pattern-consumer] Group coordinator localhost:9093 (id: 2147482646 rack: null) is unavailable or invalid due to cause: session timed out without receiving a heartbeat response.isDisconnected: false. Rediscovery will be attempted.
2025-12-06 08:41:36.018 [kafka-coordinator-heartbeat-thread | order-events-consumer] INFO  o.a.k.c.c.i.ConsumerCoordinator [node1:8080] - [Consumer clientId=consumer-order-events-consumer-4, groupId=order-events-consumer] Group coordinator localhost:9093 (id: 2147482646 rack: null) is unavailable or invalid due to cause: session timed out without receiving a heartbeat response.isDisconnected: false. Rediscovery will be attempted.
2025-12-06 08:41:36.017 [kafka-coordinator-heartbeat-thread | notification-batch-consumer] INFO  o.a.k.c.c.i.ConsumerCoordinator [node1:8080] - [Consumer clientId=consumer-notification-batch-consumer-1, groupId=notification-batch-consumer] Group coordinator localhost:9093 (id: 2147482646 rack: null) is unavailable or invalid due to cause: session timed out without receiving a heartbeat response.isDisconnected: false. Rediscovery will be attempted.
2025-12-06 08:41:37.138 [org.springframework.kafka.KafkaListenerEndpointContainer#2-0-C-1] INFO  o.a.k.c.c.i.ConsumerCoordinator [node1:8080] - [Consumer clientId=consumer-notification-batch-consumer-1, groupId=notification-batch-consumer] Discovered group coordinator localhost:9093 (id: 2147482646 rack: null)
2025-12-06 08:41:37.138 [org.springframework.kafka.KafkaListenerEndpointContainer#3-0-C-1] INFO  o.a.k.c.c.i.ConsumerCoordinator [node1:8080] - [Consumer clientId=consumer-pattern-consumer-2, groupId=pattern-consumer] Discovered group coordinator localhost:9093 (id: 2147482646 rack: null)
2025-12-06 08:41:37.140 [org.springframework.kafka.KafkaListenerEndpointContainer#3-0-C-1] INFO  o.a.k.c.c.i.ConsumerCoordinator [node1:8080] - [Consumer clientId=consumer-pattern-consumer-2, groupId=pattern-consumer] Discovered group coordinator localhost:9093 (id: 2147482646 rack: null)
2025-12-06 08:41:37.140 [org.springframework.kafka.KafkaListenerEndpointContainer#3-0-C-1] INFO  o.a.k.c.c.i.ConsumerCoordinator [node1:8080] - [Consumer clientId=consumer-pattern-consumer-2, groupId=pattern-consumer] Group coordinator localhost:9093 (id: 2147482646 rack: null) is unavailable or invalid due to cause: coordinator unavailable.isDisconnected: false. Rediscovery will be attempted.
2025-12-06 08:41:37.141 [org.springframework.kafka.KafkaListenerEndpointContainer#2-0-C-1] INFO  o.a.k.c.c.i.ConsumerCoordinator [node1:8080] - [Consumer clientId=consumer-notification-batch-consumer-1, groupId=notification-batch-consumer] Discovered group coordinator localhost:9093 (id: 2147482646 rack: null)
2025-12-06 08:41:37.141 [org.springframework.kafka.KafkaListenerEndpointContainer#2-0-C-1] INFO  o.a.k.c.c.i.ConsumerCoordinator [node1:8080] - [Consumer clientId=consumer-notification-batch-consumer-1, groupId=notification-batch-consumer] Group coordinator localhost:9093 (id: 2147482646 rack: null) is unavailable or invalid due to cause: coordinator unavailable.isDisconnected: false. Rediscovery will be attempted.
2025-12-06 08:41:37.144 [org.springframework.kafka.KafkaListenerEndpointContainer#0-0-C-1] INFO  o.a.k.c.c.i.ConsumerCoordinator [node1:8080] - [Consumer clientId=consumer-user-events-consumer-3, groupId=user-events-consumer] Discovered group coordinator localhost:9093 (id: 2147482646 rack: null)
2025-12-06 08:41:37.144 [org.springframework.kafka.KafkaListenerEndpointContainer#1-0-C-1] INFO  o.a.k.c.c.i.ConsumerCoordinator [node1:8080] - [Consumer clientId=consumer-order-events-consumer-4, groupId=order-events-consumer] Discovered group coordinator localhost:9093 (id: 2147482646 rack: null)
2025-12-06 08:41:37.145 [org.springframework.kafka.KafkaListenerEndpointContainer#1-0-C-1] INFO  o.a.k.c.c.i.ConsumerCoordinator [node1:8080] - [Consumer clientId=consumer-order-events-consumer-4, groupId=order-events-consumer] Discovered group coordinator localhost:9093 (id: 2147482646 rack: null)
2025-12-06 08:41:37.146 [org.springframework.kafka.KafkaListenerEndpointContainer#1-0-C-1] INFO  o.a.k.c.c.i.ConsumerCoordinator [node1:8080] - [Consumer clientId=consumer-order-events-consumer-4, groupId=order-events-consumer] Group coordinator localhost:9093 (id: 2147482646 rack: null) is unavailable or invalid due to cause: coordinator unavailable.isDisconnected: false. Rediscovery will be attempted.
2025-12-06 08:41:37.147 [org.springframework.kafka.KafkaListenerEndpointContainer#0-0-C-1] INFO  o.a.k.c.c.i.ConsumerCoordinator [node1:8080] - [Consumer clientId=consumer-user-events-consumer-3, groupId=user-events-consumer] Discovered group coordinator localhost:9093 (id: 2147482646 rack: null)
2025-12-06 08:41:37.147 [org.springframework.kafka.KafkaListenerEndpointContainer#0-0-C-1] INFO  o.a.k.c.c.i.ConsumerCoordinator [node1:8080] - [Consumer clientId=consumer-user-events-consumer-3, groupId=user-events-consumer] Group coordinator localhost:9093 (id: 2147482646 rack: null) is unavailable or invalid due to cause: coordinator unavailable.isDisconnected: false. Rediscovery will be attempted.
2025-12-06 08:41:37.951 [org.springframework.kafka.KafkaListenerEndpointContainer#2-0-C-1] INFO  o.a.k.c.c.i.ConsumerCoordinator [node1:8080] - [Consumer clientId=consumer-notification-batch-consumer-1, groupId=notification-batch-consumer] Discovered group coordinator localhost:9093 (id: 2147482646 rack: null)
2025-12-06 08:41:37.957 [org.springframework.kafka.KafkaListenerEndpointContainer#1-0-C-1] INFO  o.a.k.c.c.i.ConsumerCoordinator [node1:8080] - [Consumer clientId=consumer-order-events-consumer-4, groupId=order-events-consumer] Discovered group coordinator localhost:9093 (id: 2147482646 rack: null)
2025-12-06 08:41:37.957 [org.springframework.kafka.KafkaListenerEndpointContainer#0-0-C-1] INFO  o.a.k.c.c.i.ConsumerCoordinator [node1:8080] - [Consumer clientId=consumer-user-events-consumer-3, groupId=user-events-consumer] Discovered group coordinator localhost:9093 (id: 2147482646 rack: null)
2025-12-06 08:41:37.974 [org.springframework.kafka.KafkaListenerEndpointContainer#3-0-C-1] INFO  o.a.k.c.c.i.ConsumerCoordinator [node1:8080] - [Consumer clientId=consumer-pattern-consumer-2, groupId=pattern-consumer] Discovered group coordinator localhost:9093 (id: 2147482646 rack: null)
2025-12-06 08:41:47.651 [HikariPool-1 housekeeper] WARN  com.zaxxer.hikari.pool.HikariPool [node1:8080] - HikariPool-1 - Thread starvation or clock leap detected (housekeeper delta=9m45s413ms).
2025-12-06 08:51:41.006 [org.springframework.kafka.KafkaListenerEndpointContainer#2-0-C-1] INFO  o.a.k.clients.FetchSessionHandler [node1:8080] - [Consumer clientId=consumer-notification-batch-consumer-1, groupId=notification-batch-consumer] Error sending fetch request (sessionId=1705095919, epoch=92) to node 1001:
org.apache.kafka.common.errors.DisconnectException: null
2025-12-06 08:51:41.006 [org.springframework.kafka.KafkaListenerEndpointContainer#3-0-C-1] INFO  o.a.k.clients.FetchSessionHandler [node1:8080] - [Consumer clientId=consumer-pattern-consumer-2, groupId=pattern-consumer] Error sending fetch request (sessionId=801124045, epoch=92) to node 1001:
org.apache.kafka.common.errors.DisconnectException: null
2025-12-06 08:51:41.006 [org.springframework.kafka.KafkaListenerEndpointContainer#0-0-C-1] INFO  o.a.k.clients.FetchSessionHandler [node1:8080] - [Consumer clientId=consumer-user-events-consumer-3, groupId=user-events-consumer] Error sending fetch request (sessionId=789510452, epoch=92) to node 1001:
org.apache.kafka.common.errors.DisconnectException: null
2025-12-06 08:51:41.010 [kafka-coordinator-heartbeat-thread | pattern-consumer] INFO  o.a.k.c.c.i.ConsumerCoordinator [node1:8080] - [Consumer clientId=consumer-pattern-consumer-2, groupId=pattern-consumer] Group coordinator localhost:9093 (id: 2147482646 rack: null) is unavailable or invalid due to cause: session timed out without receiving a heartbeat response.isDisconnected: false. Rediscovery will be attempted.
2025-12-06 08:51:41.006 [org.springframework.kafka.KafkaListenerEndpointContainer#1-0-C-1] INFO  o.a.k.clients.FetchSessionHandler [node1:8080] - [Consumer clientId=consumer-order-events-consumer-4, groupId=order-events-consumer] Error sending fetch request (sessionId=1083008517, epoch=92) to node 1001:
org.apache.kafka.common.errors.DisconnectException: null
2025-12-06 08:51:41.010 [kafka-coordinator-heartbeat-thread | notification-batch-consumer] INFO  o.a.k.c.c.i.ConsumerCoordinator [node1:8080] - [Consumer clientId=consumer-notification-batch-consumer-1, groupId=notification-batch-consumer] Group coordinator localhost:9093 (id: 2147482646 rack: null) is unavailable or invalid due to cause: session timed out without receiving a heartbeat response.isDisconnected: false. Rediscovery will be attempted.
2025-12-06 08:51:41.013 [kafka-coordinator-heartbeat-thread | user-events-consumer] INFO  o.a.k.c.c.i.ConsumerCoordinator [node1:8080] - [Consumer clientId=consumer-user-events-consumer-3, groupId=user-events-consumer] Group coordinator localhost:9093 (id: 2147482646 rack: null) is unavailable or invalid due to cause: session timed out without receiving a heartbeat response.isDisconnected: false. Rediscovery will be attempted.
2025-12-06 08:51:41.013 [kafka-coordinator-heartbeat-thread | order-events-consumer] INFO  o.a.k.c.c.i.ConsumerCoordinator [node1:8080] - [Consumer clientId=consumer-order-events-consumer-4, groupId=order-events-consumer] Group coordinator localhost:9093 (id: 2147482646 rack: null) is unavailable or invalid due to cause: session timed out without receiving a heartbeat response.isDisconnected: false. Rediscovery will be attempted.
2025-12-06 08:51:41.072 [org.springframework.kafka.KafkaListenerEndpointContainer#0-0-C-1] INFO  o.a.k.c.c.i.ConsumerCoordinator [node1:8080] - [Consumer clientId=consumer-user-events-consumer-3, groupId=user-events-consumer] Discovered group coordinator localhost:9093 (id: 2147482646 rack: null)
2025-12-06 08:51:41.076 [org.springframework.kafka.KafkaListenerEndpointContainer#0-0-C-1] INFO  o.a.k.c.c.i.ConsumerCoordinator [node1:8080] - [Consumer clientId=consumer-user-events-consumer-3, groupId=user-events-consumer] Discovered group coordinator localhost:9093 (id: 2147482646 rack: null)
2025-12-06 08:51:42.131 [org.springframework.kafka.KafkaListenerEndpointContainer#3-0-C-1] INFO  o.a.k.c.c.i.ConsumerCoordinator [node1:8080] - [Consumer clientId=consumer-pattern-consumer-2, groupId=pattern-consumer] Discovered group coordinator localhost:9093 (id: 2147482646 rack: null)
2025-12-06 08:51:42.139 [org.springframework.kafka.KafkaListenerEndpointContainer#1-0-C-1] INFO  o.a.k.c.c.i.ConsumerCoordinator [node1:8080] - [Consumer clientId=consumer-order-events-consumer-4, groupId=order-events-consumer] Discovered group coordinator localhost:9093 (id: 2147482646 rack: null)
2025-12-06 08:51:42.146 [org.springframework.kafka.KafkaListenerEndpointContainer#2-0-C-1] INFO  o.a.k.c.c.i.ConsumerCoordinator [node1:8080] - [Consumer clientId=consumer-notification-batch-consumer-1, groupId=notification-batch-consumer] Discovered group coordinator localhost:9093 (id: 2147482646 rack: null)
2025-12-06 08:52:02.989 [HikariPool-1 housekeeper] WARN  com.zaxxer.hikari.pool.HikariPool [node1:8080] - HikariPool-1 - Thread starvation or clock leap detected (housekeeper delta=9m45s329ms).
2025-12-06 09:08:34.006 [org.springframework.kafka.KafkaListenerEndpointContainer#2-0-C-1] INFO  o.a.k.clients.FetchSessionHandler [node1:8080] - [Consumer clientId=consumer-notification-batch-consumer-1, groupId=notification-batch-consumer] Error sending fetch request (sessionId=1470742141, epoch=121) to node 1001:
org.apache.kafka.common.errors.DisconnectException: null
2025-12-06 09:08:34.006 [org.springframework.kafka.KafkaListenerEndpointContainer#1-0-C-1] INFO  o.a.k.clients.FetchSessionHandler [node1:8080] - [Consumer clientId=consumer-order-events-consumer-4, groupId=order-events-consumer] Error sending fetch request (sessionId=1446481735, epoch=121) to node 1001:
org.apache.kafka.common.errors.DisconnectException: null
2025-12-06 09:08:34.006 [org.springframework.kafka.KafkaListenerEndpointContainer#3-0-C-1] INFO  o.a.k.clients.FetchSessionHandler [node1:8080] - [Consumer clientId=consumer-pattern-consumer-2, groupId=pattern-consumer] Error sending fetch request (sessionId=579646444, epoch=121) to node 1001:
org.apache.kafka.common.errors.DisconnectException: null
2025-12-06 09:08:34.012 [kafka-coordinator-heartbeat-thread | pattern-consumer] INFO  o.a.k.c.c.i.ConsumerCoordinator [node1:8080] - [Consumer clientId=consumer-pattern-consumer-2, groupId=pattern-consumer] Group coordinator localhost:9093 (id: 2147482646 rack: null) is unavailable or invalid due to cause: session timed out without receiving a heartbeat response.isDisconnected: false. Rediscovery will be attempted.
2025-12-06 09:08:34.006 [org.springframework.kafka.KafkaListenerEndpointContainer#0-0-C-1] INFO  o.a.k.clients.FetchSessionHandler [node1:8080] - [Consumer clientId=consumer-user-events-consumer-3, groupId=user-events-consumer] Error sending fetch request (sessionId=1745706754, epoch=122) to node 1001:
org.apache.kafka.common.errors.DisconnectException: null
2025-12-06 09:08:34.012 [kafka-coordinator-heartbeat-thread | notification-batch-consumer] INFO  o.a.k.c.c.i.ConsumerCoordinator [node1:8080] - [Consumer clientId=consumer-notification-batch-consumer-1, groupId=notification-batch-consumer] Group coordinator localhost:9093 (id: 2147482646 rack: null) is unavailable or invalid due to cause: session timed out without receiving a heartbeat response.isDisconnected: false. Rediscovery will be attempted.
2025-12-06 09:08:34.012 [kafka-coordinator-heartbeat-thread | order-events-consumer] INFO  o.a.k.c.c.i.ConsumerCoordinator [node1:8080] - [Consumer clientId=consumer-order-events-consumer-4, groupId=order-events-consumer] Group coordinator localhost:9093 (id: 2147482646 rack: null) is unavailable or invalid due to cause: session timed out without receiving a heartbeat response.isDisconnected: false. Rediscovery will be attempted.
2025-12-06 09:08:34.012 [kafka-coordinator-heartbeat-thread | user-events-consumer] INFO  o.a.k.c.c.i.ConsumerCoordinator [node1:8080] - [Consumer clientId=consumer-user-events-consumer-3, groupId=user-events-consumer] Group coordinator localhost:9093 (id: 2147482646 rack: null) is unavailable or invalid due to cause: session timed out without receiving a heartbeat response.isDisconnected: false. Rediscovery will be attempted.
2025-12-06 09:08:35.135 [org.springframework.kafka.KafkaListenerEndpointContainer#0-0-C-1] INFO  o.a.k.c.c.i.ConsumerCoordinator [node1:8080] - [Consumer clientId=consumer-user-events-consumer-3, groupId=user-events-consumer] Discovered group coordinator localhost:9093 (id: 2147482646 rack: null)
2025-12-06 09:08:35.138 [org.springframework.kafka.KafkaListenerEndpointContainer#2-0-C-1] INFO  o.a.k.c.c.i.ConsumerCoordinator [node1:8080] - [Consumer clientId=consumer-notification-batch-consumer-1, groupId=notification-batch-consumer] Discovered group coordinator localhost:9093 (id: 2147482646 rack: null)
2025-12-06 09:08:35.139 [org.springframework.kafka.KafkaListenerEndpointContainer#3-0-C-1] INFO  o.a.k.c.c.i.ConsumerCoordinator [node1:8080] - [Consumer clientId=consumer-pattern-consumer-2, groupId=pattern-consumer] Discovered group coordinator localhost:9093 (id: 2147482646 rack: null)
2025-12-06 09:08:35.140 [org.springframework.kafka.KafkaListenerEndpointContainer#0-0-C-1] INFO  o.a.k.c.c.i.ConsumerCoordinator [node1:8080] - [Consumer clientId=consumer-user-events-consumer-3, groupId=user-events-consumer] Discovered group coordinator localhost:9093 (id: 2147482646 rack: null)
2025-12-06 09:08:35.140 [org.springframework.kafka.KafkaListenerEndpointContainer#0-0-C-1] INFO  o.a.k.c.c.i.ConsumerCoordinator [node1:8080] - [Consumer clientId=consumer-user-events-consumer-3, groupId=user-events-consumer] Group coordinator localhost:9093 (id: 2147482646 rack: null) is unavailable or invalid due to cause: coordinator unavailable.isDisconnected: false. Rediscovery will be attempted.
2025-12-06 09:08:35.143 [org.springframework.kafka.KafkaListenerEndpointContainer#3-0-C-1] INFO  o.a.k.c.c.i.ConsumerCoordinator [node1:8080] - [Consumer clientId=consumer-pattern-consumer-2, groupId=pattern-consumer] Discovered group coordinator localhost:9093 (id: 2147482646 rack: null)
2025-12-06 09:08:35.143 [org.springframework.kafka.KafkaListenerEndpointContainer#1-0-C-1] INFO  o.a.k.c.c.i.ConsumerCoordinator [node1:8080] - [Consumer clientId=consumer-order-events-consumer-4, groupId=order-events-consumer] Discovered group coordinator localhost:9093 (id: 2147482646 rack: null)
2025-12-06 09:08:35.143 [org.springframework.kafka.KafkaListenerEndpointContainer#3-0-C-1] INFO  o.a.k.c.c.i.ConsumerCoordinator [node1:8080] - [Consumer clientId=consumer-pattern-consumer-2, groupId=pattern-consumer] Group coordinator localhost:9093 (id: 2147482646 rack: null) is unavailable or invalid due to cause: coordinator unavailable.isDisconnected: false. Rediscovery will be attempted.
2025-12-06 09:08:35.144 [org.springframework.kafka.KafkaListenerEndpointContainer#2-0-C-1] INFO  o.a.k.c.c.i.ConsumerCoordinator [node1:8080] - [Consumer clientId=consumer-notification-batch-consumer-1, groupId=notification-batch-consumer] Discovered group coordinator localhost:9093 (id: 2147482646 rack: null)
2025-12-06 09:08:35.144 [org.springframework.kafka.KafkaListenerEndpointContainer#2-0-C-1] INFO  o.a.k.c.c.i.ConsumerCoordinator [node1:8080] - [Consumer clientId=consumer-notification-batch-consumer-1, groupId=notification-batch-consumer] Group coordinator localhost:9093 (id: 2147482646 rack: null) is unavailable or invalid due to cause: coordinator unavailable.isDisconnected: false. Rediscovery will be attempted.
2025-12-06 09:08:35.146 [org.springframework.kafka.KafkaListenerEndpointContainer#1-0-C-1] INFO  o.a.k.c.c.i.ConsumerCoordinator [node1:8080] - [Consumer clientId=consumer-order-events-consumer-4, groupId=order-events-consumer] Discovered group coordinator localhost:9093 (id: 2147482646 rack: null)
2025-12-06 09:08:35.146 [org.springframework.kafka.KafkaListenerEndpointContainer#1-0-C-1] INFO  o.a.k.c.c.i.ConsumerCoordinator [node1:8080] - [Consumer clientId=consumer-order-events-consumer-4, groupId=order-events-consumer] Group coordinator localhost:9093 (id: 2147482646 rack: null) is unavailable or invalid due to cause: coordinator unavailable.isDisconnected: false. Rediscovery will be attempted.
2025-12-06 09:08:35.245 [org.springframework.kafka.KafkaListenerEndpointContainer#0-0-C-1] INFO  o.a.k.c.c.i.ConsumerCoordinator [node1:8080] - [Consumer clientId=consumer-user-events-consumer-3, groupId=user-events-consumer] Discovered group coordinator localhost:9093 (id: 2147482646 rack: null)
2025-12-06 09:08:35.251 [org.springframework.kafka.KafkaListenerEndpointContainer#3-0-C-1] INFO  o.a.k.c.c.i.ConsumerCoordinator [node1:8080] - [Consumer clientId=consumer-pattern-consumer-2, groupId=pattern-consumer] Discovered group coordinator localhost:9093 (id: 2147482646 rack: null)
2025-12-06 09:08:35.252 [org.springframework.kafka.KafkaListenerEndpointContainer#1-0-C-1] INFO  o.a.k.c.c.i.ConsumerCoordinator [node1:8080] - [Consumer clientId=consumer-order-events-consumer-4, groupId=order-events-consumer] Discovered group coordinator localhost:9093 (id: 2147482646 rack: null)
2025-12-06 09:08:35.252 [org.springframework.kafka.KafkaListenerEndpointContainer#2-0-C-1] INFO  o.a.k.c.c.i.ConsumerCoordinator [node1:8080] - [Consumer clientId=consumer-notification-batch-consumer-1, groupId=notification-batch-consumer] Discovered group coordinator localhost:9093 (id: 2147482646 rack: null)
2025-12-06 09:08:48.839 [HikariPool-1 housekeeper] WARN  com.zaxxer.hikari.pool.HikariPool [node1:8080] - HikariPool-1 - Thread starvation or clock leap detected (housekeeper delta=16m15s839ms).
2025-12-06 09:18:40.023 [kafka-coordinator-heartbeat-thread | user-events-consumer] INFO  o.a.k.c.c.i.ConsumerCoordinator [node1:8080] - [Consumer clientId=consumer-user-events-consumer-3, groupId=user-events-consumer] Group coordinator localhost:9093 (id: 2147482646 rack: null) is unavailable or invalid due to cause: session timed out without receiving a heartbeat response.isDisconnected: false. Rediscovery will be attempted.
2025-12-06 09:18:40.023 [kafka-coordinator-heartbeat-thread | pattern-consumer] INFO  o.a.k.c.c.i.ConsumerCoordinator [node1:8080] - [Consumer clientId=consumer-pattern-consumer-2, groupId=pattern-consumer] Group coordinator localhost:9093 (id: 2147482646 rack: null) is unavailable or invalid due to cause: session timed out without receiving a heartbeat response.isDisconnected: false. Rediscovery will be attempted.
2025-12-06 09:18:40.024 [kafka-coordinator-heartbeat-thread | order-events-consumer] INFO  o.a.k.c.c.i.ConsumerCoordinator [node1:8080] - [Consumer clientId=consumer-order-events-consumer-4, groupId=order-events-consumer] Group coordinator localhost:9093 (id: 2147482646 rack: null) is unavailable or invalid due to cause: session timed out without receiving a heartbeat response.isDisconnected: false. Rediscovery will be attempted.
2025-12-06 09:18:40.027 [kafka-coordinator-heartbeat-thread | notification-batch-consumer] INFO  o.a.k.c.c.i.ConsumerCoordinator [node1:8080] - [Consumer clientId=consumer-notification-batch-consumer-1, groupId=notification-batch-consumer] Group coordinator localhost:9093 (id: 2147482646 rack: null) is unavailable or invalid due to cause: session timed out without receiving a heartbeat response.isDisconnected: false. Rediscovery will be attempted.
2025-12-06 09:18:41.111 [org.springframework.kafka.KafkaListenerEndpointContainer#0-0-C-1] INFO  o.a.k.c.c.i.ConsumerCoordinator [node1:8080] - [Consumer clientId=consumer-user-events-consumer-3, groupId=user-events-consumer] Discovered group coordinator localhost:9093 (id: 2147482646 rack: null)
2025-12-06 09:18:41.115 [org.springframework.kafka.KafkaListenerEndpointContainer#1-0-C-1] INFO  o.a.k.c.c.i.ConsumerCoordinator [node1:8080] - [Consumer clientId=consumer-order-events-consumer-4, groupId=order-events-consumer] Discovered group coordinator localhost:9093 (id: 2147482646 rack: null)
2025-12-06 09:18:41.115 [org.springframework.kafka.KafkaListenerEndpointContainer#3-0-C-1] INFO  o.a.k.c.c.i.ConsumerCoordinator [node1:8080] - [Consumer clientId=consumer-pattern-consumer-2, groupId=pattern-consumer] Discovered group coordinator localhost:9093 (id: 2147482646 rack: null)
2025-12-06 09:18:41.116 [org.springframework.kafka.KafkaListenerEndpointContainer#0-0-C-1] INFO  o.a.k.c.c.i.ConsumerCoordinator [node1:8080] - [Consumer clientId=consumer-user-events-consumer-3, groupId=user-events-consumer] Discovered group coordinator localhost:9093 (id: 2147482646 rack: null)
2025-12-06 09:18:41.116 [org.springframework.kafka.KafkaListenerEndpointContainer#0-0-C-1] INFO  o.a.k.c.c.i.ConsumerCoordinator [node1:8080] - [Consumer clientId=consumer-user-events-consumer-3, groupId=user-events-consumer] Group coordinator localhost:9093 (id: 2147482646 rack: null) is unavailable or invalid due to cause: coordinator unavailable.isDisconnected: false. Rediscovery will be attempted.
2025-12-06 09:18:41.117 [org.springframework.kafka.KafkaListenerEndpointContainer#1-0-C-1] INFO  o.a.k.c.c.i.ConsumerCoordinator [node1:8080] - [Consumer clientId=consumer-order-events-consumer-4, groupId=order-events-consumer] Discovered group coordinator localhost:9093 (id: 2147482646 rack: null)
2025-12-06 09:18:41.117 [org.springframework.kafka.KafkaListenerEndpointContainer#3-0-C-1] INFO  o.a.k.c.c.i.ConsumerCoordinator [node1:8080] - [Consumer clientId=consumer-pattern-consumer-2, groupId=pattern-consumer] Discovered group coordinator localhost:9093 (id: 2147482646 rack: null)
2025-12-06 09:18:41.117 [org.springframework.kafka.KafkaListenerEndpointContainer#1-0-C-1] INFO  o.a.k.c.c.i.ConsumerCoordinator [node1:8080] - [Consumer clientId=consumer-order-events-consumer-4, groupId=order-events-consumer] Group coordinator localhost:9093 (id: 2147482646 rack: null) is unavailable or invalid due to cause: coordinator unavailable.isDisconnected: false. Rediscovery will be attempted.
2025-12-06 09:18:41.117 [org.springframework.kafka.KafkaListenerEndpointContainer#3-0-C-1] INFO  o.a.k.c.c.i.ConsumerCoordinator [node1:8080] - [Consumer clientId=consumer-pattern-consumer-2, groupId=pattern-consumer] Group coordinator localhost:9093 (id: 2147482646 rack: null) is unavailable or invalid due to cause: coordinator unavailable.isDisconnected: false. Rediscovery will be attempted.
2025-12-06 09:18:41.119 [org.springframework.kafka.KafkaListenerEndpointContainer#2-0-C-1] INFO  o.a.k.c.c.i.ConsumerCoordinator [node1:8080] - [Consumer clientId=consumer-notification-batch-consumer-1, groupId=notification-batch-consumer] Discovered group coordinator localhost:9093 (id: 2147482646 rack: null)
2025-12-06 09:18:41.120 [org.springframework.kafka.KafkaListenerEndpointContainer#2-0-C-1] INFO  o.a.k.c.c.i.ConsumerCoordinator [node1:8080] - [Consumer clientId=consumer-notification-batch-consumer-1, groupId=notification-batch-consumer] Discovered group coordinator localhost:9093 (id: 2147482646 rack: null)
2025-12-06 09:18:41.121 [org.springframework.kafka.KafkaListenerEndpointContainer#2-0-C-1] INFO  o.a.k.c.c.i.ConsumerCoordinator [node1:8080] - [Consumer clientId=consumer-notification-batch-consumer-1, groupId=notification-batch-consumer] Group coordinator localhost:9093 (id: 2147482646 rack: null) is unavailable or invalid due to cause: coordinator unavailable.isDisconnected: false. Rediscovery will be attempted.
2025-12-06 09:18:41.226 [org.springframework.kafka.KafkaListenerEndpointContainer#1-0-C-1] INFO  o.a.k.c.c.i.ConsumerCoordinator [node1:8080] - [Consumer clientId=consumer-order-events-consumer-4, groupId=order-events-consumer] Discovered group coordinator localhost:9093 (id: 2147482646 rack: null)
2025-12-06 09:18:41.226 [org.springframework.kafka.KafkaListenerEndpointContainer#0-0-C-1] INFO  o.a.k.c.c.i.ConsumerCoordinator [node1:8080] - [Consumer clientId=consumer-user-events-consumer-3, groupId=user-events-consumer] Discovered group coordinator localhost:9093 (id: 2147482646 rack: null)
2025-12-06 09:18:41.226 [org.springframework.kafka.KafkaListenerEndpointContainer#3-0-C-1] INFO  o.a.k.c.c.i.ConsumerCoordinator [node1:8080] - [Consumer clientId=consumer-pattern-consumer-2, groupId=pattern-consumer] Discovered group coordinator localhost:9093 (id: 2147482646 rack: null)
2025-12-06 09:18:41.228 [org.springframework.kafka.KafkaListenerEndpointContainer#2-0-C-1] INFO  o.a.k.c.c.i.ConsumerCoordinator [node1:8080] - [Consumer clientId=consumer-notification-batch-consumer-1, groupId=notification-batch-consumer] Discovered group coordinator localhost:9093 (id: 2147482646 rack: null)
2025-12-06 09:19:06.330 [HikariPool-1 housekeeper] WARN  com.zaxxer.hikari.pool.HikariPool [node1:8080] - HikariPool-1 - Thread starvation or clock leap detected (housekeeper delta=9m47s481ms).
2025-12-06 09:28:50.004 [org.springframework.kafka.KafkaListenerEndpointContainer#2-0-C-1] INFO  o.a.k.clients.FetchSessionHandler [node1:8080] - [Consumer clientId=consumer-notification-batch-consumer-1, groupId=notification-batch-consumer] Error sending fetch request (sessionId=1388219548, epoch=190) to node 1001:
org.apache.kafka.common.errors.DisconnectException: null
2025-12-06 09:28:50.004 [org.springframework.kafka.KafkaListenerEndpointContainer#1-0-C-1] INFO  o.a.k.clients.FetchSessionHandler [node1:8080] - [Consumer clientId=consumer-order-events-consumer-4, groupId=order-events-consumer] Error sending fetch request (sessionId=226181763, epoch=190) to node 1001:
org.apache.kafka.common.errors.DisconnectException: null
2025-12-06 09:28:50.004 [org.springframework.kafka.KafkaListenerEndpointContainer#0-0-C-1] INFO  o.a.k.clients.FetchSessionHandler [node1:8080] - [Consumer clientId=consumer-user-events-consumer-3, groupId=user-events-consumer] Error sending fetch request (sessionId=1186376000, epoch=190) to node 1001:
org.apache.kafka.common.errors.DisconnectException: null
2025-12-06 09:28:50.004 [org.springframework.kafka.KafkaListenerEndpointContainer#3-0-C-1] INFO  o.a.k.clients.FetchSessionHandler [node1:8080] - [Consumer clientId=consumer-pattern-consumer-2, groupId=pattern-consumer] Error sending fetch request (sessionId=1206080892, epoch=190) to node 1001:
org.apache.kafka.common.errors.DisconnectException: null
2025-12-06 09:28:50.019 [kafka-coordinator-heartbeat-thread | order-events-consumer] INFO  o.a.k.c.c.i.ConsumerCoordinator [node1:8080] - [Consumer clientId=consumer-order-events-consumer-4, groupId=order-events-consumer] Group coordinator localhost:9093 (id: 2147482646 rack: null) is unavailable or invalid due to cause: session timed out without receiving a heartbeat response.isDisconnected: false. Rediscovery will be attempted.
2025-12-06 09:28:50.021 [kafka-coordinator-heartbeat-thread | pattern-consumer] INFO  o.a.k.c.c.i.ConsumerCoordinator [node1:8080] - [Consumer clientId=consumer-pattern-consumer-2, groupId=pattern-consumer] Group coordinator localhost:9093 (id: 2147482646 rack: null) is unavailable or invalid due to cause: session timed out without receiving a heartbeat response.isDisconnected: false. Rediscovery will be attempted.
2025-12-06 09:28:50.022 [kafka-coordinator-heartbeat-thread | user-events-consumer] INFO  o.a.k.c.c.i.ConsumerCoordinator [node1:8080] - [Consumer clientId=consumer-user-events-consumer-3, groupId=user-events-consumer] Group coordinator localhost:9093 (id: 2147482646 rack: null) is unavailable or invalid due to cause: session timed out without receiving a heartbeat response.isDisconnected: false. Rediscovery will be attempted.
2025-12-06 09:28:50.022 [kafka-coordinator-heartbeat-thread | notification-batch-consumer] INFO  o.a.k.c.c.i.ConsumerCoordinator [node1:8080] - [Consumer clientId=consumer-notification-batch-consumer-1, groupId=notification-batch-consumer] Group coordinator localhost:9093 (id: 2147482646 rack: null) is unavailable or invalid due to cause: session timed out without receiving a heartbeat response.isDisconnected: false. Rediscovery will be attempted.
2025-12-06 09:28:50.120 [org.springframework.kafka.KafkaListenerEndpointContainer#1-0-C-1] INFO  o.a.k.c.c.i.ConsumerCoordinator [node1:8080] - [Consumer clientId=consumer-order-events-consumer-4, groupId=order-events-consumer] Discovered group coordinator localhost:9093 (id: 2147482646 rack: null)
2025-12-06 09:28:50.120 [org.springframework.kafka.KafkaListenerEndpointContainer#3-0-C-1] INFO  o.a.k.c.c.i.ConsumerCoordinator [node1:8080] - [Consumer clientId=consumer-pattern-consumer-2, groupId=pattern-consumer] Discovered group coordinator localhost:9093 (id: 2147482646 rack: null)
2025-12-06 09:28:50.122 [org.springframework.kafka.KafkaListenerEndpointContainer#0-0-C-1] INFO  o.a.k.c.c.i.ConsumerCoordinator [node1:8080] - [Consumer clientId=consumer-user-events-consumer-3, groupId=user-events-consumer] Discovered group coordinator localhost:9093 (id: 2147482646 rack: null)
2025-12-06 09:28:50.121 [org.springframework.kafka.KafkaListenerEndpointContainer#2-0-C-1] INFO  o.a.k.c.c.i.ConsumerCoordinator [node1:8080] - [Consumer clientId=consumer-notification-batch-consumer-1, groupId=notification-batch-consumer] Discovered group coordinator localhost:9093 (id: 2147482646 rack: null)
2025-12-06 09:28:52.263 [HikariPool-1 housekeeper] WARN  com.zaxxer.hikari.pool.HikariPool [node1:8080] - HikariPool-1 - Thread starvation or clock leap detected (housekeeper delta=9m45s933ms).
2025-12-06 09:38:54.034 [kafka-coordinator-heartbeat-thread | pattern-consumer] INFO  o.a.k.c.c.i.ConsumerCoordinator [node1:8080] - [Consumer clientId=consumer-pattern-consumer-2, groupId=pattern-consumer] Group coordinator localhost:9093 (id: 2147482646 rack: null) is unavailable or invalid due to cause: session timed out without receiving a heartbeat response.isDisconnected: false. Rediscovery will be attempted.
2025-12-06 09:38:54.035 [kafka-coordinator-heartbeat-thread | user-events-consumer] INFO  o.a.k.c.c.i.ConsumerCoordinator [node1:8080] - [Consumer clientId=consumer-user-events-consumer-3, groupId=user-events-consumer] Group coordinator localhost:9093 (id: 2147482646 rack: null) is unavailable or invalid due to cause: session timed out without receiving a heartbeat response.isDisconnected: false. Rediscovery will be attempted.
2025-12-06 09:38:54.320 [kafka-coordinator-heartbeat-thread | order-events-consumer] INFO  o.a.k.c.c.i.ConsumerCoordinator [node1:8080] - [Consumer clientId=consumer-order-events-consumer-4, groupId=order-events-consumer] Group coordinator localhost:9093 (id: 2147482646 rack: null) is unavailable or invalid due to cause: session timed out without receiving a heartbeat response.isDisconnected: false. Rediscovery will be attempted.
2025-12-06 09:38:54.320 [org.springframework.kafka.KafkaListenerEndpointContainer#1-0-C-1] INFO  o.a.k.clients.FetchSessionHandler [node1:8080] - [Consumer clientId=consumer-order-events-consumer-4, groupId=order-events-consumer] Error sending fetch request (sessionId=186813803, epoch=93) to node 1001:
org.apache.kafka.common.errors.DisconnectException: null
2025-12-06 09:38:54.327 [kafka-coordinator-heartbeat-thread | notification-batch-consumer] INFO  o.a.k.c.c.i.ConsumerCoordinator [node1:8080] - [Consumer clientId=consumer-notification-batch-consumer-1, groupId=notification-batch-consumer] Group coordinator localhost:9093 (id: 2147482646 rack: null) is unavailable or invalid due to cause: session timed out without receiving a heartbeat response.isDisconnected: false. Rediscovery will be attempted.
2025-12-06 09:38:54.327 [org.springframework.kafka.KafkaListenerEndpointContainer#2-0-C-1] INFO  o.a.k.clients.FetchSessionHandler [node1:8080] - [Consumer clientId=consumer-notification-batch-consumer-1, groupId=notification-batch-consumer] Error sending fetch request (sessionId=1178216147, epoch=93) to node 1001:
org.apache.kafka.common.errors.DisconnectException: null
2025-12-06 09:38:55.104 [org.springframework.kafka.KafkaListenerEndpointContainer#0-0-C-1] INFO  o.a.k.c.c.i.ConsumerCoordinator [node1:8080] - [Consumer clientId=consumer-user-events-consumer-3, groupId=user-events-consumer] Discovered group coordinator localhost:9093 (id: 2147482646 rack: null)
2025-12-06 09:38:57.482 [org.springframework.kafka.KafkaListenerEndpointContainer#0-0-C-1] INFO  o.a.k.c.c.i.ConsumerCoordinator [node1:8080] - [Consumer clientId=consumer-user-events-consumer-3, groupId=user-events-consumer] Discovered group coordinator localhost:9093 (id: 2147482646 rack: null)
2025-12-06 09:38:57.500 [org.springframework.kafka.KafkaListenerEndpointContainer#3-0-C-1] INFO  o.a.k.c.c.i.ConsumerCoordinator [node1:8080] - [Consumer clientId=consumer-pattern-consumer-2, groupId=pattern-consumer] Discovered group coordinator localhost:9093 (id: 2147482646 rack: null)
2025-12-06 09:38:57.501 [org.springframework.kafka.KafkaListenerEndpointContainer#3-0-C-1] INFO  o.a.k.c.c.i.ConsumerCoordinator [node1:8080] - [Consumer clientId=consumer-pattern-consumer-2, groupId=pattern-consumer] Discovered group coordinator localhost:9093 (id: 2147482646 rack: null)
2025-12-06 09:38:57.515 [org.springframework.kafka.KafkaListenerEndpointContainer#1-0-C-1] INFO  o.a.k.c.c.i.ConsumerCoordinator [node1:8080] - [Consumer clientId=consumer-order-events-consumer-4, groupId=order-events-consumer] Discovered group coordinator localhost:9093 (id: 2147482646 rack: null)
2025-12-06 09:38:57.515 [org.springframework.kafka.KafkaListenerEndpointContainer#2-0-C-1] INFO  o.a.k.c.c.i.ConsumerCoordinator [node1:8080] - [Consumer clientId=consumer-notification-batch-consumer-1, groupId=notification-batch-consumer] Discovered group coordinator localhost:9093 (id: 2147482646 rack: null)
2025-12-06 09:39:09.854 [HikariPool-1 housekeeper] WARN  com.zaxxer.hikari.pool.HikariPool [node1:8080] - HikariPool-1 - Thread starvation or clock leap detected (housekeeper delta=9m47s583ms).
2025-12-06 09:49:01.006 [org.springframework.kafka.KafkaListenerEndpointContainer#3-0-C-1] INFO  o.a.k.clients.FetchSessionHandler [node1:8080] - [Consumer clientId=consumer-pattern-consumer-2, groupId=pattern-consumer] Error sending fetch request (sessionId=1000816235, epoch=187) to node 1001:
org.apache.kafka.common.errors.DisconnectException: null
2025-12-06 09:49:01.006 [org.springframework.kafka.KafkaListenerEndpointContainer#1-0-C-1] INFO  o.a.k.clients.FetchSessionHandler [node1:8080] - [Consumer clientId=consumer-order-events-consumer-4, groupId=order-events-consumer] Error sending fetch request (sessionId=2123579605, epoch=93) to node 1001:
org.apache.kafka.common.errors.DisconnectException: null
2025-12-06 09:49:01.006 [org.springframework.kafka.KafkaListenerEndpointContainer#2-0-C-1] INFO  o.a.k.clients.FetchSessionHandler [node1:8080] - [Consumer clientId=consumer-notification-batch-consumer-1, groupId=notification-batch-consumer] Error sending fetch request (sessionId=1844795179, epoch=93) to node 1001:
org.apache.kafka.common.errors.DisconnectException: null
2025-12-06 09:49:01.006 [org.springframework.kafka.KafkaListenerEndpointContainer#0-0-C-1] INFO  o.a.k.clients.FetchSessionHandler [node1:8080] - [Consumer clientId=consumer-user-events-consumer-3, groupId=user-events-consumer] Error sending fetch request (sessionId=45337209, epoch=187) to node 1001:
org.apache.kafka.common.errors.DisconnectException: null
2025-12-06 09:49:01.020 [kafka-coordinator-heartbeat-thread | order-events-consumer] INFO  o.a.k.c.c.i.ConsumerCoordinator [node1:8080] - [Consumer clientId=consumer-order-events-consumer-4, groupId=order-events-consumer] Group coordinator localhost:9093 (id: 2147482646 rack: null) is unavailable or invalid due to cause: session timed out without receiving a heartbeat response.isDisconnected: false. Rediscovery will be attempted.
2025-12-06 09:49:01.022 [kafka-coordinator-heartbeat-thread | notification-batch-consumer] INFO  o.a.k.c.c.i.ConsumerCoordinator [node1:8080] - [Consumer clientId=consumer-notification-batch-consumer-1, groupId=notification-batch-consumer] Group coordinator localhost:9093 (id: 2147482646 rack: null) is unavailable or invalid due to cause: session timed out without receiving a heartbeat response.isDisconnected: false. Rediscovery will be attempted.
2025-12-06 09:49:01.018 [kafka-coordinator-heartbeat-thread | user-events-consumer] INFO  o.a.k.c.c.i.ConsumerCoordinator [node1:8080] - [Consumer clientId=consumer-user-events-consumer-3, groupId=user-events-consumer] Group coordinator localhost:9093 (id: 2147482646 rack: null) is unavailable or invalid due to cause: session timed out without receiving a heartbeat response.isDisconnected: false. Rediscovery will be attempted.
2025-12-06 09:49:01.016 [kafka-coordinator-heartbeat-thread | pattern-consumer] INFO  o.a.k.c.c.i.ConsumerCoordinator [node1:8080] - [Consumer clientId=consumer-pattern-consumer-2, groupId=pattern-consumer] Group coordinator localhost:9093 (id: 2147482646 rack: null) is unavailable or invalid due to cause: session timed out without receiving a heartbeat response.isDisconnected: false. Rediscovery will be attempted.
2025-12-06 09:49:02.115 [org.springframework.kafka.KafkaListenerEndpointContainer#3-0-C-1] INFO  o.a.k.c.c.i.ConsumerCoordinator [node1:8080] - [Consumer clientId=consumer-pattern-consumer-2, groupId=pattern-consumer] Discovered group coordinator localhost:9093 (id: 2147482646 rack: null)
2025-12-06 09:49:02.115 [org.springframework.kafka.KafkaListenerEndpointContainer#1-0-C-1] INFO  o.a.k.c.c.i.ConsumerCoordinator [node1:8080] - [Consumer clientId=consumer-order-events-consumer-4, groupId=order-events-consumer] Discovered group coordinator localhost:9093 (id: 2147482646 rack: null)
2025-12-06 09:49:02.116 [org.springframework.kafka.KafkaListenerEndpointContainer#2-0-C-1] INFO  o.a.k.c.c.i.ConsumerCoordinator [node1:8080] - [Consumer clientId=consumer-notification-batch-consumer-1, groupId=notification-batch-consumer] Discovered group coordinator localhost:9093 (id: 2147482646 rack: null)
2025-12-06 09:49:02.122 [org.springframework.kafka.KafkaListenerEndpointContainer#0-0-C-1] INFO  o.a.k.c.c.i.ConsumerCoordinator [node1:8080] - [Consumer clientId=consumer-user-events-consumer-3, groupId=user-events-consumer] Discovered group coordinator localhost:9093 (id: 2147482646 rack: null)
2025-12-06 09:49:25.303 [HikariPool-1 housekeeper] WARN  com.zaxxer.hikari.pool.HikariPool [node1:8080] - HikariPool-1 - Thread starvation or clock leap detected (housekeeper delta=9m45s444ms).
2025-12-06 09:59:07.004 [org.springframework.kafka.KafkaListenerEndpointContainer#1-0-C-1] INFO  o.a.k.clients.FetchSessionHandler [node1:8080] - [Consumer clientId=consumer-order-events-consumer-4, groupId=order-events-consumer] Error sending fetch request (sessionId=992644346, epoch=92) to node 1001:
org.apache.kafka.common.errors.DisconnectException: null
2025-12-06 09:59:07.004 [org.springframework.kafka.KafkaListenerEndpointContainer#0-0-C-1] INFO  o.a.k.clients.FetchSessionHandler [node1:8080] - [Consumer clientId=consumer-user-events-consumer-3, groupId=user-events-consumer] Error sending fetch request (sessionId=415854230, epoch=92) to node 1001:
org.apache.kafka.common.errors.DisconnectException: null
2025-12-06 09:59:07.021 [org.springframework.kafka.KafkaListenerEndpointContainer#3-0-C-1] INFO  o.a.k.clients.FetchSessionHandler [node1:8080] - [Consumer clientId=consumer-pattern-consumer-2, groupId=pattern-consumer] Error sending fetch request (sessionId=881990539, epoch=92) to node 1001:
org.apache.kafka.common.errors.DisconnectException: null
2025-12-06 09:59:07.022 [kafka-coordinator-heartbeat-thread | order-events-consumer] INFO  o.a.k.c.c.i.ConsumerCoordinator [node1:8080] - [Consumer clientId=consumer-order-events-consumer-4, groupId=order-events-consumer] Group coordinator localhost:9093 (id: 2147482646 rack: null) is unavailable or invalid due to cause: session timed out without receiving a heartbeat response.isDisconnected: false. Rediscovery will be attempted.
2025-12-06 09:59:07.022 [kafka-coordinator-heartbeat-thread | pattern-consumer] INFO  o.a.k.c.c.i.ConsumerCoordinator [node1:8080] - [Consumer clientId=consumer-pattern-consumer-2, groupId=pattern-consumer] Group coordinator localhost:9093 (id: 2147482646 rack: null) is unavailable or invalid due to cause: session timed out without receiving a heartbeat response.isDisconnected: false. Rediscovery will be attempted.
2025-12-06 09:59:07.021 [org.springframework.kafka.KafkaListenerEndpointContainer#2-0-C-1] INFO  o.a.k.clients.FetchSessionHandler [node1:8080] - [Consumer clientId=consumer-notification-batch-consumer-1, groupId=notification-batch-consumer] Error sending fetch request (sessionId=1731557850, epoch=93) to node 1001:
org.apache.kafka.common.errors.DisconnectException: null
2025-12-06 09:59:07.023 [kafka-coordinator-heartbeat-thread | notification-batch-consumer] INFO  o.a.k.c.c.i.ConsumerCoordinator [node1:8080] - [Consumer clientId=consumer-notification-batch-consumer-1, groupId=notification-batch-consumer] Group coordinator localhost:9093 (id: 2147482646 rack: null) is unavailable or invalid due to cause: session timed out without receiving a heartbeat response.isDisconnected: false. Rediscovery will be attempted.
2025-12-06 09:59:07.023 [kafka-coordinator-heartbeat-thread | user-events-consumer] INFO  o.a.k.c.c.i.ConsumerCoordinator [node1:8080] - [Consumer clientId=consumer-user-events-consumer-3, groupId=user-events-consumer] Group coordinator localhost:9093 (id: 2147482646 rack: null) is unavailable or invalid due to cause: session timed out without receiving a heartbeat response.isDisconnected: false. Rediscovery will be attempted.
2025-12-06 09:59:07.124 [org.springframework.kafka.KafkaListenerEndpointContainer#3-0-C-1] INFO  o.a.k.c.c.i.ConsumerCoordinator [node1:8080] - [Consumer clientId=consumer-pattern-consumer-2, groupId=pattern-consumer] Discovered group coordinator localhost:9093 (id: 2147482646 rack: null)
2025-12-06 09:59:07.125 [org.springframework.kafka.KafkaListenerEndpointContainer#2-0-C-1] INFO  o.a.k.c.c.i.ConsumerCoordinator [node1:8080] - [Consumer clientId=consumer-notification-batch-consumer-1, groupId=notification-batch-consumer] Discovered group coordinator localhost:9093 (id: 2147482646 rack: null)
2025-12-06 09:59:07.129 [org.springframework.kafka.KafkaListenerEndpointContainer#1-0-C-1] INFO  o.a.k.c.c.i.ConsumerCoordinator [node1:8080] - [Consumer clientId=consumer-order-events-consumer-4, groupId=order-events-consumer] Discovered group coordinator localhost:9093 (id: 2147482646 rack: null)
2025-12-06 09:59:07.130 [org.springframework.kafka.KafkaListenerEndpointContainer#0-0-C-1] INFO  o.a.k.c.c.i.ConsumerCoordinator [node1:8080] - [Consumer clientId=consumer-user-events-consumer-3, groupId=user-events-consumer] Discovered group coordinator localhost:9093 (id: 2147482646 rack: null)
2025-12-06 09:59:10.177 [HikariPool-1 housekeeper] WARN  com.zaxxer.hikari.pool.HikariPool [node1:8080] - HikariPool-1 - Thread starvation or clock leap detected (housekeeper delta=9m44s874ms).
2025-12-06 10:09:14.006 [org.springframework.kafka.KafkaListenerEndpointContainer#0-0-C-1] INFO  o.a.k.clients.FetchSessionHandler [node1:8080] - [Consumer clientId=consumer-user-events-consumer-3, groupId=user-events-consumer] Error sending fetch request (sessionId=1244712858, epoch=96) to node 1001:
org.apache.kafka.common.errors.DisconnectException: null
2025-12-06 10:09:15.092 [org.springframework.kafka.KafkaListenerEndpointContainer#2-0-C-1] INFO  o.a.k.clients.FetchSessionHandler [node1:8080] - [Consumer clientId=consumer-notification-batch-consumer-1, groupId=notification-batch-consumer] Error sending fetch request (sessionId=1470796758, epoch=96) to node 1001:
org.apache.kafka.common.errors.DisconnectException: null
2025-12-06 10:09:14.006 [org.springframework.kafka.KafkaListenerEndpointContainer#1-0-C-1] INFO  o.a.k.clients.FetchSessionHandler [node1:8080] - [Consumer clientId=consumer-order-events-consumer-4, groupId=order-events-consumer] Error sending fetch request (sessionId=303585188, epoch=96) to node 1001:
org.apache.kafka.common.errors.DisconnectException: null
2025-12-06 10:09:15.093 [kafka-coordinator-heartbeat-thread | notification-batch-consumer] INFO  o.a.k.c.c.i.ConsumerCoordinator [node1:8080] - [Consumer clientId=consumer-notification-batch-consumer-1, groupId=notification-batch-consumer] Group coordinator localhost:9093 (id: 2147482646 rack: null) is unavailable or invalid due to cause: session timed out without receiving a heartbeat response.isDisconnected: false. Rediscovery will be attempted.
2025-12-06 10:09:15.093 [kafka-coordinator-heartbeat-thread | user-events-consumer] INFO  o.a.k.c.c.i.ConsumerCoordinator [node1:8080] - [Consumer clientId=consumer-user-events-consumer-3, groupId=user-events-consumer] Group coordinator localhost:9093 (id: 2147482646 rack: null) is unavailable or invalid due to cause: session timed out without receiving a heartbeat response.isDisconnected: false. Rediscovery will be attempted.
2025-12-06 10:09:15.093 [kafka-coordinator-heartbeat-thread | pattern-consumer] INFO  o.a.k.c.c.i.ConsumerCoordinator [node1:8080] - [Consumer clientId=consumer-pattern-consumer-2, groupId=pattern-consumer] Group coordinator localhost:9093 (id: 2147482646 rack: null) is unavailable or invalid due to cause: session timed out without receiving a heartbeat response.isDisconnected: false. Rediscovery will be attempted.
2025-12-06 10:09:15.093 [org.springframework.kafka.KafkaListenerEndpointContainer#3-0-C-1] INFO  o.a.k.clients.FetchSessionHandler [node1:8080] - [Consumer clientId=consumer-pattern-consumer-2, groupId=pattern-consumer] Error sending fetch request (sessionId=2114451561, epoch=96) to node 1001:
org.apache.kafka.common.errors.DisconnectException: null
2025-12-06 10:09:15.093 [kafka-coordinator-heartbeat-thread | order-events-consumer] INFO  o.a.k.c.c.i.ConsumerCoordinator [node1:8080] - [Consumer clientId=consumer-order-events-consumer-4, groupId=order-events-consumer] Group coordinator localhost:9093 (id: 2147482646 rack: null) is unavailable or invalid due to cause: session timed out without receiving a heartbeat response.isDisconnected: false. Rediscovery will be attempted.
2025-12-06 10:09:15.119 [org.springframework.kafka.KafkaListenerEndpointContainer#3-0-C-1] INFO  o.a.k.c.c.i.ConsumerCoordinator [node1:8080] - [Consumer clientId=consumer-pattern-consumer-2, groupId=pattern-consumer] Discovered group coordinator localhost:9093 (id: 2147482646 rack: null)
2025-12-06 10:09:15.119 [org.springframework.kafka.KafkaListenerEndpointContainer#0-0-C-1] INFO  o.a.k.c.c.i.ConsumerCoordinator [node1:8080] - [Consumer clientId=consumer-user-events-consumer-3, groupId=user-events-consumer] Discovered group coordinator localhost:9093 (id: 2147482646 rack: null)
2025-12-06 10:09:15.119 [org.springframework.kafka.KafkaListenerEndpointContainer#3-0-C-1] INFO  o.a.k.c.c.i.ConsumerCoordinator [node1:8080] - [Consumer clientId=consumer-pattern-consumer-2, groupId=pattern-consumer] Discovered group coordinator localhost:9093 (id: 2147482646 rack: null)
2025-12-06 10:09:15.119 [org.springframework.kafka.KafkaListenerEndpointContainer#3-0-C-1] INFO  o.a.k.c.c.i.ConsumerCoordinator [node1:8080] - [Consumer clientId=consumer-pattern-consumer-2, groupId=pattern-consumer] Group coordinator localhost:9093 (id: 2147482646 rack: null) is unavailable or invalid due to cause: coordinator unavailable.isDisconnected: false. Rediscovery will be attempted.
2025-12-06 10:09:15.119 [org.springframework.kafka.KafkaListenerEndpointContainer#2-0-C-1] INFO  o.a.k.c.c.i.ConsumerCoordinator [node1:8080] - [Consumer clientId=consumer-notification-batch-consumer-1, groupId=notification-batch-consumer] Discovered group coordinator localhost:9093 (id: 2147482646 rack: null)
2025-12-06 10:09:15.120 [org.springframework.kafka.KafkaListenerEndpointContainer#0-0-C-1] INFO  o.a.k.c.c.i.ConsumerCoordinator [node1:8080] - [Consumer clientId=consumer-user-events-consumer-3, groupId=user-events-consumer] Discovered group coordinator localhost:9093 (id: 2147482646 rack: null)
2025-12-06 10:09:15.121 [org.springframework.kafka.KafkaListenerEndpointContainer#0-0-C-1] INFO  o.a.k.c.c.i.ConsumerCoordinator [node1:8080] - [Consumer clientId=consumer-user-events-consumer-3, groupId=user-events-consumer] Group coordinator localhost:9093 (id: 2147482646 rack: null) is unavailable or invalid due to cause: coordinator unavailable.isDisconnected: false. Rediscovery will be attempted.
2025-12-06 10:09:15.121 [org.springframework.kafka.KafkaListenerEndpointContainer#1-0-C-1] INFO  o.a.k.c.c.i.ConsumerCoordinator [node1:8080] - [Consumer clientId=consumer-order-events-consumer-4, groupId=order-events-consumer] Discovered group coordinator localhost:9093 (id: 2147482646 rack: null)
2025-12-06 10:09:15.121 [org.springframework.kafka.KafkaListenerEndpointContainer#2-0-C-1] INFO  o.a.k.c.c.i.ConsumerCoordinator [node1:8080] - [Consumer clientId=consumer-notification-batch-consumer-1, groupId=notification-batch-consumer] Discovered group coordinator localhost:9093 (id: 2147482646 rack: null)
2025-12-06 10:09:15.121 [org.springframework.kafka.KafkaListenerEndpointContainer#2-0-C-1] INFO  o.a.k.c.c.i.ConsumerCoordinator [node1:8080] - [Consumer clientId=consumer-notification-batch-consumer-1, groupId=notification-batch-consumer] Group coordinator localhost:9093 (id: 2147482646 rack: null) is unavailable or invalid due to cause: coordinator unavailable.isDisconnected: false. Rediscovery will be attempted.
2025-12-06 10:09:15.124 [org.springframework.kafka.KafkaListenerEndpointContainer#1-0-C-1] INFO  o.a.k.c.c.i.ConsumerCoordinator [node1:8080] - [Consumer clientId=consumer-order-events-consumer-4, groupId=order-events-consumer] Discovered group coordinator localhost:9093 (id: 2147482646 rack: null)
2025-12-06 10:09:15.124 [org.springframework.kafka.KafkaListenerEndpointContainer#1-0-C-1] INFO  o.a.k.c.c.i.ConsumerCoordinator [node1:8080] - [Consumer clientId=consumer-order-events-consumer-4, groupId=order-events-consumer] Group coordinator localhost:9093 (id: 2147482646 rack: null) is unavailable or invalid due to cause: coordinator unavailable.isDisconnected: false. Rediscovery will be attempted.
2025-12-06 10:09:15.231 [org.springframework.kafka.KafkaListenerEndpointContainer#0-0-C-1] INFO  o.a.k.c.c.i.ConsumerCoordinator [node1:8080] - [Consumer clientId=consumer-user-events-consumer-3, groupId=user-events-consumer] Discovered group coordinator localhost:9093 (id: 2147482646 rack: null)
2025-12-06 10:09:15.231 [org.springframework.kafka.KafkaListenerEndpointContainer#3-0-C-1] INFO  o.a.k.c.c.i.ConsumerCoordinator [node1:8080] - [Consumer clientId=consumer-pattern-consumer-2, groupId=pattern-consumer] Discovered group coordinator localhost:9093 (id: 2147482646 rack: null)
2025-12-06 10:09:15.231 [org.springframework.kafka.KafkaListenerEndpointContainer#2-0-C-1] INFO  o.a.k.c.c.i.ConsumerCoordinator [node1:8080] - [Consumer clientId=consumer-notification-batch-consumer-1, groupId=notification-batch-consumer] Discovered group coordinator localhost:9093 (id: 2147482646 rack: null)
2025-12-06 10:09:15.236 [org.springframework.kafka.KafkaListenerEndpointContainer#1-0-C-1] INFO  o.a.k.c.c.i.ConsumerCoordinator [node1:8080] - [Consumer clientId=consumer-order-events-consumer-4, groupId=order-events-consumer] Discovered group coordinator localhost:9093 (id: 2147482646 rack: null)
2025-12-06 10:09:26.361 [HikariPool-1 housekeeper] WARN  com.zaxxer.hikari.pool.HikariPool [node1:8080] - HikariPool-1 - Thread starvation or clock leap detected (housekeeper delta=9m46s207ms).
2025-12-06 10:10:39.012 [org.springframework.kafka.KafkaListenerEndpointContainer#0-0-C-1] INFO  o.a.k.clients.FetchSessionHandler [node1:8080] - [Consumer clientId=consumer-user-events-consumer-3, groupId=user-events-consumer] Error sending fetch request (sessionId=372679851, epoch=92) to node 1001:
org.apache.kafka.common.errors.DisconnectException: null
2025-12-06 10:10:39.014 [org.springframework.kafka.KafkaListenerEndpointContainer#1-0-C-1] INFO  o.a.k.clients.FetchSessionHandler [node1:8080] - [Consumer clientId=consumer-order-events-consumer-4, groupId=order-events-consumer] Error sending fetch request (sessionId=1090725298, epoch=92) to node 1001:
org.apache.kafka.common.errors.DisconnectException: null
2025-12-06 10:10:39.015 [org.springframework.kafka.KafkaListenerEndpointContainer#2-0-C-1] INFO  o.a.k.clients.FetchSessionHandler [node1:8080] - [Consumer clientId=consumer-notification-batch-consumer-1, groupId=notification-batch-consumer] Error sending fetch request (sessionId=468070727, epoch=92) to node 1001:
org.apache.kafka.common.errors.DisconnectException: null
2025-12-06 10:10:39.016 [org.springframework.kafka.KafkaListenerEndpointContainer#3-0-C-1] INFO  o.a.k.clients.FetchSessionHandler [node1:8080] - [Consumer clientId=consumer-pattern-consumer-2, groupId=pattern-consumer] Error sending fetch request (sessionId=966910565, epoch=92) to node 1001:
org.apache.kafka.common.errors.DisconnectException: null
2025-12-06 10:11:01.144 [HikariPool-1 housekeeper] WARN  com.zaxxer.hikari.pool.HikariPool [node1:8080] - HikariPool-1 - Thread starvation or clock leap detected (housekeeper delta=1m4s774ms).
2025-12-06 10:21:12.116 [org.springframework.kafka.KafkaListenerEndpointContainer#1-0-C-1] INFO  o.a.k.clients.FetchSessionHandler [node1:8080] - [Consumer clientId=consumer-order-events-consumer-4, groupId=order-events-consumer] Error sending fetch request (sessionId=553048445, epoch=147) to node 1001:
org.apache.kafka.common.errors.DisconnectException: null
2025-12-06 10:21:12.120 [org.springframework.kafka.KafkaListenerEndpointContainer#0-0-C-1] INFO  o.a.k.clients.FetchSessionHandler [node1:8080] - [Consumer clientId=consumer-user-events-consumer-3, groupId=user-events-consumer] Error sending fetch request (sessionId=1757965248, epoch=147) to node 1001:
org.apache.kafka.common.errors.DisconnectException: null
2025-12-06 10:21:12.121 [org.springframework.kafka.KafkaListenerEndpointContainer#3-0-C-1] INFO  o.a.k.clients.FetchSessionHandler [node1:8080] - [Consumer clientId=consumer-pattern-consumer-2, groupId=pattern-consumer] Error sending fetch request (sessionId=1921851392, epoch=147) to node 1001:
org.apache.kafka.common.errors.DisconnectException: null
2025-12-06 10:21:12.122 [kafka-coordinator-heartbeat-thread | order-events-consumer] INFO  o.a.k.c.c.i.ConsumerCoordinator [node1:8080] - [Consumer clientId=consumer-order-events-consumer-4, groupId=order-events-consumer] Group coordinator localhost:9093 (id: 2147482646 rack: null) is unavailable or invalid due to cause: session timed out without receiving a heartbeat response.isDisconnected: false. Rediscovery will be attempted.
2025-12-06 10:21:12.123 [org.springframework.kafka.KafkaListenerEndpointContainer#2-0-C-1] INFO  o.a.k.clients.FetchSessionHandler [node1:8080] - [Consumer clientId=consumer-notification-batch-consumer-1, groupId=notification-batch-consumer] Error sending fetch request (sessionId=1228796158, epoch=147) to node 1001:
org.apache.kafka.common.errors.DisconnectException: null
2025-12-06 10:21:12.128 [kafka-coordinator-heartbeat-thread | user-events-consumer] INFO  o.a.k.c.c.i.ConsumerCoordinator [node1:8080] - [Consumer clientId=consumer-user-events-consumer-3, groupId=user-events-consumer] Group coordinator localhost:9093 (id: 2147482646 rack: null) is unavailable or invalid due to cause: session timed out without receiving a heartbeat response.isDisconnected: false. Rediscovery will be attempted.
2025-12-06 10:21:12.130 [kafka-coordinator-heartbeat-thread | pattern-consumer] INFO  o.a.k.c.c.i.ConsumerCoordinator [node1:8080] - [Consumer clientId=consumer-pattern-consumer-2, groupId=pattern-consumer] Group coordinator localhost:9093 (id: 2147482646 rack: null) is unavailable or invalid due to cause: session timed out without receiving a heartbeat response.isDisconnected: false. Rediscovery will be attempted.
2025-12-06 10:21:12.131 [kafka-coordinator-heartbeat-thread | notification-batch-consumer] INFO  o.a.k.c.c.i.ConsumerCoordinator [node1:8080] - [Consumer clientId=consumer-notification-batch-consumer-1, groupId=notification-batch-consumer] Group coordinator localhost:9093 (id: 2147482646 rack: null) is unavailable or invalid due to cause: session timed out without receiving a heartbeat response.isDisconnected: false. Rediscovery will be attempted.
2025-12-06 10:21:12.234 [org.springframework.kafka.KafkaListenerEndpointContainer#2-0-C-1] INFO  o.a.k.c.c.i.ConsumerCoordinator [node1:8080] - [Consumer clientId=consumer-notification-batch-consumer-1, groupId=notification-batch-consumer] Discovered group coordinator localhost:9093 (id: 2147482646 rack: null)
2025-12-06 10:21:12.243 [org.springframework.kafka.KafkaListenerEndpointContainer#2-0-C-1] INFO  o.a.k.c.c.i.ConsumerCoordinator [node1:8080] - [Consumer clientId=consumer-notification-batch-consumer-1, groupId=notification-batch-consumer] Discovered group coordinator localhost:9093 (id: 2147482646 rack: null)
2025-12-06 10:21:12.252 [org.springframework.kafka.KafkaListenerEndpointContainer#1-0-C-1] INFO  o.a.k.c.c.i.ConsumerCoordinator [node1:8080] - [Consumer clientId=consumer-order-events-consumer-4, groupId=order-events-consumer] Discovered group coordinator localhost:9093 (id: 2147482646 rack: null)
2025-12-06 10:21:12.252 [org.springframework.kafka.KafkaListenerEndpointContainer#0-0-C-1] INFO  o.a.k.c.c.i.ConsumerCoordinator [node1:8080] - [Consumer clientId=consumer-user-events-consumer-3, groupId=user-events-consumer] Discovered group coordinator localhost:9093 (id: 2147482646 rack: null)
2025-12-06 10:21:12.253 [org.springframework.kafka.KafkaListenerEndpointContainer#3-0-C-1] INFO  o.a.k.c.c.i.ConsumerCoordinator [node1:8080] - [Consumer clientId=consumer-pattern-consumer-2, groupId=pattern-consumer] Discovered group coordinator localhost:9093 (id: 2147482646 rack: null)
2025-12-06 10:21:12.266 [org.springframework.kafka.KafkaListenerEndpointContainer#1-0-C-1] INFO  o.a.k.c.c.i.ConsumerCoordinator [node1:8080] - [Consumer clientId=consumer-order-events-consumer-4, groupId=order-events-consumer] Discovered group coordinator localhost:9093 (id: 2147482646 rack: null)
2025-12-06 10:21:12.266 [org.springframework.kafka.KafkaListenerEndpointContainer#3-0-C-1] INFO  o.a.k.c.c.i.ConsumerCoordinator [node1:8080] - [Consumer clientId=consumer-pattern-consumer-2, groupId=pattern-consumer] Discovered group coordinator localhost:9093 (id: 2147482646 rack: null)
2025-12-06 10:21:12.266 [org.springframework.kafka.KafkaListenerEndpointContainer#0-0-C-1] INFO  o.a.k.c.c.i.ConsumerCoordinator [node1:8080] - [Consumer clientId=consumer-user-events-consumer-3, groupId=user-events-consumer] Discovered group coordinator localhost:9093 (id: 2147482646 rack: null)
2025-12-06 10:21:13.445 [HikariPool-1 housekeeper] WARN  com.zaxxer.hikari.pool.HikariPool [node1:8080] - HikariPool-1 - Thread starvation or clock leap detected (housekeeper delta=9m42s306ms).
2025-12-06 10:31:16.007 [org.springframework.kafka.KafkaListenerEndpointContainer#2-0-C-1] INFO  o.a.k.clients.FetchSessionHandler [node1:8080] - [Consumer clientId=consumer-notification-batch-consumer-1, groupId=notification-batch-consumer] Error sending fetch request (sessionId=620359705, epoch=91) to node 1001:
org.apache.kafka.common.errors.DisconnectException: null
2025-12-06 10:31:16.007 [org.springframework.kafka.KafkaListenerEndpointContainer#0-0-C-1] INFO  o.a.k.clients.FetchSessionHandler [node1:8080] - [Consumer clientId=consumer-user-events-consumer-3, groupId=user-events-consumer] Error sending fetch request (sessionId=401895411, epoch=91) to node 1001:
org.apache.kafka.common.errors.DisconnectException: null
2025-12-06 10:31:16.007 [org.springframework.kafka.KafkaListenerEndpointContainer#1-0-C-1] INFO  o.a.k.clients.FetchSessionHandler [node1:8080] - [Consumer clientId=consumer-order-events-consumer-4, groupId=order-events-consumer] Error sending fetch request (sessionId=1701721326, epoch=91) to node 1001:
org.apache.kafka.common.errors.DisconnectException: null
2025-12-06 10:31:16.007 [org.springframework.kafka.KafkaListenerEndpointContainer#3-0-C-1] INFO  o.a.k.clients.FetchSessionHandler [node1:8080] - [Consumer clientId=consumer-pattern-consumer-2, groupId=pattern-consumer] Error sending fetch request (sessionId=1871812227, epoch=91) to node 1001:
org.apache.kafka.common.errors.DisconnectException: null
2025-12-06 10:31:16.010 [kafka-coordinator-heartbeat-thread | user-events-consumer] INFO  o.a.k.c.c.i.ConsumerCoordinator [node1:8080] - [Consumer clientId=consumer-user-events-consumer-3, groupId=user-events-consumer] Group coordinator localhost:9093 (id: 2147482646 rack: null) is unavailable or invalid due to cause: session timed out without receiving a heartbeat response.isDisconnected: false. Rediscovery will be attempted.
2025-12-06 10:31:16.010 [kafka-coordinator-heartbeat-thread | order-events-consumer] INFO  o.a.k.c.c.i.ConsumerCoordinator [node1:8080] - [Consumer clientId=consumer-order-events-consumer-4, groupId=order-events-consumer] Group coordinator localhost:9093 (id: 2147482646 rack: null) is unavailable or invalid due to cause: session timed out without receiving a heartbeat response.isDisconnected: false. Rediscovery will be attempted.
2025-12-06 10:31:16.012 [kafka-coordinator-heartbeat-thread | pattern-consumer] INFO  o.a.k.c.c.i.ConsumerCoordinator [node1:8080] - [Consumer clientId=consumer-pattern-consumer-2, groupId=pattern-consumer] Group coordinator localhost:9093 (id: 2147482646 rack: null) is unavailable or invalid due to cause: session timed out without receiving a heartbeat response.isDisconnected: false. Rediscovery will be attempted.
2025-12-06 10:31:16.012 [kafka-coordinator-heartbeat-thread | notification-batch-consumer] INFO  o.a.k.c.c.i.ConsumerCoordinator [node1:8080] - [Consumer clientId=consumer-notification-batch-consumer-1, groupId=notification-batch-consumer] Group coordinator localhost:9093 (id: 2147482646 rack: null) is unavailable or invalid due to cause: session timed out without receiving a heartbeat response.isDisconnected: false. Rediscovery will be attempted.
2025-12-06 10:31:17.207 [org.springframework.kafka.KafkaListenerEndpointContainer#1-0-C-1] INFO  o.a.k.c.c.i.ConsumerCoordinator [node1:8080] - [Consumer clientId=consumer-order-events-consumer-4, groupId=order-events-consumer] Discovered group coordinator localhost:9093 (id: 2147482646 rack: null)
2025-12-06 10:31:17.210 [org.springframework.kafka.KafkaListenerEndpointContainer#3-0-C-1] INFO  o.a.k.c.c.i.ConsumerCoordinator [node1:8080] - [Consumer clientId=consumer-pattern-consumer-2, groupId=pattern-consumer] Discovered group coordinator localhost:9093 (id: 2147482646 rack: null)
2025-12-06 10:31:17.210 [org.springframework.kafka.KafkaListenerEndpointContainer#0-0-C-1] INFO  o.a.k.c.c.i.ConsumerCoordinator [node1:8080] - [Consumer clientId=consumer-user-events-consumer-3, groupId=user-events-consumer] Discovered group coordinator localhost:9093 (id: 2147482646 rack: null)
2025-12-06 10:31:17.210 [org.springframework.kafka.KafkaListenerEndpointContainer#2-0-C-1] INFO  o.a.k.c.c.i.ConsumerCoordinator [node1:8080] - [Consumer clientId=consumer-notification-batch-consumer-1, groupId=notification-batch-consumer] Discovered group coordinator localhost:9093 (id: 2147482646 rack: null)
2025-12-06 10:31:29.195 [HikariPool-1 housekeeper] WARN  com.zaxxer.hikari.pool.HikariPool [node1:8080] - HikariPool-1 - Thread starvation or clock leap detected (housekeeper delta=9m45s536ms).
2025-12-06 10:48:27.247 [HikariPool-1 housekeeper] WARN  com.zaxxer.hikari.pool.HikariPool [node1:8080] - HikariPool-1 - Retrograde clock change detected (housekeeper delta=28s11ms), soft-evicting connections from pool.
2025-12-06 10:58:17.026 [kafka-coordinator-heartbeat-thread | pattern-consumer] INFO  o.a.k.c.c.i.ConsumerCoordinator [node1:8080] - [Consumer clientId=consumer-pattern-consumer-2, groupId=pattern-consumer] Group coordinator localhost:9093 (id: 2147482646 rack: null) is unavailable or invalid due to cause: session timed out without receiving a heartbeat response.isDisconnected: false. Rediscovery will be attempted.
2025-12-06 10:58:17.031 [kafka-coordinator-heartbeat-thread | user-events-consumer] INFO  o.a.k.c.c.i.ConsumerCoordinator [node1:8080] - [Consumer clientId=consumer-user-events-consumer-3, groupId=user-events-consumer] Group coordinator localhost:9093 (id: 2147482646 rack: null) is unavailable or invalid due to cause: session timed out without receiving a heartbeat response.isDisconnected: false. Rediscovery will be attempted.
2025-12-06 10:58:17.031 [kafka-coordinator-heartbeat-thread | order-events-consumer] INFO  o.a.k.c.c.i.ConsumerCoordinator [node1:8080] - [Consumer clientId=consumer-order-events-consumer-4, groupId=order-events-consumer] Group coordinator localhost:9093 (id: 2147482646 rack: null) is unavailable or invalid due to cause: session timed out without receiving a heartbeat response.isDisconnected: false. Rediscovery will be attempted.
2025-12-06 10:58:17.025 [kafka-coordinator-heartbeat-thread | notification-batch-consumer] INFO  o.a.k.c.c.i.ConsumerCoordinator [node1:8080] - [Consumer clientId=consumer-notification-batch-consumer-1, groupId=notification-batch-consumer] Group coordinator localhost:9093 (id: 2147482646 rack: null) is unavailable or invalid due to cause: session timed out without receiving a heartbeat response.isDisconnected: false. Rediscovery will be attempted.
2025-12-06 10:58:18.144 [org.springframework.kafka.KafkaListenerEndpointContainer#1-0-C-1] INFO  o.a.k.c.c.i.ConsumerCoordinator [node1:8080] - [Consumer clientId=consumer-order-events-consumer-4, groupId=order-events-consumer] Discovered group coordinator localhost:9093 (id: 2147482646 rack: null)
2025-12-06 10:58:18.148 [org.springframework.kafka.KafkaListenerEndpointContainer#3-0-C-1] INFO  o.a.k.c.c.i.ConsumerCoordinator [node1:8080] - [Consumer clientId=consumer-pattern-consumer-2, groupId=pattern-consumer] Discovered group coordinator localhost:9093 (id: 2147482646 rack: null)
2025-12-06 10:58:18.163 [org.springframework.kafka.KafkaListenerEndpointContainer#2-0-C-1] INFO  o.a.k.c.c.i.ConsumerCoordinator [node1:8080] - [Consumer clientId=consumer-notification-batch-consumer-1, groupId=notification-batch-consumer] Discovered group coordinator localhost:9093 (id: 2147482646 rack: null)
2025-12-06 10:58:18.322 [org.springframework.kafka.KafkaListenerEndpointContainer#0-0-C-1] INFO  o.a.k.c.c.i.ConsumerCoordinator [node1:8080] - [Consumer clientId=consumer-user-events-consumer-3, groupId=user-events-consumer] Discovered group coordinator localhost:9093 (id: 2147482646 rack: null)
2025-12-06 10:58:18.322 [org.springframework.kafka.KafkaListenerEndpointContainer#1-0-C-1] INFO  o.a.k.c.c.i.ConsumerCoordinator [node1:8080] - [Consumer clientId=consumer-order-events-consumer-4, groupId=order-events-consumer] Discovered group coordinator localhost:9093 (id: 2147482646 rack: null)
2025-12-06 10:58:18.322 [org.springframework.kafka.KafkaListenerEndpointContainer#0-0-C-1] INFO  o.a.k.c.c.i.ConsumerCoordinator [node1:8080] - [Consumer clientId=consumer-user-events-consumer-3, groupId=user-events-consumer] Discovered group coordinator localhost:9093 (id: 2147482646 rack: null)
2025-12-06 10:58:20.604 [org.springframework.kafka.KafkaListenerEndpointContainer#2-0-C-1] INFO  o.a.k.c.c.i.ConsumerCoordinator [node1:8080] - [Consumer clientId=consumer-notification-batch-consumer-1, groupId=notification-batch-consumer] Discovered group coordinator localhost:9093 (id: 2147482646 rack: null)
2025-12-06 10:58:20.604 [org.springframework.kafka.KafkaListenerEndpointContainer#3-0-C-1] INFO  o.a.k.c.c.i.ConsumerCoordinator [node1:8080] - [Consumer clientId=consumer-pattern-consumer-2, groupId=pattern-consumer] Discovered group coordinator localhost:9093 (id: 2147482646 rack: null)
2025-12-06 10:58:45.080 [HikariPool-1 housekeeper] WARN  com.zaxxer.hikari.pool.HikariPool [node1:8080] - HikariPool-1 - Thread starvation or clock leap detected (housekeeper delta=9m47s827ms).
2025-12-06 11:08:34.004 [org.springframework.kafka.KafkaListenerEndpointContainer#1-0-C-1] INFO  o.a.k.clients.FetchSessionHandler [node1:8080] - [Consumer clientId=consumer-order-events-consumer-4, groupId=order-events-consumer] Error sending fetch request (sessionId=638052871, epoch=2217) to node 1001:
org.apache.kafka.common.errors.DisconnectException: null
2025-12-06 11:08:34.010 [org.springframework.kafka.KafkaListenerEndpointContainer#0-0-C-1] INFO  o.a.k.clients.FetchSessionHandler [node1:8080] - [Consumer clientId=consumer-user-events-consumer-3, groupId=user-events-consumer] Error sending fetch request (sessionId=1416037632, epoch=2217) to node 1001:
org.apache.kafka.common.errors.DisconnectException: null
2025-12-06 11:08:34.011 [kafka-coordinator-heartbeat-thread | order-events-consumer] INFO  o.a.k.c.c.i.ConsumerCoordinator [node1:8080] - [Consumer clientId=consumer-order-events-consumer-4, groupId=order-events-consumer] Group coordinator localhost:9093 (id: 2147482646 rack: null) is unavailable or invalid due to cause: session timed out without receiving a heartbeat response.isDisconnected: false. Rediscovery will be attempted.
2025-12-06 11:08:34.012 [kafka-coordinator-heartbeat-thread | user-events-consumer] INFO  o.a.k.c.c.i.ConsumerCoordinator [node1:8080] - [Consumer clientId=consumer-user-events-consumer-3, groupId=user-events-consumer] Group coordinator localhost:9093 (id: 2147482646 rack: null) is unavailable or invalid due to cause: session timed out without receiving a heartbeat response.isDisconnected: false. Rediscovery will be attempted.
2025-12-06 11:08:34.975 [kafka-coordinator-heartbeat-thread | notification-batch-consumer] INFO  o.a.k.c.c.i.ConsumerCoordinator [node1:8080] - [Consumer clientId=consumer-notification-batch-consumer-1, groupId=notification-batch-consumer] Group coordinator localhost:9093 (id: 2147482646 rack: null) is unavailable or invalid due to cause: session timed out without receiving a heartbeat response.isDisconnected: false. Rediscovery will be attempted.
2025-12-06 11:08:34.975 [org.springframework.kafka.KafkaListenerEndpointContainer#3-0-C-1] INFO  o.a.k.clients.FetchSessionHandler [node1:8080] - [Consumer clientId=consumer-pattern-consumer-2, groupId=pattern-consumer] Error sending fetch request (sessionId=1877495375, epoch=2217) to node 1001:
org.apache.kafka.common.errors.DisconnectException: null
2025-12-06 11:08:34.975 [kafka-coordinator-heartbeat-thread | pattern-consumer] INFO  o.a.k.c.c.i.ConsumerCoordinator [node1:8080] - [Consumer clientId=consumer-pattern-consumer-2, groupId=pattern-consumer] Group coordinator localhost:9093 (id: 2147482646 rack: null) is unavailable or invalid due to cause: session timed out without receiving a heartbeat response.isDisconnected: false. Rediscovery will be attempted.
2025-12-06 11:08:34.975 [org.springframework.kafka.KafkaListenerEndpointContainer#2-0-C-1] INFO  o.a.k.clients.FetchSessionHandler [node1:8080] - [Consumer clientId=consumer-notification-batch-consumer-1, groupId=notification-batch-consumer] Error sending fetch request (sessionId=492705336, epoch=2219) to node 1001:
org.apache.kafka.common.errors.DisconnectException: null
2025-12-06 11:08:35.212 [org.springframework.kafka.KafkaListenerEndpointContainer#3-0-C-1] INFO  o.a.k.c.c.i.ConsumerCoordinator [node1:8080] - [Consumer clientId=consumer-pattern-consumer-2, groupId=pattern-consumer] Discovered group coordinator localhost:9093 (id: 2147482646 rack: null)
2025-12-06 11:08:35.213 [org.springframework.kafka.KafkaListenerEndpointContainer#2-0-C-1] INFO  o.a.k.c.c.i.ConsumerCoordinator [node1:8080] - [Consumer clientId=consumer-notification-batch-consumer-1, groupId=notification-batch-consumer] Discovered group coordinator localhost:9093 (id: 2147482646 rack: null)
2025-12-06 11:08:35.215 [org.springframework.kafka.KafkaListenerEndpointContainer#3-0-C-1] INFO  o.a.k.c.c.i.ConsumerCoordinator [node1:8080] - [Consumer clientId=consumer-pattern-consumer-2, groupId=pattern-consumer] Discovered group coordinator localhost:9093 (id: 2147482646 rack: null)
2025-12-06 11:08:35.217 [org.springframework.kafka.KafkaListenerEndpointContainer#0-0-C-1] INFO  o.a.k.c.c.i.ConsumerCoordinator [node1:8080] - [Consumer clientId=consumer-user-events-consumer-3, groupId=user-events-consumer] Discovered group coordinator localhost:9093 (id: 2147482646 rack: null)
2025-12-06 11:08:35.217 [org.springframework.kafka.KafkaListenerEndpointContainer#2-0-C-1] INFO  o.a.k.c.c.i.ConsumerCoordinator [node1:8080] - [Consumer clientId=consumer-notification-batch-consumer-1, groupId=notification-batch-consumer] Discovered group coordinator localhost:9093 (id: 2147482646 rack: null)
2025-12-06 11:08:35.218 [org.springframework.kafka.KafkaListenerEndpointContainer#0-0-C-1] INFO  o.a.k.c.c.i.ConsumerCoordinator [node1:8080] - [Consumer clientId=consumer-user-events-consumer-3, groupId=user-events-consumer] Discovered group coordinator localhost:9093 (id: 2147482646 rack: null)
2025-12-06 11:08:35.230 [org.springframework.kafka.KafkaListenerEndpointContainer#1-0-C-1] INFO  o.a.k.c.c.i.ConsumerCoordinator [node1:8080] - [Consumer clientId=consumer-order-events-consumer-4, groupId=order-events-consumer] Discovered group coordinator localhost:9093 (id: 2147482646 rack: null)
2025-12-06 11:09:02.283 [HikariPool-1 housekeeper] WARN  com.zaxxer.hikari.pool.HikariPool [node1:8080] - HikariPool-1 - Thread starvation or clock leap detected (housekeeper delta=9m47s198ms).
2025-12-06 11:18:26.013 [org.springframework.kafka.KafkaListenerEndpointContainer#3-0-C-1] INFO  o.a.k.clients.FetchSessionHandler [node1:8080] - [Consumer clientId=consumer-pattern-consumer-2, groupId=pattern-consumer] Error sending fetch request (sessionId=1136858934, epoch=62) to node 1001:
org.apache.kafka.common.errors.DisconnectException: null
2025-12-06 11:18:26.013 [org.springframework.kafka.KafkaListenerEndpointContainer#2-0-C-1] INFO  o.a.k.clients.FetchSessionHandler [node1:8080] - [Consumer clientId=consumer-notification-batch-consumer-1, groupId=notification-batch-consumer] Error sending fetch request (sessionId=202770680, epoch=62) to node 1001:
org.apache.kafka.common.errors.DisconnectException: null
2025-12-06 11:18:26.013 [org.springframework.kafka.KafkaListenerEndpointContainer#1-0-C-1] INFO  o.a.k.clients.FetchSessionHandler [node1:8080] - [Consumer clientId=consumer-order-events-consumer-4, groupId=order-events-consumer] Error sending fetch request (sessionId=1675810752, epoch=62) to node 1001:
org.apache.kafka.common.errors.DisconnectException: null
2025-12-06 11:18:26.013 [org.springframework.kafka.KafkaListenerEndpointContainer#0-0-C-1] INFO  o.a.k.clients.FetchSessionHandler [node1:8080] - [Consumer clientId=consumer-user-events-consumer-3, groupId=user-events-consumer] Error sending fetch request (sessionId=1546426185, epoch=62) to node 1001:
org.apache.kafka.common.errors.DisconnectException: null
2025-12-06 11:18:26.016 [kafka-coordinator-heartbeat-thread | pattern-consumer] INFO  o.a.k.c.c.i.ConsumerCoordinator [node1:8080] - [Consumer clientId=consumer-pattern-consumer-2, groupId=pattern-consumer] Group coordinator localhost:9093 (id: 2147482646 rack: null) is unavailable or invalid due to cause: session timed out without receiving a heartbeat response.isDisconnected: false. Rediscovery will be attempted.
2025-12-06 11:18:26.016 [kafka-coordinator-heartbeat-thread | notification-batch-consumer] INFO  o.a.k.c.c.i.ConsumerCoordinator [node1:8080] - [Consumer clientId=consumer-notification-batch-consumer-1, groupId=notification-batch-consumer] Group coordinator localhost:9093 (id: 2147482646 rack: null) is unavailable or invalid due to cause: session timed out without receiving a heartbeat response.isDisconnected: false. Rediscovery will be attempted.
2025-12-06 11:18:26.016 [kafka-coordinator-heartbeat-thread | order-events-consumer] INFO  o.a.k.c.c.i.ConsumerCoordinator [node1:8080] - [Consumer clientId=consumer-order-events-consumer-4, groupId=order-events-consumer] Group coordinator localhost:9093 (id: 2147482646 rack: null) is unavailable or invalid due to cause: session timed out without receiving a heartbeat response.isDisconnected: false. Rediscovery will be attempted.
2025-12-06 11:18:26.020 [kafka-coordinator-heartbeat-thread | user-events-consumer] INFO  o.a.k.c.c.i.ConsumerCoordinator [node1:8080] - [Consumer clientId=consumer-user-events-consumer-3, groupId=user-events-consumer] Group coordinator localhost:9093 (id: 2147482646 rack: null) is unavailable or invalid due to cause: session timed out without receiving a heartbeat response.isDisconnected: false. Rediscovery will be attempted.
2025-12-06 11:18:27.144 [org.springframework.kafka.KafkaListenerEndpointContainer#2-0-C-1] INFO  o.a.k.c.c.i.ConsumerCoordinator [node1:8080] - [Consumer clientId=consumer-notification-batch-consumer-1, groupId=notification-batch-consumer] Discovered group coordinator localhost:9093 (id: 2147482646 rack: null)
2025-12-06 11:18:27.144 [org.springframework.kafka.KafkaListenerEndpointContainer#3-0-C-1] INFO  o.a.k.c.c.i.ConsumerCoordinator [node1:8080] - [Consumer clientId=consumer-pattern-consumer-2, groupId=pattern-consumer] Discovered group coordinator localhost:9093 (id: 2147482646 rack: null)
2025-12-06 11:18:27.144 [org.springframework.kafka.KafkaListenerEndpointContainer#1-0-C-1] INFO  o.a.k.c.c.i.ConsumerCoordinator [node1:8080] - [Consumer clientId=consumer-order-events-consumer-4, groupId=order-events-consumer] Discovered group coordinator localhost:9093 (id: 2147482646 rack: null)
2025-12-06 11:18:27.157 [org.springframework.kafka.KafkaListenerEndpointContainer#2-0-C-1] INFO  o.a.k.c.c.i.ConsumerCoordinator [node1:8080] - [Consumer clientId=consumer-notification-batch-consumer-1, groupId=notification-batch-consumer] Discovered group coordinator localhost:9093 (id: 2147482646 rack: null)
2025-12-06 11:18:27.158 [org.springframework.kafka.KafkaListenerEndpointContainer#0-0-C-1] INFO  o.a.k.c.c.i.ConsumerCoordinator [node1:8080] - [Consumer clientId=consumer-user-events-consumer-3, groupId=user-events-consumer] Discovered group coordinator localhost:9093 (id: 2147482646 rack: null)
2025-12-06 11:18:27.173 [org.springframework.kafka.KafkaListenerEndpointContainer#0-0-C-1] INFO  o.a.k.c.c.i.ConsumerCoordinator [node1:8080] - [Consumer clientId=consumer-user-events-consumer-3, groupId=user-events-consumer] Discovered group coordinator localhost:9093 (id: 2147482646 rack: null)
2025-12-06 11:18:47.630 [HikariPool-1 housekeeper] WARN  com.zaxxer.hikari.pool.HikariPool [node1:8080] - HikariPool-1 - Thread starvation or clock leap detected (housekeeper delta=9m45s347ms).
2025-12-06 11:28:17.007 [org.springframework.kafka.KafkaListenerEndpointContainer#0-0-C-1] INFO  o.a.k.clients.FetchSessionHandler [node1:8080] - [Consumer clientId=consumer-user-events-consumer-3, groupId=user-events-consumer] Error sending fetch request (sessionId=477370754, epoch=64) to node 1001:
org.apache.kafka.common.errors.DisconnectException: null
2025-12-06 11:28:17.008 [org.springframework.kafka.KafkaListenerEndpointContainer#1-0-C-1] INFO  o.a.k.clients.FetchSessionHandler [node1:8080] - [Consumer clientId=consumer-order-events-consumer-4, groupId=order-events-consumer] Error sending fetch request (sessionId=1866202320, epoch=64) to node 1001:
org.apache.kafka.common.errors.DisconnectException: null
2025-12-06 11:28:17.007 [org.springframework.kafka.KafkaListenerEndpointContainer#2-0-C-1] INFO  o.a.k.clients.FetchSessionHandler [node1:8080] - [Consumer clientId=consumer-notification-batch-consumer-1, groupId=notification-batch-consumer] Error sending fetch request (sessionId=403851465, epoch=64) to node 1001:
org.apache.kafka.common.errors.DisconnectException: null
2025-12-06 11:28:17.010 [kafka-coordinator-heartbeat-thread | user-events-consumer] INFO  o.a.k.c.c.i.ConsumerCoordinator [node1:8080] - [Consumer clientId=consumer-user-events-consumer-3, groupId=user-events-consumer] Group coordinator localhost:9093 (id: 2147482646 rack: null) is unavailable or invalid due to cause: session timed out without receiving a heartbeat response.isDisconnected: false. Rediscovery will be attempted.
2025-12-06 11:28:17.007 [org.springframework.kafka.KafkaListenerEndpointContainer#3-0-C-1] INFO  o.a.k.clients.FetchSessionHandler [node1:8080] - [Consumer clientId=consumer-pattern-consumer-2, groupId=pattern-consumer] Error sending fetch request (sessionId=812301552, epoch=64) to node 1001:
org.apache.kafka.common.errors.DisconnectException: null
2025-12-06 11:28:17.011 [kafka-coordinator-heartbeat-thread | order-events-consumer] INFO  o.a.k.c.c.i.ConsumerCoordinator [node1:8080] - [Consumer clientId=consumer-order-events-consumer-4, groupId=order-events-consumer] Group coordinator localhost:9093 (id: 2147482646 rack: null) is unavailable or invalid due to cause: session timed out without receiving a heartbeat response.isDisconnected: false. Rediscovery will be attempted.
2025-12-06 11:28:17.012 [kafka-coordinator-heartbeat-thread | pattern-consumer] INFO  o.a.k.c.c.i.ConsumerCoordinator [node1:8080] - [Consumer clientId=consumer-pattern-consumer-2, groupId=pattern-consumer] Group coordinator localhost:9093 (id: 2147482646 rack: null) is unavailable or invalid due to cause: session timed out without receiving a heartbeat response.isDisconnected: false. Rediscovery will be attempted.
2025-12-06 11:28:18.095 [kafka-coordinator-heartbeat-thread | notification-batch-consumer] INFO  o.a.k.c.c.i.ConsumerCoordinator [node1:8080] - [Consumer clientId=consumer-notification-batch-consumer-1, groupId=notification-batch-consumer] Group coordinator localhost:9093 (id: 2147482646 rack: null) is unavailable or invalid due to cause: session timed out without receiving a heartbeat response.isDisconnected: false. Rediscovery will be attempted.
2025-12-06 11:28:18.163 [org.springframework.kafka.KafkaListenerEndpointContainer#0-0-C-1] INFO  o.a.k.c.c.i.ConsumerCoordinator [node1:8080] - [Consumer clientId=consumer-user-events-consumer-3, groupId=user-events-consumer] Discovered group coordinator localhost:9093 (id: 2147482646 rack: null)
2025-12-06 11:28:18.166 [org.springframework.kafka.KafkaListenerEndpointContainer#0-0-C-1] INFO  o.a.k.c.c.i.ConsumerCoordinator [node1:8080] - [Consumer clientId=consumer-user-events-consumer-3, groupId=user-events-consumer] Discovered group coordinator localhost:9093 (id: 2147482646 rack: null)
2025-12-06 11:28:18.168 [org.springframework.kafka.KafkaListenerEndpointContainer#3-0-C-1] INFO  o.a.k.c.c.i.ConsumerCoordinator [node1:8080] - [Consumer clientId=consumer-pattern-consumer-2, groupId=pattern-consumer] Discovered group coordinator localhost:9093 (id: 2147482646 rack: null)
2025-12-06 11:28:18.168 [org.springframework.kafka.KafkaListenerEndpointContainer#1-0-C-1] INFO  o.a.k.c.c.i.ConsumerCoordinator [node1:8080] - [Consumer clientId=consumer-order-events-consumer-4, groupId=order-events-consumer] Discovered group coordinator localhost:9093 (id: 2147482646 rack: null)
2025-12-06 11:28:18.169 [org.springframework.kafka.KafkaListenerEndpointContainer#2-0-C-1] INFO  o.a.k.c.c.i.ConsumerCoordinator [node1:8080] - [Consumer clientId=consumer-notification-batch-consumer-1, groupId=notification-batch-consumer] Discovered group coordinator localhost:9093 (id: 2147482646 rack: null)
2025-12-06 11:28:18.176 [org.springframework.kafka.KafkaListenerEndpointContainer#1-0-C-1] INFO  o.a.k.c.c.i.ConsumerCoordinator [node1:8080] - [Consumer clientId=consumer-order-events-consumer-4, groupId=order-events-consumer] Discovered group coordinator localhost:9093 (id: 2147482646 rack: null)
2025-12-06 11:28:18.177 [org.springframework.kafka.KafkaListenerEndpointContainer#2-0-C-1] INFO  o.a.k.c.c.i.ConsumerCoordinator [node1:8080] - [Consumer clientId=consumer-notification-batch-consumer-1, groupId=notification-batch-consumer] Discovered group coordinator localhost:9093 (id: 2147482646 rack: null)
2025-12-06 11:28:32.745 [HikariPool-1 housekeeper] WARN  com.zaxxer.hikari.pool.HikariPool [node1:8080] - HikariPool-1 - Thread starvation or clock leap detected (housekeeper delta=9m45s115ms).
2025-12-06 11:38:08.010 [org.springframework.kafka.KafkaListenerEndpointContainer#2-0-C-1] INFO  o.a.k.clients.FetchSessionHandler [node1:8080] - [Consumer clientId=consumer-notification-batch-consumer-1, groupId=notification-batch-consumer] Error sending fetch request (sessionId=1608959883, epoch=63) to node 1001:
org.apache.kafka.common.errors.DisconnectException: null
2025-12-06 11:38:08.010 [org.springframework.kafka.KafkaListenerEndpointContainer#1-0-C-1] INFO  o.a.k.clients.FetchSessionHandler [node1:8080] - [Consumer clientId=consumer-order-events-consumer-4, groupId=order-events-consumer] Error sending fetch request (sessionId=1285896310, epoch=63) to node 1001:
org.apache.kafka.common.errors.DisconnectException: null
2025-12-06 11:38:08.011 [org.springframework.kafka.KafkaListenerEndpointContainer#3-0-C-1] INFO  o.a.k.clients.FetchSessionHandler [node1:8080] - [Consumer clientId=consumer-pattern-consumer-2, groupId=pattern-consumer] Error sending fetch request (sessionId=581910933, epoch=63) to node 1001:
org.apache.kafka.common.errors.DisconnectException: null
2025-12-06 11:38:08.015 [kafka-coordinator-heartbeat-thread | pattern-consumer] INFO  o.a.k.c.c.i.ConsumerCoordinator [node1:8080] - [Consumer clientId=consumer-pattern-consumer-2, groupId=pattern-consumer] Group coordinator localhost:9093 (id: 2147482646 rack: null) is unavailable or invalid due to cause: session timed out without receiving a heartbeat response.isDisconnected: false. Rediscovery will be attempted.
2025-12-06 11:38:08.015 [org.springframework.kafka.KafkaListenerEndpointContainer#0-0-C-1] INFO  o.a.k.clients.FetchSessionHandler [node1:8080] - [Consumer clientId=consumer-user-events-consumer-3, groupId=user-events-consumer] Error sending fetch request (sessionId=266318519, epoch=64) to node 1001:
org.apache.kafka.common.errors.DisconnectException: null
2025-12-06 11:38:08.015 [kafka-coordinator-heartbeat-thread | order-events-consumer] INFO  o.a.k.c.c.i.ConsumerCoordinator [node1:8080] - [Consumer clientId=consumer-order-events-consumer-4, groupId=order-events-consumer] Group coordinator localhost:9093 (id: 2147482646 rack: null) is unavailable or invalid due to cause: session timed out without receiving a heartbeat response.isDisconnected: false. Rediscovery will be attempted.
2025-12-06 11:38:08.015 [kafka-coordinator-heartbeat-thread | notification-batch-consumer] INFO  o.a.k.c.c.i.ConsumerCoordinator [node1:8080] - [Consumer clientId=consumer-notification-batch-consumer-1, groupId=notification-batch-consumer] Group coordinator localhost:9093 (id: 2147482646 rack: null) is unavailable or invalid due to cause: session timed out without receiving a heartbeat response.isDisconnected: false. Rediscovery will be attempted.
2025-12-06 11:38:08.016 [kafka-coordinator-heartbeat-thread | user-events-consumer] INFO  o.a.k.c.c.i.ConsumerCoordinator [node1:8080] - [Consumer clientId=consumer-user-events-consumer-3, groupId=user-events-consumer] Group coordinator localhost:9093 (id: 2147482646 rack: null) is unavailable or invalid due to cause: session timed out without receiving a heartbeat response.isDisconnected: false. Rediscovery will be attempted.
2025-12-06 11:38:08.122 [org.springframework.kafka.KafkaListenerEndpointContainer#1-0-C-1] INFO  o.a.k.c.c.i.ConsumerCoordinator [node1:8080] - [Consumer clientId=consumer-order-events-consumer-4, groupId=order-events-consumer] Discovered group coordinator localhost:9093 (id: 2147482646 rack: null)
2025-12-06 11:38:09.120 [org.springframework.kafka.KafkaListenerEndpointContainer#2-0-C-1] INFO  o.a.k.c.c.i.ConsumerCoordinator [node1:8080] - [Consumer clientId=consumer-notification-batch-consumer-1, groupId=notification-batch-consumer] Discovered group coordinator localhost:9093 (id: 2147482646 rack: null)
2025-12-06 11:38:09.121 [org.springframework.kafka.KafkaListenerEndpointContainer#2-0-C-1] INFO  o.a.k.c.c.i.ConsumerCoordinator [node1:8080] - [Consumer clientId=consumer-notification-batch-consumer-1, groupId=notification-batch-consumer] Discovered group coordinator localhost:9093 (id: 2147482646 rack: null)
2025-12-06 11:38:09.121 [org.springframework.kafka.KafkaListenerEndpointContainer#3-0-C-1] INFO  o.a.k.c.c.i.ConsumerCoordinator [node1:8080] - [Consumer clientId=consumer-pattern-consumer-2, groupId=pattern-consumer] Discovered group coordinator localhost:9093 (id: 2147482646 rack: null)
2025-12-06 11:38:09.165 [org.springframework.kafka.KafkaListenerEndpointContainer#0-0-C-1] INFO  o.a.k.c.c.i.ConsumerCoordinator [node1:8080] - [Consumer clientId=consumer-user-events-consumer-3, groupId=user-events-consumer] Discovered group coordinator localhost:9093 (id: 2147482646 rack: null)
2025-12-06 11:38:09.170 [org.springframework.kafka.KafkaListenerEndpointContainer#0-0-C-1] INFO  o.a.k.c.c.i.ConsumerCoordinator [node1:8080] - [Consumer clientId=consumer-user-events-consumer-3, groupId=user-events-consumer] Discovered group coordinator localhost:9093 (id: 2147482646 rack: null)
2025-12-06 11:38:17.889 [HikariPool-1 housekeeper] WARN  com.zaxxer.hikari.pool.HikariPool [node1:8080] - HikariPool-1 - Thread starvation or clock leap detected (housekeeper delta=9m45s144ms).
2025-12-06 11:47:58.009 [org.springframework.kafka.KafkaListenerEndpointContainer#0-0-C-1] INFO  o.a.k.clients.FetchSessionHandler [node1:8080] - [Consumer clientId=consumer-user-events-consumer-3, groupId=user-events-consumer] Error sending fetch request (sessionId=923333256, epoch=62) to node 1001:
org.apache.kafka.common.errors.DisconnectException: null
2025-12-06 11:47:58.009 [org.springframework.kafka.KafkaListenerEndpointContainer#1-0-C-1] INFO  o.a.k.clients.FetchSessionHandler [node1:8080] - [Consumer clientId=consumer-order-events-consumer-4, groupId=order-events-consumer] Error sending fetch request (sessionId=1365429707, epoch=62) to node 1001:
org.apache.kafka.common.errors.DisconnectException: null
2025-12-06 11:47:58.009 [org.springframework.kafka.KafkaListenerEndpointContainer#3-0-C-1] INFO  o.a.k.clients.FetchSessionHandler [node1:8080] - [Consumer clientId=consumer-pattern-consumer-2, groupId=pattern-consumer] Error sending fetch request (sessionId=1660047202, epoch=62) to node 1001:
org.apache.kafka.common.errors.DisconnectException: null
2025-12-06 11:47:59.162 [org.springframework.kafka.KafkaListenerEndpointContainer#2-0-C-1] INFO  o.a.k.clients.FetchSessionHandler [node1:8080] - [Consumer clientId=consumer-notification-batch-consumer-1, groupId=notification-batch-consumer] Error sending fetch request (sessionId=66333906, epoch=63) to node 1001:
org.apache.kafka.common.errors.DisconnectException: null
2025-12-06 11:47:59.163 [kafka-coordinator-heartbeat-thread | user-events-consumer] INFO  o.a.k.c.c.i.ConsumerCoordinator [node1:8080] - [Consumer clientId=consumer-user-events-consumer-3, groupId=user-events-consumer] Group coordinator localhost:9093 (id: 2147482646 rack: null) is unavailable or invalid due to cause: session timed out without receiving a heartbeat response.isDisconnected: false. Rediscovery will be attempted.
2025-12-06 11:47:59.163 [kafka-coordinator-heartbeat-thread | order-events-consumer] INFO  o.a.k.c.c.i.ConsumerCoordinator [node1:8080] - [Consumer clientId=consumer-order-events-consumer-4, groupId=order-events-consumer] Group coordinator localhost:9093 (id: 2147482646 rack: null) is unavailable or invalid due to cause: session timed out without receiving a heartbeat response.isDisconnected: false. Rediscovery will be attempted.
2025-12-06 11:47:59.164 [kafka-coordinator-heartbeat-thread | pattern-consumer] INFO  o.a.k.c.c.i.ConsumerCoordinator [node1:8080] - [Consumer clientId=consumer-pattern-consumer-2, groupId=pattern-consumer] Group coordinator localhost:9093 (id: 2147482646 rack: null) is unavailable or invalid due to cause: session timed out without receiving a heartbeat response.isDisconnected: false. Rediscovery will be attempted.
2025-12-06 11:47:59.164 [kafka-coordinator-heartbeat-thread | notification-batch-consumer] INFO  o.a.k.c.c.i.ConsumerCoordinator [node1:8080] - [Consumer clientId=consumer-notification-batch-consumer-1, groupId=notification-batch-consumer] Group coordinator localhost:9093 (id: 2147482646 rack: null) is unavailable or invalid due to cause: session timed out without receiving a heartbeat response.isDisconnected: false. Rediscovery will be attempted.
2025-12-06 11:47:59.219 [org.springframework.kafka.KafkaListenerEndpointContainer#3-0-C-1] INFO  o.a.k.c.c.i.ConsumerCoordinator [node1:8080] - [Consumer clientId=consumer-pattern-consumer-2, groupId=pattern-consumer] Discovered group coordinator localhost:9093 (id: 2147482646 rack: null)
2025-12-06 11:47:59.219 [org.springframework.kafka.KafkaListenerEndpointContainer#3-0-C-1] INFO  o.a.k.c.c.i.ConsumerCoordinator [node1:8080] - [Consumer clientId=consumer-pattern-consumer-2, groupId=pattern-consumer] Discovered group coordinator localhost:9093 (id: 2147482646 rack: null)
2025-12-06 11:47:59.222 [org.springframework.kafka.KafkaListenerEndpointContainer#0-0-C-1] INFO  o.a.k.c.c.i.ConsumerCoordinator [node1:8080] - [Consumer clientId=consumer-user-events-consumer-3, groupId=user-events-consumer] Discovered group coordinator localhost:9093 (id: 2147482646 rack: null)
2025-12-06 11:47:59.226 [org.springframework.kafka.KafkaListenerEndpointContainer#0-0-C-1] INFO  o.a.k.c.c.i.ConsumerCoordinator [node1:8080] - [Consumer clientId=consumer-user-events-consumer-3, groupId=user-events-consumer] Discovered group coordinator localhost:9093 (id: 2147482646 rack: null)
2025-12-06 11:47:59.232 [org.springframework.kafka.KafkaListenerEndpointContainer#2-0-C-1] INFO  o.a.k.c.c.i.ConsumerCoordinator [node1:8080] - [Consumer clientId=consumer-notification-batch-consumer-1, groupId=notification-batch-consumer] Discovered group coordinator localhost:9093 (id: 2147482646 rack: null)
2025-12-06 11:47:59.237 [org.springframework.kafka.KafkaListenerEndpointContainer#2-0-C-1] INFO  o.a.k.c.c.i.ConsumerCoordinator [node1:8080] - [Consumer clientId=consumer-notification-batch-consumer-1, groupId=notification-batch-consumer] Discovered group coordinator localhost:9093 (id: 2147482646 rack: null)
2025-12-06 11:47:59.241 [org.springframework.kafka.KafkaListenerEndpointContainer#1-0-C-1] INFO  o.a.k.c.c.i.ConsumerCoordinator [node1:8080] - [Consumer clientId=consumer-order-events-consumer-4, groupId=order-events-consumer] Discovered group coordinator localhost:9093 (id: 2147482646 rack: null)
2025-12-06 11:47:59.249 [org.springframework.kafka.KafkaListenerEndpointContainer#1-0-C-1] INFO  o.a.k.c.c.i.ConsumerCoordinator [node1:8080] - [Consumer clientId=consumer-order-events-consumer-4, groupId=order-events-consumer] Discovered group coordinator localhost:9093 (id: 2147482646 rack: null)
2025-12-06 11:48:03.315 [HikariPool-1 housekeeper] WARN  com.zaxxer.hikari.pool.HikariPool [node1:8080] - HikariPool-1 - Thread starvation or clock leap detected (housekeeper delta=9m45s426ms).
2025-12-06 11:57:49.008 [HikariPool-1 housekeeper] WARN  com.zaxxer.hikari.pool.HikariPool [node1:8080] - HikariPool-1 - Thread starvation or clock leap detected (housekeeper delta=9m45s693ms).
2025-12-06 11:57:49.009 [org.springframework.kafka.KafkaListenerEndpointContainer#2-0-C-1] INFO  o.a.k.clients.FetchSessionHandler [node1:8080] - [Consumer clientId=consumer-notification-batch-consumer-1, groupId=notification-batch-consumer] Error sending fetch request (sessionId=1300420952, epoch=63) to node 1001:
org.apache.kafka.common.errors.DisconnectException: null
2025-12-06 11:57:49.009 [org.springframework.kafka.KafkaListenerEndpointContainer#3-0-C-1] INFO  o.a.k.clients.FetchSessionHandler [node1:8080] - [Consumer clientId=consumer-pattern-consumer-2, groupId=pattern-consumer] Error sending fetch request (sessionId=1099329448, epoch=63) to node 1001:
org.apache.kafka.common.errors.DisconnectException: null
2025-12-06 11:57:49.009 [org.springframework.kafka.KafkaListenerEndpointContainer#0-0-C-1] INFO  o.a.k.clients.FetchSessionHandler [node1:8080] - [Consumer clientId=consumer-user-events-consumer-3, groupId=user-events-consumer] Error sending fetch request (sessionId=839411546, epoch=63) to node 1001:
org.apache.kafka.common.errors.DisconnectException: null
2025-12-06 11:57:49.009 [kafka-coordinator-heartbeat-thread | pattern-consumer] INFO  o.a.k.c.c.i.ConsumerCoordinator [node1:8080] - [Consumer clientId=consumer-pattern-consumer-2, groupId=pattern-consumer] Group coordinator localhost:9093 (id: 2147482646 rack: null) is unavailable or invalid due to cause: session timed out without receiving a heartbeat response.isDisconnected: false. Rediscovery will be attempted.
2025-12-06 11:57:49.009 [kafka-coordinator-heartbeat-thread | notification-batch-consumer] INFO  o.a.k.c.c.i.ConsumerCoordinator [node1:8080] - [Consumer clientId=consumer-notification-batch-consumer-1, groupId=notification-batch-consumer] Group coordinator localhost:9093 (id: 2147482646 rack: null) is unavailable or invalid due to cause: session timed out without receiving a heartbeat response.isDisconnected: false. Rediscovery will be attempted.
2025-12-06 11:57:49.009 [org.springframework.kafka.KafkaListenerEndpointContainer#1-0-C-1] INFO  o.a.k.clients.FetchSessionHandler [node1:8080] - [Consumer clientId=consumer-order-events-consumer-4, groupId=order-events-consumer] Error sending fetch request (sessionId=1479193726, epoch=62) to node 1001:
org.apache.kafka.common.errors.DisconnectException: null
2025-12-06 11:57:49.013 [kafka-coordinator-heartbeat-thread | user-events-consumer] INFO  o.a.k.c.c.i.ConsumerCoordinator [node1:8080] - [Consumer clientId=consumer-user-events-consumer-3, groupId=user-events-consumer] Group coordinator localhost:9093 (id: 2147482646 rack: null) is unavailable or invalid due to cause: session timed out without receiving a heartbeat response.isDisconnected: false. Rediscovery will be attempted.
2025-12-06 11:57:49.014 [kafka-coordinator-heartbeat-thread | order-events-consumer] INFO  o.a.k.c.c.i.ConsumerCoordinator [node1:8080] - [Consumer clientId=consumer-order-events-consumer-4, groupId=order-events-consumer] Group coordinator localhost:9093 (id: 2147482646 rack: null) is unavailable or invalid due to cause: session timed out without receiving a heartbeat response.isDisconnected: false. Rediscovery will be attempted.
2025-12-06 11:57:50.150 [org.springframework.kafka.KafkaListenerEndpointContainer#3-0-C-1] INFO  o.a.k.c.c.i.ConsumerCoordinator [node1:8080] - [Consumer clientId=consumer-pattern-consumer-2, groupId=pattern-consumer] Discovered group coordinator localhost:9093 (id: 2147482646 rack: null)
2025-12-06 11:57:50.158 [org.springframework.kafka.KafkaListenerEndpointContainer#2-0-C-1] INFO  o.a.k.c.c.i.ConsumerCoordinator [node1:8080] - [Consumer clientId=consumer-notification-batch-consumer-1, groupId=notification-batch-consumer] Discovered group coordinator localhost:9093 (id: 2147482646 rack: null)
2025-12-06 11:57:50.159 [org.springframework.kafka.KafkaListenerEndpointContainer#1-0-C-1] INFO  o.a.k.c.c.i.ConsumerCoordinator [node1:8080] - [Consumer clientId=consumer-order-events-consumer-4, groupId=order-events-consumer] Discovered group coordinator localhost:9093 (id: 2147482646 rack: null)
2025-12-06 11:57:50.165 [org.springframework.kafka.KafkaListenerEndpointContainer#2-0-C-1] INFO  o.a.k.c.c.i.ConsumerCoordinator [node1:8080] - [Consumer clientId=consumer-notification-batch-consumer-1, groupId=notification-batch-consumer] Discovered group coordinator localhost:9093 (id: 2147482646 rack: null)
2025-12-06 11:57:50.165 [org.springframework.kafka.KafkaListenerEndpointContainer#0-0-C-1] INFO  o.a.k.c.c.i.ConsumerCoordinator [node1:8080] - [Consumer clientId=consumer-user-events-consumer-3, groupId=user-events-consumer] Discovered group coordinator localhost:9093 (id: 2147482646 rack: null)
2025-12-06 12:07:42.003 [org.springframework.kafka.KafkaListenerEndpointContainer#0-0-C-1] INFO  o.a.k.clients.FetchSessionHandler [node1:8080] - [Consumer clientId=consumer-user-events-consumer-3, groupId=user-events-consumer] Error sending fetch request (sessionId=119182140, epoch=63) to node 1001:
org.apache.kafka.common.errors.DisconnectException: null
2025-12-06 12:07:42.003 [org.springframework.kafka.KafkaListenerEndpointContainer#2-0-C-1] INFO  o.a.k.clients.FetchSessionHandler [node1:8080] - [Consumer clientId=consumer-notification-batch-consumer-1, groupId=notification-batch-consumer] Error sending fetch request (sessionId=475660633, epoch=63) to node 1001:
org.apache.kafka.common.errors.DisconnectException: null
2025-12-06 12:07:42.003 [org.springframework.kafka.KafkaListenerEndpointContainer#1-0-C-1] INFO  o.a.k.clients.FetchSessionHandler [node1:8080] - [Consumer clientId=consumer-order-events-consumer-4, groupId=order-events-consumer] Error sending fetch request (sessionId=27563548, epoch=63) to node 1001:
org.apache.kafka.common.errors.DisconnectException: null
2025-12-06 12:07:42.006 [kafka-coordinator-heartbeat-thread | order-events-consumer] INFO  o.a.k.c.c.i.ConsumerCoordinator [node1:8080] - [Consumer clientId=consumer-order-events-consumer-4, groupId=order-events-consumer] Group coordinator localhost:9093 (id: 2147482646 rack: null) is unavailable or invalid due to cause: session timed out without receiving a heartbeat response.isDisconnected: false. Rediscovery will be attempted.
2025-12-06 12:07:42.007 [kafka-coordinator-heartbeat-thread | pattern-consumer] INFO  o.a.k.c.c.i.ConsumerCoordinator [node1:8080] - [Consumer clientId=consumer-pattern-consumer-2, groupId=pattern-consumer] Group coordinator localhost:9093 (id: 2147482646 rack: null) is unavailable or invalid due to cause: session timed out without receiving a heartbeat response.isDisconnected: false. Rediscovery will be attempted.
2025-12-06 12:07:42.008 [kafka-coordinator-heartbeat-thread | notification-batch-consumer] INFO  o.a.k.c.c.i.ConsumerCoordinator [node1:8080] - [Consumer clientId=consumer-notification-batch-consumer-1, groupId=notification-batch-consumer] Group coordinator localhost:9093 (id: 2147482646 rack: null) is unavailable or invalid due to cause: session timed out without receiving a heartbeat response.isDisconnected: false. Rediscovery will be attempted.
2025-12-06 12:07:42.008 [kafka-coordinator-heartbeat-thread | user-events-consumer] INFO  o.a.k.c.c.i.ConsumerCoordinator [node1:8080] - [Consumer clientId=consumer-user-events-consumer-3, groupId=user-events-consumer] Group coordinator localhost:9093 (id: 2147482646 rack: null) is unavailable or invalid due to cause: session timed out without receiving a heartbeat response.isDisconnected: false. Rediscovery will be attempted.
2025-12-06 12:07:42.003 [org.springframework.kafka.KafkaListenerEndpointContainer#3-0-C-1] INFO  o.a.k.clients.FetchSessionHandler [node1:8080] - [Consumer clientId=consumer-pattern-consumer-2, groupId=pattern-consumer] Error sending fetch request (sessionId=109807517, epoch=63) to node 1001:
org.apache.kafka.common.errors.DisconnectException: null
2025-12-06 12:07:43.140 [org.springframework.kafka.KafkaListenerEndpointContainer#2-0-C-1] INFO  o.a.k.c.c.i.ConsumerCoordinator [node1:8080] - [Consumer clientId=consumer-notification-batch-consumer-1, groupId=notification-batch-consumer] Discovered group coordinator localhost:9093 (id: 2147482646 rack: null)
2025-12-06 12:07:43.142 [org.springframework.kafka.KafkaListenerEndpointContainer#0-0-C-1] INFO  o.a.k.c.c.i.ConsumerCoordinator [node1:8080] - [Consumer clientId=consumer-user-events-consumer-3, groupId=user-events-consumer] Discovered group coordinator localhost:9093 (id: 2147482646 rack: null)
2025-12-06 12:07:43.143 [org.springframework.kafka.KafkaListenerEndpointContainer#1-0-C-1] INFO  o.a.k.c.c.i.ConsumerCoordinator [node1:8080] - [Consumer clientId=consumer-order-events-consumer-4, groupId=order-events-consumer] Discovered group coordinator localhost:9093 (id: 2147482646 rack: null)
2025-12-06 12:07:43.143 [org.springframework.kafka.KafkaListenerEndpointContainer#3-0-C-1] INFO  o.a.k.c.c.i.ConsumerCoordinator [node1:8080] - [Consumer clientId=consumer-pattern-consumer-2, groupId=pattern-consumer] Discovered group coordinator localhost:9093 (id: 2147482646 rack: null)
2025-12-06 12:07:43.146 [org.springframework.kafka.KafkaListenerEndpointContainer#3-0-C-1] INFO  o.a.k.c.c.i.ConsumerCoordinator [node1:8080] - [Consumer clientId=consumer-pattern-consumer-2, groupId=pattern-consumer] Discovered group coordinator localhost:9093 (id: 2147482646 rack: null)
2025-12-06 12:07:43.155 [org.springframework.kafka.KafkaListenerEndpointContainer#2-0-C-1] INFO  o.a.k.c.c.i.ConsumerCoordinator [node1:8080] - [Consumer clientId=consumer-notification-batch-consumer-1, groupId=notification-batch-consumer] Discovered group coordinator localhost:9093 (id: 2147482646 rack: null)
2025-12-06 12:07:43.162 [org.springframework.kafka.KafkaListenerEndpointContainer#0-0-C-1] INFO  o.a.k.c.c.i.ConsumerCoordinator [node1:8080] - [Consumer clientId=consumer-user-events-consumer-3, groupId=user-events-consumer] Discovered group coordinator localhost:9093 (id: 2147482646 rack: null)
2025-12-06 12:07:43.165 [org.springframework.kafka.KafkaListenerEndpointContainer#1-0-C-1] INFO  o.a.k.c.c.i.ConsumerCoordinator [node1:8080] - [Consumer clientId=consumer-order-events-consumer-4, groupId=order-events-consumer] Discovered group coordinator localhost:9093 (id: 2147482646 rack: null)
2025-12-06 12:08:07.434 [HikariPool-1 housekeeper] WARN  com.zaxxer.hikari.pool.HikariPool [node1:8080] - HikariPool-1 - Thread starvation or clock leap detected (housekeeper delta=9m47s971ms).
2025-12-06 12:17:33.005 [org.springframework.kafka.KafkaListenerEndpointContainer#0-0-C-1] INFO  o.a.k.clients.FetchSessionHandler [node1:8080] - [Consumer clientId=consumer-user-events-consumer-3, groupId=user-events-consumer] Error sending fetch request (sessionId=1443663035, epoch=63) to node 1001:
org.apache.kafka.common.errors.DisconnectException: null
2025-12-06 12:17:33.007 [org.springframework.kafka.KafkaListenerEndpointContainer#2-0-C-1] INFO  o.a.k.clients.FetchSessionHandler [node1:8080] - [Consumer clientId=consumer-notification-batch-consumer-1, groupId=notification-batch-consumer] Error sending fetch request (sessionId=657974810, epoch=64) to node 1001:
org.apache.kafka.common.errors.DisconnectException: null
2025-12-06 12:17:33.009 [kafka-coordinator-heartbeat-thread | order-events-consumer] INFO  o.a.k.c.c.i.ConsumerCoordinator [node1:8080] - [Consumer clientId=consumer-order-events-consumer-4, groupId=order-events-consumer] Group coordinator localhost:9093 (id: 2147482646 rack: null) is unavailable or invalid due to cause: session timed out without receiving a heartbeat response.isDisconnected: false. Rediscovery will be attempted.
2025-12-06 12:17:33.005 [org.springframework.kafka.KafkaListenerEndpointContainer#3-0-C-1] INFO  o.a.k.clients.FetchSessionHandler [node1:8080] - [Consumer clientId=consumer-pattern-consumer-2, groupId=pattern-consumer] Error sending fetch request (sessionId=2039544848, epoch=64) to node 1001:
org.apache.kafka.common.errors.DisconnectException: null
2025-12-06 12:17:33.007 [kafka-coordinator-heartbeat-thread | user-events-consumer] INFO  o.a.k.c.c.i.ConsumerCoordinator [node1:8080] - [Consumer clientId=consumer-user-events-consumer-3, groupId=user-events-consumer] Group coordinator localhost:9093 (id: 2147482646 rack: null) is unavailable or invalid due to cause: session timed out without receiving a heartbeat response.isDisconnected: false. Rediscovery will be attempted.
2025-12-06 12:17:33.009 [kafka-coordinator-heartbeat-thread | pattern-consumer] INFO  o.a.k.c.c.i.ConsumerCoordinator [node1:8080] - [Consumer clientId=consumer-pattern-consumer-2, groupId=pattern-consumer] Group coordinator localhost:9093 (id: 2147482646 rack: null) is unavailable or invalid due to cause: session timed out without receiving a heartbeat response.isDisconnected: false. Rediscovery will be attempted.
2025-12-06 12:17:33.009 [kafka-coordinator-heartbeat-thread | notification-batch-consumer] INFO  o.a.k.c.c.i.ConsumerCoordinator [node1:8080] - [Consumer clientId=consumer-notification-batch-consumer-1, groupId=notification-batch-consumer] Group coordinator localhost:9093 (id: 2147482646 rack: null) is unavailable or invalid due to cause: session timed out without receiving a heartbeat response.isDisconnected: false. Rediscovery will be attempted.
2025-12-06 12:17:34.091 [org.springframework.kafka.KafkaListenerEndpointContainer#1-0-C-1] INFO  o.a.k.clients.FetchSessionHandler [node1:8080] - [Consumer clientId=consumer-order-events-consumer-4, groupId=order-events-consumer] Error sending fetch request (sessionId=201102354, epoch=63) to node 1001:
org.apache.kafka.common.errors.DisconnectException: null
2025-12-06 12:17:34.141 [org.springframework.kafka.KafkaListenerEndpointContainer#2-0-C-1] INFO  o.a.k.c.c.i.ConsumerCoordinator [node1:8080] - [Consumer clientId=consumer-notification-batch-consumer-1, groupId=notification-batch-consumer] Discovered group coordinator localhost:9093 (id: 2147482646 rack: null)
2025-12-06 12:17:34.146 [org.springframework.kafka.KafkaListenerEndpointContainer#3-0-C-1] INFO  o.a.k.c.c.i.ConsumerCoordinator [node1:8080] - [Consumer clientId=consumer-pattern-consumer-2, groupId=pattern-consumer] Discovered group coordinator localhost:9093 (id: 2147482646 rack: null)
2025-12-06 12:17:34.148 [org.springframework.kafka.KafkaListenerEndpointContainer#1-0-C-1] INFO  o.a.k.c.c.i.ConsumerCoordinator [node1:8080] - [Consumer clientId=consumer-order-events-consumer-4, groupId=order-events-consumer] Discovered group coordinator localhost:9093 (id: 2147482646 rack: null)
2025-12-06 12:17:34.155 [org.springframework.kafka.KafkaListenerEndpointContainer#1-0-C-1] INFO  o.a.k.c.c.i.ConsumerCoordinator [node1:8080] - [Consumer clientId=consumer-order-events-consumer-4, groupId=order-events-consumer] Discovered group coordinator localhost:9093 (id: 2147482646 rack: null)
2025-12-06 12:17:34.159 [org.springframework.kafka.KafkaListenerEndpointContainer#0-0-C-1] INFO  o.a.k.c.c.i.ConsumerCoordinator [node1:8080] - [Consumer clientId=consumer-user-events-consumer-3, groupId=user-events-consumer] Discovered group coordinator localhost:9093 (id: 2147482646 rack: null)
2025-12-06 12:17:50.689 [HikariPool-1 housekeeper] WARN  com.zaxxer.hikari.pool.HikariPool [node1:8080] - HikariPool-1 - Thread starvation or clock leap detected (housekeeper delta=9m43s255ms).
2025-12-06 12:27:22.032 [kafka-coordinator-heartbeat-thread | order-events-consumer] INFO  o.a.k.c.c.i.ConsumerCoordinator [node1:8080] - [Consumer clientId=consumer-order-events-consumer-4, groupId=order-events-consumer] Group coordinator localhost:9093 (id: 2147482646 rack: null) is unavailable or invalid due to cause: session timed out without receiving a heartbeat response.isDisconnected: false. Rediscovery will be attempted.
2025-12-06 12:27:22.035 [kafka-coordinator-heartbeat-thread | notification-batch-consumer] INFO  o.a.k.c.c.i.ConsumerCoordinator [node1:8080] - [Consumer clientId=consumer-notification-batch-consumer-1, groupId=notification-batch-consumer] Group coordinator localhost:9093 (id: 2147482646 rack: null) is unavailable or invalid due to cause: session timed out without receiving a heartbeat response.isDisconnected: false. Rediscovery will be attempted.
2025-12-06 12:27:22.035 [kafka-coordinator-heartbeat-thread | user-events-consumer] INFO  o.a.k.c.c.i.ConsumerCoordinator [node1:8080] - [Consumer clientId=consumer-user-events-consumer-3, groupId=user-events-consumer] Group coordinator localhost:9093 (id: 2147482646 rack: null) is unavailable or invalid due to cause: session timed out without receiving a heartbeat response.isDisconnected: false. Rediscovery will be attempted.
2025-12-06 12:27:22.035 [kafka-coordinator-heartbeat-thread | pattern-consumer] INFO  o.a.k.c.c.i.ConsumerCoordinator [node1:8080] - [Consumer clientId=consumer-pattern-consumer-2, groupId=pattern-consumer] Group coordinator localhost:9093 (id: 2147482646 rack: null) is unavailable or invalid due to cause: session timed out without receiving a heartbeat response.isDisconnected: false. Rediscovery will be attempted.
2025-12-06 12:27:23.148 [org.springframework.kafka.KafkaListenerEndpointContainer#2-0-C-1] INFO  o.a.k.c.c.i.ConsumerCoordinator [node1:8080] - [Consumer clientId=consumer-notification-batch-consumer-1, groupId=notification-batch-consumer] Discovered group coordinator localhost:9093 (id: 2147482646 rack: null)
2025-12-06 12:27:23.148 [org.springframework.kafka.KafkaListenerEndpointContainer#1-0-C-1] INFO  o.a.k.c.c.i.ConsumerCoordinator [node1:8080] - [Consumer clientId=consumer-order-events-consumer-4, groupId=order-events-consumer] Discovered group coordinator localhost:9093 (id: 2147482646 rack: null)
2025-12-06 12:27:23.148 [org.springframework.kafka.KafkaListenerEndpointContainer#3-0-C-1] INFO  o.a.k.c.c.i.ConsumerCoordinator [node1:8080] - [Consumer clientId=consumer-pattern-consumer-2, groupId=pattern-consumer] Discovered group coordinator localhost:9093 (id: 2147482646 rack: null)
2025-12-06 12:27:23.152 [org.springframework.kafka.KafkaListenerEndpointContainer#0-0-C-1] INFO  o.a.k.c.c.i.ConsumerCoordinator [node1:8080] - [Consumer clientId=consumer-user-events-consumer-3, groupId=user-events-consumer] Discovered group coordinator localhost:9093 (id: 2147482646 rack: null)
2025-12-06 12:27:23.153 [org.springframework.kafka.KafkaListenerEndpointContainer#3-0-C-1] INFO  o.a.k.c.c.i.ConsumerCoordinator [node1:8080] - [Consumer clientId=consumer-pattern-consumer-2, groupId=pattern-consumer] Discovered group coordinator localhost:9093 (id: 2147482646 rack: null)
2025-12-06 12:27:23.153 [org.springframework.kafka.KafkaListenerEndpointContainer#2-0-C-1] INFO  o.a.k.c.c.i.ConsumerCoordinator [node1:8080] - [Consumer clientId=consumer-notification-batch-consumer-1, groupId=notification-batch-consumer] Discovered group coordinator localhost:9093 (id: 2147482646 rack: null)
2025-12-06 12:27:23.153 [org.springframework.kafka.KafkaListenerEndpointContainer#0-0-C-1] INFO  o.a.k.c.c.i.ConsumerCoordinator [node1:8080] - [Consumer clientId=consumer-user-events-consumer-3, groupId=user-events-consumer] Discovered group coordinator localhost:9093 (id: 2147482646 rack: null)
2025-12-06 12:27:23.153 [org.springframework.kafka.KafkaListenerEndpointContainer#1-0-C-1] INFO  o.a.k.c.c.i.ConsumerCoordinator [node1:8080] - [Consumer clientId=consumer-order-events-consumer-4, groupId=order-events-consumer] Discovered group coordinator localhost:9093 (id: 2147482646 rack: null)
2025-12-06 12:27:38.164 [HikariPool-1 housekeeper] WARN  com.zaxxer.hikari.pool.HikariPool [node1:8080] - HikariPool-1 - Thread starvation or clock leap detected (housekeeper delta=9m47s475ms).
2025-12-06 12:37:14.007 [org.springframework.kafka.KafkaListenerEndpointContainer#2-0-C-1] INFO  o.a.k.clients.FetchSessionHandler [node1:8080] - [Consumer clientId=consumer-notification-batch-consumer-1, groupId=notification-batch-consumer] Error sending fetch request (sessionId=1313359420, epoch=127) to node 1001:
org.apache.kafka.common.errors.DisconnectException: null
2025-12-06 12:37:14.007 [org.springframework.kafka.KafkaListenerEndpointContainer#1-0-C-1] INFO  o.a.k.clients.FetchSessionHandler [node1:8080] - [Consumer clientId=consumer-order-events-consumer-4, groupId=order-events-consumer] Error sending fetch request (sessionId=7243380, epoch=127) to node 1001:
org.apache.kafka.common.errors.DisconnectException: null
2025-12-06 12:37:14.012 [kafka-coordinator-heartbeat-thread | order-events-consumer] INFO  o.a.k.c.c.i.ConsumerCoordinator [node1:8080] - [Consumer clientId=consumer-order-events-consumer-4, groupId=order-events-consumer] Group coordinator localhost:9093 (id: 2147482646 rack: null) is unavailable or invalid due to cause: session timed out without receiving a heartbeat response.isDisconnected: false. Rediscovery will be attempted.
2025-12-06 12:37:14.014 [kafka-coordinator-heartbeat-thread | notification-batch-consumer] INFO  o.a.k.c.c.i.ConsumerCoordinator [node1:8080] - [Consumer clientId=consumer-notification-batch-consumer-1, groupId=notification-batch-consumer] Group coordinator localhost:9093 (id: 2147482646 rack: null) is unavailable or invalid due to cause: session timed out without receiving a heartbeat response.isDisconnected: false. Rediscovery will be attempted.
2025-12-06 12:37:14.012 [kafka-coordinator-heartbeat-thread | user-events-consumer] INFO  o.a.k.c.c.i.ConsumerCoordinator [node1:8080] - [Consumer clientId=consumer-user-events-consumer-3, groupId=user-events-consumer] Group coordinator localhost:9093 (id: 2147482646 rack: null) is unavailable or invalid due to cause: session timed out without receiving a heartbeat response.isDisconnected: false. Rediscovery will be attempted.
2025-12-06 12:37:14.007 [org.springframework.kafka.KafkaListenerEndpointContainer#3-0-C-1] INFO  o.a.k.clients.FetchSessionHandler [node1:8080] - [Consumer clientId=consumer-pattern-consumer-2, groupId=pattern-consumer] Error sending fetch request (sessionId=2068332025, epoch=126) to node 1001:
org.apache.kafka.common.errors.DisconnectException: null
2025-12-06 12:37:14.014 [kafka-coordinator-heartbeat-thread | pattern-consumer] INFO  o.a.k.c.c.i.ConsumerCoordinator [node1:8080] - [Consumer clientId=consumer-pattern-consumer-2, groupId=pattern-consumer] Group coordinator localhost:9093 (id: 2147482646 rack: null) is unavailable or invalid due to cause: session timed out without receiving a heartbeat response.isDisconnected: false. Rediscovery will be attempted.
2025-12-06 12:37:14.012 [org.springframework.kafka.KafkaListenerEndpointContainer#0-0-C-1] INFO  o.a.k.clients.FetchSessionHandler [node1:8080] - [Consumer clientId=consumer-user-events-consumer-3, groupId=user-events-consumer] Error sending fetch request (sessionId=1445940248, epoch=127) to node 1001:
org.apache.kafka.common.errors.DisconnectException: null
2025-12-06 12:37:15.131 [org.springframework.kafka.KafkaListenerEndpointContainer#1-0-C-1] INFO  o.a.k.c.c.i.ConsumerCoordinator [node1:8080] - [Consumer clientId=consumer-order-events-consumer-4, groupId=order-events-consumer] Discovered group coordinator localhost:9093 (id: 2147482646 rack: null)
2025-12-06 12:37:15.133 [org.springframework.kafka.KafkaListenerEndpointContainer#0-0-C-1] INFO  o.a.k.c.c.i.ConsumerCoordinator [node1:8080] - [Consumer clientId=consumer-user-events-consumer-3, groupId=user-events-consumer] Discovered group coordinator localhost:9093 (id: 2147482646 rack: null)
2025-12-06 12:37:15.135 [org.springframework.kafka.KafkaListenerEndpointContainer#0-0-C-1] INFO  o.a.k.c.c.i.ConsumerCoordinator [node1:8080] - [Consumer clientId=consumer-user-events-consumer-3, groupId=user-events-consumer] Discovered group coordinator localhost:9093 (id: 2147482646 rack: null)
2025-12-06 12:37:15.154 [org.springframework.kafka.KafkaListenerEndpointContainer#3-0-C-1] INFO  o.a.k.c.c.i.ConsumerCoordinator [node1:8080] - [Consumer clientId=consumer-pattern-consumer-2, groupId=pattern-consumer] Discovered group coordinator localhost:9093 (id: 2147482646 rack: null)
2025-12-06 12:37:15.156 [org.springframework.kafka.KafkaListenerEndpointContainer#2-0-C-1] INFO  o.a.k.c.c.i.ConsumerCoordinator [node1:8080] - [Consumer clientId=consumer-notification-batch-consumer-1, groupId=notification-batch-consumer] Discovered group coordinator localhost:9093 (id: 2147482646 rack: null)
2025-12-06 12:37:23.674 [HikariPool-1 housekeeper] WARN  com.zaxxer.hikari.pool.HikariPool [node1:8080] - HikariPool-1 - Thread starvation or clock leap detected (housekeeper delta=9m45s510ms).
2025-12-06 12:47:06.008 [org.springframework.kafka.KafkaListenerEndpointContainer#2-0-C-1] INFO  o.a.k.clients.FetchSessionHandler [node1:8080] - [Consumer clientId=consumer-notification-batch-consumer-1, groupId=notification-batch-consumer] Error sending fetch request (sessionId=2109829080, epoch=64) to node 1001:
org.apache.kafka.common.errors.DisconnectException: null
2025-12-06 12:47:06.008 [org.springframework.kafka.KafkaListenerEndpointContainer#1-0-C-1] INFO  o.a.k.clients.FetchSessionHandler [node1:8080] - [Consumer clientId=consumer-order-events-consumer-4, groupId=order-events-consumer] Error sending fetch request (sessionId=73893112, epoch=63) to node 1001:
org.apache.kafka.common.errors.DisconnectException: null
2025-12-06 12:47:06.008 [org.springframework.kafka.KafkaListenerEndpointContainer#0-0-C-1] INFO  o.a.k.clients.FetchSessionHandler [node1:8080] - [Consumer clientId=consumer-user-events-consumer-3, groupId=user-events-consumer] Error sending fetch request (sessionId=234654143, epoch=63) to node 1001:
org.apache.kafka.common.errors.DisconnectException: null
2025-12-06 12:47:06.011 [kafka-coordinator-heartbeat-thread | notification-batch-consumer] INFO  o.a.k.c.c.i.ConsumerCoordinator [node1:8080] - [Consumer clientId=consumer-notification-batch-consumer-1, groupId=notification-batch-consumer] Group coordinator localhost:9093 (id: 2147482646 rack: null) is unavailable or invalid due to cause: session timed out without receiving a heartbeat response.isDisconnected: false. Rediscovery will be attempted.
2025-12-06 12:47:06.011 [org.springframework.kafka.KafkaListenerEndpointContainer#3-0-C-1] INFO  o.a.k.clients.FetchSessionHandler [node1:8080] - [Consumer clientId=consumer-pattern-consumer-2, groupId=pattern-consumer] Error sending fetch request (sessionId=1469624738, epoch=63) to node 1001:
org.apache.kafka.common.errors.DisconnectException: null
2025-12-06 12:47:06.011 [kafka-coordinator-heartbeat-thread | order-events-consumer] INFO  o.a.k.c.c.i.ConsumerCoordinator [node1:8080] - [Consumer clientId=consumer-order-events-consumer-4, groupId=order-events-consumer] Group coordinator localhost:9093 (id: 2147482646 rack: null) is unavailable or invalid due to cause: session timed out without receiving a heartbeat response.isDisconnected: false. Rediscovery will be attempted.
2025-12-06 12:47:06.013 [kafka-coordinator-heartbeat-thread | pattern-consumer] INFO  o.a.k.c.c.i.ConsumerCoordinator [node1:8080] - [Consumer clientId=consumer-pattern-consumer-2, groupId=pattern-consumer] Group coordinator localhost:9093 (id: 2147482646 rack: null) is unavailable or invalid due to cause: session timed out without receiving a heartbeat response.isDisconnected: false. Rediscovery will be attempted.
2025-12-06 12:47:06.013 [kafka-coordinator-heartbeat-thread | user-events-consumer] INFO  o.a.k.c.c.i.ConsumerCoordinator [node1:8080] - [Consumer clientId=consumer-user-events-consumer-3, groupId=user-events-consumer] Group coordinator localhost:9093 (id: 2147482646 rack: null) is unavailable or invalid due to cause: session timed out without receiving a heartbeat response.isDisconnected: false. Rediscovery will be attempted.
2025-12-06 12:47:07.137 [org.springframework.kafka.KafkaListenerEndpointContainer#1-0-C-1] INFO  o.a.k.c.c.i.ConsumerCoordinator [node1:8080] - [Consumer clientId=consumer-order-events-consumer-4, groupId=order-events-consumer] Discovered group coordinator localhost:9093 (id: 2147482646 rack: null)
2025-12-06 12:47:07.148 [org.springframework.kafka.KafkaListenerEndpointContainer#0-0-C-1] INFO  o.a.k.c.c.i.ConsumerCoordinator [node1:8080] - [Consumer clientId=consumer-user-events-consumer-3, groupId=user-events-consumer] Discovered group coordinator localhost:9093 (id: 2147482646 rack: null)
2025-12-06 12:47:07.150 [org.springframework.kafka.KafkaListenerEndpointContainer#3-0-C-1] INFO  o.a.k.c.c.i.ConsumerCoordinator [node1:8080] - [Consumer clientId=consumer-pattern-consumer-2, groupId=pattern-consumer] Discovered group coordinator localhost:9093 (id: 2147482646 rack: null)
2025-12-06 12:47:07.155 [org.springframework.kafka.KafkaListenerEndpointContainer#0-0-C-1] INFO  o.a.k.c.c.i.ConsumerCoordinator [node1:8080] - [Consumer clientId=consumer-user-events-consumer-3, groupId=user-events-consumer] Discovered group coordinator localhost:9093 (id: 2147482646 rack: null)
2025-12-06 12:47:07.167 [org.springframework.kafka.KafkaListenerEndpointContainer#2-0-C-1] INFO  o.a.k.c.c.i.ConsumerCoordinator [node1:8080] - [Consumer clientId=consumer-notification-batch-consumer-1, groupId=notification-batch-consumer] Discovered group coordinator localhost:9093 (id: 2147482646 rack: null)
2025-12-06 12:47:07.012 [HikariPool-1 housekeeper] WARN  com.zaxxer.hikari.pool.HikariPool [node1:8080] - HikariPool-1 - Thread starvation or clock leap detected (housekeeper delta=9m43s338ms).
2025-12-06 12:56:54.008 [org.springframework.kafka.KafkaListenerEndpointContainer#2-0-C-1] INFO  o.a.k.clients.FetchSessionHandler [node1:8080] - [Consumer clientId=consumer-notification-batch-consumer-1, groupId=notification-batch-consumer] Error sending fetch request (sessionId=634940970, epoch=63) to node 1001:
org.apache.kafka.common.errors.DisconnectException: null
2025-12-06 12:56:54.008 [org.springframework.kafka.KafkaListenerEndpointContainer#0-0-C-1] INFO  o.a.k.clients.FetchSessionHandler [node1:8080] - [Consumer clientId=consumer-user-events-consumer-3, groupId=user-events-consumer] Error sending fetch request (sessionId=980688703, epoch=62) to node 1001:
org.apache.kafka.common.errors.DisconnectException: null
2025-12-06 12:56:54.008 [org.springframework.kafka.KafkaListenerEndpointContainer#1-0-C-1] INFO  o.a.k.clients.FetchSessionHandler [node1:8080] - [Consumer clientId=consumer-order-events-consumer-4, groupId=order-events-consumer] Error sending fetch request (sessionId=334633834, epoch=63) to node 1001:
org.apache.kafka.common.errors.DisconnectException: null
2025-12-06 12:56:54.012 [kafka-coordinator-heartbeat-thread | notification-batch-consumer] INFO  o.a.k.c.c.i.ConsumerCoordinator [node1:8080] - [Consumer clientId=consumer-notification-batch-consumer-1, groupId=notification-batch-consumer] Group coordinator localhost:9093 (id: 2147482646 rack: null) is unavailable or invalid due to cause: session timed out without receiving a heartbeat response.isDisconnected: false. Rediscovery will be attempted.
2025-12-06 12:56:54.014 [kafka-coordinator-heartbeat-thread | pattern-consumer] INFO  o.a.k.c.c.i.ConsumerCoordinator [node1:8080] - [Consumer clientId=consumer-pattern-consumer-2, groupId=pattern-consumer] Group coordinator localhost:9093 (id: 2147482646 rack: null) is unavailable or invalid due to cause: session timed out without receiving a heartbeat response.isDisconnected: false. Rediscovery will be attempted.
2025-12-06 12:56:54.014 [kafka-coordinator-heartbeat-thread | user-events-consumer] INFO  o.a.k.c.c.i.ConsumerCoordinator [node1:8080] - [Consumer clientId=consumer-user-events-consumer-3, groupId=user-events-consumer] Group coordinator localhost:9093 (id: 2147482646 rack: null) is unavailable or invalid due to cause: session timed out without receiving a heartbeat response.isDisconnected: false. Rediscovery will be attempted.
2025-12-06 12:56:54.008 [org.springframework.kafka.KafkaListenerEndpointContainer#3-0-C-1] INFO  o.a.k.clients.FetchSessionHandler [node1:8080] - [Consumer clientId=consumer-pattern-consumer-2, groupId=pattern-consumer] Error sending fetch request (sessionId=1396537440, epoch=62) to node 1001:
org.apache.kafka.common.errors.DisconnectException: null
2025-12-06 12:56:54.014 [kafka-coordinator-heartbeat-thread | order-events-consumer] INFO  o.a.k.c.c.i.ConsumerCoordinator [node1:8080] - [Consumer clientId=consumer-order-events-consumer-4, groupId=order-events-consumer] Group coordinator localhost:9093 (id: 2147482646 rack: null) is unavailable or invalid due to cause: session timed out without receiving a heartbeat response.isDisconnected: false. Rediscovery will be attempted.
2025-12-06 12:56:55.147 [org.springframework.kafka.KafkaListenerEndpointContainer#1-0-C-1] INFO  o.a.k.c.c.i.ConsumerCoordinator [node1:8080] - [Consumer clientId=consumer-order-events-consumer-4, groupId=order-events-consumer] Discovered group coordinator localhost:9093 (id: 2147482646 rack: null)
2025-12-06 12:56:55.155 [org.springframework.kafka.KafkaListenerEndpointContainer#0-0-C-1] INFO  o.a.k.c.c.i.ConsumerCoordinator [node1:8080] - [Consumer clientId=consumer-user-events-consumer-3, groupId=user-events-consumer] Discovered group coordinator localhost:9093 (id: 2147482646 rack: null)
2025-12-06 12:56:55.166 [org.springframework.kafka.KafkaListenerEndpointContainer#3-0-C-1] INFO  o.a.k.c.c.i.ConsumerCoordinator [node1:8080] - [Consumer clientId=consumer-pattern-consumer-2, groupId=pattern-consumer] Discovered group coordinator localhost:9093 (id: 2147482646 rack: null)
2025-12-06 12:56:55.166 [org.springframework.kafka.KafkaListenerEndpointContainer#2-0-C-1] INFO  o.a.k.c.c.i.ConsumerCoordinator [node1:8080] - [Consumer clientId=consumer-notification-batch-consumer-1, groupId=notification-batch-consumer] Discovered group coordinator localhost:9093 (id: 2147482646 rack: null)
2025-12-06 12:56:55.182 [org.springframework.kafka.KafkaListenerEndpointContainer#2-0-C-1] INFO  o.a.k.c.c.i.ConsumerCoordinator [node1:8080] - [Consumer clientId=consumer-notification-batch-consumer-1, groupId=notification-batch-consumer] Discovered group coordinator localhost:9093 (id: 2147482646 rack: null)
2025-12-06 12:57:24.560 [HikariPool-1 housekeeper] WARN  com.zaxxer.hikari.pool.HikariPool [node1:8080] - HikariPool-1 - Thread starvation or clock leap detected (housekeeper delta=9m47s544ms).
2025-12-06 13:06:46.005 [org.springframework.kafka.KafkaListenerEndpointContainer#2-0-C-1] INFO  o.a.k.clients.FetchSessionHandler [node1:8080] - [Consumer clientId=consumer-notification-batch-consumer-1, groupId=notification-batch-consumer] Error sending fetch request (sessionId=2011007790, epoch=64) to node 1001:
org.apache.kafka.common.errors.DisconnectException: null
2025-12-06 13:06:46.006 [org.springframework.kafka.KafkaListenerEndpointContainer#1-0-C-1] INFO  o.a.k.clients.FetchSessionHandler [node1:8080] - [Consumer clientId=consumer-order-events-consumer-4, groupId=order-events-consumer] Error sending fetch request (sessionId=1734845517, epoch=63) to node 1001:
org.apache.kafka.common.errors.DisconnectException: null
2025-12-06 13:06:46.005 [org.springframework.kafka.KafkaListenerEndpointContainer#3-0-C-1] INFO  o.a.k.clients.FetchSessionHandler [node1:8080] - [Consumer clientId=consumer-pattern-consumer-2, groupId=pattern-consumer] Error sending fetch request (sessionId=1486817127, epoch=63) to node 1001:
org.apache.kafka.common.errors.DisconnectException: null
2025-12-06 13:06:46.011 [kafka-coordinator-heartbeat-thread | pattern-consumer] INFO  o.a.k.c.c.i.ConsumerCoordinator [node1:8080] - [Consumer clientId=consumer-pattern-consumer-2, groupId=pattern-consumer] Group coordinator localhost:9093 (id: 2147482646 rack: null) is unavailable or invalid due to cause: session timed out without receiving a heartbeat response.isDisconnected: false. Rediscovery will be attempted.
2025-12-06 13:06:46.011 [kafka-coordinator-heartbeat-thread | order-events-consumer] INFO  o.a.k.c.c.i.ConsumerCoordinator [node1:8080] - [Consumer clientId=consumer-order-events-consumer-4, groupId=order-events-consumer] Group coordinator localhost:9093 (id: 2147482646 rack: null) is unavailable or invalid due to cause: session timed out without receiving a heartbeat response.isDisconnected: false. Rediscovery will be attempted.
2025-12-06 13:06:46.009 [org.springframework.kafka.KafkaListenerEndpointContainer#0-0-C-1] INFO  o.a.k.clients.FetchSessionHandler [node1:8080] - [Consumer clientId=consumer-user-events-consumer-3, groupId=user-events-consumer] Error sending fetch request (sessionId=222297397, epoch=63) to node 1001:
org.apache.kafka.common.errors.DisconnectException: null
2025-12-06 13:06:46.013 [kafka-coordinator-heartbeat-thread | notification-batch-consumer] INFO  o.a.k.c.c.i.ConsumerCoordinator [node1:8080] - [Consumer clientId=consumer-notification-batch-consumer-1, groupId=notification-batch-consumer] Group coordinator localhost:9093 (id: 2147482646 rack: null) is unavailable or invalid due to cause: session timed out without receiving a heartbeat response.isDisconnected: false. Rediscovery will be attempted.
2025-12-06 13:06:46.011 [kafka-coordinator-heartbeat-thread | user-events-consumer] INFO  o.a.k.c.c.i.ConsumerCoordinator [node1:8080] - [Consumer clientId=consumer-user-events-consumer-3, groupId=user-events-consumer] Group coordinator localhost:9093 (id: 2147482646 rack: null) is unavailable or invalid due to cause: session timed out without receiving a heartbeat response.isDisconnected: false. Rediscovery will be attempted.
2025-12-06 13:06:47.152 [org.springframework.kafka.KafkaListenerEndpointContainer#3-0-C-1] INFO  o.a.k.c.c.i.ConsumerCoordinator [node1:8080] - [Consumer clientId=consumer-pattern-consumer-2, groupId=pattern-consumer] Discovered group coordinator localhost:9093 (id: 2147482646 rack: null)
2025-12-06 13:06:47.163 [org.springframework.kafka.KafkaListenerEndpointContainer#0-0-C-1] INFO  o.a.k.c.c.i.ConsumerCoordinator [node1:8080] - [Consumer clientId=consumer-user-events-consumer-3, groupId=user-events-consumer] Discovered group coordinator localhost:9093 (id: 2147482646 rack: null)
2025-12-06 13:06:47.166 [org.springframework.kafka.KafkaListenerEndpointContainer#0-0-C-1] INFO  o.a.k.c.c.i.ConsumerCoordinator [node1:8080] - [Consumer clientId=consumer-user-events-consumer-3, groupId=user-events-consumer] Discovered group coordinator localhost:9093 (id: 2147482646 rack: null)
2025-12-06 13:06:47.170 [org.springframework.kafka.KafkaListenerEndpointContainer#2-0-C-1] INFO  o.a.k.c.c.i.ConsumerCoordinator [node1:8080] - [Consumer clientId=consumer-notification-batch-consumer-1, groupId=notification-batch-consumer] Discovered group coordinator localhost:9093 (id: 2147482646 rack: null)
2025-12-06 13:06:47.172 [org.springframework.kafka.KafkaListenerEndpointContainer#1-0-C-1] INFO  o.a.k.c.c.i.ConsumerCoordinator [node1:8080] - [Consumer clientId=consumer-order-events-consumer-4, groupId=order-events-consumer] Discovered group coordinator localhost:9093 (id: 2147482646 rack: null)
2025-12-06 13:06:47.174 [org.springframework.kafka.KafkaListenerEndpointContainer#1-0-C-1] INFO  o.a.k.c.c.i.ConsumerCoordinator [node1:8080] - [Consumer clientId=consumer-order-events-consumer-4, groupId=order-events-consumer] Discovered group coordinator localhost:9093 (id: 2147482646 rack: null)
2025-12-06 13:07:09.852 [HikariPool-1 housekeeper] WARN  com.zaxxer.hikari.pool.HikariPool [node1:8080] - HikariPool-1 - Thread starvation or clock leap detected (housekeeper delta=9m45s291ms).
2025-12-06 13:16:37.046 [kafka-coordinator-heartbeat-thread | notification-batch-consumer] INFO  o.a.k.c.c.i.ConsumerCoordinator [node1:8080] - [Consumer clientId=consumer-notification-batch-consumer-1, groupId=notification-batch-consumer] Group coordinator localhost:9093 (id: 2147482646 rack: null) is unavailable or invalid due to cause: session timed out without receiving a heartbeat response.isDisconnected: false. Rediscovery will be attempted.
2025-12-06 13:16:37.047 [kafka-coordinator-heartbeat-thread | order-events-consumer] INFO  o.a.k.c.c.i.ConsumerCoordinator [node1:8080] - [Consumer clientId=consumer-order-events-consumer-4, groupId=order-events-consumer] Group coordinator localhost:9093 (id: 2147482646 rack: null) is unavailable or invalid due to cause: session timed out without receiving a heartbeat response.isDisconnected: false. Rediscovery will be attempted.
2025-12-06 13:16:37.046 [kafka-coordinator-heartbeat-thread | pattern-consumer] INFO  o.a.k.c.c.i.ConsumerCoordinator [node1:8080] - [Consumer clientId=consumer-pattern-consumer-2, groupId=pattern-consumer] Group coordinator localhost:9093 (id: 2147482646 rack: null) is unavailable or invalid due to cause: session timed out without receiving a heartbeat response.isDisconnected: false. Rediscovery will be attempted.
2025-12-06 13:16:37.046 [kafka-coordinator-heartbeat-thread | user-events-consumer] INFO  o.a.k.c.c.i.ConsumerCoordinator [node1:8080] - [Consumer clientId=consumer-user-events-consumer-3, groupId=user-events-consumer] Group coordinator localhost:9093 (id: 2147482646 rack: null) is unavailable or invalid due to cause: session timed out without receiving a heartbeat response.isDisconnected: false. Rediscovery will be attempted.
2025-12-06 13:16:37.062 [org.springframework.kafka.KafkaListenerEndpointContainer#1-0-C-1] INFO  o.a.k.c.c.i.ConsumerCoordinator [node1:8080] - [Consumer clientId=consumer-order-events-consumer-4, groupId=order-events-consumer] Discovered group coordinator localhost:9093 (id: 2147482646 rack: null)
2025-12-06 13:16:37.063 [org.springframework.kafka.KafkaListenerEndpointContainer#2-0-C-1] INFO  o.a.k.c.c.i.ConsumerCoordinator [node1:8080] - [Consumer clientId=consumer-notification-batch-consumer-1, groupId=notification-batch-consumer] Discovered group coordinator localhost:9093 (id: 2147482646 rack: null)
2025-12-06 13:16:37.064 [org.springframework.kafka.KafkaListenerEndpointContainer#2-0-C-1] INFO  o.a.k.c.c.i.ConsumerCoordinator [node1:8080] - [Consumer clientId=consumer-notification-batch-consumer-1, groupId=notification-batch-consumer] Discovered group coordinator localhost:9093 (id: 2147482646 rack: null)
2025-12-06 13:16:37.066 [org.springframework.kafka.KafkaListenerEndpointContainer#1-0-C-1] INFO  o.a.k.c.c.i.ConsumerCoordinator [node1:8080] - [Consumer clientId=consumer-order-events-consumer-4, groupId=order-events-consumer] Discovered group coordinator localhost:9093 (id: 2147482646 rack: null)
2025-12-06 13:16:37.066 [org.springframework.kafka.KafkaListenerEndpointContainer#1-0-C-1] INFO  o.a.k.c.c.i.ConsumerCoordinator [node1:8080] - [Consumer clientId=consumer-order-events-consumer-4, groupId=order-events-consumer] Group coordinator localhost:9093 (id: 2147482646 rack: null) is unavailable or invalid due to cause: coordinator unavailable.isDisconnected: false. Rediscovery will be attempted.
2025-12-06 13:16:38.089 [org.springframework.kafka.KafkaListenerEndpointContainer#2-0-C-1] INFO  o.a.k.c.c.i.ConsumerCoordinator [node1:8080] - [Consumer clientId=consumer-notification-batch-consumer-1, groupId=notification-batch-consumer] Group coordinator localhost:9093 (id: 2147482646 rack: null) is unavailable or invalid due to cause: coordinator unavailable.isDisconnected: false. Rediscovery will be attempted.
2025-12-06 13:16:38.092 [org.springframework.kafka.KafkaListenerEndpointContainer#3-0-C-1] INFO  o.a.k.c.c.i.ConsumerCoordinator [node1:8080] - [Consumer clientId=consumer-pattern-consumer-2, groupId=pattern-consumer] Discovered group coordinator localhost:9093 (id: 2147482646 rack: null)
2025-12-06 13:16:38.099 [org.springframework.kafka.KafkaListenerEndpointContainer#3-0-C-1] INFO  o.a.k.c.c.i.ConsumerCoordinator [node1:8080] - [Consumer clientId=consumer-pattern-consumer-2, groupId=pattern-consumer] Discovered group coordinator localhost:9093 (id: 2147482646 rack: null)
2025-12-06 13:16:38.114 [org.springframework.kafka.KafkaListenerEndpointContainer#0-0-C-1] INFO  o.a.k.c.c.i.ConsumerCoordinator [node1:8080] - [Consumer clientId=consumer-user-events-consumer-3, groupId=user-events-consumer] Discovered group coordinator localhost:9093 (id: 2147482646 rack: null)
2025-12-06 13:16:38.114 [org.springframework.kafka.KafkaListenerEndpointContainer#0-0-C-1] INFO  o.a.k.c.c.i.ConsumerCoordinator [node1:8080] - [Consumer clientId=consumer-user-events-consumer-3, groupId=user-events-consumer] Discovered group coordinator localhost:9093 (id: 2147482646 rack: null)
2025-12-06 13:16:38.207 [org.springframework.kafka.KafkaListenerEndpointContainer#1-0-C-1] INFO  o.a.k.c.c.i.ConsumerCoordinator [node1:8080] - [Consumer clientId=consumer-order-events-consumer-4, groupId=order-events-consumer] Discovered group coordinator localhost:9093 (id: 2147482646 rack: null)
2025-12-06 13:16:38.207 [org.springframework.kafka.KafkaListenerEndpointContainer#2-0-C-1] INFO  o.a.k.c.c.i.ConsumerCoordinator [node1:8080] - [Consumer clientId=consumer-notification-batch-consumer-1, groupId=notification-batch-consumer] Discovered group coordinator localhost:9093 (id: 2147482646 rack: null)
2025-12-06 13:16:53.305 [HikariPool-1 housekeeper] WARN  com.zaxxer.hikari.pool.HikariPool [node1:8080] - HikariPool-1 - Thread starvation or clock leap detected (housekeeper delta=9m43s454ms).
2025-12-06 13:26:27.008 [org.springframework.kafka.KafkaListenerEndpointContainer#3-0-C-1] INFO  o.a.k.clients.FetchSessionHandler [node1:8080] - [Consumer clientId=consumer-pattern-consumer-2, groupId=pattern-consumer] Error sending fetch request (sessionId=1193155542, epoch=128) to node 1001:
org.apache.kafka.common.errors.DisconnectException: null
2025-12-06 13:26:27.015 [kafka-coordinator-heartbeat-thread | user-events-consumer] INFO  o.a.k.c.c.i.ConsumerCoordinator [node1:8080] - [Consumer clientId=consumer-user-events-consumer-3, groupId=user-events-consumer] Group coordinator localhost:9093 (id: 2147482646 rack: null) is unavailable or invalid due to cause: session timed out without receiving a heartbeat response.isDisconnected: false. Rediscovery will be attempted.
2025-12-06 13:26:27.015 [kafka-coordinator-heartbeat-thread | order-events-consumer] INFO  o.a.k.c.c.i.ConsumerCoordinator [node1:8080] - [Consumer clientId=consumer-order-events-consumer-4, groupId=order-events-consumer] Group coordinator localhost:9093 (id: 2147482646 rack: null) is unavailable or invalid due to cause: session timed out without receiving a heartbeat response.isDisconnected: false. Rediscovery will be attempted.
2025-12-06 13:26:27.015 [kafka-coordinator-heartbeat-thread | notification-batch-consumer] INFO  o.a.k.c.c.i.ConsumerCoordinator [node1:8080] - [Consumer clientId=consumer-notification-batch-consumer-1, groupId=notification-batch-consumer] Group coordinator localhost:9093 (id: 2147482646 rack: null) is unavailable or invalid due to cause: session timed out without receiving a heartbeat response.isDisconnected: false. Rediscovery will be attempted.
2025-12-06 13:26:27.013 [kafka-coordinator-heartbeat-thread | pattern-consumer] INFO  o.a.k.c.c.i.ConsumerCoordinator [node1:8080] - [Consumer clientId=consumer-pattern-consumer-2, groupId=pattern-consumer] Group coordinator localhost:9093 (id: 2147482646 rack: null) is unavailable or invalid due to cause: session timed out without receiving a heartbeat response.isDisconnected: false. Rediscovery will be attempted.
2025-12-06 13:26:27.009 [org.springframework.kafka.KafkaListenerEndpointContainer#1-0-C-1] INFO  o.a.k.clients.FetchSessionHandler [node1:8080] - [Consumer clientId=consumer-order-events-consumer-4, groupId=order-events-consumer] Error sending fetch request (sessionId=1582462913, epoch=127) to node 1001:
org.apache.kafka.common.errors.DisconnectException: null
2025-12-06 13:26:27.009 [org.springframework.kafka.KafkaListenerEndpointContainer#0-0-C-1] INFO  o.a.k.clients.FetchSessionHandler [node1:8080] - [Consumer clientId=consumer-user-events-consumer-3, groupId=user-events-consumer] Error sending fetch request (sessionId=623995844, epoch=128) to node 1001:
org.apache.kafka.common.errors.DisconnectException: null
2025-12-06 13:26:27.008 [org.springframework.kafka.KafkaListenerEndpointContainer#2-0-C-1] INFO  o.a.k.clients.FetchSessionHandler [node1:8080] - [Consumer clientId=consumer-notification-batch-consumer-1, groupId=notification-batch-consumer] Error sending fetch request (sessionId=1336476648, epoch=128) to node 1001:
org.apache.kafka.common.errors.DisconnectException: null
2025-12-06 13:26:28.153 [org.springframework.kafka.KafkaListenerEndpointContainer#1-0-C-1] INFO  o.a.k.c.c.i.ConsumerCoordinator [node1:8080] - [Consumer clientId=consumer-order-events-consumer-4, groupId=order-events-consumer] Discovered group coordinator localhost:9093 (id: 2147482646 rack: null)
2025-12-06 13:26:28.156 [org.springframework.kafka.KafkaListenerEndpointContainer#2-0-C-1] INFO  o.a.k.c.c.i.ConsumerCoordinator [node1:8080] - [Consumer clientId=consumer-notification-batch-consumer-1, groupId=notification-batch-consumer] Discovered group coordinator localhost:9093 (id: 2147482646 rack: null)
2025-12-06 13:26:28.162 [org.springframework.kafka.KafkaListenerEndpointContainer#2-0-C-1] INFO  o.a.k.c.c.i.ConsumerCoordinator [node1:8080] - [Consumer clientId=consumer-notification-batch-consumer-1, groupId=notification-batch-consumer] Discovered group coordinator localhost:9093 (id: 2147482646 rack: null)
2025-12-06 13:26:28.163 [org.springframework.kafka.KafkaListenerEndpointContainer#1-0-C-1] INFO  o.a.k.c.c.i.ConsumerCoordinator [node1:8080] - [Consumer clientId=consumer-order-events-consumer-4, groupId=order-events-consumer] Discovered group coordinator localhost:9093 (id: 2147482646 rack: null)
2025-12-06 13:26:28.167 [org.springframework.kafka.KafkaListenerEndpointContainer#0-0-C-1] INFO  o.a.k.c.c.i.ConsumerCoordinator [node1:8080] - [Consumer clientId=consumer-user-events-consumer-3, groupId=user-events-consumer] Discovered group coordinator localhost:9093 (id: 2147482646 rack: null)
2025-12-06 13:26:28.168 [org.springframework.kafka.KafkaListenerEndpointContainer#0-0-C-1] INFO  o.a.k.c.c.i.ConsumerCoordinator [node1:8080] - [Consumer clientId=consumer-user-events-consumer-3, groupId=user-events-consumer] Discovered group coordinator localhost:9093 (id: 2147482646 rack: null)
2025-12-06 13:26:28.170 [org.springframework.kafka.KafkaListenerEndpointContainer#3-0-C-1] INFO  o.a.k.c.c.i.ConsumerCoordinator [node1:8080] - [Consumer clientId=consumer-pattern-consumer-2, groupId=pattern-consumer] Discovered group coordinator localhost:9093 (id: 2147482646 rack: null)
2025-12-06 13:26:28.176 [org.springframework.kafka.KafkaListenerEndpointContainer#3-0-C-1] INFO  o.a.k.c.c.i.ConsumerCoordinator [node1:8080] - [Consumer clientId=consumer-pattern-consumer-2, groupId=pattern-consumer] Discovered group coordinator localhost:9093 (id: 2147482646 rack: null)
2025-12-06 13:26:40.782 [HikariPool-1 housekeeper] WARN  com.zaxxer.hikari.pool.HikariPool [node1:8080] - HikariPool-1 - Thread starvation or clock leap detected (housekeeper delta=9m47s477ms).
2025-12-06 13:36:20.011 [org.springframework.kafka.KafkaListenerEndpointContainer#2-0-C-1] INFO  o.a.k.clients.FetchSessionHandler [node1:8080] - [Consumer clientId=consumer-notification-batch-consumer-1, groupId=notification-batch-consumer] Error sending fetch request (sessionId=2146955573, epoch=64) to node 1001:
org.apache.kafka.common.errors.DisconnectException: null
2025-12-06 13:36:20.011 [org.springframework.kafka.KafkaListenerEndpointContainer#3-0-C-1] INFO  o.a.k.clients.FetchSessionHandler [node1:8080] - [Consumer clientId=consumer-pattern-consumer-2, groupId=pattern-consumer] Error sending fetch request (sessionId=1258550022, epoch=64) to node 1001:
org.apache.kafka.common.errors.DisconnectException: null
2025-12-06 13:36:20.011 [org.springframework.kafka.KafkaListenerEndpointContainer#1-0-C-1] INFO  o.a.k.clients.FetchSessionHandler [node1:8080] - [Consumer clientId=consumer-order-events-consumer-4, groupId=order-events-consumer] Error sending fetch request (sessionId=148616556, epoch=64) to node 1001:
org.apache.kafka.common.errors.DisconnectException: null
2025-12-06 13:36:20.011 [org.springframework.kafka.KafkaListenerEndpointContainer#0-0-C-1] INFO  o.a.k.clients.FetchSessionHandler [node1:8080] - [Consumer clientId=consumer-user-events-consumer-3, groupId=user-events-consumer] Error sending fetch request (sessionId=1216805338, epoch=64) to node 1001:
org.apache.kafka.common.errors.DisconnectException: null
2025-12-06 13:36:20.015 [kafka-coordinator-heartbeat-thread | notification-batch-consumer] INFO  o.a.k.c.c.i.ConsumerCoordinator [node1:8080] - [Consumer clientId=consumer-notification-batch-consumer-1, groupId=notification-batch-consumer] Group coordinator localhost:9093 (id: 2147482646 rack: null) is unavailable or invalid due to cause: session timed out without receiving a heartbeat response.isDisconnected: false. Rediscovery will be attempted.
2025-12-06 13:36:20.017 [kafka-coordinator-heartbeat-thread | order-events-consumer] INFO  o.a.k.c.c.i.ConsumerCoordinator [node1:8080] - [Consumer clientId=consumer-order-events-consumer-4, groupId=order-events-consumer] Group coordinator localhost:9093 (id: 2147482646 rack: null) is unavailable or invalid due to cause: session timed out without receiving a heartbeat response.isDisconnected: false. Rediscovery will be attempted.
2025-12-06 13:36:20.016 [kafka-coordinator-heartbeat-thread | pattern-consumer] INFO  o.a.k.c.c.i.ConsumerCoordinator [node1:8080] - [Consumer clientId=consumer-pattern-consumer-2, groupId=pattern-consumer] Group coordinator localhost:9093 (id: 2147482646 rack: null) is unavailable or invalid due to cause: session timed out without receiving a heartbeat response.isDisconnected: false. Rediscovery will be attempted.
2025-12-06 13:36:20.017 [kafka-coordinator-heartbeat-thread | user-events-consumer] INFO  o.a.k.c.c.i.ConsumerCoordinator [node1:8080] - [Consumer clientId=consumer-user-events-consumer-3, groupId=user-events-consumer] Group coordinator localhost:9093 (id: 2147482646 rack: null) is unavailable or invalid due to cause: session timed out without receiving a heartbeat response.isDisconnected: false. Rediscovery will be attempted.
2025-12-06 13:36:20.128 [org.springframework.kafka.KafkaListenerEndpointContainer#3-0-C-1] INFO  o.a.k.c.c.i.ConsumerCoordinator [node1:8080] - [Consumer clientId=consumer-pattern-consumer-2, groupId=pattern-consumer] Discovered group coordinator localhost:9093 (id: 2147482646 rack: null)
2025-12-06 13:36:20.128 [org.springframework.kafka.KafkaListenerEndpointContainer#2-0-C-1] INFO  o.a.k.c.c.i.ConsumerCoordinator [node1:8080] - [Consumer clientId=consumer-notification-batch-consumer-1, groupId=notification-batch-consumer] Discovered group coordinator localhost:9093 (id: 2147482646 rack: null)
2025-12-06 13:36:21.128 [org.springframework.kafka.KafkaListenerEndpointContainer#0-0-C-1] INFO  o.a.k.c.c.i.ConsumerCoordinator [node1:8080] - [Consumer clientId=consumer-user-events-consumer-3, groupId=user-events-consumer] Discovered group coordinator localhost:9093 (id: 2147482646 rack: null)
2025-12-06 13:36:21.129 [org.springframework.kafka.KafkaListenerEndpointContainer#1-0-C-1] INFO  o.a.k.c.c.i.ConsumerCoordinator [node1:8080] - [Consumer clientId=consumer-order-events-consumer-4, groupId=order-events-consumer] Discovered group coordinator localhost:9093 (id: 2147482646 rack: null)
2025-12-06 13:36:21.129 [org.springframework.kafka.KafkaListenerEndpointContainer#1-0-C-1] INFO  o.a.k.c.c.i.ConsumerCoordinator [node1:8080] - [Consumer clientId=consumer-order-events-consumer-4, groupId=order-events-consumer] Discovered group coordinator localhost:9093 (id: 2147482646 rack: null)
2025-12-06 13:36:21.141 [org.springframework.kafka.KafkaListenerEndpointContainer#0-0-C-1] INFO  o.a.k.c.c.i.ConsumerCoordinator [node1:8080] - [Consumer clientId=consumer-user-events-consumer-3, groupId=user-events-consumer] Discovered group coordinator localhost:9093 (id: 2147482646 rack: null)
2025-12-06 13:36:26.093 [HikariPool-1 housekeeper] WARN  com.zaxxer.hikari.pool.HikariPool [node1:8080] - HikariPool-1 - Thread starvation or clock leap detected (housekeeper delta=9m45s311ms).
2025-12-06 13:46:10.006 [org.springframework.kafka.KafkaListenerEndpointContainer#0-0-C-1] INFO  o.a.k.clients.FetchSessionHandler [node1:8080] - [Consumer clientId=consumer-user-events-consumer-3, groupId=user-events-consumer] Error sending fetch request (sessionId=642879158, epoch=63) to node 1001:
org.apache.kafka.common.errors.DisconnectException: null
2025-12-06 13:46:10.005 [org.springframework.kafka.KafkaListenerEndpointContainer#2-0-C-1] INFO  o.a.k.clients.FetchSessionHandler [node1:8080] - [Consumer clientId=consumer-notification-batch-consumer-1, groupId=notification-batch-consumer] Error sending fetch request (sessionId=1869393096, epoch=65) to node 1001:
org.apache.kafka.common.errors.DisconnectException: null
2025-12-06 13:46:10.005 [org.springframework.kafka.KafkaListenerEndpointContainer#3-0-C-1] INFO  o.a.k.clients.FetchSessionHandler [node1:8080] - [Consumer clientId=consumer-pattern-consumer-2, groupId=pattern-consumer] Error sending fetch request (sessionId=1521311800, epoch=65) to node 1001:
org.apache.kafka.common.errors.DisconnectException: null
2025-12-06 13:46:10.005 [org.springframework.kafka.KafkaListenerEndpointContainer#1-0-C-1] INFO  o.a.k.clients.FetchSessionHandler [node1:8080] - [Consumer clientId=consumer-order-events-consumer-4, groupId=order-events-consumer] Error sending fetch request (sessionId=437226559, epoch=63) to node 1001:
org.apache.kafka.common.errors.DisconnectException: null
2025-12-06 13:46:11.121 [kafka-coordinator-heartbeat-thread | order-events-consumer] INFO  o.a.k.c.c.i.ConsumerCoordinator [node1:8080] - [Consumer clientId=consumer-order-events-consumer-4, groupId=order-events-consumer] Group coordinator localhost:9093 (id: 2147482646 rack: null) is unavailable or invalid due to cause: session timed out without receiving a heartbeat response.isDisconnected: false. Rediscovery will be attempted.
2025-12-06 13:46:11.122 [kafka-coordinator-heartbeat-thread | user-events-consumer] INFO  o.a.k.c.c.i.ConsumerCoordinator [node1:8080] - [Consumer clientId=consumer-user-events-consumer-3, groupId=user-events-consumer] Group coordinator localhost:9093 (id: 2147482646 rack: null) is unavailable or invalid due to cause: session timed out without receiving a heartbeat response.isDisconnected: false. Rediscovery will be attempted.
2025-12-06 13:46:11.116 [HikariPool-1 housekeeper] WARN  com.zaxxer.hikari.pool.HikariPool [node1:8080] - HikariPool-1 - Thread starvation or clock leap detected (housekeeper delta=9m45s23ms).
2025-12-06 13:46:11.123 [kafka-coordinator-heartbeat-thread | pattern-consumer] INFO  o.a.k.c.c.i.ConsumerCoordinator [node1:8080] - [Consumer clientId=consumer-pattern-consumer-2, groupId=pattern-consumer] Group coordinator localhost:9093 (id: 2147482646 rack: null) is unavailable or invalid due to cause: session timed out without receiving a heartbeat response.isDisconnected: false. Rediscovery will be attempted.
2025-12-06 13:46:11.125 [kafka-coordinator-heartbeat-thread | notification-batch-consumer] INFO  o.a.k.c.c.i.ConsumerCoordinator [node1:8080] - [Consumer clientId=consumer-notification-batch-consumer-1, groupId=notification-batch-consumer] Group coordinator localhost:9093 (id: 2147482646 rack: null) is unavailable or invalid due to cause: session timed out without receiving a heartbeat response.isDisconnected: false. Rediscovery will be attempted.
2025-12-06 13:46:11.146 [org.springframework.kafka.KafkaListenerEndpointContainer#1-0-C-1] INFO  o.a.k.c.c.i.ConsumerCoordinator [node1:8080] - [Consumer clientId=consumer-order-events-consumer-4, groupId=order-events-consumer] Discovered group coordinator localhost:9093 (id: 2147482646 rack: null)
2025-12-06 13:46:11.148 [org.springframework.kafka.KafkaListenerEndpointContainer#3-0-C-1] INFO  o.a.k.c.c.i.ConsumerCoordinator [node1:8080] - [Consumer clientId=consumer-pattern-consumer-2, groupId=pattern-consumer] Discovered group coordinator localhost:9093 (id: 2147482646 rack: null)
2025-12-06 13:46:11.151 [org.springframework.kafka.KafkaListenerEndpointContainer#0-0-C-1] INFO  o.a.k.c.c.i.ConsumerCoordinator [node1:8080] - [Consumer clientId=consumer-user-events-consumer-3, groupId=user-events-consumer] Discovered group coordinator localhost:9093 (id: 2147482646 rack: null)
2025-12-06 13:46:11.151 [org.springframework.kafka.KafkaListenerEndpointContainer#1-0-C-1] INFO  o.a.k.c.c.i.ConsumerCoordinator [node1:8080] - [Consumer clientId=consumer-order-events-consumer-4, groupId=order-events-consumer] Discovered group coordinator localhost:9093 (id: 2147482646 rack: null)
2025-12-06 13:46:11.151 [org.springframework.kafka.KafkaListenerEndpointContainer#3-0-C-1] INFO  o.a.k.c.c.i.ConsumerCoordinator [node1:8080] - [Consumer clientId=consumer-pattern-consumer-2, groupId=pattern-consumer] Discovered group coordinator localhost:9093 (id: 2147482646 rack: null)
2025-12-06 13:46:11.151 [org.springframework.kafka.KafkaListenerEndpointContainer#1-0-C-1] INFO  o.a.k.c.c.i.ConsumerCoordinator [node1:8080] - [Consumer clientId=consumer-order-events-consumer-4, groupId=order-events-consumer] Group coordinator localhost:9093 (id: 2147482646 rack: null) is unavailable or invalid due to cause: coordinator unavailable.isDisconnected: false. Rediscovery will be attempted.
2025-12-06 13:46:11.151 [org.springframework.kafka.KafkaListenerEndpointContainer#3-0-C-1] INFO  o.a.k.c.c.i.ConsumerCoordinator [node1:8080] - [Consumer clientId=consumer-pattern-consumer-2, groupId=pattern-consumer] Group coordinator localhost:9093 (id: 2147482646 rack: null) is unavailable or invalid due to cause: coordinator unavailable.isDisconnected: false. Rediscovery will be attempted.
2025-12-06 13:46:11.153 [org.springframework.kafka.KafkaListenerEndpointContainer#2-0-C-1] INFO  o.a.k.c.c.i.ConsumerCoordinator [node1:8080] - [Consumer clientId=consumer-notification-batch-consumer-1, groupId=notification-batch-consumer] Discovered group coordinator localhost:9093 (id: 2147482646 rack: null)
2025-12-06 13:46:11.154 [org.springframework.kafka.KafkaListenerEndpointContainer#0-0-C-1] INFO  o.a.k.c.c.i.ConsumerCoordinator [node1:8080] - [Consumer clientId=consumer-user-events-consumer-3, groupId=user-events-consumer] Discovered group coordinator localhost:9093 (id: 2147482646 rack: null)
2025-12-06 13:46:11.154 [org.springframework.kafka.KafkaListenerEndpointContainer#0-0-C-1] INFO  o.a.k.c.c.i.ConsumerCoordinator [node1:8080] - [Consumer clientId=consumer-user-events-consumer-3, groupId=user-events-consumer] Group coordinator localhost:9093 (id: 2147482646 rack: null) is unavailable or invalid due to cause: coordinator unavailable.isDisconnected: false. Rediscovery will be attempted.
2025-12-06 13:46:11.155 [org.springframework.kafka.KafkaListenerEndpointContainer#2-0-C-1] INFO  o.a.k.c.c.i.ConsumerCoordinator [node1:8080] - [Consumer clientId=consumer-notification-batch-consumer-1, groupId=notification-batch-consumer] Discovered group coordinator localhost:9093 (id: 2147482646 rack: null)
2025-12-06 13:46:11.155 [org.springframework.kafka.KafkaListenerEndpointContainer#2-0-C-1] INFO  o.a.k.c.c.i.ConsumerCoordinator [node1:8080] - [Consumer clientId=consumer-notification-batch-consumer-1, groupId=notification-batch-consumer] Group coordinator localhost:9093 (id: 2147482646 rack: null) is unavailable or invalid due to cause: coordinator unavailable.isDisconnected: false. Rediscovery will be attempted.
2025-12-06 13:46:11.260 [org.springframework.kafka.KafkaListenerEndpointContainer#1-0-C-1] INFO  o.a.k.c.c.i.ConsumerCoordinator [node1:8080] - [Consumer clientId=consumer-order-events-consumer-4, groupId=order-events-consumer] Discovered group coordinator localhost:9093 (id: 2147482646 rack: null)
2025-12-06 13:46:11.260 [org.springframework.kafka.KafkaListenerEndpointContainer#3-0-C-1] INFO  o.a.k.c.c.i.ConsumerCoordinator [node1:8080] - [Consumer clientId=consumer-pattern-consumer-2, groupId=pattern-consumer] Discovered group coordinator localhost:9093 (id: 2147482646 rack: null)
2025-12-06 13:46:11.267 [org.springframework.kafka.KafkaListenerEndpointContainer#0-0-C-1] INFO  o.a.k.c.c.i.ConsumerCoordinator [node1:8080] - [Consumer clientId=consumer-user-events-consumer-3, groupId=user-events-consumer] Discovered group coordinator localhost:9093 (id: 2147482646 rack: null)
2025-12-06 13:46:11.267 [org.springframework.kafka.KafkaListenerEndpointContainer#2-0-C-1] INFO  o.a.k.c.c.i.ConsumerCoordinator [node1:8080] - [Consumer clientId=consumer-notification-batch-consumer-1, groupId=notification-batch-consumer] Discovered group coordinator localhost:9093 (id: 2147482646 rack: null)
2025-12-06 13:46:40.186 [HikariPool-1 housekeeper] WARN  com.zaxxer.hikari.pool.HikariPool [node1:8080] - HikariPool-1 - Retrograde clock change detected (housekeeper delta=29s70ms), soft-evicting connections from pool.
2025-12-06 13:56:00.005 [org.springframework.kafka.KafkaListenerEndpointContainer#1-0-C-1] INFO  o.a.k.clients.FetchSessionHandler [node1:8080] - [Consumer clientId=consumer-order-events-consumer-4, groupId=order-events-consumer] Error sending fetch request (sessionId=1435601575, epoch=65) to node 1001:
org.apache.kafka.common.errors.DisconnectException: null
2025-12-06 13:56:00.005 [org.springframework.kafka.KafkaListenerEndpointContainer#2-0-C-1] INFO  o.a.k.clients.FetchSessionHandler [node1:8080] - [Consumer clientId=consumer-notification-batch-consumer-1, groupId=notification-batch-consumer] Error sending fetch request (sessionId=1603343802, epoch=65) to node 1001:
org.apache.kafka.common.errors.DisconnectException: null
2025-12-06 13:56:00.005 [org.springframework.kafka.KafkaListenerEndpointContainer#0-0-C-1] INFO  o.a.k.clients.FetchSessionHandler [node1:8080] - [Consumer clientId=consumer-user-events-consumer-3, groupId=user-events-consumer] Error sending fetch request (sessionId=1174368326, epoch=65) to node 1001:
org.apache.kafka.common.errors.DisconnectException: null
2025-12-06 13:56:00.005 [org.springframework.kafka.KafkaListenerEndpointContainer#3-0-C-1] INFO  o.a.k.clients.FetchSessionHandler [node1:8080] - [Consumer clientId=consumer-pattern-consumer-2, groupId=pattern-consumer] Error sending fetch request (sessionId=2118421503, epoch=64) to node 1001:
org.apache.kafka.common.errors.DisconnectException: null
2025-12-06 13:56:00.014 [kafka-coordinator-heartbeat-thread | order-events-consumer] INFO  o.a.k.c.c.i.ConsumerCoordinator [node1:8080] - [Consumer clientId=consumer-order-events-consumer-4, groupId=order-events-consumer] Group coordinator localhost:9093 (id: 2147482646 rack: null) is unavailable or invalid due to cause: session timed out without receiving a heartbeat response.isDisconnected: false. Rediscovery will be attempted.
2025-12-06 13:56:00.011 [kafka-coordinator-heartbeat-thread | user-events-consumer] INFO  o.a.k.c.c.i.ConsumerCoordinator [node1:8080] - [Consumer clientId=consumer-user-events-consumer-3, groupId=user-events-consumer] Group coordinator localhost:9093 (id: 2147482646 rack: null) is unavailable or invalid due to cause: session timed out without receiving a heartbeat response.isDisconnected: false. Rediscovery will be attempted.
2025-12-06 13:56:00.015 [kafka-coordinator-heartbeat-thread | notification-batch-consumer] INFO  o.a.k.c.c.i.ConsumerCoordinator [node1:8080] - [Consumer clientId=consumer-notification-batch-consumer-1, groupId=notification-batch-consumer] Group coordinator localhost:9093 (id: 2147482646 rack: null) is unavailable or invalid due to cause: session timed out without receiving a heartbeat response.isDisconnected: false. Rediscovery will be attempted.
2025-12-06 13:56:00.016 [kafka-coordinator-heartbeat-thread | pattern-consumer] INFO  o.a.k.c.c.i.ConsumerCoordinator [node1:8080] - [Consumer clientId=consumer-pattern-consumer-2, groupId=pattern-consumer] Group coordinator localhost:9093 (id: 2147482646 rack: null) is unavailable or invalid due to cause: session timed out without receiving a heartbeat response.isDisconnected: false. Rediscovery will be attempted.
2025-12-06 13:56:00.123 [org.springframework.kafka.KafkaListenerEndpointContainer#0-0-C-1] INFO  o.a.k.c.c.i.ConsumerCoordinator [node1:8080] - [Consumer clientId=consumer-user-events-consumer-3, groupId=user-events-consumer] Discovered group coordinator localhost:9093 (id: 2147482646 rack: null)
2025-12-06 13:56:00.123 [org.springframework.kafka.KafkaListenerEndpointContainer#2-0-C-1] INFO  o.a.k.c.c.i.ConsumerCoordinator [node1:8080] - [Consumer clientId=consumer-notification-batch-consumer-1, groupId=notification-batch-consumer] Discovered group coordinator localhost:9093 (id: 2147482646 rack: null)
2025-12-06 13:56:00.127 [org.springframework.kafka.KafkaListenerEndpointContainer#3-0-C-1] INFO  o.a.k.c.c.i.ConsumerCoordinator [node1:8080] - [Consumer clientId=consumer-pattern-consumer-2, groupId=pattern-consumer] Discovered group coordinator localhost:9093 (id: 2147482646 rack: null)
2025-12-06 13:56:01.118 [org.springframework.kafka.KafkaListenerEndpointContainer#1-0-C-1] INFO  o.a.k.c.c.i.ConsumerCoordinator [node1:8080] - [Consumer clientId=consumer-order-events-consumer-4, groupId=order-events-consumer] Discovered group coordinator localhost:9093 (id: 2147482646 rack: null)
2025-12-06 13:56:01.121 [org.springframework.kafka.KafkaListenerEndpointContainer#1-0-C-1] INFO  o.a.k.c.c.i.ConsumerCoordinator [node1:8080] - [Consumer clientId=consumer-order-events-consumer-4, groupId=order-events-consumer] Discovered group coordinator localhost:9093 (id: 2147482646 rack: null)
2025-12-06 13:56:27.468 [HikariPool-1 housekeeper] WARN  com.zaxxer.hikari.pool.HikariPool [node1:8080] - HikariPool-1 - Thread starvation or clock leap detected (housekeeper delta=9m47s282ms).
2025-12-06 14:05:54.011 [org.springframework.kafka.KafkaListenerEndpointContainer#1-0-C-1] INFO  o.a.k.clients.FetchSessionHandler [node1:8080] - [Consumer clientId=consumer-order-events-consumer-4, groupId=order-events-consumer] Error sending fetch request (sessionId=838700120, epoch=63) to node 1001:
org.apache.kafka.common.errors.DisconnectException: null
2025-12-06 14:05:54.012 [org.springframework.kafka.KafkaListenerEndpointContainer#0-0-C-1] INFO  o.a.k.clients.FetchSessionHandler [node1:8080] - [Consumer clientId=consumer-user-events-consumer-3, groupId=user-events-consumer] Error sending fetch request (sessionId=1866136893, epoch=64) to node 1001:
org.apache.kafka.common.errors.DisconnectException: null
2025-12-06 14:05:54.013 [org.springframework.kafka.KafkaListenerEndpointContainer#3-0-C-1] INFO  o.a.k.clients.FetchSessionHandler [node1:8080] - [Consumer clientId=consumer-pattern-consumer-2, groupId=pattern-consumer] Error sending fetch request (sessionId=1826685571, epoch=64) to node 1001:
org.apache.kafka.common.errors.DisconnectException: null
2025-12-06 14:05:54.012 [kafka-coordinator-heartbeat-thread | order-events-consumer] INFO  o.a.k.c.c.i.ConsumerCoordinator [node1:8080] - [Consumer clientId=consumer-order-events-consumer-4, groupId=order-events-consumer] Group coordinator localhost:9093 (id: 2147482646 rack: null) is unavailable or invalid due to cause: session timed out without receiving a heartbeat response.isDisconnected: false. Rediscovery will be attempted.
2025-12-06 14:05:54.014 [org.springframework.kafka.KafkaListenerEndpointContainer#2-0-C-1] INFO  o.a.k.clients.FetchSessionHandler [node1:8080] - [Consumer clientId=consumer-notification-batch-consumer-1, groupId=notification-batch-consumer] Error sending fetch request (sessionId=285078478, epoch=63) to node 1001:
org.apache.kafka.common.errors.DisconnectException: null
2025-12-06 14:05:54.015 [kafka-coordinator-heartbeat-thread | notification-batch-consumer] INFO  o.a.k.c.c.i.ConsumerCoordinator [node1:8080] - [Consumer clientId=consumer-notification-batch-consumer-1, groupId=notification-batch-consumer] Group coordinator localhost:9093 (id: 2147482646 rack: null) is unavailable or invalid due to cause: session timed out without receiving a heartbeat response.isDisconnected: false. Rediscovery will be attempted.
2025-12-06 14:05:54.130 [org.springframework.kafka.KafkaListenerEndpointContainer#1-0-C-1] INFO  o.a.k.c.c.i.ConsumerCoordinator [node1:8080] - [Consumer clientId=consumer-order-events-consumer-4, groupId=order-events-consumer] Discovered group coordinator localhost:9093 (id: 2147482646 rack: null)
2025-12-06 14:05:54.014 [kafka-coordinator-heartbeat-thread | pattern-consumer] INFO  o.a.k.c.c.i.ConsumerCoordinator [node1:8080] - [Consumer clientId=consumer-pattern-consumer-2, groupId=pattern-consumer] Group coordinator localhost:9093 (id: 2147482646 rack: null) is unavailable or invalid due to cause: session timed out without receiving a heartbeat response.isDisconnected: false. Rediscovery will be attempted.
2025-12-06 14:05:54.014 [kafka-coordinator-heartbeat-thread | user-events-consumer] INFO  o.a.k.c.c.i.ConsumerCoordinator [node1:8080] - [Consumer clientId=consumer-user-events-consumer-3, groupId=user-events-consumer] Group coordinator localhost:9093 (id: 2147482646 rack: null) is unavailable or invalid due to cause: session timed out without receiving a heartbeat response.isDisconnected: false. Rediscovery will be attempted.
2025-12-06 14:05:55.110 [org.springframework.kafka.KafkaListenerEndpointContainer#2-0-C-1] INFO  o.a.k.c.c.i.ConsumerCoordinator [node1:8080] - [Consumer clientId=consumer-notification-batch-consumer-1, groupId=notification-batch-consumer] Discovered group coordinator localhost:9093 (id: 2147482646 rack: null)
2025-12-06 14:05:55.123 [org.springframework.kafka.KafkaListenerEndpointContainer#0-0-C-1] INFO  o.a.k.c.c.i.ConsumerCoordinator [node1:8080] - [Consumer clientId=consumer-user-events-consumer-3, groupId=user-events-consumer] Discovered group coordinator localhost:9093 (id: 2147482646 rack: null)
2025-12-06 14:05:55.125 [org.springframework.kafka.KafkaListenerEndpointContainer#0-0-C-1] INFO  o.a.k.c.c.i.ConsumerCoordinator [node1:8080] - [Consumer clientId=consumer-user-events-consumer-3, groupId=user-events-consumer] Discovered group coordinator localhost:9093 (id: 2147482646 rack: null)
2025-12-06 14:05:55.125 [org.springframework.kafka.KafkaListenerEndpointContainer#0-0-C-1] INFO  o.a.k.c.c.i.ConsumerCoordinator [node1:8080] - [Consumer clientId=consumer-user-events-consumer-3, groupId=user-events-consumer] Group coordinator localhost:9093 (id: 2147482646 rack: null) is unavailable or invalid due to cause: coordinator unavailable.isDisconnected: false. Rediscovery will be attempted.
2025-12-06 14:05:55.125 [org.springframework.kafka.KafkaListenerEndpointContainer#3-0-C-1] INFO  o.a.k.c.c.i.ConsumerCoordinator [node1:8080] - [Consumer clientId=consumer-pattern-consumer-2, groupId=pattern-consumer] Discovered group coordinator localhost:9093 (id: 2147482646 rack: null)
2025-12-06 14:05:55.126 [org.springframework.kafka.KafkaListenerEndpointContainer#3-0-C-1] INFO  o.a.k.c.c.i.ConsumerCoordinator [node1:8080] - [Consumer clientId=consumer-pattern-consumer-2, groupId=pattern-consumer] Discovered group coordinator localhost:9093 (id: 2147482646 rack: null)
2025-12-06 14:05:55.126 [org.springframework.kafka.KafkaListenerEndpointContainer#3-0-C-1] INFO  o.a.k.c.c.i.ConsumerCoordinator [node1:8080] - [Consumer clientId=consumer-pattern-consumer-2, groupId=pattern-consumer] Group coordinator localhost:9093 (id: 2147482646 rack: null) is unavailable or invalid due to cause: coordinator unavailable.isDisconnected: false. Rediscovery will be attempted.
2025-12-06 14:05:55.235 [org.springframework.kafka.KafkaListenerEndpointContainer#0-0-C-1] INFO  o.a.k.c.c.i.ConsumerCoordinator [node1:8080] - [Consumer clientId=consumer-user-events-consumer-3, groupId=user-events-consumer] Discovered group coordinator localhost:9093 (id: 2147482646 rack: null)
2025-12-06 14:05:55.236 [org.springframework.kafka.KafkaListenerEndpointContainer#3-0-C-1] INFO  o.a.k.c.c.i.ConsumerCoordinator [node1:8080] - [Consumer clientId=consumer-pattern-consumer-2, groupId=pattern-consumer] Discovered group coordinator localhost:9093 (id: 2147482646 rack: null)
2025-12-06 14:06:10.924 [HikariPool-1 housekeeper] WARN  com.zaxxer.hikari.pool.HikariPool [node1:8080] - HikariPool-1 - Thread starvation or clock leap detected (housekeeper delta=9m43s456ms).
2025-12-06 14:15:42.012 [org.springframework.kafka.KafkaListenerEndpointContainer#1-0-C-1] INFO  o.a.k.clients.FetchSessionHandler [node1:8080] - [Consumer clientId=consumer-order-events-consumer-4, groupId=order-events-consumer] Error sending fetch request (sessionId=1368184964, epoch=66) to node 1001:
org.apache.kafka.common.errors.DisconnectException: null
2025-12-06 14:15:42.019 [kafka-coordinator-heartbeat-thread | order-events-consumer] INFO  o.a.k.c.c.i.ConsumerCoordinator [node1:8080] - [Consumer clientId=consumer-order-events-consumer-4, groupId=order-events-consumer] Group coordinator localhost:9093 (id: 2147482646 rack: null) is unavailable or invalid due to cause: session timed out without receiving a heartbeat response.isDisconnected: false. Rediscovery will be attempted.
2025-12-06 14:15:42.570 [org.springframework.kafka.KafkaListenerEndpointContainer#2-0-C-1] INFO  o.a.k.clients.FetchSessionHandler [node1:8080] - [Consumer clientId=consumer-notification-batch-consumer-1, groupId=notification-batch-consumer] Error sending fetch request (sessionId=429926100, epoch=64) to node 1001:
org.apache.kafka.common.errors.DisconnectException: null
2025-12-06 14:15:42.571 [kafka-coordinator-heartbeat-thread | notification-batch-consumer] INFO  o.a.k.c.c.i.ConsumerCoordinator [node1:8080] - [Consumer clientId=consumer-notification-batch-consumer-1, groupId=notification-batch-consumer] Group coordinator localhost:9093 (id: 2147482646 rack: null) is unavailable or invalid due to cause: session timed out without receiving a heartbeat response.isDisconnected: false. Rediscovery will be attempted.
2025-12-06 14:15:42.692 [kafka-coordinator-heartbeat-thread | user-events-consumer] INFO  o.a.k.c.c.i.ConsumerCoordinator [node1:8080] - [Consumer clientId=consumer-user-events-consumer-3, groupId=user-events-consumer] Group coordinator localhost:9093 (id: 2147482646 rack: null) is unavailable or invalid due to cause: session timed out without receiving a heartbeat response.isDisconnected: false. Rediscovery will be attempted.
2025-12-06 14:15:42.692 [kafka-coordinator-heartbeat-thread | pattern-consumer] INFO  o.a.k.c.c.i.ConsumerCoordinator [node1:8080] - [Consumer clientId=consumer-pattern-consumer-2, groupId=pattern-consumer] Group coordinator localhost:9093 (id: 2147482646 rack: null) is unavailable or invalid due to cause: session timed out without receiving a heartbeat response.isDisconnected: false. Rediscovery will be attempted.
2025-12-06 14:15:42.692 [org.springframework.kafka.KafkaListenerEndpointContainer#0-0-C-1] INFO  o.a.k.clients.FetchSessionHandler [node1:8080] - [Consumer clientId=consumer-user-events-consumer-3, groupId=user-events-consumer] Error sending fetch request (sessionId=778744144, epoch=64) to node 1001:
org.apache.kafka.common.errors.DisconnectException: null
2025-12-06 14:15:42.692 [org.springframework.kafka.KafkaListenerEndpointContainer#3-0-C-1] INFO  o.a.k.clients.FetchSessionHandler [node1:8080] - [Consumer clientId=consumer-pattern-consumer-2, groupId=pattern-consumer] Error sending fetch request (sessionId=916581751, epoch=64) to node 1001:
org.apache.kafka.common.errors.DisconnectException: null
2025-12-06 14:15:43.197 [org.springframework.kafka.KafkaListenerEndpointContainer#2-0-C-1] INFO  o.a.k.c.c.i.ConsumerCoordinator [node1:8080] - [Consumer clientId=consumer-notification-batch-consumer-1, groupId=notification-batch-consumer] Discovered group coordinator localhost:9093 (id: 2147482646 rack: null)
2025-12-06 14:15:43.204 [org.springframework.kafka.KafkaListenerEndpointContainer#3-0-C-1] INFO  o.a.k.c.c.i.ConsumerCoordinator [node1:8080] - [Consumer clientId=consumer-pattern-consumer-2, groupId=pattern-consumer] Discovered group coordinator localhost:9093 (id: 2147482646 rack: null)
2025-12-06 14:15:43.204 [org.springframework.kafka.KafkaListenerEndpointContainer#1-0-C-1] INFO  o.a.k.c.c.i.ConsumerCoordinator [node1:8080] - [Consumer clientId=consumer-order-events-consumer-4, groupId=order-events-consumer] Discovered group coordinator localhost:9093 (id: 2147482646 rack: null)
2025-12-06 14:15:43.205 [org.springframework.kafka.KafkaListenerEndpointContainer#2-0-C-1] INFO  o.a.k.c.c.i.ConsumerCoordinator [node1:8080] - [Consumer clientId=consumer-notification-batch-consumer-1, groupId=notification-batch-consumer] Discovered group coordinator localhost:9093 (id: 2147482646 rack: null)
2025-12-06 14:15:43.215 [org.springframework.kafka.KafkaListenerEndpointContainer#3-0-C-1] INFO  o.a.k.c.c.i.ConsumerCoordinator [node1:8080] - [Consumer clientId=consumer-pattern-consumer-2, groupId=pattern-consumer] Discovered group coordinator localhost:9093 (id: 2147482646 rack: null)
2025-12-06 14:15:43.225 [org.springframework.kafka.KafkaListenerEndpointContainer#0-0-C-1] INFO  o.a.k.c.c.i.ConsumerCoordinator [node1:8080] - [Consumer clientId=consumer-user-events-consumer-3, groupId=user-events-consumer] Discovered group coordinator localhost:9093 (id: 2147482646 rack: null)
2025-12-06 14:15:43.231 [org.springframework.kafka.KafkaListenerEndpointContainer#0-0-C-1] INFO  o.a.k.c.c.i.ConsumerCoordinator [node1:8080] - [Consumer clientId=consumer-user-events-consumer-3, groupId=user-events-consumer] Discovered group coordinator localhost:9093 (id: 2147482646 rack: null)
2025-12-06 14:15:56.316 [HikariPool-1 housekeeper] WARN  com.zaxxer.hikari.pool.HikariPool [node1:8080] - HikariPool-1 - Thread starvation or clock leap detected (housekeeper delta=9m45s392ms).
2025-12-06 14:25:36.022 [org.springframework.kafka.KafkaListenerEndpointContainer#1-0-C-1] INFO  o.a.k.clients.FetchSessionHandler [node1:8080] - [Consumer clientId=consumer-order-events-consumer-4, groupId=order-events-consumer] Error sending fetch request (sessionId=948689423, epoch=64) to node 1001:
org.apache.kafka.common.errors.DisconnectException: null
2025-12-06 14:25:36.022 [kafka-coordinator-heartbeat-thread | order-events-consumer] INFO  o.a.k.c.c.i.ConsumerCoordinator [node1:8080] - [Consumer clientId=consumer-order-events-consumer-4, groupId=order-events-consumer] Group coordinator localhost:9093 (id: 2147482646 rack: null) is unavailable or invalid due to cause: session timed out without receiving a heartbeat response.isDisconnected: false. Rediscovery will be attempted.
2025-12-06 14:25:36.022 [org.springframework.kafka.KafkaListenerEndpointContainer#0-0-C-1] INFO  o.a.k.clients.FetchSessionHandler [node1:8080] - [Consumer clientId=consumer-user-events-consumer-3, groupId=user-events-consumer] Error sending fetch request (sessionId=2024543536, epoch=64) to node 1001:
org.apache.kafka.common.errors.DisconnectException: null
2025-12-06 14:25:36.022 [org.springframework.kafka.KafkaListenerEndpointContainer#3-0-C-1] INFO  o.a.k.clients.FetchSessionHandler [node1:8080] - [Consumer clientId=consumer-pattern-consumer-2, groupId=pattern-consumer] Error sending fetch request (sessionId=1777839894, epoch=64) to node 1001:
org.apache.kafka.common.errors.DisconnectException: null
2025-12-06 14:25:36.023 [kafka-coordinator-heartbeat-thread | user-events-consumer] INFO  o.a.k.c.c.i.ConsumerCoordinator [node1:8080] - [Consumer clientId=consumer-user-events-consumer-3, groupId=user-events-consumer] Group coordinator localhost:9093 (id: 2147482646 rack: null) is unavailable or invalid due to cause: session timed out without receiving a heartbeat response.isDisconnected: false. Rediscovery will be attempted.
2025-12-06 14:25:36.023 [org.springframework.kafka.KafkaListenerEndpointContainer#2-0-C-1] INFO  o.a.k.clients.FetchSessionHandler [node1:8080] - [Consumer clientId=consumer-notification-batch-consumer-1, groupId=notification-batch-consumer] Error sending fetch request (sessionId=713085392, epoch=64) to node 1001:
org.apache.kafka.common.errors.DisconnectException: null
2025-12-06 14:25:36.023 [kafka-coordinator-heartbeat-thread | pattern-consumer] INFO  o.a.k.c.c.i.ConsumerCoordinator [node1:8080] - [Consumer clientId=consumer-pattern-consumer-2, groupId=pattern-consumer] Group coordinator localhost:9093 (id: 2147482646 rack: null) is unavailable or invalid due to cause: session timed out without receiving a heartbeat response.isDisconnected: false. Rediscovery will be attempted.
2025-12-06 14:25:36.023 [kafka-coordinator-heartbeat-thread | notification-batch-consumer] INFO  o.a.k.c.c.i.ConsumerCoordinator [node1:8080] - [Consumer clientId=consumer-notification-batch-consumer-1, groupId=notification-batch-consumer] Group coordinator localhost:9093 (id: 2147482646 rack: null) is unavailable or invalid due to cause: session timed out without receiving a heartbeat response.isDisconnected: false. Rediscovery will be attempted.
2025-12-06 14:25:37.158 [org.springframework.kafka.KafkaListenerEndpointContainer#0-0-C-1] INFO  o.a.k.c.c.i.ConsumerCoordinator [node1:8080] - [Consumer clientId=consumer-user-events-consumer-3, groupId=user-events-consumer] Discovered group coordinator localhost:9093 (id: 2147482646 rack: null)
2025-12-06 14:25:37.158 [org.springframework.kafka.KafkaListenerEndpointContainer#1-0-C-1] INFO  o.a.k.c.c.i.ConsumerCoordinator [node1:8080] - [Consumer clientId=consumer-order-events-consumer-4, groupId=order-events-consumer] Discovered group coordinator localhost:9093 (id: 2147482646 rack: null)
2025-12-06 14:25:37.159 [org.springframework.kafka.KafkaListenerEndpointContainer#2-0-C-1] INFO  o.a.k.c.c.i.ConsumerCoordinator [node1:8080] - [Consumer clientId=consumer-notification-batch-consumer-1, groupId=notification-batch-consumer] Discovered group coordinator localhost:9093 (id: 2147482646 rack: null)
2025-12-06 14:25:37.159 [org.springframework.kafka.KafkaListenerEndpointContainer#3-0-C-1] INFO  o.a.k.c.c.i.ConsumerCoordinator [node1:8080] - [Consumer clientId=consumer-pattern-consumer-2, groupId=pattern-consumer] Discovered group coordinator localhost:9093 (id: 2147482646 rack: null)
2025-12-06 14:25:44.220 [HikariPool-1 housekeeper] WARN  com.zaxxer.hikari.pool.HikariPool [node1:8080] - HikariPool-1 - Thread starvation or clock leap detected (housekeeper delta=9m47s904ms).
2025-12-06 14:35:26.017 [org.springframework.kafka.KafkaListenerEndpointContainer#0-0-C-1] INFO  o.a.k.clients.FetchSessionHandler [node1:8080] - [Consumer clientId=consumer-user-events-consumer-3, groupId=user-events-consumer] Error sending fetch request (sessionId=1572994685, epoch=64) to node 1001:
org.apache.kafka.common.errors.DisconnectException: null
2025-12-06 14:35:26.017 [kafka-coordinator-heartbeat-thread | user-events-consumer] INFO  o.a.k.c.c.i.ConsumerCoordinator [node1:8080] - [Consumer clientId=consumer-user-events-consumer-3, groupId=user-events-consumer] Group coordinator localhost:9093 (id: 2147482646 rack: null) is unavailable or invalid due to cause: session timed out without receiving a heartbeat response.isDisconnected: false. Rediscovery will be attempted.
2025-12-06 14:35:26.018 [kafka-coordinator-heartbeat-thread | pattern-consumer] INFO  o.a.k.c.c.i.ConsumerCoordinator [node1:8080] - [Consumer clientId=consumer-pattern-consumer-2, groupId=pattern-consumer] Group coordinator localhost:9093 (id: 2147482646 rack: null) is unavailable or invalid due to cause: session timed out without receiving a heartbeat response.isDisconnected: false. Rediscovery will be attempted.
2025-12-06 14:35:26.018 [kafka-coordinator-heartbeat-thread | notification-batch-consumer] INFO  o.a.k.c.c.i.ConsumerCoordinator [node1:8080] - [Consumer clientId=consumer-notification-batch-consumer-1, groupId=notification-batch-consumer] Group coordinator localhost:9093 (id: 2147482646 rack: null) is unavailable or invalid due to cause: session timed out without receiving a heartbeat response.isDisconnected: false. Rediscovery will be attempted.
2025-12-06 14:35:26.127 [org.springframework.kafka.KafkaListenerEndpointContainer#0-0-C-1] INFO  o.a.k.c.c.i.ConsumerCoordinator [node1:8080] - [Consumer clientId=consumer-user-events-consumer-3, groupId=user-events-consumer] Discovered group coordinator localhost:9093 (id: 2147482646 rack: null)
2025-12-06 14:35:27.150 [org.springframework.kafka.KafkaListenerEndpointContainer#1-0-C-1] INFO  o.a.k.clients.FetchSessionHandler [node1:8080] - [Consumer clientId=consumer-order-events-consumer-4, groupId=order-events-consumer] Error sending fetch request (sessionId=913197658, epoch=64) to node 1001:
org.apache.kafka.common.errors.DisconnectException: null
2025-12-06 14:35:27.146 [org.springframework.kafka.KafkaListenerEndpointContainer#3-0-C-1] INFO  o.a.k.clients.FetchSessionHandler [node1:8080] - [Consumer clientId=consumer-pattern-consumer-2, groupId=pattern-consumer] Error sending fetch request (sessionId=182992204, epoch=64) to node 1001:
org.apache.kafka.common.errors.DisconnectException: null
2025-12-06 14:35:26.017 [org.springframework.kafka.KafkaListenerEndpointContainer#2-0-C-1] INFO  o.a.k.clients.FetchSessionHandler [node1:8080] - [Consumer clientId=consumer-notification-batch-consumer-1, groupId=notification-batch-consumer] Error sending fetch request (sessionId=103634115, epoch=64) to node 1001:
org.apache.kafka.common.errors.DisconnectException: null
2025-12-06 14:35:27.148 [kafka-coordinator-heartbeat-thread | order-events-consumer] INFO  o.a.k.c.c.i.ConsumerCoordinator [node1:8080] - [Consumer clientId=consumer-order-events-consumer-4, groupId=order-events-consumer] Group coordinator localhost:9093 (id: 2147482646 rack: null) is unavailable or invalid due to cause: session timed out without receiving a heartbeat response.isDisconnected: false. Rediscovery will be attempted.
2025-12-06 14:35:27.158 [org.springframework.kafka.KafkaListenerEndpointContainer#2-0-C-1] INFO  o.a.k.c.c.i.ConsumerCoordinator [node1:8080] - [Consumer clientId=consumer-notification-batch-consumer-1, groupId=notification-batch-consumer] Discovered group coordinator localhost:9093 (id: 2147482646 rack: null)
2025-12-06 14:35:27.159 [org.springframework.kafka.KafkaListenerEndpointContainer#2-0-C-1] INFO  o.a.k.c.c.i.ConsumerCoordinator [node1:8080] - [Consumer clientId=consumer-notification-batch-consumer-1, groupId=notification-batch-consumer] Discovered group coordinator localhost:9093 (id: 2147482646 rack: null)
2025-12-06 14:35:27.164 [org.springframework.kafka.KafkaListenerEndpointContainer#2-0-C-1] INFO  o.a.k.c.c.i.ConsumerCoordinator [node1:8080] - [Consumer clientId=consumer-notification-batch-consumer-1, groupId=notification-batch-consumer] Discovered group coordinator localhost:9093 (id: 2147482646 rack: null)
2025-12-06 14:35:27.166 [org.springframework.kafka.KafkaListenerEndpointContainer#2-0-C-1] INFO  o.a.k.c.c.i.ConsumerCoordinator [node1:8080] - [Consumer clientId=consumer-notification-batch-consumer-1, groupId=notification-batch-consumer] Discovered group coordinator localhost:9093 (id: 2147482646 rack: null)
2025-12-06 14:35:27.168 [org.springframework.kafka.KafkaListenerEndpointContainer#3-0-C-1] INFO  o.a.k.c.c.i.ConsumerCoordinator [node1:8080] - [Consumer clientId=consumer-pattern-consumer-2, groupId=pattern-consumer] Discovered group coordinator localhost:9093 (id: 2147482646 rack: null)
2025-12-06 14:35:27.168 [org.springframework.kafka.KafkaListenerEndpointContainer#2-0-C-1] INFO  o.a.k.c.c.i.ConsumerCoordinator [node1:8080] - [Consumer clientId=consumer-notification-batch-consumer-1, groupId=notification-batch-consumer] Discovered group coordinator localhost:9093 (id: 2147482646 rack: null)
2025-12-06 14:35:27.172 [org.springframework.kafka.KafkaListenerEndpointContainer#3-0-C-1] INFO  o.a.k.c.c.i.ConsumerCoordinator [node1:8080] - [Consumer clientId=consumer-pattern-consumer-2, groupId=pattern-consumer] Discovered group coordinator localhost:9093 (id: 2147482646 rack: null)
2025-12-06 14:35:27.174 [org.springframework.kafka.KafkaListenerEndpointContainer#1-0-C-1] INFO  o.a.k.c.c.i.ConsumerCoordinator [node1:8080] - [Consumer clientId=consumer-order-events-consumer-4, groupId=order-events-consumer] Discovered group coordinator localhost:9093 (id: 2147482646 rack: null)
2025-12-06 14:35:27.177 [org.springframework.kafka.KafkaListenerEndpointContainer#1-0-C-1] INFO  o.a.k.c.c.i.ConsumerCoordinator [node1:8080] - [Consumer clientId=consumer-order-events-consumer-4, groupId=order-events-consumer] Discovered group coordinator localhost:9093 (id: 2147482646 rack: null)
2025-12-06 14:35:27.177 [org.springframework.kafka.KafkaListenerEndpointContainer#1-0-C-1] INFO  o.a.k.c.c.i.ConsumerCoordinator [node1:8080] - [Consumer clientId=consumer-order-events-consumer-4, groupId=order-events-consumer] Group coordinator localhost:9093 (id: 2147482646 rack: null) is unavailable or invalid due to cause: coordinator unavailable.isDisconnected: false. Rediscovery will be attempted.
2025-12-06 14:35:27.286 [org.springframework.kafka.KafkaListenerEndpointContainer#1-0-C-1] INFO  o.a.k.c.c.i.ConsumerCoordinator [node1:8080] - [Consumer clientId=consumer-order-events-consumer-4, groupId=order-events-consumer] Discovered group coordinator localhost:9093 (id: 2147482646 rack: null)
2025-12-06 14:35:28.741 [HikariPool-1 housekeeper] WARN  com.zaxxer.hikari.pool.HikariPool [node1:8080] - HikariPool-1 - Thread starvation or clock leap detected (housekeeper delta=9m44s521ms).
2025-12-06 14:45:19.008 [org.springframework.kafka.KafkaListenerEndpointContainer#2-0-C-1] INFO  o.a.k.clients.FetchSessionHandler [node1:8080] - [Consumer clientId=consumer-notification-batch-consumer-1, groupId=notification-batch-consumer] Error sending fetch request (sessionId=273781914, epoch=62) to node 1001:
org.apache.kafka.common.errors.DisconnectException: null
2025-12-06 14:45:19.008 [org.springframework.kafka.KafkaListenerEndpointContainer#3-0-C-1] INFO  o.a.k.clients.FetchSessionHandler [node1:8080] - [Consumer clientId=consumer-pattern-consumer-2, groupId=pattern-consumer] Error sending fetch request (sessionId=329660605, epoch=62) to node 1001:
org.apache.kafka.common.errors.DisconnectException: null
2025-12-06 14:45:19.015 [kafka-coordinator-heartbeat-thread | notification-batch-consumer] INFO  o.a.k.c.c.i.ConsumerCoordinator [node1:8080] - [Consumer clientId=consumer-notification-batch-consumer-1, groupId=notification-batch-consumer] Group coordinator localhost:9093 (id: 2147482646 rack: null) is unavailable or invalid due to cause: session timed out without receiving a heartbeat response.isDisconnected: false. Rediscovery will be attempted.
2025-12-06 14:45:19.016 [kafka-coordinator-heartbeat-thread | user-events-consumer] INFO  o.a.k.c.c.i.ConsumerCoordinator [node1:8080] - [Consumer clientId=consumer-user-events-consumer-3, groupId=user-events-consumer] Group coordinator localhost:9093 (id: 2147482646 rack: null) is unavailable or invalid due to cause: session timed out without receiving a heartbeat response.isDisconnected: false. Rediscovery will be attempted.
2025-12-06 14:45:19.016 [kafka-coordinator-heartbeat-thread | pattern-consumer] INFO  o.a.k.c.c.i.ConsumerCoordinator [node1:8080] - [Consumer clientId=consumer-pattern-consumer-2, groupId=pattern-consumer] Group coordinator localhost:9093 (id: 2147482646 rack: null) is unavailable or invalid due to cause: session timed out without receiving a heartbeat response.isDisconnected: false. Rediscovery will be attempted.
2025-12-06 14:45:19.008 [org.springframework.kafka.KafkaListenerEndpointContainer#0-0-C-1] INFO  o.a.k.clients.FetchSessionHandler [node1:8080] - [Consumer clientId=consumer-user-events-consumer-3, groupId=user-events-consumer] Error sending fetch request (sessionId=1368848586, epoch=62) to node 1001:
org.apache.kafka.common.errors.DisconnectException: null
2025-12-06 14:45:20.140 [kafka-coordinator-heartbeat-thread | order-events-consumer] INFO  o.a.k.c.c.i.ConsumerCoordinator [node1:8080] - [Consumer clientId=consumer-order-events-consumer-4, groupId=order-events-consumer] Group coordinator localhost:9093 (id: 2147482646 rack: null) is unavailable or invalid due to cause: session timed out without receiving a heartbeat response.isDisconnected: false. Rediscovery will be attempted.
2025-12-06 14:45:20.150 [org.springframework.kafka.KafkaListenerEndpointContainer#1-0-C-1] INFO  o.a.k.c.c.i.ConsumerCoordinator [node1:8080] - [Consumer clientId=consumer-order-events-consumer-4, groupId=order-events-consumer] Discovered group coordinator localhost:9093 (id: 2147482646 rack: null)
2025-12-06 14:45:20.150 [org.springframework.kafka.KafkaListenerEndpointContainer#0-0-C-1] INFO  o.a.k.c.c.i.ConsumerCoordinator [node1:8080] - [Consumer clientId=consumer-user-events-consumer-3, groupId=user-events-consumer] Discovered group coordinator localhost:9093 (id: 2147482646 rack: null)
2025-12-06 14:45:20.153 [org.springframework.kafka.KafkaListenerEndpointContainer#1-0-C-1] INFO  o.a.k.c.c.i.ConsumerCoordinator [node1:8080] - [Consumer clientId=consumer-order-events-consumer-4, groupId=order-events-consumer] Discovered group coordinator localhost:9093 (id: 2147482646 rack: null)
2025-12-06 14:45:20.153 [org.springframework.kafka.KafkaListenerEndpointContainer#1-0-C-1] INFO  o.a.k.c.c.i.ConsumerCoordinator [node1:8080] - [Consumer clientId=consumer-order-events-consumer-4, groupId=order-events-consumer] Group coordinator localhost:9093 (id: 2147482646 rack: null) is unavailable or invalid due to cause: coordinator unavailable.isDisconnected: false. Rediscovery will be attempted.
2025-12-06 14:45:20.154 [org.springframework.kafka.KafkaListenerEndpointContainer#0-0-C-1] INFO  o.a.k.c.c.i.ConsumerCoordinator [node1:8080] - [Consumer clientId=consumer-user-events-consumer-3, groupId=user-events-consumer] Discovered group coordinator localhost:9093 (id: 2147482646 rack: null)
2025-12-06 14:45:20.154 [org.springframework.kafka.KafkaListenerEndpointContainer#3-0-C-1] INFO  o.a.k.c.c.i.ConsumerCoordinator [node1:8080] - [Consumer clientId=consumer-pattern-consumer-2, groupId=pattern-consumer] Discovered group coordinator localhost:9093 (id: 2147482646 rack: null)
2025-12-06 14:45:20.154 [org.springframework.kafka.KafkaListenerEndpointContainer#2-0-C-1] INFO  o.a.k.c.c.i.ConsumerCoordinator [node1:8080] - [Consumer clientId=consumer-notification-batch-consumer-1, groupId=notification-batch-consumer] Discovered group coordinator localhost:9093 (id: 2147482646 rack: null)
2025-12-06 14:45:20.155 [org.springframework.kafka.KafkaListenerEndpointContainer#0-0-C-1] INFO  o.a.k.c.c.i.ConsumerCoordinator [node1:8080] - [Consumer clientId=consumer-user-events-consumer-3, groupId=user-events-consumer] Discovered group coordinator localhost:9093 (id: 2147482646 rack: null)
2025-12-06 14:45:20.157 [org.springframework.kafka.KafkaListenerEndpointContainer#2-0-C-1] INFO  o.a.k.c.c.i.ConsumerCoordinator [node1:8080] - [Consumer clientId=consumer-notification-batch-consumer-1, groupId=notification-batch-consumer] Discovered group coordinator localhost:9093 (id: 2147482646 rack: null)
2025-12-06 14:45:20.265 [org.springframework.kafka.KafkaListenerEndpointContainer#1-0-C-1] INFO  o.a.k.c.c.i.ConsumerCoordinator [node1:8080] - [Consumer clientId=consumer-order-events-consumer-4, groupId=order-events-consumer] Discovered group coordinator localhost:9093 (id: 2147482646 rack: null)
2025-12-06 14:45:46.956 [HikariPool-1 housekeeper] WARN  com.zaxxer.hikari.pool.HikariPool [node1:8080] - HikariPool-1 - Thread starvation or clock leap detected (housekeeper delta=9m45s359ms).
2025-12-06 14:55:10.015 [org.springframework.kafka.KafkaListenerEndpointContainer#3-0-C-1] INFO  o.a.k.clients.FetchSessionHandler [node1:8080] - [Consumer clientId=consumer-pattern-consumer-2, groupId=pattern-consumer] Error sending fetch request (sessionId=1413688502, epoch=63) to node 1001:
org.apache.kafka.common.errors.DisconnectException: null
2025-12-06 14:55:10.015 [org.springframework.kafka.KafkaListenerEndpointContainer#2-0-C-1] INFO  o.a.k.clients.FetchSessionHandler [node1:8080] - [Consumer clientId=consumer-notification-batch-consumer-1, groupId=notification-batch-consumer] Error sending fetch request (sessionId=1473024942, epoch=63) to node 1001:
org.apache.kafka.common.errors.DisconnectException: null
2025-12-06 14:55:10.016 [kafka-coordinator-heartbeat-thread | pattern-consumer] INFO  o.a.k.c.c.i.ConsumerCoordinator [node1:8080] - [Consumer clientId=consumer-pattern-consumer-2, groupId=pattern-consumer] Group coordinator localhost:9093 (id: 2147482646 rack: null) is unavailable or invalid due to cause: session timed out without receiving a heartbeat response.isDisconnected: false. Rediscovery will be attempted.
2025-12-06 14:55:10.016 [kafka-coordinator-heartbeat-thread | notification-batch-consumer] INFO  o.a.k.c.c.i.ConsumerCoordinator [node1:8080] - [Consumer clientId=consumer-notification-batch-consumer-1, groupId=notification-batch-consumer] Group coordinator localhost:9093 (id: 2147482646 rack: null) is unavailable or invalid due to cause: session timed out without receiving a heartbeat response.isDisconnected: false. Rediscovery will be attempted.
2025-12-06 14:55:10.032 [kafka-coordinator-heartbeat-thread | user-events-consumer] INFO  o.a.k.c.c.i.ConsumerCoordinator [node1:8080] - [Consumer clientId=consumer-user-events-consumer-3, groupId=user-events-consumer] Group coordinator localhost:9093 (id: 2147482646 rack: null) is unavailable or invalid due to cause: session timed out without receiving a heartbeat response.isDisconnected: false. Rediscovery will be attempted.
2025-12-06 14:55:10.036 [kafka-coordinator-heartbeat-thread | order-events-consumer] INFO  o.a.k.c.c.i.ConsumerCoordinator [node1:8080] - [Consumer clientId=consumer-order-events-consumer-4, groupId=order-events-consumer] Group coordinator localhost:9093 (id: 2147482646 rack: null) is unavailable or invalid due to cause: session timed out without receiving a heartbeat response.isDisconnected: false. Rediscovery will be attempted.
2025-12-06 14:55:10.043 [org.springframework.kafka.KafkaListenerEndpointContainer#0-0-C-1] INFO  o.a.k.c.c.i.ConsumerCoordinator [node1:8080] - [Consumer clientId=consumer-user-events-consumer-3, groupId=user-events-consumer] Discovered group coordinator localhost:9093 (id: 2147482646 rack: null)
2025-12-06 14:55:10.045 [org.springframework.kafka.KafkaListenerEndpointContainer#0-0-C-1] INFO  o.a.k.c.c.i.ConsumerCoordinator [node1:8080] - [Consumer clientId=consumer-user-events-consumer-3, groupId=user-events-consumer] Discovered group coordinator localhost:9093 (id: 2147482646 rack: null)
2025-12-06 14:55:10.045 [org.springframework.kafka.KafkaListenerEndpointContainer#0-0-C-1] INFO  o.a.k.c.c.i.ConsumerCoordinator [node1:8080] - [Consumer clientId=consumer-user-events-consumer-3, groupId=user-events-consumer] Group coordinator localhost:9093 (id: 2147482646 rack: null) is unavailable or invalid due to cause: coordinator unavailable.isDisconnected: false. Rediscovery will be attempted.
2025-12-06 14:55:10.045 [org.springframework.kafka.KafkaListenerEndpointContainer#1-0-C-1] INFO  o.a.k.c.c.i.ConsumerCoordinator [node1:8080] - [Consumer clientId=consumer-order-events-consumer-4, groupId=order-events-consumer] Discovered group coordinator localhost:9093 (id: 2147482646 rack: null)
2025-12-06 14:55:10.046 [org.springframework.kafka.KafkaListenerEndpointContainer#1-0-C-1] INFO  o.a.k.c.c.i.ConsumerCoordinator [node1:8080] - [Consumer clientId=consumer-order-events-consumer-4, groupId=order-events-consumer] Discovered group coordinator localhost:9093 (id: 2147482646 rack: null)
2025-12-06 14:55:10.046 [org.springframework.kafka.KafkaListenerEndpointContainer#1-0-C-1] INFO  o.a.k.c.c.i.ConsumerCoordinator [node1:8080] - [Consumer clientId=consumer-order-events-consumer-4, groupId=order-events-consumer] Group coordinator localhost:9093 (id: 2147482646 rack: null) is unavailable or invalid due to cause: coordinator unavailable.isDisconnected: false. Rediscovery will be attempted.
2025-12-06 14:55:10.129 [org.springframework.kafka.KafkaListenerEndpointContainer#2-0-C-1] INFO  o.a.k.c.c.i.ConsumerCoordinator [node1:8080] - [Consumer clientId=consumer-notification-batch-consumer-1, groupId=notification-batch-consumer] Discovered group coordinator localhost:9093 (id: 2147482646 rack: null)
2025-12-06 14:55:10.154 [org.springframework.kafka.KafkaListenerEndpointContainer#1-0-C-1] INFO  o.a.k.c.c.i.ConsumerCoordinator [node1:8080] - [Consumer clientId=consumer-order-events-consumer-4, groupId=order-events-consumer] Discovered group coordinator localhost:9093 (id: 2147482646 rack: null)
2025-12-06 14:55:10.154 [org.springframework.kafka.KafkaListenerEndpointContainer#0-0-C-1] INFO  o.a.k.c.c.i.ConsumerCoordinator [node1:8080] - [Consumer clientId=consumer-user-events-consumer-3, groupId=user-events-consumer] Discovered group coordinator localhost:9093 (id: 2147482646 rack: null)
2025-12-06 14:55:11.155 [org.springframework.kafka.KafkaListenerEndpointContainer#3-0-C-1] INFO  o.a.k.c.c.i.ConsumerCoordinator [node1:8080] - [Consumer clientId=consumer-pattern-consumer-2, groupId=pattern-consumer] Discovered group coordinator localhost:9093 (id: 2147482646 rack: null)
2025-12-06 14:55:11.155 [org.springframework.kafka.KafkaListenerEndpointContainer#3-0-C-1] INFO  o.a.k.c.c.i.ConsumerCoordinator [node1:8080] - [Consumer clientId=consumer-pattern-consumer-2, groupId=pattern-consumer] Discovered group coordinator localhost:9093 (id: 2147482646 rack: null)
2025-12-06 14:55:32.420 [HikariPool-1 housekeeper] WARN  com.zaxxer.hikari.pool.HikariPool [node1:8080] - HikariPool-1 - Thread starvation or clock leap detected (housekeeper delta=9m45s464ms).
2025-12-06 15:05:01.004 [org.springframework.kafka.KafkaListenerEndpointContainer#0-0-C-1] INFO  o.a.k.clients.FetchSessionHandler [node1:8080] - [Consumer clientId=consumer-user-events-consumer-3, groupId=user-events-consumer] Error sending fetch request (sessionId=1608576983, epoch=128) to node 1001:
org.apache.kafka.common.errors.DisconnectException: null
2025-12-06 15:05:01.004 [org.springframework.kafka.KafkaListenerEndpointContainer#1-0-C-1] INFO  o.a.k.clients.FetchSessionHandler [node1:8080] - [Consumer clientId=consumer-order-events-consumer-4, groupId=order-events-consumer] Error sending fetch request (sessionId=819147223, epoch=190) to node 1001:
org.apache.kafka.common.errors.DisconnectException: null
2025-12-06 15:05:01.004 [org.springframework.kafka.KafkaListenerEndpointContainer#3-0-C-1] INFO  o.a.k.clients.FetchSessionHandler [node1:8080] - [Consumer clientId=consumer-pattern-consumer-2, groupId=pattern-consumer] Error sending fetch request (sessionId=809648981, epoch=64) to node 1001:
org.apache.kafka.common.errors.DisconnectException: null
2025-12-06 15:05:02.105 [kafka-coordinator-heartbeat-thread | pattern-consumer] INFO  o.a.k.c.c.i.ConsumerCoordinator [node1:8080] - [Consumer clientId=consumer-pattern-consumer-2, groupId=pattern-consumer] Group coordinator localhost:9093 (id: 2147482646 rack: null) is unavailable or invalid due to cause: session timed out without receiving a heartbeat response.isDisconnected: false. Rediscovery will be attempted.
2025-12-06 15:05:02.105 [kafka-coordinator-heartbeat-thread | user-events-consumer] INFO  o.a.k.c.c.i.ConsumerCoordinator [node1:8080] - [Consumer clientId=consumer-user-events-consumer-3, groupId=user-events-consumer] Group coordinator localhost:9093 (id: 2147482646 rack: null) is unavailable or invalid due to cause: session timed out without receiving a heartbeat response.isDisconnected: false. Rediscovery will be attempted.
2025-12-06 15:05:02.099 [kafka-coordinator-heartbeat-thread | notification-batch-consumer] INFO  o.a.k.c.c.i.ConsumerCoordinator [node1:8080] - [Consumer clientId=consumer-notification-batch-consumer-1, groupId=notification-batch-consumer] Group coordinator localhost:9093 (id: 2147482646 rack: null) is unavailable or invalid due to cause: session timed out without receiving a heartbeat response.isDisconnected: false. Rediscovery will be attempted.
2025-12-06 15:05:01.004 [org.springframework.kafka.KafkaListenerEndpointContainer#2-0-C-1] INFO  o.a.k.clients.FetchSessionHandler [node1:8080] - [Consumer clientId=consumer-notification-batch-consumer-1, groupId=notification-batch-consumer] Error sending fetch request (sessionId=437569929, epoch=63) to node 1001:
org.apache.kafka.common.errors.DisconnectException: null
2025-12-06 15:05:02.105 [kafka-coordinator-heartbeat-thread | order-events-consumer] INFO  o.a.k.c.c.i.ConsumerCoordinator [node1:8080] - [Consumer clientId=consumer-order-events-consumer-4, groupId=order-events-consumer] Group coordinator localhost:9093 (id: 2147482646 rack: null) is unavailable or invalid due to cause: session timed out without receiving a heartbeat response.isDisconnected: false. Rediscovery will be attempted.
2025-12-06 15:05:02.135 [org.springframework.kafka.KafkaListenerEndpointContainer#0-0-C-1] INFO  o.a.k.c.c.i.ConsumerCoordinator [node1:8080] - [Consumer clientId=consumer-user-events-consumer-3, groupId=user-events-consumer] Discovered group coordinator localhost:9093 (id: 2147482646 rack: null)
2025-12-06 15:05:02.139 [org.springframework.kafka.KafkaListenerEndpointContainer#1-0-C-1] INFO  o.a.k.c.c.i.ConsumerCoordinator [node1:8080] - [Consumer clientId=consumer-order-events-consumer-4, groupId=order-events-consumer] Discovered group coordinator localhost:9093 (id: 2147482646 rack: null)
2025-12-06 15:05:02.139 [org.springframework.kafka.KafkaListenerEndpointContainer#0-0-C-1] INFO  o.a.k.c.c.i.ConsumerCoordinator [node1:8080] - [Consumer clientId=consumer-user-events-consumer-3, groupId=user-events-consumer] Discovered group coordinator localhost:9093 (id: 2147482646 rack: null)
2025-12-06 15:05:02.139 [org.springframework.kafka.KafkaListenerEndpointContainer#0-0-C-1] INFO  o.a.k.c.c.i.ConsumerCoordinator [node1:8080] - [Consumer clientId=consumer-user-events-consumer-3, groupId=user-events-consumer] Group coordinator localhost:9093 (id: 2147482646 rack: null) is unavailable or invalid due to cause: coordinator unavailable.isDisconnected: false. Rediscovery will be attempted.
2025-12-06 15:05:02.140 [org.springframework.kafka.KafkaListenerEndpointContainer#1-0-C-1] INFO  o.a.k.c.c.i.ConsumerCoordinator [node1:8080] - [Consumer clientId=consumer-order-events-consumer-4, groupId=order-events-consumer] Discovered group coordinator localhost:9093 (id: 2147482646 rack: null)
2025-12-06 15:05:02.140 [org.springframework.kafka.KafkaListenerEndpointContainer#1-0-C-1] INFO  o.a.k.c.c.i.ConsumerCoordinator [node1:8080] - [Consumer clientId=consumer-order-events-consumer-4, groupId=order-events-consumer] Group coordinator localhost:9093 (id: 2147482646 rack: null) is unavailable or invalid due to cause: coordinator unavailable.isDisconnected: false. Rediscovery will be attempted.
2025-12-06 15:05:02.141 [org.springframework.kafka.KafkaListenerEndpointContainer#2-0-C-1] INFO  o.a.k.c.c.i.ConsumerCoordinator [node1:8080] - [Consumer clientId=consumer-notification-batch-consumer-1, groupId=notification-batch-consumer] Discovered group coordinator localhost:9093 (id: 2147482646 rack: null)
2025-12-06 15:05:02.142 [org.springframework.kafka.KafkaListenerEndpointContainer#3-0-C-1] INFO  o.a.k.c.c.i.ConsumerCoordinator [node1:8080] - [Consumer clientId=consumer-pattern-consumer-2, groupId=pattern-consumer] Discovered group coordinator localhost:9093 (id: 2147482646 rack: null)
2025-12-06 15:05:02.143 [org.springframework.kafka.KafkaListenerEndpointContainer#2-0-C-1] INFO  o.a.k.c.c.i.ConsumerCoordinator [node1:8080] - [Consumer clientId=consumer-notification-batch-consumer-1, groupId=notification-batch-consumer] Discovered group coordinator localhost:9093 (id: 2147482646 rack: null)
2025-12-06 15:05:02.143 [org.springframework.kafka.KafkaListenerEndpointContainer#2-0-C-1] INFO  o.a.k.c.c.i.ConsumerCoordinator [node1:8080] - [Consumer clientId=consumer-notification-batch-consumer-1, groupId=notification-batch-consumer] Group coordinator localhost:9093 (id: 2147482646 rack: null) is unavailable or invalid due to cause: coordinator unavailable.isDisconnected: false. Rediscovery will be attempted.
2025-12-06 15:05:02.144 [org.springframework.kafka.KafkaListenerEndpointContainer#3-0-C-1] INFO  o.a.k.c.c.i.ConsumerCoordinator [node1:8080] - [Consumer clientId=consumer-pattern-consumer-2, groupId=pattern-consumer] Discovered group coordinator localhost:9093 (id: 2147482646 rack: null)
2025-12-06 15:05:02.145 [org.springframework.kafka.KafkaListenerEndpointContainer#3-0-C-1] INFO  o.a.k.c.c.i.ConsumerCoordinator [node1:8080] - [Consumer clientId=consumer-pattern-consumer-2, groupId=pattern-consumer] Group coordinator localhost:9093 (id: 2147482646 rack: null) is unavailable or invalid due to cause: coordinator unavailable.isDisconnected: false. Rediscovery will be attempted.
2025-12-06 15:05:02.243 [org.springframework.kafka.KafkaListenerEndpointContainer#0-0-C-1] INFO  o.a.k.c.c.i.ConsumerCoordinator [node1:8080] - [Consumer clientId=consumer-user-events-consumer-3, groupId=user-events-consumer] Discovered group coordinator localhost:9093 (id: 2147482646 rack: null)
2025-12-06 15:05:02.244 [org.springframework.kafka.KafkaListenerEndpointContainer#1-0-C-1] INFO  o.a.k.c.c.i.ConsumerCoordinator [node1:8080] - [Consumer clientId=consumer-order-events-consumer-4, groupId=order-events-consumer] Discovered group coordinator localhost:9093 (id: 2147482646 rack: null)
2025-12-06 15:05:02.251 [org.springframework.kafka.KafkaListenerEndpointContainer#3-0-C-1] INFO  o.a.k.c.c.i.ConsumerCoordinator [node1:8080] - [Consumer clientId=consumer-pattern-consumer-2, groupId=pattern-consumer] Discovered group coordinator localhost:9093 (id: 2147482646 rack: null)
2025-12-06 15:05:02.251 [org.springframework.kafka.KafkaListenerEndpointContainer#2-0-C-1] INFO  o.a.k.c.c.i.ConsumerCoordinator [node1:8080] - [Consumer clientId=consumer-notification-batch-consumer-1, groupId=notification-batch-consumer] Discovered group coordinator localhost:9093 (id: 2147482646 rack: null)
2025-12-06 15:05:15.920 [HikariPool-1 housekeeper] WARN  com.zaxxer.hikari.pool.HikariPool [node1:8080] - HikariPool-1 - Thread starvation or clock leap detected (housekeeper delta=9m43s500ms).
2025-12-06 15:14:50.546 [kafka-coordinator-heartbeat-thread | user-events-consumer] INFO  o.a.k.c.c.i.ConsumerCoordinator [node1:8080] - [Consumer clientId=consumer-user-events-consumer-3, groupId=user-events-consumer] Group coordinator localhost:9093 (id: 2147482646 rack: null) is unavailable or invalid due to cause: session timed out without receiving a heartbeat response.isDisconnected: false. Rediscovery will be attempted.
2025-12-06 15:14:50.546 [org.springframework.kafka.KafkaListenerEndpointContainer#0-0-C-1] INFO  o.a.k.clients.FetchSessionHandler [node1:8080] - [Consumer clientId=consumer-user-events-consumer-3, groupId=user-events-consumer] Error sending fetch request (sessionId=463546479, epoch=63) to node 1001:
org.apache.kafka.common.errors.DisconnectException: null
2025-12-06 15:14:50.549 [kafka-coordinator-heartbeat-thread | notification-batch-consumer] INFO  o.a.k.c.c.i.ConsumerCoordinator [node1:8080] - [Consumer clientId=consumer-notification-batch-consumer-1, groupId=notification-batch-consumer] Group coordinator localhost:9093 (id: 2147482646 rack: null) is unavailable or invalid due to cause: session timed out without receiving a heartbeat response.isDisconnected: false. Rediscovery will be attempted.
2025-12-06 15:14:50.549 [org.springframework.kafka.KafkaListenerEndpointContainer#2-0-C-1] INFO  o.a.k.clients.FetchSessionHandler [node1:8080] - [Consumer clientId=consumer-notification-batch-consumer-1, groupId=notification-batch-consumer] Error sending fetch request (sessionId=562507898, epoch=63) to node 1001:
org.apache.kafka.common.errors.DisconnectException: null
2025-12-06 15:14:50.550 [org.springframework.kafka.KafkaListenerEndpointContainer#1-0-C-1] INFO  o.a.k.clients.FetchSessionHandler [node1:8080] - [Consumer clientId=consumer-order-events-consumer-4, groupId=order-events-consumer] Error sending fetch request (sessionId=280573367, epoch=63) to node 1001:
org.apache.kafka.common.errors.DisconnectException: null
2025-12-06 15:14:50.550 [kafka-coordinator-heartbeat-thread | order-events-consumer] INFO  o.a.k.c.c.i.ConsumerCoordinator [node1:8080] - [Consumer clientId=consumer-order-events-consumer-4, groupId=order-events-consumer] Group coordinator localhost:9093 (id: 2147482646 rack: null) is unavailable or invalid due to cause: session timed out without receiving a heartbeat response.isDisconnected: false. Rediscovery will be attempted.
2025-12-06 15:14:50.550 [org.springframework.kafka.KafkaListenerEndpointContainer#3-0-C-1] INFO  o.a.k.clients.FetchSessionHandler [node1:8080] - [Consumer clientId=consumer-pattern-consumer-2, groupId=pattern-consumer] Error sending fetch request (sessionId=1868220030, epoch=63) to node 1001:
org.apache.kafka.common.errors.DisconnectException: null
2025-12-06 15:14:50.551 [kafka-coordinator-heartbeat-thread | pattern-consumer] INFO  o.a.k.c.c.i.ConsumerCoordinator [node1:8080] - [Consumer clientId=consumer-pattern-consumer-2, groupId=pattern-consumer] Group coordinator localhost:9093 (id: 2147482646 rack: null) is unavailable or invalid due to cause: session timed out without receiving a heartbeat response.isDisconnected: false. Rediscovery will be attempted.
2025-12-06 15:14:51.143 [org.springframework.kafka.KafkaListenerEndpointContainer#3-0-C-1] INFO  o.a.k.c.c.i.ConsumerCoordinator [node1:8080] - [Consumer clientId=consumer-pattern-consumer-2, groupId=pattern-consumer] Discovered group coordinator localhost:9093 (id: 2147482646 rack: null)
2025-12-06 15:14:51.152 [org.springframework.kafka.KafkaListenerEndpointContainer#1-0-C-1] INFO  o.a.k.c.c.i.ConsumerCoordinator [node1:8080] - [Consumer clientId=consumer-order-events-consumer-4, groupId=order-events-consumer] Discovered group coordinator localhost:9093 (id: 2147482646 rack: null)
2025-12-06 15:14:51.152 [org.springframework.kafka.KafkaListenerEndpointContainer#0-0-C-1] INFO  o.a.k.c.c.i.ConsumerCoordinator [node1:8080] - [Consumer clientId=consumer-user-events-consumer-3, groupId=user-events-consumer] Discovered group coordinator localhost:9093 (id: 2147482646 rack: null)
2025-12-06 15:14:51.152 [org.springframework.kafka.KafkaListenerEndpointContainer#0-0-C-1] INFO  o.a.k.c.c.i.ConsumerCoordinator [node1:8080] - [Consumer clientId=consumer-user-events-consumer-3, groupId=user-events-consumer] Discovered group coordinator localhost:9093 (id: 2147482646 rack: null)
2025-12-06 15:14:51.153 [org.springframework.kafka.KafkaListenerEndpointContainer#2-0-C-1] INFO  o.a.k.c.c.i.ConsumerCoordinator [node1:8080] - [Consumer clientId=consumer-notification-batch-consumer-1, groupId=notification-batch-consumer] Discovered group coordinator localhost:9093 (id: 2147482646 rack: null)
2025-12-06 15:14:51.154 [org.springframework.kafka.KafkaListenerEndpointContainer#1-0-C-1] INFO  o.a.k.c.c.i.ConsumerCoordinator [node1:8080] - [Consumer clientId=consumer-order-events-consumer-4, groupId=order-events-consumer] Discovered group coordinator localhost:9093 (id: 2147482646 rack: null)
2025-12-06 15:15:03.367 [HikariPool-1 housekeeper] WARN  com.zaxxer.hikari.pool.HikariPool [node1:8080] - HikariPool-1 - Thread starvation or clock leap detected (housekeeper delta=9m47s447ms).
2025-12-06 15:24:42.006 [org.springframework.kafka.KafkaListenerEndpointContainer#3-0-C-1] INFO  o.a.k.clients.FetchSessionHandler [node1:8080] - [Consumer clientId=consumer-pattern-consumer-2, groupId=pattern-consumer] Error sending fetch request (sessionId=1059207076, epoch=62) to node 1001:
org.apache.kafka.common.errors.DisconnectException: null
2025-12-06 15:24:42.006 [org.springframework.kafka.KafkaListenerEndpointContainer#1-0-C-1] INFO  o.a.k.clients.FetchSessionHandler [node1:8080] - [Consumer clientId=consumer-order-events-consumer-4, groupId=order-events-consumer] Error sending fetch request (sessionId=474235154, epoch=63) to node 1001:
org.apache.kafka.common.errors.DisconnectException: null
2025-12-06 15:24:42.007 [org.springframework.kafka.KafkaListenerEndpointContainer#2-0-C-1] INFO  o.a.k.clients.FetchSessionHandler [node1:8080] - [Consumer clientId=consumer-notification-batch-consumer-1, groupId=notification-batch-consumer] Error sending fetch request (sessionId=332136515, epoch=62) to node 1001:
org.apache.kafka.common.errors.DisconnectException: null
2025-12-06 15:24:42.007 [org.springframework.kafka.KafkaListenerEndpointContainer#0-0-C-1] INFO  o.a.k.clients.FetchSessionHandler [node1:8080] - [Consumer clientId=consumer-user-events-consumer-3, groupId=user-events-consumer] Error sending fetch request (sessionId=1178926273, epoch=62) to node 1001:
org.apache.kafka.common.errors.DisconnectException: null
2025-12-06 15:24:42.011 [kafka-coordinator-heartbeat-thread | pattern-consumer] INFO  o.a.k.c.c.i.ConsumerCoordinator [node1:8080] - [Consumer clientId=consumer-pattern-consumer-2, groupId=pattern-consumer] Group coordinator localhost:9093 (id: 2147482646 rack: null) is unavailable or invalid due to cause: session timed out without receiving a heartbeat response.isDisconnected: false. Rediscovery will be attempted.
2025-12-06 15:24:42.013 [kafka-coordinator-heartbeat-thread | user-events-consumer] INFO  o.a.k.c.c.i.ConsumerCoordinator [node1:8080] - [Consumer clientId=consumer-user-events-consumer-3, groupId=user-events-consumer] Group coordinator localhost:9093 (id: 2147482646 rack: null) is unavailable or invalid due to cause: session timed out without receiving a heartbeat response.isDisconnected: false. Rediscovery will be attempted.
2025-12-06 15:24:42.013 [kafka-coordinator-heartbeat-thread | notification-batch-consumer] INFO  o.a.k.c.c.i.ConsumerCoordinator [node1:8080] - [Consumer clientId=consumer-notification-batch-consumer-1, groupId=notification-batch-consumer] Group coordinator localhost:9093 (id: 2147482646 rack: null) is unavailable or invalid due to cause: session timed out without receiving a heartbeat response.isDisconnected: false. Rediscovery will be attempted.
2025-12-06 15:24:42.011 [kafka-coordinator-heartbeat-thread | order-events-consumer] INFO  o.a.k.c.c.i.ConsumerCoordinator [node1:8080] - [Consumer clientId=consumer-order-events-consumer-4, groupId=order-events-consumer] Group coordinator localhost:9093 (id: 2147482646 rack: null) is unavailable or invalid due to cause: session timed out without receiving a heartbeat response.isDisconnected: false. Rediscovery will be attempted.
2025-12-06 15:24:43.133 [org.springframework.kafka.KafkaListenerEndpointContainer#0-0-C-1] INFO  o.a.k.c.c.i.ConsumerCoordinator [node1:8080] - [Consumer clientId=consumer-user-events-consumer-3, groupId=user-events-consumer] Discovered group coordinator localhost:9093 (id: 2147482646 rack: null)
2025-12-06 15:24:43.133 [org.springframework.kafka.KafkaListenerEndpointContainer#1-0-C-1] INFO  o.a.k.c.c.i.ConsumerCoordinator [node1:8080] - [Consumer clientId=consumer-order-events-consumer-4, groupId=order-events-consumer] Discovered group coordinator localhost:9093 (id: 2147482646 rack: null)
2025-12-06 15:24:43.173 [org.springframework.kafka.KafkaListenerEndpointContainer#3-0-C-1] INFO  o.a.k.c.c.i.ConsumerCoordinator [node1:8080] - [Consumer clientId=consumer-pattern-consumer-2, groupId=pattern-consumer] Discovered group coordinator localhost:9093 (id: 2147482646 rack: null)
2025-12-06 15:24:43.173 [org.springframework.kafka.KafkaListenerEndpointContainer#2-0-C-1] INFO  o.a.k.c.c.i.ConsumerCoordinator [node1:8080] - [Consumer clientId=consumer-notification-batch-consumer-1, groupId=notification-batch-consumer] Discovered group coordinator localhost:9093 (id: 2147482646 rack: null)
2025-12-06 15:24:43.193 [org.springframework.kafka.KafkaListenerEndpointContainer#3-0-C-1] INFO  o.a.k.c.c.i.ConsumerCoordinator [node1:8080] - [Consumer clientId=consumer-pattern-consumer-2, groupId=pattern-consumer] Discovered group coordinator localhost:9093 (id: 2147482646 rack: null)
2025-12-06 15:24:46.769 [HikariPool-1 housekeeper] WARN  com.zaxxer.hikari.pool.HikariPool [node1:8080] - HikariPool-1 - Thread starvation or clock leap detected (housekeeper delta=9m43s402ms).
2025-12-06 15:34:31.037 [kafka-coordinator-heartbeat-thread | user-events-consumer] INFO  o.a.k.c.c.i.ConsumerCoordinator [node1:8080] - [Consumer clientId=consumer-user-events-consumer-3, groupId=user-events-consumer] Group coordinator localhost:9093 (id: 2147482646 rack: null) is unavailable or invalid due to cause: session timed out without receiving a heartbeat response.isDisconnected: false. Rediscovery will be attempted.
2025-12-06 15:34:31.038 [kafka-coordinator-heartbeat-thread | order-events-consumer] INFO  o.a.k.c.c.i.ConsumerCoordinator [node1:8080] - [Consumer clientId=consumer-order-events-consumer-4, groupId=order-events-consumer] Group coordinator localhost:9093 (id: 2147482646 rack: null) is unavailable or invalid due to cause: session timed out without receiving a heartbeat response.isDisconnected: false. Rediscovery will be attempted.
2025-12-06 15:34:31.039 [kafka-coordinator-heartbeat-thread | notification-batch-consumer] INFO  o.a.k.c.c.i.ConsumerCoordinator [node1:8080] - [Consumer clientId=consumer-notification-batch-consumer-1, groupId=notification-batch-consumer] Group coordinator localhost:9093 (id: 2147482646 rack: null) is unavailable or invalid due to cause: session timed out without receiving a heartbeat response.isDisconnected: false. Rediscovery will be attempted.
2025-12-06 15:34:31.039 [kafka-coordinator-heartbeat-thread | pattern-consumer] INFO  o.a.k.c.c.i.ConsumerCoordinator [node1:8080] - [Consumer clientId=consumer-pattern-consumer-2, groupId=pattern-consumer] Group coordinator localhost:9093 (id: 2147482646 rack: null) is unavailable or invalid due to cause: session timed out without receiving a heartbeat response.isDisconnected: false. Rediscovery will be attempted.
2025-12-06 15:34:31.053 [org.springframework.kafka.KafkaListenerEndpointContainer#0-0-C-1] INFO  o.a.k.c.c.i.ConsumerCoordinator [node1:8080] - [Consumer clientId=consumer-user-events-consumer-3, groupId=user-events-consumer] Discovered group coordinator localhost:9093 (id: 2147482646 rack: null)
2025-12-06 15:34:31.053 [org.springframework.kafka.KafkaListenerEndpointContainer#0-0-C-1] INFO  o.a.k.c.c.i.ConsumerCoordinator [node1:8080] - [Consumer clientId=consumer-user-events-consumer-3, groupId=user-events-consumer] Group coordinator localhost:9093 (id: 2147482646 rack: null) is unavailable or invalid due to cause: coordinator unavailable.isDisconnected: false. Rediscovery will be attempted.
2025-12-06 15:34:31.054 [org.springframework.kafka.KafkaListenerEndpointContainer#1-0-C-1] INFO  o.a.k.c.c.i.ConsumerCoordinator [node1:8080] - [Consumer clientId=consumer-order-events-consumer-4, groupId=order-events-consumer] Discovered group coordinator localhost:9093 (id: 2147482646 rack: null)
2025-12-06 15:34:31.058 [org.springframework.kafka.KafkaListenerEndpointContainer#1-0-C-1] INFO  o.a.k.c.c.i.ConsumerCoordinator [node1:8080] - [Consumer clientId=consumer-order-events-consumer-4, groupId=order-events-consumer] Discovered group coordinator localhost:9093 (id: 2147482646 rack: null)
2025-12-06 15:34:31.058 [org.springframework.kafka.KafkaListenerEndpointContainer#1-0-C-1] INFO  o.a.k.c.c.i.ConsumerCoordinator [node1:8080] - [Consumer clientId=consumer-order-events-consumer-4, groupId=order-events-consumer] Group coordinator localhost:9093 (id: 2147482646 rack: null) is unavailable or invalid due to cause: coordinator unavailable.isDisconnected: false. Rediscovery will be attempted.
2025-12-06 15:34:31.060 [org.springframework.kafka.KafkaListenerEndpointContainer#2-0-C-1] INFO  o.a.k.c.c.i.ConsumerCoordinator [node1:8080] - [Consumer clientId=consumer-notification-batch-consumer-1, groupId=notification-batch-consumer] Discovered group coordinator localhost:9093 (id: 2147482646 rack: null)
2025-12-06 15:34:31.061 [org.springframework.kafka.KafkaListenerEndpointContainer#2-0-C-1] INFO  o.a.k.c.c.i.ConsumerCoordinator [node1:8080] - [Consumer clientId=consumer-notification-batch-consumer-1, groupId=notification-batch-consumer] Discovered group coordinator localhost:9093 (id: 2147482646 rack: null)
2025-12-06 15:34:31.061 [org.springframework.kafka.KafkaListenerEndpointContainer#2-0-C-1] INFO  o.a.k.c.c.i.ConsumerCoordinator [node1:8080] - [Consumer clientId=consumer-notification-batch-consumer-1, groupId=notification-batch-consumer] Group coordinator localhost:9093 (id: 2147482646 rack: null) is unavailable or invalid due to cause: coordinator unavailable.isDisconnected: false. Rediscovery will be attempted.
2025-12-06 15:34:31.164 [org.springframework.kafka.KafkaListenerEndpointContainer#0-0-C-1] INFO  o.a.k.c.c.i.ConsumerCoordinator [node1:8080] - [Consumer clientId=consumer-user-events-consumer-3, groupId=user-events-consumer] Discovered group coordinator localhost:9093 (id: 2147482646 rack: null)
2025-12-06 15:34:31.170 [org.springframework.kafka.KafkaListenerEndpointContainer#2-0-C-1] INFO  o.a.k.c.c.i.ConsumerCoordinator [node1:8080] - [Consumer clientId=consumer-notification-batch-consumer-1, groupId=notification-batch-consumer] Discovered group coordinator localhost:9093 (id: 2147482646 rack: null)
2025-12-06 15:34:31.171 [org.springframework.kafka.KafkaListenerEndpointContainer#1-0-C-1] INFO  o.a.k.c.c.i.ConsumerCoordinator [node1:8080] - [Consumer clientId=consumer-order-events-consumer-4, groupId=order-events-consumer] Discovered group coordinator localhost:9093 (id: 2147482646 rack: null)
2025-12-06 15:34:31.961 [HikariPool-1 housekeeper] WARN  com.zaxxer.hikari.pool.HikariPool [node1:8080] - HikariPool-1 - Thread starvation or clock leap detected (housekeeper delta=9m45s192ms).
2025-12-06 15:34:32.098 [org.springframework.kafka.KafkaListenerEndpointContainer#3-0-C-1] INFO  o.a.k.c.c.i.ConsumerCoordinator [node1:8080] - [Consumer clientId=consumer-pattern-consumer-2, groupId=pattern-consumer] Discovered group coordinator localhost:9093 (id: 2147482646 rack: null)
2025-12-06 15:34:32.098 [org.springframework.kafka.KafkaListenerEndpointContainer#3-0-C-1] INFO  o.a.k.c.c.i.ConsumerCoordinator [node1:8080] - [Consumer clientId=consumer-pattern-consumer-2, groupId=pattern-consumer] Discovered group coordinator localhost:9093 (id: 2147482646 rack: null)
2025-12-06 15:44:24.006 [org.springframework.kafka.KafkaListenerEndpointContainer#2-0-C-1] INFO  o.a.k.clients.FetchSessionHandler [node1:8080] - [Consumer clientId=consumer-notification-batch-consumer-1, groupId=notification-batch-consumer] Error sending fetch request (sessionId=1415107049, epoch=127) to node 1001:
org.apache.kafka.common.errors.DisconnectException: null
2025-12-06 15:44:24.006 [org.springframework.kafka.KafkaListenerEndpointContainer#3-0-C-1] INFO  o.a.k.clients.FetchSessionHandler [node1:8080] - [Consumer clientId=consumer-pattern-consumer-2, groupId=pattern-consumer] Error sending fetch request (sessionId=1925950574, epoch=127) to node 1001:
org.apache.kafka.common.errors.DisconnectException: null
2025-12-06 15:44:24.006 [org.springframework.kafka.KafkaListenerEndpointContainer#1-0-C-1] INFO  o.a.k.clients.FetchSessionHandler [node1:8080] - [Consumer clientId=consumer-order-events-consumer-4, groupId=order-events-consumer] Error sending fetch request (sessionId=823933308, epoch=128) to node 1001:
org.apache.kafka.common.errors.DisconnectException: null
2025-12-06 15:44:24.006 [org.springframework.kafka.KafkaListenerEndpointContainer#0-0-C-1] INFO  o.a.k.clients.FetchSessionHandler [node1:8080] - [Consumer clientId=consumer-user-events-consumer-3, groupId=user-events-consumer] Error sending fetch request (sessionId=629767522, epoch=129) to node 1001:
org.apache.kafka.common.errors.DisconnectException: null
2025-12-06 15:44:24.010 [kafka-coordinator-heartbeat-thread | user-events-consumer] INFO  o.a.k.c.c.i.ConsumerCoordinator [node1:8080] - [Consumer clientId=consumer-user-events-consumer-3, groupId=user-events-consumer] Group coordinator localhost:9093 (id: 2147482646 rack: null) is unavailable or invalid due to cause: session timed out without receiving a heartbeat response.isDisconnected: false. Rediscovery will be attempted.
2025-12-06 15:44:24.013 [kafka-coordinator-heartbeat-thread | notification-batch-consumer] INFO  o.a.k.c.c.i.ConsumerCoordinator [node1:8080] - [Consumer clientId=consumer-notification-batch-consumer-1, groupId=notification-batch-consumer] Group coordinator localhost:9093 (id: 2147482646 rack: null) is unavailable or invalid due to cause: session timed out without receiving a heartbeat response.isDisconnected: false. Rediscovery will be attempted.
2025-12-06 15:44:24.013 [kafka-coordinator-heartbeat-thread | pattern-consumer] INFO  o.a.k.c.c.i.ConsumerCoordinator [node1:8080] - [Consumer clientId=consumer-pattern-consumer-2, groupId=pattern-consumer] Group coordinator localhost:9093 (id: 2147482646 rack: null) is unavailable or invalid due to cause: session timed out without receiving a heartbeat response.isDisconnected: false. Rediscovery will be attempted.
2025-12-06 15:44:24.013 [kafka-coordinator-heartbeat-thread | order-events-consumer] INFO  o.a.k.c.c.i.ConsumerCoordinator [node1:8080] - [Consumer clientId=consumer-order-events-consumer-4, groupId=order-events-consumer] Group coordinator localhost:9093 (id: 2147482646 rack: null) is unavailable or invalid due to cause: session timed out without receiving a heartbeat response.isDisconnected: false. Rediscovery will be attempted.
2025-12-06 15:44:25.132 [org.springframework.kafka.KafkaListenerEndpointContainer#2-0-C-1] INFO  o.a.k.c.c.i.ConsumerCoordinator [node1:8080] - [Consumer clientId=consumer-notification-batch-consumer-1, groupId=notification-batch-consumer] Discovered group coordinator localhost:9093 (id: 2147482646 rack: null)
2025-12-06 15:44:25.134 [org.springframework.kafka.KafkaListenerEndpointContainer#2-0-C-1] INFO  o.a.k.c.c.i.ConsumerCoordinator [node1:8080] - [Consumer clientId=consumer-notification-batch-consumer-1, groupId=notification-batch-consumer] Discovered group coordinator localhost:9093 (id: 2147482646 rack: null)
2025-12-06 15:44:25.135 [org.springframework.kafka.KafkaListenerEndpointContainer#2-0-C-1] INFO  o.a.k.c.c.i.ConsumerCoordinator [node1:8080] - [Consumer clientId=consumer-notification-batch-consumer-1, groupId=notification-batch-consumer] Group coordinator localhost:9093 (id: 2147482646 rack: null) is unavailable or invalid due to cause: coordinator unavailable.isDisconnected: false. Rediscovery will be attempted.
2025-12-06 15:44:25.135 [org.springframework.kafka.KafkaListenerEndpointContainer#3-0-C-1] INFO  o.a.k.c.c.i.ConsumerCoordinator [node1:8080] - [Consumer clientId=consumer-pattern-consumer-2, groupId=pattern-consumer] Discovered group coordinator localhost:9093 (id: 2147482646 rack: null)
2025-12-06 15:44:25.138 [org.springframework.kafka.KafkaListenerEndpointContainer#1-0-C-1] INFO  o.a.k.c.c.i.ConsumerCoordinator [node1:8080] - [Consumer clientId=consumer-order-events-consumer-4, groupId=order-events-consumer] Discovered group coordinator localhost:9093 (id: 2147482646 rack: null)
2025-12-06 15:44:25.141 [org.springframework.kafka.KafkaListenerEndpointContainer#3-0-C-1] INFO  o.a.k.c.c.i.ConsumerCoordinator [node1:8080] - [Consumer clientId=consumer-pattern-consumer-2, groupId=pattern-consumer] Discovered group coordinator localhost:9093 (id: 2147482646 rack: null)
2025-12-06 15:44:25.142 [org.springframework.kafka.KafkaListenerEndpointContainer#0-0-C-1] INFO  o.a.k.c.c.i.ConsumerCoordinator [node1:8080] - [Consumer clientId=consumer-user-events-consumer-3, groupId=user-events-consumer] Discovered group coordinator localhost:9093 (id: 2147482646 rack: null)
2025-12-06 15:44:25.147 [org.springframework.kafka.KafkaListenerEndpointContainer#0-0-C-1] INFO  o.a.k.c.c.i.ConsumerCoordinator [node1:8080] - [Consumer clientId=consumer-user-events-consumer-3, groupId=user-events-consumer] Discovered group coordinator localhost:9093 (id: 2147482646 rack: null)
2025-12-06 15:44:25.148 [org.springframework.kafka.KafkaListenerEndpointContainer#1-0-C-1] INFO  o.a.k.c.c.i.ConsumerCoordinator [node1:8080] - [Consumer clientId=consumer-order-events-consumer-4, groupId=order-events-consumer] Discovered group coordinator localhost:9093 (id: 2147482646 rack: null)
2025-12-06 15:44:25.148 [org.springframework.kafka.KafkaListenerEndpointContainer#1-0-C-1] INFO  o.a.k.c.c.i.ConsumerCoordinator [node1:8080] - [Consumer clientId=consumer-order-events-consumer-4, groupId=order-events-consumer] Group coordinator localhost:9093 (id: 2147482646 rack: null) is unavailable or invalid due to cause: coordinator unavailable.isDisconnected: false. Rediscovery will be attempted.
2025-12-06 15:44:25.247 [org.springframework.kafka.KafkaListenerEndpointContainer#2-0-C-1] INFO  o.a.k.c.c.i.ConsumerCoordinator [node1:8080] - [Consumer clientId=consumer-notification-batch-consumer-1, groupId=notification-batch-consumer] Discovered group coordinator localhost:9093 (id: 2147482646 rack: null)
2025-12-06 15:44:25.257 [org.springframework.kafka.KafkaListenerEndpointContainer#1-0-C-1] INFO  o.a.k.c.c.i.ConsumerCoordinator [node1:8080] - [Consumer clientId=consumer-order-events-consumer-4, groupId=order-events-consumer] Discovered group coordinator localhost:9093 (id: 2147482646 rack: null)
2025-12-06 15:44:49.859 [HikariPool-1 housekeeper] WARN  com.zaxxer.hikari.pool.HikariPool [node1:8080] - HikariPool-1 - Thread starvation or clock leap detected (housekeeper delta=9m45s541ms).
2025-12-06 15:54:14.008 [org.springframework.kafka.KafkaListenerEndpointContainer#2-0-C-1] INFO  o.a.k.clients.FetchSessionHandler [node1:8080] - [Consumer clientId=consumer-notification-batch-consumer-1, groupId=notification-batch-consumer] Error sending fetch request (sessionId=1725402762, epoch=63) to node 1001:
org.apache.kafka.common.errors.DisconnectException: null
2025-12-06 15:54:14.009 [org.springframework.kafka.KafkaListenerEndpointContainer#1-0-C-1] INFO  o.a.k.clients.FetchSessionHandler [node1:8080] - [Consumer clientId=consumer-order-events-consumer-4, groupId=order-events-consumer] Error sending fetch request (sessionId=567896130, epoch=62) to node 1001:
org.apache.kafka.common.errors.DisconnectException: null
2025-12-06 15:54:14.008 [org.springframework.kafka.KafkaListenerEndpointContainer#0-0-C-1] INFO  o.a.k.clients.FetchSessionHandler [node1:8080] - [Consumer clientId=consumer-user-events-consumer-3, groupId=user-events-consumer] Error sending fetch request (sessionId=544858866, epoch=63) to node 1001:
org.apache.kafka.common.errors.DisconnectException: null
2025-12-06 15:54:14.008 [org.springframework.kafka.KafkaListenerEndpointContainer#3-0-C-1] INFO  o.a.k.clients.FetchSessionHandler [node1:8080] - [Consumer clientId=consumer-pattern-consumer-2, groupId=pattern-consumer] Error sending fetch request (sessionId=1533080825, epoch=63) to node 1001:
org.apache.kafka.common.errors.DisconnectException: null
2025-12-06 15:54:14.013 [kafka-coordinator-heartbeat-thread | order-events-consumer] INFO  o.a.k.c.c.i.ConsumerCoordinator [node1:8080] - [Consumer clientId=consumer-order-events-consumer-4, groupId=order-events-consumer] Group coordinator localhost:9093 (id: 2147482646 rack: null) is unavailable or invalid due to cause: session timed out without receiving a heartbeat response.isDisconnected: false. Rediscovery will be attempted.
2025-12-06 15:54:14.013 [kafka-coordinator-heartbeat-thread | user-events-consumer] INFO  o.a.k.c.c.i.ConsumerCoordinator [node1:8080] - [Consumer clientId=consumer-user-events-consumer-3, groupId=user-events-consumer] Group coordinator localhost:9093 (id: 2147482646 rack: null) is unavailable or invalid due to cause: session timed out without receiving a heartbeat response.isDisconnected: false. Rediscovery will be attempted.
2025-12-06 15:54:14.013 [kafka-coordinator-heartbeat-thread | pattern-consumer] INFO  o.a.k.c.c.i.ConsumerCoordinator [node1:8080] - [Consumer clientId=consumer-pattern-consumer-2, groupId=pattern-consumer] Group coordinator localhost:9093 (id: 2147482646 rack: null) is unavailable or invalid due to cause: session timed out without receiving a heartbeat response.isDisconnected: false. Rediscovery will be attempted.
2025-12-06 15:54:14.014 [kafka-coordinator-heartbeat-thread | notification-batch-consumer] INFO  o.a.k.c.c.i.ConsumerCoordinator [node1:8080] - [Consumer clientId=consumer-notification-batch-consumer-1, groupId=notification-batch-consumer] Group coordinator localhost:9093 (id: 2147482646 rack: null) is unavailable or invalid due to cause: session timed out without receiving a heartbeat response.isDisconnected: false. Rediscovery will be attempted.
2025-12-06 15:54:15.134 [org.springframework.kafka.KafkaListenerEndpointContainer#3-0-C-1] INFO  o.a.k.c.c.i.ConsumerCoordinator [node1:8080] - [Consumer clientId=consumer-pattern-consumer-2, groupId=pattern-consumer] Discovered group coordinator localhost:9093 (id: 2147482646 rack: null)
2025-12-06 15:54:15.148 [org.springframework.kafka.KafkaListenerEndpointContainer#0-0-C-1] INFO  o.a.k.c.c.i.ConsumerCoordinator [node1:8080] - [Consumer clientId=consumer-user-events-consumer-3, groupId=user-events-consumer] Discovered group coordinator localhost:9093 (id: 2147482646 rack: null)
2025-12-06 15:54:15.157 [org.springframework.kafka.KafkaListenerEndpointContainer#1-0-C-1] INFO  o.a.k.c.c.i.ConsumerCoordinator [node1:8080] - [Consumer clientId=consumer-order-events-consumer-4, groupId=order-events-consumer] Discovered group coordinator localhost:9093 (id: 2147482646 rack: null)
2025-12-06 15:54:15.157 [org.springframework.kafka.KafkaListenerEndpointContainer#2-0-C-1] INFO  o.a.k.c.c.i.ConsumerCoordinator [node1:8080] - [Consumer clientId=consumer-notification-batch-consumer-1, groupId=notification-batch-consumer] Discovered group coordinator localhost:9093 (id: 2147482646 rack: null)
2025-12-06 15:54:35.330 [HikariPool-1 housekeeper] WARN  com.zaxxer.hikari.pool.HikariPool [node1:8080] - HikariPool-1 - Thread starvation or clock leap detected (housekeeper delta=9m45s471ms).
2025-12-06 16:04:05.006 [org.springframework.kafka.KafkaListenerEndpointContainer#2-0-C-1] INFO  o.a.k.clients.FetchSessionHandler [node1:8080] - [Consumer clientId=consumer-notification-batch-consumer-1, groupId=notification-batch-consumer] Error sending fetch request (sessionId=157108420, epoch=64) to node 1001:
org.apache.kafka.common.errors.DisconnectException: null
2025-12-06 16:04:05.006 [org.springframework.kafka.KafkaListenerEndpointContainer#3-0-C-1] INFO  o.a.k.clients.FetchSessionHandler [node1:8080] - [Consumer clientId=consumer-pattern-consumer-2, groupId=pattern-consumer] Error sending fetch request (sessionId=946844083, epoch=64) to node 1001:
org.apache.kafka.common.errors.DisconnectException: null
2025-12-06 16:04:05.011 [kafka-coordinator-heartbeat-thread | user-events-consumer] INFO  o.a.k.c.c.i.ConsumerCoordinator [node1:8080] - [Consumer clientId=consumer-user-events-consumer-3, groupId=user-events-consumer] Group coordinator localhost:9093 (id: 2147482646 rack: null) is unavailable or invalid due to cause: session timed out without receiving a heartbeat response.isDisconnected: false. Rediscovery will be attempted.
2025-12-06 16:04:05.006 [org.springframework.kafka.KafkaListenerEndpointContainer#0-0-C-1] INFO  o.a.k.clients.FetchSessionHandler [node1:8080] - [Consumer clientId=consumer-user-events-consumer-3, groupId=user-events-consumer] Error sending fetch request (sessionId=791365661, epoch=64) to node 1001:
org.apache.kafka.common.errors.DisconnectException: null
2025-12-06 16:04:05.012 [kafka-coordinator-heartbeat-thread | notification-batch-consumer] INFO  o.a.k.c.c.i.ConsumerCoordinator [node1:8080] - [Consumer clientId=consumer-notification-batch-consumer-1, groupId=notification-batch-consumer] Group coordinator localhost:9093 (id: 2147482646 rack: null) is unavailable or invalid due to cause: session timed out without receiving a heartbeat response.isDisconnected: false. Rediscovery will be attempted.
2025-12-06 16:04:05.007 [org.springframework.kafka.KafkaListenerEndpointContainer#1-0-C-1] INFO  o.a.k.clients.FetchSessionHandler [node1:8080] - [Consumer clientId=consumer-order-events-consumer-4, groupId=order-events-consumer] Error sending fetch request (sessionId=1498074556, epoch=64) to node 1001:
org.apache.kafka.common.errors.DisconnectException: null
2025-12-06 16:04:05.012 [kafka-coordinator-heartbeat-thread | order-events-consumer] INFO  o.a.k.c.c.i.ConsumerCoordinator [node1:8080] - [Consumer clientId=consumer-order-events-consumer-4, groupId=order-events-consumer] Group coordinator localhost:9093 (id: 2147482646 rack: null) is unavailable or invalid due to cause: session timed out without receiving a heartbeat response.isDisconnected: false. Rediscovery will be attempted.
2025-12-06 16:04:05.011 [kafka-coordinator-heartbeat-thread | pattern-consumer] INFO  o.a.k.c.c.i.ConsumerCoordinator [node1:8080] - [Consumer clientId=consumer-pattern-consumer-2, groupId=pattern-consumer] Group coordinator localhost:9093 (id: 2147482646 rack: null) is unavailable or invalid due to cause: session timed out without receiving a heartbeat response.isDisconnected: false. Rediscovery will be attempted.
2025-12-06 16:04:06.136 [org.springframework.kafka.KafkaListenerEndpointContainer#2-0-C-1] INFO  o.a.k.c.c.i.ConsumerCoordinator [node1:8080] - [Consumer clientId=consumer-notification-batch-consumer-1, groupId=notification-batch-consumer] Discovered group coordinator localhost:9093 (id: 2147482646 rack: null)
2025-12-06 16:04:06.142 [org.springframework.kafka.KafkaListenerEndpointContainer#1-0-C-1] INFO  o.a.k.c.c.i.ConsumerCoordinator [node1:8080] - [Consumer clientId=consumer-order-events-consumer-4, groupId=order-events-consumer] Discovered group coordinator localhost:9093 (id: 2147482646 rack: null)
2025-12-06 16:04:06.145 [org.springframework.kafka.KafkaListenerEndpointContainer#3-0-C-1] INFO  o.a.k.c.c.i.ConsumerCoordinator [node1:8080] - [Consumer clientId=consumer-pattern-consumer-2, groupId=pattern-consumer] Discovered group coordinator localhost:9093 (id: 2147482646 rack: null)
2025-12-06 16:04:06.145 [org.springframework.kafka.KafkaListenerEndpointContainer#0-0-C-1] INFO  o.a.k.c.c.i.ConsumerCoordinator [node1:8080] - [Consumer clientId=consumer-user-events-consumer-3, groupId=user-events-consumer] Discovered group coordinator localhost:9093 (id: 2147482646 rack: null)
2025-12-06 16:04:06.146 [org.springframework.kafka.KafkaListenerEndpointContainer#3-0-C-1] INFO  o.a.k.c.c.i.ConsumerCoordinator [node1:8080] - [Consumer clientId=consumer-pattern-consumer-2, groupId=pattern-consumer] Discovered group coordinator localhost:9093 (id: 2147482646 rack: null)
2025-12-06 16:04:20.855 [HikariPool-1 housekeeper] WARN  com.zaxxer.hikari.pool.HikariPool [node1:8080] - HikariPool-1 - Thread starvation or clock leap detected (housekeeper delta=9m45s525ms).
2025-12-06 16:13:56.011 [org.springframework.kafka.KafkaListenerEndpointContainer#0-0-C-1] INFO  o.a.k.clients.FetchSessionHandler [node1:8080] - [Consumer clientId=consumer-user-events-consumer-3, groupId=user-events-consumer] Error sending fetch request (sessionId=1998940560, epoch=63) to node 1001:
org.apache.kafka.common.errors.DisconnectException: null
2025-12-06 16:13:56.011 [org.springframework.kafka.KafkaListenerEndpointContainer#1-0-C-1] INFO  o.a.k.clients.FetchSessionHandler [node1:8080] - [Consumer clientId=consumer-order-events-consumer-4, groupId=order-events-consumer] Error sending fetch request (sessionId=178772592, epoch=64) to node 1001:
org.apache.kafka.common.errors.DisconnectException: null
2025-12-06 16:13:56.015 [kafka-coordinator-heartbeat-thread | notification-batch-consumer] INFO  o.a.k.c.c.i.ConsumerCoordinator [node1:8080] - [Consumer clientId=consumer-notification-batch-consumer-1, groupId=notification-batch-consumer] Group coordinator localhost:9093 (id: 2147482646 rack: null) is unavailable or invalid due to cause: session timed out without receiving a heartbeat response.isDisconnected: false. Rediscovery will be attempted.
2025-12-06 16:13:56.015 [kafka-coordinator-heartbeat-thread | user-events-consumer] INFO  o.a.k.c.c.i.ConsumerCoordinator [node1:8080] - [Consumer clientId=consumer-user-events-consumer-3, groupId=user-events-consumer] Group coordinator localhost:9093 (id: 2147482646 rack: null) is unavailable or invalid due to cause: session timed out without receiving a heartbeat response.isDisconnected: false. Rediscovery will be attempted.
2025-12-06 16:13:56.015 [kafka-coordinator-heartbeat-thread | pattern-consumer] INFO  o.a.k.c.c.i.ConsumerCoordinator [node1:8080] - [Consumer clientId=consumer-pattern-consumer-2, groupId=pattern-consumer] Group coordinator localhost:9093 (id: 2147482646 rack: null) is unavailable or invalid due to cause: session timed out without receiving a heartbeat response.isDisconnected: false. Rediscovery will be attempted.
2025-12-06 16:13:56.015 [kafka-coordinator-heartbeat-thread | order-events-consumer] INFO  o.a.k.c.c.i.ConsumerCoordinator [node1:8080] - [Consumer clientId=consumer-order-events-consumer-4, groupId=order-events-consumer] Group coordinator localhost:9093 (id: 2147482646 rack: null) is unavailable or invalid due to cause: session timed out without receiving a heartbeat response.isDisconnected: false. Rediscovery will be attempted.
2025-12-06 16:13:56.011 [org.springframework.kafka.KafkaListenerEndpointContainer#2-0-C-1] INFO  o.a.k.clients.FetchSessionHandler [node1:8080] - [Consumer clientId=consumer-notification-batch-consumer-1, groupId=notification-batch-consumer] Error sending fetch request (sessionId=1349274480, epoch=64) to node 1001:
org.apache.kafka.common.errors.DisconnectException: null
2025-12-06 16:13:56.011 [org.springframework.kafka.KafkaListenerEndpointContainer#3-0-C-1] INFO  o.a.k.clients.FetchSessionHandler [node1:8080] - [Consumer clientId=consumer-pattern-consumer-2, groupId=pattern-consumer] Error sending fetch request (sessionId=957040421, epoch=63) to node 1001:
org.apache.kafka.common.errors.DisconnectException: null
2025-12-06 16:13:57.159 [org.springframework.kafka.KafkaListenerEndpointContainer#2-0-C-1] INFO  o.a.k.c.c.i.ConsumerCoordinator [node1:8080] - [Consumer clientId=consumer-notification-batch-consumer-1, groupId=notification-batch-consumer] Discovered group coordinator localhost:9093 (id: 2147482646 rack: null)
2025-12-06 16:13:57.163 [org.springframework.kafka.KafkaListenerEndpointContainer#1-0-C-1] INFO  o.a.k.c.c.i.ConsumerCoordinator [node1:8080] - [Consumer clientId=consumer-order-events-consumer-4, groupId=order-events-consumer] Discovered group coordinator localhost:9093 (id: 2147482646 rack: null)
2025-12-06 16:13:57.163 [org.springframework.kafka.KafkaListenerEndpointContainer#0-0-C-1] INFO  o.a.k.c.c.i.ConsumerCoordinator [node1:8080] - [Consumer clientId=consumer-user-events-consumer-3, groupId=user-events-consumer] Discovered group coordinator localhost:9093 (id: 2147482646 rack: null)
2025-12-06 16:13:57.163 [org.springframework.kafka.KafkaListenerEndpointContainer#3-0-C-1] INFO  o.a.k.c.c.i.ConsumerCoordinator [node1:8080] - [Consumer clientId=consumer-pattern-consumer-2, groupId=pattern-consumer] Discovered group coordinator localhost:9093 (id: 2147482646 rack: null)
2025-12-06 16:13:57.163 [org.springframework.kafka.KafkaListenerEndpointContainer#1-0-C-1] INFO  o.a.k.c.c.i.ConsumerCoordinator [node1:8080] - [Consumer clientId=consumer-order-events-consumer-4, groupId=order-events-consumer] Discovered group coordinator localhost:9093 (id: 2147482646 rack: null)
2025-12-06 16:13:57.163 [org.springframework.kafka.KafkaListenerEndpointContainer#0-0-C-1] INFO  o.a.k.c.c.i.ConsumerCoordinator [node1:8080] - [Consumer clientId=consumer-user-events-consumer-3, groupId=user-events-consumer] Discovered group coordinator localhost:9093 (id: 2147482646 rack: null)
2025-12-06 16:13:57.163 [org.springframework.kafka.KafkaListenerEndpointContainer#1-0-C-1] INFO  o.a.k.c.c.i.ConsumerCoordinator [node1:8080] - [Consumer clientId=consumer-order-events-consumer-4, groupId=order-events-consumer] Group coordinator localhost:9093 (id: 2147482646 rack: null) is unavailable or invalid due to cause: coordinator unavailable.isDisconnected: false. Rediscovery will be attempted.
2025-12-06 16:13:57.163 [org.springframework.kafka.KafkaListenerEndpointContainer#0-0-C-1] INFO  o.a.k.c.c.i.ConsumerCoordinator [node1:8080] - [Consumer clientId=consumer-user-events-consumer-3, groupId=user-events-consumer] Group coordinator localhost:9093 (id: 2147482646 rack: null) is unavailable or invalid due to cause: coordinator unavailable.isDisconnected: false. Rediscovery will be attempted.
2025-12-06 16:13:57.163 [org.springframework.kafka.KafkaListenerEndpointContainer#2-0-C-1] INFO  o.a.k.c.c.i.ConsumerCoordinator [node1:8080] - [Consumer clientId=consumer-notification-batch-consumer-1, groupId=notification-batch-consumer] Discovered group coordinator localhost:9093 (id: 2147482646 rack: null)
2025-12-06 16:13:57.164 [org.springframework.kafka.KafkaListenerEndpointContainer#2-0-C-1] INFO  o.a.k.c.c.i.ConsumerCoordinator [node1:8080] - [Consumer clientId=consumer-notification-batch-consumer-1, groupId=notification-batch-consumer] Group coordinator localhost:9093 (id: 2147482646 rack: null) is unavailable or invalid due to cause: coordinator unavailable.isDisconnected: false. Rediscovery will be attempted.
2025-12-06 16:13:57.164 [org.springframework.kafka.KafkaListenerEndpointContainer#3-0-C-1] INFO  o.a.k.c.c.i.ConsumerCoordinator [node1:8080] - [Consumer clientId=consumer-pattern-consumer-2, groupId=pattern-consumer] Discovered group coordinator localhost:9093 (id: 2147482646 rack: null)
2025-12-06 16:13:57.165 [org.springframework.kafka.KafkaListenerEndpointContainer#3-0-C-1] INFO  o.a.k.c.c.i.ConsumerCoordinator [node1:8080] - [Consumer clientId=consumer-pattern-consumer-2, groupId=pattern-consumer] Group coordinator localhost:9093 (id: 2147482646 rack: null) is unavailable or invalid due to cause: coordinator unavailable.isDisconnected: false. Rediscovery will be attempted.
2025-12-06 16:13:57.274 [org.springframework.kafka.KafkaListenerEndpointContainer#1-0-C-1] INFO  o.a.k.c.c.i.ConsumerCoordinator [node1:8080] - [Consumer clientId=consumer-order-events-consumer-4, groupId=order-events-consumer] Discovered group coordinator localhost:9093 (id: 2147482646 rack: null)
2025-12-06 16:13:57.274 [org.springframework.kafka.KafkaListenerEndpointContainer#2-0-C-1] INFO  o.a.k.c.c.i.ConsumerCoordinator [node1:8080] - [Consumer clientId=consumer-notification-batch-consumer-1, groupId=notification-batch-consumer] Discovered group coordinator localhost:9093 (id: 2147482646 rack: null)
2025-12-06 16:13:57.275 [org.springframework.kafka.KafkaListenerEndpointContainer#0-0-C-1] INFO  o.a.k.c.c.i.ConsumerCoordinator [node1:8080] - [Consumer clientId=consumer-user-events-consumer-3, groupId=user-events-consumer] Discovered group coordinator localhost:9093 (id: 2147482646 rack: null)
2025-12-06 16:13:57.275 [org.springframework.kafka.KafkaListenerEndpointContainer#3-0-C-1] INFO  o.a.k.c.c.i.ConsumerCoordinator [node1:8080] - [Consumer clientId=consumer-pattern-consumer-2, groupId=pattern-consumer] Discovered group coordinator localhost:9093 (id: 2147482646 rack: null)
2025-12-06 16:14:04.198 [HikariPool-1 housekeeper] WARN  com.zaxxer.hikari.pool.HikariPool [node1:8080] - HikariPool-1 - Thread starvation or clock leap detected (housekeeper delta=9m43s343ms).
2025-12-06 16:23:45.598 [kafka-coordinator-heartbeat-thread | order-events-consumer] INFO  o.a.k.c.c.i.ConsumerCoordinator [node1:8080] - [Consumer clientId=consumer-order-events-consumer-4, groupId=order-events-consumer] Group coordinator localhost:9093 (id: 2147482646 rack: null) is unavailable or invalid due to cause: session timed out without receiving a heartbeat response.isDisconnected: false. Rediscovery will be attempted.
2025-12-06 16:23:45.598 [org.springframework.kafka.KafkaListenerEndpointContainer#2-0-C-1] INFO  o.a.k.clients.FetchSessionHandler [node1:8080] - [Consumer clientId=consumer-notification-batch-consumer-1, groupId=notification-batch-consumer] Error sending fetch request (sessionId=1485959652, epoch=63) to node 1001:
org.apache.kafka.common.errors.DisconnectException: null
2025-12-06 16:23:45.598 [org.springframework.kafka.KafkaListenerEndpointContainer#1-0-C-1] INFO  o.a.k.clients.FetchSessionHandler [node1:8080] - [Consumer clientId=consumer-order-events-consumer-4, groupId=order-events-consumer] Error sending fetch request (sessionId=751602115, epoch=62) to node 1001:
org.apache.kafka.common.errors.DisconnectException: null
2025-12-06 16:23:45.598 [kafka-coordinator-heartbeat-thread | notification-batch-consumer] INFO  o.a.k.c.c.i.ConsumerCoordinator [node1:8080] - [Consumer clientId=consumer-notification-batch-consumer-1, groupId=notification-batch-consumer] Group coordinator localhost:9093 (id: 2147482646 rack: null) is unavailable or invalid due to cause: session timed out without receiving a heartbeat response.isDisconnected: false. Rediscovery will be attempted.
2025-12-06 16:23:45.598 [org.springframework.kafka.KafkaListenerEndpointContainer#3-0-C-1] INFO  o.a.k.clients.FetchSessionHandler [node1:8080] - [Consumer clientId=consumer-pattern-consumer-2, groupId=pattern-consumer] Error sending fetch request (sessionId=33449441, epoch=62) to node 1001:
org.apache.kafka.common.errors.DisconnectException: null
2025-12-06 16:23:45.598 [kafka-coordinator-heartbeat-thread | pattern-consumer] INFO  o.a.k.c.c.i.ConsumerCoordinator [node1:8080] - [Consumer clientId=consumer-pattern-consumer-2, groupId=pattern-consumer] Group coordinator localhost:9093 (id: 2147482646 rack: null) is unavailable or invalid due to cause: session timed out without receiving a heartbeat response.isDisconnected: false. Rediscovery will be attempted.
2025-12-06 16:23:45.598 [org.springframework.kafka.KafkaListenerEndpointContainer#0-0-C-1] INFO  o.a.k.clients.FetchSessionHandler [node1:8080] - [Consumer clientId=consumer-user-events-consumer-3, groupId=user-events-consumer] Error sending fetch request (sessionId=153842552, epoch=62) to node 1001:
org.apache.kafka.common.errors.DisconnectException: null
2025-12-06 16:23:45.598 [kafka-coordinator-heartbeat-thread | user-events-consumer] INFO  o.a.k.c.c.i.ConsumerCoordinator [node1:8080] - [Consumer clientId=consumer-user-events-consumer-3, groupId=user-events-consumer] Group coordinator localhost:9093 (id: 2147482646 rack: null) is unavailable or invalid due to cause: session timed out without receiving a heartbeat response.isDisconnected: false. Rediscovery will be attempted.
2025-12-06 16:23:46.141 [org.springframework.kafka.KafkaListenerEndpointContainer#2-0-C-1] INFO  o.a.k.c.c.i.ConsumerCoordinator [node1:8080] - [Consumer clientId=consumer-notification-batch-consumer-1, groupId=notification-batch-consumer] Discovered group coordinator localhost:9093 (id: 2147482646 rack: null)
2025-12-06 16:23:46.146 [org.springframework.kafka.KafkaListenerEndpointContainer#2-0-C-1] INFO  o.a.k.c.c.i.ConsumerCoordinator [node1:8080] - [Consumer clientId=consumer-notification-batch-consumer-1, groupId=notification-batch-consumer] Discovered group coordinator localhost:9093 (id: 2147482646 rack: null)
2025-12-06 16:23:46.146 [org.springframework.kafka.KafkaListenerEndpointContainer#2-0-C-1] INFO  o.a.k.c.c.i.ConsumerCoordinator [node1:8080] - [Consumer clientId=consumer-notification-batch-consumer-1, groupId=notification-batch-consumer] Group coordinator localhost:9093 (id: 2147482646 rack: null) is unavailable or invalid due to cause: coordinator unavailable.isDisconnected: false. Rediscovery will be attempted.
2025-12-06 16:23:46.147 [org.springframework.kafka.KafkaListenerEndpointContainer#1-0-C-1] INFO  o.a.k.c.c.i.ConsumerCoordinator [node1:8080] - [Consumer clientId=consumer-order-events-consumer-4, groupId=order-events-consumer] Discovered group coordinator localhost:9093 (id: 2147482646 rack: null)
2025-12-06 16:23:46.147 [org.springframework.kafka.KafkaListenerEndpointContainer#3-0-C-1] INFO  o.a.k.c.c.i.ConsumerCoordinator [node1:8080] - [Consumer clientId=consumer-pattern-consumer-2, groupId=pattern-consumer] Discovered group coordinator localhost:9093 (id: 2147482646 rack: null)
2025-12-06 16:23:46.148 [org.springframework.kafka.KafkaListenerEndpointContainer#1-0-C-1] INFO  o.a.k.c.c.i.ConsumerCoordinator [node1:8080] - [Consumer clientId=consumer-order-events-consumer-4, groupId=order-events-consumer] Discovered group coordinator localhost:9093 (id: 2147482646 rack: null)
2025-12-06 16:23:46.150 [org.springframework.kafka.KafkaListenerEndpointContainer#0-0-C-1] INFO  o.a.k.c.c.i.ConsumerCoordinator [node1:8080] - [Consumer clientId=consumer-user-events-consumer-3, groupId=user-events-consumer] Discovered group coordinator localhost:9093 (id: 2147482646 rack: null)
2025-12-06 16:23:46.150 [org.springframework.kafka.KafkaListenerEndpointContainer#3-0-C-1] INFO  o.a.k.c.c.i.ConsumerCoordinator [node1:8080] - [Consumer clientId=consumer-pattern-consumer-2, groupId=pattern-consumer] Discovered group coordinator localhost:9093 (id: 2147482646 rack: null)
2025-12-06 16:23:46.150 [org.springframework.kafka.KafkaListenerEndpointContainer#3-0-C-1] INFO  o.a.k.c.c.i.ConsumerCoordinator [node1:8080] - [Consumer clientId=consumer-pattern-consumer-2, groupId=pattern-consumer] Group coordinator localhost:9093 (id: 2147482646 rack: null) is unavailable or invalid due to cause: coordinator unavailable.isDisconnected: false. Rediscovery will be attempted.
2025-12-06 16:23:46.152 [org.springframework.kafka.KafkaListenerEndpointContainer#0-0-C-1] INFO  o.a.k.c.c.i.ConsumerCoordinator [node1:8080] - [Consumer clientId=consumer-user-events-consumer-3, groupId=user-events-consumer] Discovered group coordinator localhost:9093 (id: 2147482646 rack: null)
2025-12-06 16:23:46.152 [org.springframework.kafka.KafkaListenerEndpointContainer#0-0-C-1] INFO  o.a.k.c.c.i.ConsumerCoordinator [node1:8080] - [Consumer clientId=consumer-user-events-consumer-3, groupId=user-events-consumer] Group coordinator localhost:9093 (id: 2147482646 rack: null) is unavailable or invalid due to cause: coordinator unavailable.isDisconnected: false. Rediscovery will be attempted.
2025-12-06 16:23:46.254 [org.springframework.kafka.KafkaListenerEndpointContainer#2-0-C-1] INFO  o.a.k.c.c.i.ConsumerCoordinator [node1:8080] - [Consumer clientId=consumer-notification-batch-consumer-1, groupId=notification-batch-consumer] Discovered group coordinator localhost:9093 (id: 2147482646 rack: null)
2025-12-06 16:23:46.254 [org.springframework.kafka.KafkaListenerEndpointContainer#3-0-C-1] INFO  o.a.k.c.c.i.ConsumerCoordinator [node1:8080] - [Consumer clientId=consumer-pattern-consumer-2, groupId=pattern-consumer] Discovered group coordinator localhost:9093 (id: 2147482646 rack: null)
2025-12-06 16:23:46.258 [org.springframework.kafka.KafkaListenerEndpointContainer#0-0-C-1] INFO  o.a.k.c.c.i.ConsumerCoordinator [node1:8080] - [Consumer clientId=consumer-user-events-consumer-3, groupId=user-events-consumer] Discovered group coordinator localhost:9093 (id: 2147482646 rack: null)
2025-12-06 16:23:51.785 [HikariPool-1 housekeeper] WARN  com.zaxxer.hikari.pool.HikariPool [node1:8080] - HikariPool-1 - Thread starvation or clock leap detected (housekeeper delta=9m47s587ms).
2025-12-06 16:33:37.009 [HikariPool-1 housekeeper] WARN  com.zaxxer.hikari.pool.HikariPool [node1:8080] - HikariPool-1 - Thread starvation or clock leap detected (housekeeper delta=9m45s224ms).
2025-12-06 16:33:37.009 [org.springframework.kafka.KafkaListenerEndpointContainer#2-0-C-1] INFO  o.a.k.clients.FetchSessionHandler [node1:8080] - [Consumer clientId=consumer-notification-batch-consumer-1, groupId=notification-batch-consumer] Error sending fetch request (sessionId=1067646027, epoch=63) to node 1001:
org.apache.kafka.common.errors.DisconnectException: null
2025-12-06 16:33:37.009 [org.springframework.kafka.KafkaListenerEndpointContainer#3-0-C-1] INFO  o.a.k.clients.FetchSessionHandler [node1:8080] - [Consumer clientId=consumer-pattern-consumer-2, groupId=pattern-consumer] Error sending fetch request (sessionId=605432268, epoch=63) to node 1001:
org.apache.kafka.common.errors.DisconnectException: null
2025-12-06 16:33:37.010 [org.springframework.kafka.KafkaListenerEndpointContainer#1-0-C-1] INFO  o.a.k.clients.FetchSessionHandler [node1:8080] - [Consumer clientId=consumer-order-events-consumer-4, groupId=order-events-consumer] Error sending fetch request (sessionId=1230360840, epoch=63) to node 1001:
org.apache.kafka.common.errors.DisconnectException: null
2025-12-06 16:33:37.014 [org.springframework.kafka.KafkaListenerEndpointContainer#0-0-C-1] INFO  o.a.k.clients.FetchSessionHandler [node1:8080] - [Consumer clientId=consumer-user-events-consumer-3, groupId=user-events-consumer] Error sending fetch request (sessionId=325880723, epoch=63) to node 1001:
org.apache.kafka.common.errors.DisconnectException: null
2025-12-06 16:33:37.015 [kafka-coordinator-heartbeat-thread | notification-batch-consumer] INFO  o.a.k.c.c.i.ConsumerCoordinator [node1:8080] - [Consumer clientId=consumer-notification-batch-consumer-1, groupId=notification-batch-consumer] Group coordinator localhost:9093 (id: 2147482646 rack: null) is unavailable or invalid due to cause: session timed out without receiving a heartbeat response.isDisconnected: false. Rediscovery will be attempted.
2025-12-06 16:33:37.015 [kafka-coordinator-heartbeat-thread | order-events-consumer] INFO  o.a.k.c.c.i.ConsumerCoordinator [node1:8080] - [Consumer clientId=consumer-order-events-consumer-4, groupId=order-events-consumer] Group coordinator localhost:9093 (id: 2147482646 rack: null) is unavailable or invalid due to cause: session timed out without receiving a heartbeat response.isDisconnected: false. Rediscovery will be attempted.
2025-12-06 16:33:37.014 [kafka-coordinator-heartbeat-thread | pattern-consumer] INFO  o.a.k.c.c.i.ConsumerCoordinator [node1:8080] - [Consumer clientId=consumer-pattern-consumer-2, groupId=pattern-consumer] Group coordinator localhost:9093 (id: 2147482646 rack: null) is unavailable or invalid due to cause: session timed out without receiving a heartbeat response.isDisconnected: false. Rediscovery will be attempted.
2025-12-06 16:33:37.016 [kafka-coordinator-heartbeat-thread | user-events-consumer] INFO  o.a.k.c.c.i.ConsumerCoordinator [node1:8080] - [Consumer clientId=consumer-user-events-consumer-3, groupId=user-events-consumer] Group coordinator localhost:9093 (id: 2147482646 rack: null) is unavailable or invalid due to cause: session timed out without receiving a heartbeat response.isDisconnected: false. Rediscovery will be attempted.
2025-12-06 16:33:38.173 [org.springframework.kafka.KafkaListenerEndpointContainer#3-0-C-1] INFO  o.a.k.c.c.i.ConsumerCoordinator [node1:8080] - [Consumer clientId=consumer-pattern-consumer-2, groupId=pattern-consumer] Discovered group coordinator localhost:9093 (id: 2147482646 rack: null)
2025-12-06 16:33:38.174 [org.springframework.kafka.KafkaListenerEndpointContainer#1-0-C-1] INFO  o.a.k.c.c.i.ConsumerCoordinator [node1:8080] - [Consumer clientId=consumer-order-events-consumer-4, groupId=order-events-consumer] Discovered group coordinator localhost:9093 (id: 2147482646 rack: null)
2025-12-06 16:33:38.175 [org.springframework.kafka.KafkaListenerEndpointContainer#2-0-C-1] INFO  o.a.k.c.c.i.ConsumerCoordinator [node1:8080] - [Consumer clientId=consumer-notification-batch-consumer-1, groupId=notification-batch-consumer] Discovered group coordinator localhost:9093 (id: 2147482646 rack: null)
2025-12-06 16:33:38.176 [org.springframework.kafka.KafkaListenerEndpointContainer#0-0-C-1] INFO  o.a.k.c.c.i.ConsumerCoordinator [node1:8080] - [Consumer clientId=consumer-user-events-consumer-3, groupId=user-events-consumer] Discovered group coordinator localhost:9093 (id: 2147482646 rack: null)
2025-12-06 16:33:38.176 [org.springframework.kafka.KafkaListenerEndpointContainer#3-0-C-1] INFO  o.a.k.c.c.i.ConsumerCoordinator [node1:8080] - [Consumer clientId=consumer-pattern-consumer-2, groupId=pattern-consumer] Discovered group coordinator localhost:9093 (id: 2147482646 rack: null)
2025-12-06 16:33:38.177 [org.springframework.kafka.KafkaListenerEndpointContainer#0-0-C-1] INFO  o.a.k.c.c.i.ConsumerCoordinator [node1:8080] - [Consumer clientId=consumer-user-events-consumer-3, groupId=user-events-consumer] Discovered group coordinator localhost:9093 (id: 2147482646 rack: null)
2025-12-06 16:33:38.177 [org.springframework.kafka.KafkaListenerEndpointContainer#1-0-C-1] INFO  o.a.k.c.c.i.ConsumerCoordinator [node1:8080] - [Consumer clientId=consumer-order-events-consumer-4, groupId=order-events-consumer] Discovered group coordinator localhost:9093 (id: 2147482646 rack: null)
2025-12-06 16:33:38.178 [org.springframework.kafka.KafkaListenerEndpointContainer#2-0-C-1] INFO  o.a.k.c.c.i.ConsumerCoordinator [node1:8080] - [Consumer clientId=consumer-notification-batch-consumer-1, groupId=notification-batch-consumer] Discovered group coordinator localhost:9093 (id: 2147482646 rack: null)
2025-12-06 16:43:28.218 [kafka-coordinator-heartbeat-thread | notification-batch-consumer] INFO  o.a.k.c.c.i.ConsumerCoordinator [node1:8080] - [Consumer clientId=consumer-notification-batch-consumer-1, groupId=notification-batch-consumer] Group coordinator localhost:9093 (id: 2147482646 rack: null) is unavailable or invalid due to cause: session timed out without receiving a heartbeat response.isDisconnected: false. Rediscovery will be attempted.
2025-12-06 16:43:28.219 [org.springframework.kafka.KafkaListenerEndpointContainer#2-0-C-1] INFO  o.a.k.clients.FetchSessionHandler [node1:8080] - [Consumer clientId=consumer-notification-batch-consumer-1, groupId=notification-batch-consumer] Error sending fetch request (sessionId=1836771717, epoch=62) to node 1001:
org.apache.kafka.common.errors.DisconnectException: null
2025-12-06 16:43:28.219 [org.springframework.kafka.KafkaListenerEndpointContainer#0-0-C-1] INFO  o.a.k.clients.FetchSessionHandler [node1:8080] - [Consumer clientId=consumer-user-events-consumer-3, groupId=user-events-consumer] Error sending fetch request (sessionId=758334244, epoch=62) to node 1001:
org.apache.kafka.common.errors.DisconnectException: null
2025-12-06 16:43:28.219 [kafka-coordinator-heartbeat-thread | user-events-consumer] INFO  o.a.k.c.c.i.ConsumerCoordinator [node1:8080] - [Consumer clientId=consumer-user-events-consumer-3, groupId=user-events-consumer] Group coordinator localhost:9093 (id: 2147482646 rack: null) is unavailable or invalid due to cause: session timed out without receiving a heartbeat response.isDisconnected: false. Rediscovery will be attempted.
2025-12-06 16:43:28.220 [org.springframework.kafka.KafkaListenerEndpointContainer#3-0-C-1] INFO  o.a.k.clients.FetchSessionHandler [node1:8080] - [Consumer clientId=consumer-pattern-consumer-2, groupId=pattern-consumer] Error sending fetch request (sessionId=905137167, epoch=62) to node 1001:
org.apache.kafka.common.errors.DisconnectException: null
2025-12-06 16:43:28.220 [kafka-coordinator-heartbeat-thread | pattern-consumer] INFO  o.a.k.c.c.i.ConsumerCoordinator [node1:8080] - [Consumer clientId=consumer-pattern-consumer-2, groupId=pattern-consumer] Group coordinator localhost:9093 (id: 2147482646 rack: null) is unavailable or invalid due to cause: session timed out without receiving a heartbeat response.isDisconnected: false. Rediscovery will be attempted.
2025-12-06 16:43:28.221 [org.springframework.kafka.KafkaListenerEndpointContainer#1-0-C-1] INFO  o.a.k.clients.FetchSessionHandler [node1:8080] - [Consumer clientId=consumer-order-events-consumer-4, groupId=order-events-consumer] Error sending fetch request (sessionId=1919388174, epoch=62) to node 1001:
org.apache.kafka.common.errors.DisconnectException: null
2025-12-06 16:43:28.221 [kafka-coordinator-heartbeat-thread | order-events-consumer] INFO  o.a.k.c.c.i.ConsumerCoordinator [node1:8080] - [Consumer clientId=consumer-order-events-consumer-4, groupId=order-events-consumer] Group coordinator localhost:9093 (id: 2147482646 rack: null) is unavailable or invalid due to cause: session timed out without receiving a heartbeat response.isDisconnected: false. Rediscovery will be attempted.
2025-12-06 16:43:29.138 [org.springframework.kafka.KafkaListenerEndpointContainer#0-0-C-1] INFO  o.a.k.c.c.i.ConsumerCoordinator [node1:8080] - [Consumer clientId=consumer-user-events-consumer-3, groupId=user-events-consumer] Discovered group coordinator localhost:9093 (id: 2147482646 rack: null)
2025-12-06 16:43:29.138 [org.springframework.kafka.KafkaListenerEndpointContainer#3-0-C-1] INFO  o.a.k.c.c.i.ConsumerCoordinator [node1:8080] - [Consumer clientId=consumer-pattern-consumer-2, groupId=pattern-consumer] Discovered group coordinator localhost:9093 (id: 2147482646 rack: null)
2025-12-06 16:43:29.139 [org.springframework.kafka.KafkaListenerEndpointContainer#0-0-C-1] INFO  o.a.k.c.c.i.ConsumerCoordinator [node1:8080] - [Consumer clientId=consumer-user-events-consumer-3, groupId=user-events-consumer] Discovered group coordinator localhost:9093 (id: 2147482646 rack: null)
2025-12-06 16:43:29.139 [org.springframework.kafka.KafkaListenerEndpointContainer#3-0-C-1] INFO  o.a.k.c.c.i.ConsumerCoordinator [node1:8080] - [Consumer clientId=consumer-pattern-consumer-2, groupId=pattern-consumer] Discovered group coordinator localhost:9093 (id: 2147482646 rack: null)
2025-12-06 16:43:29.139 [org.springframework.kafka.KafkaListenerEndpointContainer#3-0-C-1] INFO  o.a.k.c.c.i.ConsumerCoordinator [node1:8080] - [Consumer clientId=consumer-pattern-consumer-2, groupId=pattern-consumer] Group coordinator localhost:9093 (id: 2147482646 rack: null) is unavailable or invalid due to cause: coordinator unavailable.isDisconnected: false. Rediscovery will be attempted.
2025-12-06 16:43:29.139 [org.springframework.kafka.KafkaListenerEndpointContainer#0-0-C-1] INFO  o.a.k.c.c.i.ConsumerCoordinator [node1:8080] - [Consumer clientId=consumer-user-events-consumer-3, groupId=user-events-consumer] Group coordinator localhost:9093 (id: 2147482646 rack: null) is unavailable or invalid due to cause: coordinator unavailable.isDisconnected: false. Rediscovery will be attempted.
2025-12-06 16:43:29.142 [org.springframework.kafka.KafkaListenerEndpointContainer#2-0-C-1] INFO  o.a.k.c.c.i.ConsumerCoordinator [node1:8080] - [Consumer clientId=consumer-notification-batch-consumer-1, groupId=notification-batch-consumer] Discovered group coordinator localhost:9093 (id: 2147482646 rack: null)
2025-12-06 16:43:29.143 [org.springframework.kafka.KafkaListenerEndpointContainer#1-0-C-1] INFO  o.a.k.c.c.i.ConsumerCoordinator [node1:8080] - [Consumer clientId=consumer-order-events-consumer-4, groupId=order-events-consumer] Discovered group coordinator localhost:9093 (id: 2147482646 rack: null)
2025-12-06 16:43:29.145 [org.springframework.kafka.KafkaListenerEndpointContainer#1-0-C-1] INFO  o.a.k.c.c.i.ConsumerCoordinator [node1:8080] - [Consumer clientId=consumer-order-events-consumer-4, groupId=order-events-consumer] Discovered group coordinator localhost:9093 (id: 2147482646 rack: null)
2025-12-06 16:43:29.145 [org.springframework.kafka.KafkaListenerEndpointContainer#2-0-C-1] INFO  o.a.k.c.c.i.ConsumerCoordinator [node1:8080] - [Consumer clientId=consumer-notification-batch-consumer-1, groupId=notification-batch-consumer] Discovered group coordinator localhost:9093 (id: 2147482646 rack: null)
2025-12-06 16:43:29.145 [org.springframework.kafka.KafkaListenerEndpointContainer#1-0-C-1] INFO  o.a.k.c.c.i.ConsumerCoordinator [node1:8080] - [Consumer clientId=consumer-order-events-consumer-4, groupId=order-events-consumer] Group coordinator localhost:9093 (id: 2147482646 rack: null) is unavailable or invalid due to cause: coordinator unavailable.isDisconnected: false. Rediscovery will be attempted.
2025-12-06 16:43:29.145 [org.springframework.kafka.KafkaListenerEndpointContainer#2-0-C-1] INFO  o.a.k.c.c.i.ConsumerCoordinator [node1:8080] - [Consumer clientId=consumer-notification-batch-consumer-1, groupId=notification-batch-consumer] Group coordinator localhost:9093 (id: 2147482646 rack: null) is unavailable or invalid due to cause: coordinator unavailable.isDisconnected: false. Rediscovery will be attempted.
2025-12-06 16:43:29.251 [org.springframework.kafka.KafkaListenerEndpointContainer#3-0-C-1] INFO  o.a.k.c.c.i.ConsumerCoordinator [node1:8080] - [Consumer clientId=consumer-pattern-consumer-2, groupId=pattern-consumer] Discovered group coordinator localhost:9093 (id: 2147482646 rack: null)
2025-12-06 16:43:29.257 [org.springframework.kafka.KafkaListenerEndpointContainer#0-0-C-1] INFO  o.a.k.c.c.i.ConsumerCoordinator [node1:8080] - [Consumer clientId=consumer-user-events-consumer-3, groupId=user-events-consumer] Discovered group coordinator localhost:9093 (id: 2147482646 rack: null)
2025-12-06 16:43:29.260 [org.springframework.kafka.KafkaListenerEndpointContainer#2-0-C-1] INFO  o.a.k.c.c.i.ConsumerCoordinator [node1:8080] - [Consumer clientId=consumer-notification-batch-consumer-1, groupId=notification-batch-consumer] Discovered group coordinator localhost:9093 (id: 2147482646 rack: null)
2025-12-06 16:43:29.264 [org.springframework.kafka.KafkaListenerEndpointContainer#1-0-C-1] INFO  o.a.k.c.c.i.ConsumerCoordinator [node1:8080] - [Consumer clientId=consumer-order-events-consumer-4, groupId=order-events-consumer] Discovered group coordinator localhost:9093 (id: 2147482646 rack: null)
2025-12-06 16:43:54.237 [HikariPool-1 housekeeper] WARN  com.zaxxer.hikari.pool.HikariPool [node1:8080] - HikariPool-1 - Thread starvation or clock leap detected (housekeeper delta=9m45s262ms).
2025-12-06 16:53:19.006 [org.springframework.kafka.KafkaListenerEndpointContainer#2-0-C-1] INFO  o.a.k.clients.FetchSessionHandler [node1:8080] - [Consumer clientId=consumer-notification-batch-consumer-1, groupId=notification-batch-consumer] Error sending fetch request (sessionId=311019490, epoch=63) to node 1001:
org.apache.kafka.common.errors.DisconnectException: null
2025-12-06 16:53:19.007 [org.springframework.kafka.KafkaListenerEndpointContainer#0-0-C-1] INFO  o.a.k.clients.FetchSessionHandler [node1:8080] - [Consumer clientId=consumer-user-events-consumer-3, groupId=user-events-consumer] Error sending fetch request (sessionId=794518590, epoch=63) to node 1001:
org.apache.kafka.common.errors.DisconnectException: null
2025-12-06 16:53:19.007 [org.springframework.kafka.KafkaListenerEndpointContainer#3-0-C-1] INFO  o.a.k.clients.FetchSessionHandler [node1:8080] - [Consumer clientId=consumer-pattern-consumer-2, groupId=pattern-consumer] Error sending fetch request (sessionId=1695985685, epoch=63) to node 1001:
org.apache.kafka.common.errors.DisconnectException: null
2025-12-06 16:53:19.015 [kafka-coordinator-heartbeat-thread | pattern-consumer] INFO  o.a.k.c.c.i.ConsumerCoordinator [node1:8080] - [Consumer clientId=consumer-pattern-consumer-2, groupId=pattern-consumer] Group coordinator localhost:9093 (id: 2147482646 rack: null) is unavailable or invalid due to cause: session timed out without receiving a heartbeat response.isDisconnected: false. Rediscovery will be attempted.
2025-12-06 16:53:19.013 [kafka-coordinator-heartbeat-thread | notification-batch-consumer] INFO  o.a.k.c.c.i.ConsumerCoordinator [node1:8080] - [Consumer clientId=consumer-notification-batch-consumer-1, groupId=notification-batch-consumer] Group coordinator localhost:9093 (id: 2147482646 rack: null) is unavailable or invalid due to cause: session timed out without receiving a heartbeat response.isDisconnected: false. Rediscovery will be attempted.
2025-12-06 16:53:20.101 [kafka-coordinator-heartbeat-thread | user-events-consumer] INFO  o.a.k.c.c.i.ConsumerCoordinator [node1:8080] - [Consumer clientId=consumer-user-events-consumer-3, groupId=user-events-consumer] Group coordinator localhost:9093 (id: 2147482646 rack: null) is unavailable or invalid due to cause: session timed out without receiving a heartbeat response.isDisconnected: false. Rediscovery will be attempted.
2025-12-06 16:53:20.102 [kafka-coordinator-heartbeat-thread | order-events-consumer] INFO  o.a.k.c.c.i.ConsumerCoordinator [node1:8080] - [Consumer clientId=consumer-order-events-consumer-4, groupId=order-events-consumer] Group coordinator localhost:9093 (id: 2147482646 rack: null) is unavailable or invalid due to cause: session timed out without receiving a heartbeat response.isDisconnected: false. Rediscovery will be attempted.
2025-12-06 16:53:20.104 [org.springframework.kafka.KafkaListenerEndpointContainer#1-0-C-1] INFO  o.a.k.clients.FetchSessionHandler [node1:8080] - [Consumer clientId=consumer-order-events-consumer-4, groupId=order-events-consumer] Error sending fetch request (sessionId=1955814296, epoch=63) to node 1001:
org.apache.kafka.common.errors.DisconnectException: null
2025-12-06 16:53:20.134 [org.springframework.kafka.KafkaListenerEndpointContainer#0-0-C-1] INFO  o.a.k.c.c.i.ConsumerCoordinator [node1:8080] - [Consumer clientId=consumer-user-events-consumer-3, groupId=user-events-consumer] Discovered group coordinator localhost:9093 (id: 2147482646 rack: null)
2025-12-06 16:53:20.138 [org.springframework.kafka.KafkaListenerEndpointContainer#3-0-C-1] INFO  o.a.k.c.c.i.ConsumerCoordinator [node1:8080] - [Consumer clientId=consumer-pattern-consumer-2, groupId=pattern-consumer] Discovered group coordinator localhost:9093 (id: 2147482646 rack: null)
2025-12-06 16:53:20.138 [org.springframework.kafka.KafkaListenerEndpointContainer#0-0-C-1] INFO  o.a.k.c.c.i.ConsumerCoordinator [node1:8080] - [Consumer clientId=consumer-user-events-consumer-3, groupId=user-events-consumer] Discovered group coordinator localhost:9093 (id: 2147482646 rack: null)
2025-12-06 16:53:20.139 [org.springframework.kafka.KafkaListenerEndpointContainer#0-0-C-1] INFO  o.a.k.c.c.i.ConsumerCoordinator [node1:8080] - [Consumer clientId=consumer-user-events-consumer-3, groupId=user-events-consumer] Group coordinator localhost:9093 (id: 2147482646 rack: null) is unavailable or invalid due to cause: coordinator unavailable.isDisconnected: false. Rediscovery will be attempted.
2025-12-06 16:53:20.165 [org.springframework.kafka.KafkaListenerEndpointContainer#1-0-C-1] INFO  o.a.k.c.c.i.ConsumerCoordinator [node1:8080] - [Consumer clientId=consumer-order-events-consumer-4, groupId=order-events-consumer] Discovered group coordinator localhost:9093 (id: 2147482646 rack: null)
2025-12-06 16:53:20.173 [org.springframework.kafka.KafkaListenerEndpointContainer#2-0-C-1] INFO  o.a.k.c.c.i.ConsumerCoordinator [node1:8080] - [Consumer clientId=consumer-notification-batch-consumer-1, groupId=notification-batch-consumer] Discovered group coordinator localhost:9093 (id: 2147482646 rack: null)
2025-12-06 16:53:20.175 [org.springframework.kafka.KafkaListenerEndpointContainer#1-0-C-1] INFO  o.a.k.c.c.i.ConsumerCoordinator [node1:8080] - [Consumer clientId=consumer-order-events-consumer-4, groupId=order-events-consumer] Discovered group coordinator localhost:9093 (id: 2147482646 rack: null)
2025-12-06 16:53:20.251 [org.springframework.kafka.KafkaListenerEndpointContainer#0-0-C-1] INFO  o.a.k.c.c.i.ConsumerCoordinator [node1:8080] - [Consumer clientId=consumer-user-events-consumer-3, groupId=user-events-consumer] Discovered group coordinator localhost:9093 (id: 2147482646 rack: null)
2025-12-06 16:53:39.794 [HikariPool-1 housekeeper] WARN  com.zaxxer.hikari.pool.HikariPool [node1:8080] - HikariPool-1 - Thread starvation or clock leap detected (housekeeper delta=9m45s557ms).
2025-12-06 17:03:09.009 [org.springframework.kafka.KafkaListenerEndpointContainer#2-0-C-1] INFO  o.a.k.clients.FetchSessionHandler [node1:8080] - [Consumer clientId=consumer-notification-batch-consumer-1, groupId=notification-batch-consumer] Error sending fetch request (sessionId=5130298, epoch=61) to node 1001:
org.apache.kafka.common.errors.DisconnectException: null
2025-12-06 17:03:09.014 [kafka-coordinator-heartbeat-thread | notification-batch-consumer] INFO  o.a.k.c.c.i.ConsumerCoordinator [node1:8080] - [Consumer clientId=consumer-notification-batch-consumer-1, groupId=notification-batch-consumer] Group coordinator localhost:9093 (id: 2147482646 rack: null) is unavailable or invalid due to cause: session timed out without receiving a heartbeat response.isDisconnected: false. Rediscovery will be attempted.
2025-12-06 17:03:09.014 [kafka-coordinator-heartbeat-thread | user-events-consumer] INFO  o.a.k.c.c.i.ConsumerCoordinator [node1:8080] - [Consumer clientId=consumer-user-events-consumer-3, groupId=user-events-consumer] Group coordinator localhost:9093 (id: 2147482646 rack: null) is unavailable or invalid due to cause: session timed out without receiving a heartbeat response.isDisconnected: false. Rediscovery will be attempted.
2025-12-06 17:03:09.009 [org.springframework.kafka.KafkaListenerEndpointContainer#0-0-C-1] INFO  o.a.k.clients.FetchSessionHandler [node1:8080] - [Consumer clientId=consumer-user-events-consumer-3, groupId=user-events-consumer] Error sending fetch request (sessionId=1399502918, epoch=61) to node 1001:
org.apache.kafka.common.errors.DisconnectException: null
2025-12-06 17:03:09.014 [kafka-coordinator-heartbeat-thread | order-events-consumer] INFO  o.a.k.c.c.i.ConsumerCoordinator [node1:8080] - [Consumer clientId=consumer-order-events-consumer-4, groupId=order-events-consumer] Group coordinator localhost:9093 (id: 2147482646 rack: null) is unavailable or invalid due to cause: session timed out without receiving a heartbeat response.isDisconnected: false. Rediscovery will be attempted.
2025-12-06 17:03:09.014 [kafka-coordinator-heartbeat-thread | pattern-consumer] INFO  o.a.k.c.c.i.ConsumerCoordinator [node1:8080] - [Consumer clientId=consumer-pattern-consumer-2, groupId=pattern-consumer] Group coordinator localhost:9093 (id: 2147482646 rack: null) is unavailable or invalid due to cause: session timed out without receiving a heartbeat response.isDisconnected: false. Rediscovery will be attempted.
2025-12-06 17:03:09.009 [org.springframework.kafka.KafkaListenerEndpointContainer#1-0-C-1] INFO  o.a.k.clients.FetchSessionHandler [node1:8080] - [Consumer clientId=consumer-order-events-consumer-4, groupId=order-events-consumer] Error sending fetch request (sessionId=1107408858, epoch=61) to node 1001:
org.apache.kafka.common.errors.DisconnectException: null
2025-12-06 17:03:09.009 [org.springframework.kafka.KafkaListenerEndpointContainer#3-0-C-1] INFO  o.a.k.clients.FetchSessionHandler [node1:8080] - [Consumer clientId=consumer-pattern-consumer-2, groupId=pattern-consumer] Error sending fetch request (sessionId=580488811, epoch=61) to node 1001:
org.apache.kafka.common.errors.DisconnectException: null
2025-12-06 17:03:10.158 [org.springframework.kafka.KafkaListenerEndpointContainer#0-0-C-1] INFO  o.a.k.c.c.i.ConsumerCoordinator [node1:8080] - [Consumer clientId=consumer-user-events-consumer-3, groupId=user-events-consumer] Discovered group coordinator localhost:9093 (id: 2147482646 rack: null)
2025-12-06 17:03:10.158 [org.springframework.kafka.KafkaListenerEndpointContainer#2-0-C-1] INFO  o.a.k.c.c.i.ConsumerCoordinator [node1:8080] - [Consumer clientId=consumer-notification-batch-consumer-1, groupId=notification-batch-consumer] Discovered group coordinator localhost:9093 (id: 2147482646 rack: null)
2025-12-06 17:03:10.162 [org.springframework.kafka.KafkaListenerEndpointContainer#0-0-C-1] INFO  o.a.k.c.c.i.ConsumerCoordinator [node1:8080] - [Consumer clientId=consumer-user-events-consumer-3, groupId=user-events-consumer] Discovered group coordinator localhost:9093 (id: 2147482646 rack: null)
2025-12-06 17:03:10.164 [org.springframework.kafka.KafkaListenerEndpointContainer#2-0-C-1] INFO  o.a.k.c.c.i.ConsumerCoordinator [node1:8080] - [Consumer clientId=consumer-notification-batch-consumer-1, groupId=notification-batch-consumer] Discovered group coordinator localhost:9093 (id: 2147482646 rack: null)
2025-12-06 17:03:10.174 [org.springframework.kafka.KafkaListenerEndpointContainer#3-0-C-1] INFO  o.a.k.c.c.i.ConsumerCoordinator [node1:8080] - [Consumer clientId=consumer-pattern-consumer-2, groupId=pattern-consumer] Discovered group coordinator localhost:9093 (id: 2147482646 rack: null)
2025-12-06 17:03:10.174 [org.springframework.kafka.KafkaListenerEndpointContainer#3-0-C-1] INFO  o.a.k.c.c.i.ConsumerCoordinator [node1:8080] - [Consumer clientId=consumer-pattern-consumer-2, groupId=pattern-consumer] Discovered group coordinator localhost:9093 (id: 2147482646 rack: null)
2025-12-06 17:03:10.181 [org.springframework.kafka.KafkaListenerEndpointContainer#1-0-C-1] INFO  o.a.k.c.c.i.ConsumerCoordinator [node1:8080] - [Consumer clientId=consumer-order-events-consumer-4, groupId=order-events-consumer] Discovered group coordinator localhost:9093 (id: 2147482646 rack: null)
2025-12-06 17:03:10.184 [org.springframework.kafka.KafkaListenerEndpointContainer#1-0-C-1] INFO  o.a.k.c.c.i.ConsumerCoordinator [node1:8080] - [Consumer clientId=consumer-order-events-consumer-4, groupId=order-events-consumer] Discovered group coordinator localhost:9093 (id: 2147482646 rack: null)
2025-12-06 17:03:25.165 [HikariPool-1 housekeeper] WARN  com.zaxxer.hikari.pool.HikariPool [node1:8080] - HikariPool-1 - Thread starvation or clock leap detected (housekeeper delta=9m45s370ms).
2025-12-06 17:12:59.009 [org.springframework.kafka.KafkaListenerEndpointContainer#2-0-C-1] INFO  o.a.k.clients.FetchSessionHandler [node1:8080] - [Consumer clientId=consumer-notification-batch-consumer-1, groupId=notification-batch-consumer] Error sending fetch request (sessionId=1338070645, epoch=61) to node 1001:
org.apache.kafka.common.errors.DisconnectException: null
2025-12-06 17:12:59.010 [org.springframework.kafka.KafkaListenerEndpointContainer#3-0-C-1] INFO  o.a.k.clients.FetchSessionHandler [node1:8080] - [Consumer clientId=consumer-pattern-consumer-2, groupId=pattern-consumer] Error sending fetch request (sessionId=155180553, epoch=61) to node 1001:
org.apache.kafka.common.errors.DisconnectException: null
2025-12-06 17:12:59.010 [org.springframework.kafka.KafkaListenerEndpointContainer#1-0-C-1] INFO  o.a.k.clients.FetchSessionHandler [node1:8080] - [Consumer clientId=consumer-order-events-consumer-4, groupId=order-events-consumer] Error sending fetch request (sessionId=264938117, epoch=62) to node 1001:
org.apache.kafka.common.errors.DisconnectException: null
2025-12-06 17:12:59.010 [org.springframework.kafka.KafkaListenerEndpointContainer#0-0-C-1] INFO  o.a.k.clients.FetchSessionHandler [node1:8080] - [Consumer clientId=consumer-user-events-consumer-3, groupId=user-events-consumer] Error sending fetch request (sessionId=891675602, epoch=61) to node 1001:
org.apache.kafka.common.errors.DisconnectException: null
2025-12-06 17:12:59.015 [kafka-coordinator-heartbeat-thread | pattern-consumer] INFO  o.a.k.c.c.i.ConsumerCoordinator [node1:8080] - [Consumer clientId=consumer-pattern-consumer-2, groupId=pattern-consumer] Group coordinator localhost:9093 (id: 2147482646 rack: null) is unavailable or invalid due to cause: session timed out without receiving a heartbeat response.isDisconnected: false. Rediscovery will be attempted.
2025-12-06 17:12:59.015 [kafka-coordinator-heartbeat-thread | user-events-consumer] INFO  o.a.k.c.c.i.ConsumerCoordinator [node1:8080] - [Consumer clientId=consumer-user-events-consumer-3, groupId=user-events-consumer] Group coordinator localhost:9093 (id: 2147482646 rack: null) is unavailable or invalid due to cause: session timed out without receiving a heartbeat response.isDisconnected: false. Rediscovery will be attempted.
2025-12-06 17:12:59.015 [kafka-coordinator-heartbeat-thread | notification-batch-consumer] INFO  o.a.k.c.c.i.ConsumerCoordinator [node1:8080] - [Consumer clientId=consumer-notification-batch-consumer-1, groupId=notification-batch-consumer] Group coordinator localhost:9093 (id: 2147482646 rack: null) is unavailable or invalid due to cause: session timed out without receiving a heartbeat response.isDisconnected: false. Rediscovery will be attempted.
2025-12-06 17:12:59.017 [kafka-coordinator-heartbeat-thread | order-events-consumer] INFO  o.a.k.c.c.i.ConsumerCoordinator [node1:8080] - [Consumer clientId=consumer-order-events-consumer-4, groupId=order-events-consumer] Group coordinator localhost:9093 (id: 2147482646 rack: null) is unavailable or invalid due to cause: session timed out without receiving a heartbeat response.isDisconnected: false. Rediscovery will be attempted.
2025-12-06 17:13:00.185 [org.springframework.kafka.KafkaListenerEndpointContainer#1-0-C-1] INFO  o.a.k.c.c.i.ConsumerCoordinator [node1:8080] - [Consumer clientId=consumer-order-events-consumer-4, groupId=order-events-consumer] Discovered group coordinator localhost:9093 (id: 2147482646 rack: null)
2025-12-06 17:13:00.185 [org.springframework.kafka.KafkaListenerEndpointContainer#3-0-C-1] INFO  o.a.k.c.c.i.ConsumerCoordinator [node1:8080] - [Consumer clientId=consumer-pattern-consumer-2, groupId=pattern-consumer] Discovered group coordinator localhost:9093 (id: 2147482646 rack: null)
2025-12-06 17:13:00.203 [org.springframework.kafka.KafkaListenerEndpointContainer#0-0-C-1] INFO  o.a.k.c.c.i.ConsumerCoordinator [node1:8080] - [Consumer clientId=consumer-user-events-consumer-3, groupId=user-events-consumer] Discovered group coordinator localhost:9093 (id: 2147482646 rack: null)
2025-12-06 17:13:00.203 [org.springframework.kafka.KafkaListenerEndpointContainer#2-0-C-1] INFO  o.a.k.c.c.i.ConsumerCoordinator [node1:8080] - [Consumer clientId=consumer-notification-batch-consumer-1, groupId=notification-batch-consumer] Discovered group coordinator localhost:9093 (id: 2147482646 rack: null)
2025-12-06 17:13:10.565 [HikariPool-1 housekeeper] WARN  com.zaxxer.hikari.pool.HikariPool [node1:8080] - HikariPool-1 - Thread starvation or clock leap detected (housekeeper delta=9m45s401ms).
2025-12-06 17:22:51.043 [kafka-coordinator-heartbeat-thread | notification-batch-consumer] INFO  o.a.k.c.c.i.ConsumerCoordinator [node1:8080] - [Consumer clientId=consumer-notification-batch-consumer-1, groupId=notification-batch-consumer] Group coordinator localhost:9093 (id: 2147482646 rack: null) is unavailable or invalid due to cause: session timed out without receiving a heartbeat response.isDisconnected: false. Rediscovery will be attempted.
2025-12-06 17:22:51.043 [kafka-coordinator-heartbeat-thread | pattern-consumer] INFO  o.a.k.c.c.i.ConsumerCoordinator [node1:8080] - [Consumer clientId=consumer-pattern-consumer-2, groupId=pattern-consumer] Group coordinator localhost:9093 (id: 2147482646 rack: null) is unavailable or invalid due to cause: session timed out without receiving a heartbeat response.isDisconnected: false. Rediscovery will be attempted.
2025-12-06 17:22:51.043 [kafka-coordinator-heartbeat-thread | order-events-consumer] INFO  o.a.k.c.c.i.ConsumerCoordinator [node1:8080] - [Consumer clientId=consumer-order-events-consumer-4, groupId=order-events-consumer] Group coordinator localhost:9093 (id: 2147482646 rack: null) is unavailable or invalid due to cause: session timed out without receiving a heartbeat response.isDisconnected: false. Rediscovery will be attempted.
2025-12-06 17:22:51.043 [kafka-coordinator-heartbeat-thread | user-events-consumer] INFO  o.a.k.c.c.i.ConsumerCoordinator [node1:8080] - [Consumer clientId=consumer-user-events-consumer-3, groupId=user-events-consumer] Group coordinator localhost:9093 (id: 2147482646 rack: null) is unavailable or invalid due to cause: session timed out without receiving a heartbeat response.isDisconnected: false. Rediscovery will be attempted.
2025-12-06 17:22:51.060 [org.springframework.kafka.KafkaListenerEndpointContainer#2-0-C-1] INFO  o.a.k.c.c.i.ConsumerCoordinator [node1:8080] - [Consumer clientId=consumer-notification-batch-consumer-1, groupId=notification-batch-consumer] Discovered group coordinator localhost:9093 (id: 2147482646 rack: null)
2025-12-06 17:22:51.061 [org.springframework.kafka.KafkaListenerEndpointContainer#1-0-C-1] INFO  o.a.k.c.c.i.ConsumerCoordinator [node1:8080] - [Consumer clientId=consumer-order-events-consumer-4, groupId=order-events-consumer] Discovered group coordinator localhost:9093 (id: 2147482646 rack: null)
2025-12-06 17:22:51.060 [org.springframework.kafka.KafkaListenerEndpointContainer#0-0-C-1] INFO  o.a.k.c.c.i.ConsumerCoordinator [node1:8080] - [Consumer clientId=consumer-user-events-consumer-3, groupId=user-events-consumer] Discovered group coordinator localhost:9093 (id: 2147482646 rack: null)
2025-12-06 17:22:51.061 [org.springframework.kafka.KafkaListenerEndpointContainer#2-0-C-1] INFO  o.a.k.c.c.i.ConsumerCoordinator [node1:8080] - [Consumer clientId=consumer-notification-batch-consumer-1, groupId=notification-batch-consumer] Discovered group coordinator localhost:9093 (id: 2147482646 rack: null)
2025-12-06 17:22:51.061 [org.springframework.kafka.KafkaListenerEndpointContainer#2-0-C-1] INFO  o.a.k.c.c.i.ConsumerCoordinator [node1:8080] - [Consumer clientId=consumer-notification-batch-consumer-1, groupId=notification-batch-consumer] Group coordinator localhost:9093 (id: 2147482646 rack: null) is unavailable or invalid due to cause: coordinator unavailable.isDisconnected: false. Rediscovery will be attempted.
2025-12-06 17:22:51.061 [org.springframework.kafka.KafkaListenerEndpointContainer#0-0-C-1] INFO  o.a.k.c.c.i.ConsumerCoordinator [node1:8080] - [Consumer clientId=consumer-user-events-consumer-3, groupId=user-events-consumer] Discovered group coordinator localhost:9093 (id: 2147482646 rack: null)
2025-12-06 17:22:51.061 [org.springframework.kafka.KafkaListenerEndpointContainer#0-0-C-1] INFO  o.a.k.c.c.i.ConsumerCoordinator [node1:8080] - [Consumer clientId=consumer-user-events-consumer-3, groupId=user-events-consumer] Group coordinator localhost:9093 (id: 2147482646 rack: null) is unavailable or invalid due to cause: coordinator unavailable.isDisconnected: false. Rediscovery will be attempted.
2025-12-06 17:22:51.061 [org.springframework.kafka.KafkaListenerEndpointContainer#1-0-C-1] INFO  o.a.k.c.c.i.ConsumerCoordinator [node1:8080] - [Consumer clientId=consumer-order-events-consumer-4, groupId=order-events-consumer] Discovered group coordinator localhost:9093 (id: 2147482646 rack: null)
2025-12-06 17:22:51.061 [org.springframework.kafka.KafkaListenerEndpointContainer#1-0-C-1] INFO  o.a.k.c.c.i.ConsumerCoordinator [node1:8080] - [Consumer clientId=consumer-order-events-consumer-4, groupId=order-events-consumer] Group coordinator localhost:9093 (id: 2147482646 rack: null) is unavailable or invalid due to cause: coordinator unavailable.isDisconnected: false. Rediscovery will be attempted.
2025-12-06 17:22:51.164 [org.springframework.kafka.KafkaListenerEndpointContainer#0-0-C-1] INFO  o.a.k.c.c.i.ConsumerCoordinator [node1:8080] - [Consumer clientId=consumer-user-events-consumer-3, groupId=user-events-consumer] Discovered group coordinator localhost:9093 (id: 2147482646 rack: null)
2025-12-06 17:22:51.164 [org.springframework.kafka.KafkaListenerEndpointContainer#1-0-C-1] INFO  o.a.k.c.c.i.ConsumerCoordinator [node1:8080] - [Consumer clientId=consumer-order-events-consumer-4, groupId=order-events-consumer] Discovered group coordinator localhost:9093 (id: 2147482646 rack: null)
2025-12-06 17:22:52.097 [org.springframework.kafka.KafkaListenerEndpointContainer#2-0-C-1] INFO  o.a.k.c.c.i.ConsumerCoordinator [node1:8080] - [Consumer clientId=consumer-notification-batch-consumer-1, groupId=notification-batch-consumer] Discovered group coordinator localhost:9093 (id: 2147482646 rack: null)
2025-12-06 17:22:52.103 [org.springframework.kafka.KafkaListenerEndpointContainer#3-0-C-1] INFO  o.a.k.c.c.i.ConsumerCoordinator [node1:8080] - [Consumer clientId=consumer-pattern-consumer-2, groupId=pattern-consumer] Discovered group coordinator localhost:9093 (id: 2147482646 rack: null)
2025-12-06 17:22:52.109 [org.springframework.kafka.KafkaListenerEndpointContainer#3-0-C-1] INFO  o.a.k.c.c.i.ConsumerCoordinator [node1:8080] - [Consumer clientId=consumer-pattern-consumer-2, groupId=pattern-consumer] Discovered group coordinator localhost:9093 (id: 2147482646 rack: null)
2025-12-06 17:22:56.142 [HikariPool-1 housekeeper] WARN  com.zaxxer.hikari.pool.HikariPool [node1:8080] - HikariPool-1 - Thread starvation or clock leap detected (housekeeper delta=9m45s577ms).
2025-12-06 17:32:41.005 [org.springframework.kafka.KafkaListenerEndpointContainer#3-0-C-1] INFO  o.a.k.clients.FetchSessionHandler [node1:8080] - [Consumer clientId=consumer-pattern-consumer-2, groupId=pattern-consumer] Error sending fetch request (sessionId=574633068, epoch=127) to node 1001:
org.apache.kafka.common.errors.DisconnectException: null
2025-12-06 17:32:41.005 [org.springframework.kafka.KafkaListenerEndpointContainer#1-0-C-1] INFO  o.a.k.clients.FetchSessionHandler [node1:8080] - [Consumer clientId=consumer-order-events-consumer-4, groupId=order-events-consumer] Error sending fetch request (sessionId=1514961748, epoch=128) to node 1001:
org.apache.kafka.common.errors.DisconnectException: null
2025-12-06 17:32:41.009 [org.springframework.kafka.KafkaListenerEndpointContainer#0-0-C-1] INFO  o.a.k.clients.FetchSessionHandler [node1:8080] - [Consumer clientId=consumer-user-events-consumer-3, groupId=user-events-consumer] Error sending fetch request (sessionId=231035831, epoch=127) to node 1001:
org.apache.kafka.common.errors.DisconnectException: null
2025-12-06 17:32:41.005 [org.springframework.kafka.KafkaListenerEndpointContainer#2-0-C-1] INFO  o.a.k.clients.FetchSessionHandler [node1:8080] - [Consumer clientId=consumer-notification-batch-consumer-1, groupId=notification-batch-consumer] Error sending fetch request (sessionId=490741827, epoch=127) to node 1001:
org.apache.kafka.common.errors.DisconnectException: null
2025-12-06 17:32:41.011 [kafka-coordinator-heartbeat-thread | order-events-consumer] INFO  o.a.k.c.c.i.ConsumerCoordinator [node1:8080] - [Consumer clientId=consumer-order-events-consumer-4, groupId=order-events-consumer] Group coordinator localhost:9093 (id: 2147482646 rack: null) is unavailable or invalid due to cause: session timed out without receiving a heartbeat response.isDisconnected: false. Rediscovery will be attempted.
2025-12-06 17:32:41.010 [kafka-coordinator-heartbeat-thread | notification-batch-consumer] INFO  o.a.k.c.c.i.ConsumerCoordinator [node1:8080] - [Consumer clientId=consumer-notification-batch-consumer-1, groupId=notification-batch-consumer] Group coordinator localhost:9093 (id: 2147482646 rack: null) is unavailable or invalid due to cause: session timed out without receiving a heartbeat response.isDisconnected: false. Rediscovery will be attempted.
2025-12-06 17:32:41.011 [kafka-coordinator-heartbeat-thread | pattern-consumer] INFO  o.a.k.c.c.i.ConsumerCoordinator [node1:8080] - [Consumer clientId=consumer-pattern-consumer-2, groupId=pattern-consumer] Group coordinator localhost:9093 (id: 2147482646 rack: null) is unavailable or invalid due to cause: session timed out without receiving a heartbeat response.isDisconnected: false. Rediscovery will be attempted.
2025-12-06 17:32:41.010 [kafka-coordinator-heartbeat-thread | user-events-consumer] INFO  o.a.k.c.c.i.ConsumerCoordinator [node1:8080] - [Consumer clientId=consumer-user-events-consumer-3, groupId=user-events-consumer] Group coordinator localhost:9093 (id: 2147482646 rack: null) is unavailable or invalid due to cause: session timed out without receiving a heartbeat response.isDisconnected: false. Rediscovery will be attempted.
2025-12-06 17:32:41.192 [HikariPool-1 housekeeper] WARN  com.zaxxer.hikari.pool.HikariPool [node1:8080] - HikariPool-1 - Thread starvation or clock leap detected (housekeeper delta=9m45s50ms).
2025-12-06 17:32:42.125 [org.springframework.kafka.KafkaListenerEndpointContainer#2-0-C-1] INFO  o.a.k.c.c.i.ConsumerCoordinator [node1:8080] - [Consumer clientId=consumer-notification-batch-consumer-1, groupId=notification-batch-consumer] Discovered group coordinator localhost:9093 (id: 2147482646 rack: null)
2025-12-06 17:32:42.131 [org.springframework.kafka.KafkaListenerEndpointContainer#0-0-C-1] INFO  o.a.k.c.c.i.ConsumerCoordinator [node1:8080] - [Consumer clientId=consumer-user-events-consumer-3, groupId=user-events-consumer] Discovered group coordinator localhost:9093 (id: 2147482646 rack: null)
2025-12-06 17:32:42.133 [org.springframework.kafka.KafkaListenerEndpointContainer#1-0-C-1] INFO  o.a.k.c.c.i.ConsumerCoordinator [node1:8080] - [Consumer clientId=consumer-order-events-consumer-4, groupId=order-events-consumer] Discovered group coordinator localhost:9093 (id: 2147482646 rack: null)
2025-12-06 17:32:42.142 [org.springframework.kafka.KafkaListenerEndpointContainer#3-0-C-1] INFO  o.a.k.c.c.i.ConsumerCoordinator [node1:8080] - [Consumer clientId=consumer-pattern-consumer-2, groupId=pattern-consumer] Discovered group coordinator localhost:9093 (id: 2147482646 rack: null)
2025-12-06 17:42:31.007 [org.springframework.kafka.KafkaListenerEndpointContainer#3-0-C-1] INFO  o.a.k.clients.FetchSessionHandler [node1:8080] - [Consumer clientId=consumer-pattern-consumer-2, groupId=pattern-consumer] Error sending fetch request (sessionId=1741592624, epoch=63) to node 1001:
org.apache.kafka.common.errors.DisconnectException: null
2025-12-06 17:42:31.007 [org.springframework.kafka.KafkaListenerEndpointContainer#2-0-C-1] INFO  o.a.k.clients.FetchSessionHandler [node1:8080] - [Consumer clientId=consumer-notification-batch-consumer-1, groupId=notification-batch-consumer] Error sending fetch request (sessionId=816856244, epoch=64) to node 1001:
org.apache.kafka.common.errors.DisconnectException: null
2025-12-06 17:42:31.007 [org.springframework.kafka.KafkaListenerEndpointContainer#1-0-C-1] INFO  o.a.k.clients.FetchSessionHandler [node1:8080] - [Consumer clientId=consumer-order-events-consumer-4, groupId=order-events-consumer] Error sending fetch request (sessionId=1186978658, epoch=64) to node 1001:
org.apache.kafka.common.errors.DisconnectException: null
2025-12-06 17:42:31.009 [kafka-coordinator-heartbeat-thread | order-events-consumer] INFO  o.a.k.c.c.i.ConsumerCoordinator [node1:8080] - [Consumer clientId=consumer-order-events-consumer-4, groupId=order-events-consumer] Group coordinator localhost:9093 (id: 2147482646 rack: null) is unavailable or invalid due to cause: session timed out without receiving a heartbeat response.isDisconnected: false. Rediscovery will be attempted.
2025-12-06 17:42:31.009 [kafka-coordinator-heartbeat-thread | user-events-consumer] INFO  o.a.k.c.c.i.ConsumerCoordinator [node1:8080] - [Consumer clientId=consumer-user-events-consumer-3, groupId=user-events-consumer] Group coordinator localhost:9093 (id: 2147482646 rack: null) is unavailable or invalid due to cause: session timed out without receiving a heartbeat response.isDisconnected: false. Rediscovery will be attempted.
2025-12-06 17:42:31.007 [org.springframework.kafka.KafkaListenerEndpointContainer#0-0-C-1] INFO  o.a.k.clients.FetchSessionHandler [node1:8080] - [Consumer clientId=consumer-user-events-consumer-3, groupId=user-events-consumer] Error sending fetch request (sessionId=1327543461, epoch=64) to node 1001:
org.apache.kafka.common.errors.DisconnectException: null
2025-12-06 17:42:31.009 [kafka-coordinator-heartbeat-thread | notification-batch-consumer] INFO  o.a.k.c.c.i.ConsumerCoordinator [node1:8080] - [Consumer clientId=consumer-notification-batch-consumer-1, groupId=notification-batch-consumer] Group coordinator localhost:9093 (id: 2147482646 rack: null) is unavailable or invalid due to cause: session timed out without receiving a heartbeat response.isDisconnected: false. Rediscovery will be attempted.
2025-12-06 17:42:31.009 [kafka-coordinator-heartbeat-thread | pattern-consumer] INFO  o.a.k.c.c.i.ConsumerCoordinator [node1:8080] - [Consumer clientId=consumer-pattern-consumer-2, groupId=pattern-consumer] Group coordinator localhost:9093 (id: 2147482646 rack: null) is unavailable or invalid due to cause: session timed out without receiving a heartbeat response.isDisconnected: false. Rediscovery will be attempted.
2025-12-06 17:42:32.112 [org.springframework.kafka.KafkaListenerEndpointContainer#3-0-C-1] INFO  o.a.k.c.c.i.ConsumerCoordinator [node1:8080] - [Consumer clientId=consumer-pattern-consumer-2, groupId=pattern-consumer] Discovered group coordinator localhost:9093 (id: 2147482646 rack: null)
2025-12-06 17:42:32.112 [org.springframework.kafka.KafkaListenerEndpointContainer#0-0-C-1] INFO  o.a.k.c.c.i.ConsumerCoordinator [node1:8080] - [Consumer clientId=consumer-user-events-consumer-3, groupId=user-events-consumer] Discovered group coordinator localhost:9093 (id: 2147482646 rack: null)
2025-12-06 17:42:32.113 [org.springframework.kafka.KafkaListenerEndpointContainer#1-0-C-1] INFO  o.a.k.c.c.i.ConsumerCoordinator [node1:8080] - [Consumer clientId=consumer-order-events-consumer-4, groupId=order-events-consumer] Discovered group coordinator localhost:9093 (id: 2147482646 rack: null)
2025-12-06 17:42:32.126 [org.springframework.kafka.KafkaListenerEndpointContainer#2-0-C-1] INFO  o.a.k.c.c.i.ConsumerCoordinator [node1:8080] - [Consumer clientId=consumer-notification-batch-consumer-1, groupId=notification-batch-consumer] Discovered group coordinator localhost:9093 (id: 2147482646 rack: null)
2025-12-06 17:42:32.127 [org.springframework.kafka.KafkaListenerEndpointContainer#2-0-C-1] INFO  o.a.k.c.c.i.ConsumerCoordinator [node1:8080] - [Consumer clientId=consumer-notification-batch-consumer-1, groupId=notification-batch-consumer] Discovered group coordinator localhost:9093 (id: 2147482646 rack: null)
2025-12-06 17:42:56.816 [HikariPool-1 housekeeper] WARN  com.zaxxer.hikari.pool.HikariPool [node1:8080] - HikariPool-1 - Thread starvation or clock leap detected (housekeeper delta=9m45s238ms).
2025-12-06 17:52:23.067 [kafka-coordinator-heartbeat-thread | user-events-consumer] INFO  o.a.k.c.c.i.ConsumerCoordinator [node1:8080] - [Consumer clientId=consumer-user-events-consumer-3, groupId=user-events-consumer] Group coordinator localhost:9093 (id: 2147482646 rack: null) is unavailable or invalid due to cause: session timed out without receiving a heartbeat response.isDisconnected: false. Rediscovery will be attempted.
2025-12-06 17:52:23.074 [kafka-coordinator-heartbeat-thread | pattern-consumer] INFO  o.a.k.c.c.i.ConsumerCoordinator [node1:8080] - [Consumer clientId=consumer-pattern-consumer-2, groupId=pattern-consumer] Group coordinator localhost:9093 (id: 2147482646 rack: null) is unavailable or invalid due to cause: session timed out without receiving a heartbeat response.isDisconnected: false. Rediscovery will be attempted.
2025-12-06 17:52:23.079 [kafka-coordinator-heartbeat-thread | order-events-consumer] INFO  o.a.k.c.c.i.ConsumerCoordinator [node1:8080] - [Consumer clientId=consumer-order-events-consumer-4, groupId=order-events-consumer] Group coordinator localhost:9093 (id: 2147482646 rack: null) is unavailable or invalid due to cause: session timed out without receiving a heartbeat response.isDisconnected: false. Rediscovery will be attempted.
2025-12-06 17:52:23.079 [kafka-coordinator-heartbeat-thread | notification-batch-consumer] INFO  o.a.k.c.c.i.ConsumerCoordinator [node1:8080] - [Consumer clientId=consumer-notification-batch-consumer-1, groupId=notification-batch-consumer] Group coordinator localhost:9093 (id: 2147482646 rack: null) is unavailable or invalid due to cause: session timed out without receiving a heartbeat response.isDisconnected: false. Rediscovery will be attempted.
2025-12-06 17:52:23.082 [org.springframework.kafka.KafkaListenerEndpointContainer#0-0-C-1] INFO  o.a.k.c.c.i.ConsumerCoordinator [node1:8080] - [Consumer clientId=consumer-user-events-consumer-3, groupId=user-events-consumer] Discovered group coordinator localhost:9093 (id: 2147482646 rack: null)
2025-12-06 17:52:23.087 [org.springframework.kafka.KafkaListenerEndpointContainer#1-0-C-1] INFO  o.a.k.c.c.i.ConsumerCoordinator [node1:8080] - [Consumer clientId=consumer-order-events-consumer-4, groupId=order-events-consumer] Discovered group coordinator localhost:9093 (id: 2147482646 rack: null)
2025-12-06 17:52:23.087 [org.springframework.kafka.KafkaListenerEndpointContainer#2-0-C-1] INFO  o.a.k.c.c.i.ConsumerCoordinator [node1:8080] - [Consumer clientId=consumer-notification-batch-consumer-1, groupId=notification-batch-consumer] Discovered group coordinator localhost:9093 (id: 2147482646 rack: null)
2025-12-06 17:52:23.089 [org.springframework.kafka.KafkaListenerEndpointContainer#2-0-C-1] INFO  o.a.k.c.c.i.ConsumerCoordinator [node1:8080] - [Consumer clientId=consumer-notification-batch-consumer-1, groupId=notification-batch-consumer] Discovered group coordinator localhost:9093 (id: 2147482646 rack: null)
2025-12-06 17:52:23.089 [org.springframework.kafka.KafkaListenerEndpointContainer#1-0-C-1] INFO  o.a.k.c.c.i.ConsumerCoordinator [node1:8080] - [Consumer clientId=consumer-order-events-consumer-4, groupId=order-events-consumer] Discovered group coordinator localhost:9093 (id: 2147482646 rack: null)
2025-12-06 17:52:23.089 [org.springframework.kafka.KafkaListenerEndpointContainer#2-0-C-1] INFO  o.a.k.c.c.i.ConsumerCoordinator [node1:8080] - [Consumer clientId=consumer-notification-batch-consumer-1, groupId=notification-batch-consumer] Group coordinator localhost:9093 (id: 2147482646 rack: null) is unavailable or invalid due to cause: coordinator unavailable.isDisconnected: false. Rediscovery will be attempted.
2025-12-06 17:52:23.089 [org.springframework.kafka.KafkaListenerEndpointContainer#1-0-C-1] INFO  o.a.k.c.c.i.ConsumerCoordinator [node1:8080] - [Consumer clientId=consumer-order-events-consumer-4, groupId=order-events-consumer] Group coordinator localhost:9093 (id: 2147482646 rack: null) is unavailable or invalid due to cause: coordinator unavailable.isDisconnected: false. Rediscovery will be attempted.
2025-12-06 17:52:23.094 [org.springframework.kafka.KafkaListenerEndpointContainer#0-0-C-1] INFO  o.a.k.c.c.i.ConsumerCoordinator [node1:8080] - [Consumer clientId=consumer-user-events-consumer-3, groupId=user-events-consumer] Discovered group coordinator localhost:9093 (id: 2147482646 rack: null)
2025-12-06 17:52:23.094 [org.springframework.kafka.KafkaListenerEndpointContainer#0-0-C-1] INFO  o.a.k.c.c.i.ConsumerCoordinator [node1:8080] - [Consumer clientId=consumer-user-events-consumer-3, groupId=user-events-consumer] Group coordinator localhost:9093 (id: 2147482646 rack: null) is unavailable or invalid due to cause: coordinator unavailable.isDisconnected: false. Rediscovery will be attempted.
2025-12-06 17:52:23.099 [org.springframework.kafka.KafkaListenerEndpointContainer#3-0-C-1] INFO  o.a.k.c.c.i.ConsumerCoordinator [node1:8080] - [Consumer clientId=consumer-pattern-consumer-2, groupId=pattern-consumer] Discovered group coordinator localhost:9093 (id: 2147482646 rack: null)
2025-12-06 17:52:23.100 [org.springframework.kafka.KafkaListenerEndpointContainer#3-0-C-1] INFO  o.a.k.c.c.i.ConsumerCoordinator [node1:8080] - [Consumer clientId=consumer-pattern-consumer-2, groupId=pattern-consumer] Discovered group coordinator localhost:9093 (id: 2147482646 rack: null)
2025-12-06 17:52:23.100 [org.springframework.kafka.KafkaListenerEndpointContainer#3-0-C-1] INFO  o.a.k.c.c.i.ConsumerCoordinator [node1:8080] - [Consumer clientId=consumer-pattern-consumer-2, groupId=pattern-consumer] Group coordinator localhost:9093 (id: 2147482646 rack: null) is unavailable or invalid due to cause: coordinator unavailable.isDisconnected: false. Rediscovery will be attempted.
2025-12-06 17:52:23.199 [org.springframework.kafka.KafkaListenerEndpointContainer#2-0-C-1] INFO  o.a.k.c.c.i.ConsumerCoordinator [node1:8080] - [Consumer clientId=consumer-notification-batch-consumer-1, groupId=notification-batch-consumer] Discovered group coordinator localhost:9093 (id: 2147482646 rack: null)
2025-12-06 17:52:23.199 [org.springframework.kafka.KafkaListenerEndpointContainer#1-0-C-1] INFO  o.a.k.c.c.i.ConsumerCoordinator [node1:8080] - [Consumer clientId=consumer-order-events-consumer-4, groupId=order-events-consumer] Discovered group coordinator localhost:9093 (id: 2147482646 rack: null)
2025-12-06 17:52:23.199 [org.springframework.kafka.KafkaListenerEndpointContainer#0-0-C-1] INFO  o.a.k.c.c.i.ConsumerCoordinator [node1:8080] - [Consumer clientId=consumer-user-events-consumer-3, groupId=user-events-consumer] Discovered group coordinator localhost:9093 (id: 2147482646 rack: null)
2025-12-06 17:52:23.209 [org.springframework.kafka.KafkaListenerEndpointContainer#3-0-C-1] INFO  o.a.k.c.c.i.ConsumerCoordinator [node1:8080] - [Consumer clientId=consumer-pattern-consumer-2, groupId=pattern-consumer] Discovered group coordinator localhost:9093 (id: 2147482646 rack: null)
2025-12-06 17:52:42.196 [HikariPool-1 housekeeper] WARN  com.zaxxer.hikari.pool.HikariPool [node1:8080] - HikariPool-1 - Thread starvation or clock leap detected (housekeeper delta=9m45s380ms).
2025-12-06 18:02:14.007 [org.springframework.kafka.KafkaListenerEndpointContainer#3-0-C-1] INFO  o.a.k.clients.FetchSessionHandler [node1:8080] - [Consumer clientId=consumer-pattern-consumer-2, groupId=pattern-consumer] Error sending fetch request (sessionId=1960717533, epoch=129) to node 1001:
org.apache.kafka.common.errors.DisconnectException: null
2025-12-06 18:02:14.007 [org.springframework.kafka.KafkaListenerEndpointContainer#1-0-C-1] INFO  o.a.k.clients.FetchSessionHandler [node1:8080] - [Consumer clientId=consumer-order-events-consumer-4, groupId=order-events-consumer] Error sending fetch request (sessionId=807792892, epoch=130) to node 1001:
org.apache.kafka.common.errors.DisconnectException: null
2025-12-06 18:02:14.007 [org.springframework.kafka.KafkaListenerEndpointContainer#2-0-C-1] INFO  o.a.k.clients.FetchSessionHandler [node1:8080] - [Consumer clientId=consumer-notification-batch-consumer-1, groupId=notification-batch-consumer] Error sending fetch request (sessionId=2041035764, epoch=130) to node 1001:
org.apache.kafka.common.errors.DisconnectException: null
2025-12-06 18:02:14.012 [kafka-coordinator-heartbeat-thread | pattern-consumer] INFO  o.a.k.c.c.i.ConsumerCoordinator [node1:8080] - [Consumer clientId=consumer-pattern-consumer-2, groupId=pattern-consumer] Group coordinator localhost:9093 (id: 2147482646 rack: null) is unavailable or invalid due to cause: session timed out without receiving a heartbeat response.isDisconnected: false. Rediscovery will be attempted.
2025-12-06 18:02:14.012 [kafka-coordinator-heartbeat-thread | user-events-consumer] INFO  o.a.k.c.c.i.ConsumerCoordinator [node1:8080] - [Consumer clientId=consumer-user-events-consumer-3, groupId=user-events-consumer] Group coordinator localhost:9093 (id: 2147482646 rack: null) is unavailable or invalid due to cause: session timed out without receiving a heartbeat response.isDisconnected: false. Rediscovery will be attempted.
2025-12-06 18:02:14.012 [kafka-coordinator-heartbeat-thread | order-events-consumer] INFO  o.a.k.c.c.i.ConsumerCoordinator [node1:8080] - [Consumer clientId=consumer-order-events-consumer-4, groupId=order-events-consumer] Group coordinator localhost:9093 (id: 2147482646 rack: null) is unavailable or invalid due to cause: session timed out without receiving a heartbeat response.isDisconnected: false. Rediscovery will be attempted.
2025-12-06 18:02:14.013 [kafka-coordinator-heartbeat-thread | notification-batch-consumer] INFO  o.a.k.c.c.i.ConsumerCoordinator [node1:8080] - [Consumer clientId=consumer-notification-batch-consumer-1, groupId=notification-batch-consumer] Group coordinator localhost:9093 (id: 2147482646 rack: null) is unavailable or invalid due to cause: session timed out without receiving a heartbeat response.isDisconnected: false. Rediscovery will be attempted.
2025-12-06 18:02:14.007 [org.springframework.kafka.KafkaListenerEndpointContainer#0-0-C-1] INFO  o.a.k.clients.FetchSessionHandler [node1:8080] - [Consumer clientId=consumer-user-events-consumer-3, groupId=user-events-consumer] Error sending fetch request (sessionId=653805775, epoch=130) to node 1001:
org.apache.kafka.common.errors.DisconnectException: null
2025-12-06 18:02:14.124 [org.springframework.kafka.KafkaListenerEndpointContainer#2-0-C-1] INFO  o.a.k.c.c.i.ConsumerCoordinator [node1:8080] - [Consumer clientId=consumer-notification-batch-consumer-1, groupId=notification-batch-consumer] Discovered group coordinator localhost:9093 (id: 2147482646 rack: null)
2025-12-06 18:02:14.130 [org.springframework.kafka.KafkaListenerEndpointContainer#0-0-C-1] INFO  o.a.k.c.c.i.ConsumerCoordinator [node1:8080] - [Consumer clientId=consumer-user-events-consumer-3, groupId=user-events-consumer] Discovered group coordinator localhost:9093 (id: 2147482646 rack: null)
2025-12-06 18:02:14.132 [org.springframework.kafka.KafkaListenerEndpointContainer#1-0-C-1] INFO  o.a.k.c.c.i.ConsumerCoordinator [node1:8080] - [Consumer clientId=consumer-order-events-consumer-4, groupId=order-events-consumer] Discovered group coordinator localhost:9093 (id: 2147482646 rack: null)
2025-12-06 18:02:14.132 [org.springframework.kafka.KafkaListenerEndpointContainer#3-0-C-1] INFO  o.a.k.c.c.i.ConsumerCoordinator [node1:8080] - [Consumer clientId=consumer-pattern-consumer-2, groupId=pattern-consumer] Discovered group coordinator localhost:9093 (id: 2147482646 rack: null)
2025-12-06 18:02:27.666 [HikariPool-1 housekeeper] WARN  com.zaxxer.hikari.pool.HikariPool [node1:8080] - HikariPool-1 - Thread starvation or clock leap detected (housekeeper delta=9m45s470ms).
2025-12-06 18:12:05.009 [org.springframework.kafka.KafkaListenerEndpointContainer#0-0-C-1] INFO  o.a.k.clients.FetchSessionHandler [node1:8080] - [Consumer clientId=consumer-user-events-consumer-3, groupId=user-events-consumer] Error sending fetch request (sessionId=730596216, epoch=64) to node 1001:
org.apache.kafka.common.errors.DisconnectException: null
2025-12-06 18:12:05.009 [org.springframework.kafka.KafkaListenerEndpointContainer#3-0-C-1] INFO  o.a.k.clients.FetchSessionHandler [node1:8080] - [Consumer clientId=consumer-pattern-consumer-2, groupId=pattern-consumer] Error sending fetch request (sessionId=1387595762, epoch=65) to node 1001:
org.apache.kafka.common.errors.DisconnectException: null
2025-12-06 18:12:05.009 [org.springframework.kafka.KafkaListenerEndpointContainer#1-0-C-1] INFO  o.a.k.clients.FetchSessionHandler [node1:8080] - [Consumer clientId=consumer-order-events-consumer-4, groupId=order-events-consumer] Error sending fetch request (sessionId=1844637694, epoch=66) to node 1001:
org.apache.kafka.common.errors.DisconnectException: null
2025-12-06 18:12:05.009 [org.springframework.kafka.KafkaListenerEndpointContainer#2-0-C-1] INFO  o.a.k.clients.FetchSessionHandler [node1:8080] - [Consumer clientId=consumer-notification-batch-consumer-1, groupId=notification-batch-consumer] Error sending fetch request (sessionId=588650990, epoch=66) to node 1001:
org.apache.kafka.common.errors.DisconnectException: null
2025-12-06 18:12:05.014 [kafka-coordinator-heartbeat-thread | pattern-consumer] INFO  o.a.k.c.c.i.ConsumerCoordinator [node1:8080] - [Consumer clientId=consumer-pattern-consumer-2, groupId=pattern-consumer] Group coordinator localhost:9093 (id: 2147482646 rack: null) is unavailable or invalid due to cause: session timed out without receiving a heartbeat response.isDisconnected: false. Rediscovery will be attempted.
2025-12-06 18:12:05.014 [kafka-coordinator-heartbeat-thread | order-events-consumer] INFO  o.a.k.c.c.i.ConsumerCoordinator [node1:8080] - [Consumer clientId=consumer-order-events-consumer-4, groupId=order-events-consumer] Group coordinator localhost:9093 (id: 2147482646 rack: null) is unavailable or invalid due to cause: session timed out without receiving a heartbeat response.isDisconnected: false. Rediscovery will be attempted.
2025-12-06 18:12:05.012 [kafka-coordinator-heartbeat-thread | notification-batch-consumer] INFO  o.a.k.c.c.i.ConsumerCoordinator [node1:8080] - [Consumer clientId=consumer-notification-batch-consumer-1, groupId=notification-batch-consumer] Group coordinator localhost:9093 (id: 2147482646 rack: null) is unavailable or invalid due to cause: session timed out without receiving a heartbeat response.isDisconnected: false. Rediscovery will be attempted.
2025-12-06 18:12:05.013 [kafka-coordinator-heartbeat-thread | user-events-consumer] INFO  o.a.k.c.c.i.ConsumerCoordinator [node1:8080] - [Consumer clientId=consumer-user-events-consumer-3, groupId=user-events-consumer] Group coordinator localhost:9093 (id: 2147482646 rack: null) is unavailable or invalid due to cause: session timed out without receiving a heartbeat response.isDisconnected: false. Rediscovery will be attempted.
2025-12-06 18:12:06.138 [org.springframework.kafka.KafkaListenerEndpointContainer#3-0-C-1] INFO  o.a.k.c.c.i.ConsumerCoordinator [node1:8080] - [Consumer clientId=consumer-pattern-consumer-2, groupId=pattern-consumer] Discovered group coordinator localhost:9093 (id: 2147482646 rack: null)
2025-12-06 18:12:06.142 [org.springframework.kafka.KafkaListenerEndpointContainer#2-0-C-1] INFO  o.a.k.c.c.i.ConsumerCoordinator [node1:8080] - [Consumer clientId=consumer-notification-batch-consumer-1, groupId=notification-batch-consumer] Discovered group coordinator localhost:9093 (id: 2147482646 rack: null)
2025-12-06 18:12:06.145 [org.springframework.kafka.KafkaListenerEndpointContainer#0-0-C-1] INFO  o.a.k.c.c.i.ConsumerCoordinator [node1:8080] - [Consumer clientId=consumer-user-events-consumer-3, groupId=user-events-consumer] Discovered group coordinator localhost:9093 (id: 2147482646 rack: null)
2025-12-06 18:12:06.145 [org.springframework.kafka.KafkaListenerEndpointContainer#1-0-C-1] INFO  o.a.k.c.c.i.ConsumerCoordinator [node1:8080] - [Consumer clientId=consumer-order-events-consumer-4, groupId=order-events-consumer] Discovered group coordinator localhost:9093 (id: 2147482646 rack: null)
2025-12-06 18:12:13.148 [HikariPool-1 housekeeper] WARN  com.zaxxer.hikari.pool.HikariPool [node1:8080] - HikariPool-1 - Thread starvation or clock leap detected (housekeeper delta=9m45s482ms).
2025-12-06 18:21:55.006 [org.springframework.kafka.KafkaListenerEndpointContainer#2-0-C-1] INFO  o.a.k.clients.FetchSessionHandler [node1:8080] - [Consumer clientId=consumer-notification-batch-consumer-1, groupId=notification-batch-consumer] Error sending fetch request (sessionId=1396559548, epoch=64) to node 1001:
org.apache.kafka.common.errors.DisconnectException: null
2025-12-06 18:21:55.007 [org.springframework.kafka.KafkaListenerEndpointContainer#3-0-C-1] INFO  o.a.k.clients.FetchSessionHandler [node1:8080] - [Consumer clientId=consumer-pattern-consumer-2, groupId=pattern-consumer] Error sending fetch request (sessionId=252469410, epoch=64) to node 1001:
org.apache.kafka.common.errors.DisconnectException: null
2025-12-06 18:21:55.007 [org.springframework.kafka.KafkaListenerEndpointContainer#1-0-C-1] INFO  o.a.k.clients.FetchSessionHandler [node1:8080] - [Consumer clientId=consumer-order-events-consumer-4, groupId=order-events-consumer] Error sending fetch request (sessionId=831175402, epoch=64) to node 1001:
org.apache.kafka.common.errors.DisconnectException: null
2025-12-06 18:21:55.011 [kafka-coordinator-heartbeat-thread | pattern-consumer] INFO  o.a.k.c.c.i.ConsumerCoordinator [node1:8080] - [Consumer clientId=consumer-pattern-consumer-2, groupId=pattern-consumer] Group coordinator localhost:9093 (id: 2147482646 rack: null) is unavailable or invalid due to cause: session timed out without receiving a heartbeat response.isDisconnected: false. Rediscovery will be attempted.
2025-12-06 18:21:55.012 [kafka-coordinator-heartbeat-thread | order-events-consumer] INFO  o.a.k.c.c.i.ConsumerCoordinator [node1:8080] - [Consumer clientId=consumer-order-events-consumer-4, groupId=order-events-consumer] Group coordinator localhost:9093 (id: 2147482646 rack: null) is unavailable or invalid due to cause: session timed out without receiving a heartbeat response.isDisconnected: false. Rediscovery will be attempted.
2025-12-06 18:21:55.014 [kafka-coordinator-heartbeat-thread | notification-batch-consumer] INFO  o.a.k.c.c.i.ConsumerCoordinator [node1:8080] - [Consumer clientId=consumer-notification-batch-consumer-1, groupId=notification-batch-consumer] Group coordinator localhost:9093 (id: 2147482646 rack: null) is unavailable or invalid due to cause: session timed out without receiving a heartbeat response.isDisconnected: false. Rediscovery will be attempted.
2025-12-06 18:21:55.007 [org.springframework.kafka.KafkaListenerEndpointContainer#0-0-C-1] INFO  o.a.k.clients.FetchSessionHandler [node1:8080] - [Consumer clientId=consumer-user-events-consumer-3, groupId=user-events-consumer] Error sending fetch request (sessionId=1733516742, epoch=64) to node 1001:
org.apache.kafka.common.errors.DisconnectException: null
2025-12-06 18:21:55.012 [kafka-coordinator-heartbeat-thread | user-events-consumer] INFO  o.a.k.c.c.i.ConsumerCoordinator [node1:8080] - [Consumer clientId=consumer-user-events-consumer-3, groupId=user-events-consumer] Group coordinator localhost:9093 (id: 2147482646 rack: null) is unavailable or invalid due to cause: session timed out without receiving a heartbeat response.isDisconnected: false. Rediscovery will be attempted.
2025-12-06 18:21:56.115 [org.springframework.kafka.KafkaListenerEndpointContainer#1-0-C-1] INFO  o.a.k.c.c.i.ConsumerCoordinator [node1:8080] - [Consumer clientId=consumer-order-events-consumer-4, groupId=order-events-consumer] Discovered group coordinator localhost:9093 (id: 2147482646 rack: null)
2025-12-06 18:21:56.117 [org.springframework.kafka.KafkaListenerEndpointContainer#1-0-C-1] INFO  o.a.k.c.c.i.ConsumerCoordinator [node1:8080] - [Consumer clientId=consumer-order-events-consumer-4, groupId=order-events-consumer] Discovered group coordinator localhost:9093 (id: 2147482646 rack: null)
2025-12-06 18:21:56.118 [org.springframework.kafka.KafkaListenerEndpointContainer#2-0-C-1] INFO  o.a.k.c.c.i.ConsumerCoordinator [node1:8080] - [Consumer clientId=consumer-notification-batch-consumer-1, groupId=notification-batch-consumer] Discovered group coordinator localhost:9093 (id: 2147482646 rack: null)
2025-12-06 18:21:56.120 [org.springframework.kafka.KafkaListenerEndpointContainer#3-0-C-1] INFO  o.a.k.c.c.i.ConsumerCoordinator [node1:8080] - [Consumer clientId=consumer-pattern-consumer-2, groupId=pattern-consumer] Discovered group coordinator localhost:9093 (id: 2147482646 rack: null)
2025-12-06 18:21:56.120 [org.springframework.kafka.KafkaListenerEndpointContainer#2-0-C-1] INFO  o.a.k.c.c.i.ConsumerCoordinator [node1:8080] - [Consumer clientId=consumer-notification-batch-consumer-1, groupId=notification-batch-consumer] Discovered group coordinator localhost:9093 (id: 2147482646 rack: null)
2025-12-06 18:21:56.123 [org.springframework.kafka.KafkaListenerEndpointContainer#3-0-C-1] INFO  o.a.k.c.c.i.ConsumerCoordinator [node1:8080] - [Consumer clientId=consumer-pattern-consumer-2, groupId=pattern-consumer] Discovered group coordinator localhost:9093 (id: 2147482646 rack: null)
2025-12-06 18:21:56.169 [org.springframework.kafka.KafkaListenerEndpointContainer#0-0-C-1] INFO  o.a.k.c.c.i.ConsumerCoordinator [node1:8080] - [Consumer clientId=consumer-user-events-consumer-3, groupId=user-events-consumer] Discovered group coordinator localhost:9093 (id: 2147482646 rack: null)
2025-12-06 18:21:57.607 [HikariPool-1 housekeeper] WARN  com.zaxxer.hikari.pool.HikariPool [node1:8080] - HikariPool-1 - Thread starvation or clock leap detected (housekeeper delta=9m44s459ms).
2025-12-06 18:31:46.575 [kafka-coordinator-heartbeat-thread | notification-batch-consumer] INFO  o.a.k.c.c.i.ConsumerCoordinator [node1:8080] - [Consumer clientId=consumer-notification-batch-consumer-1, groupId=notification-batch-consumer] Group coordinator localhost:9093 (id: 2147482646 rack: null) is unavailable or invalid due to cause: session timed out without receiving a heartbeat response.isDisconnected: false. Rediscovery will be attempted.
2025-12-06 18:31:46.575 [org.springframework.kafka.KafkaListenerEndpointContainer#2-0-C-1] INFO  o.a.k.clients.FetchSessionHandler [node1:8080] - [Consumer clientId=consumer-notification-batch-consumer-1, groupId=notification-batch-consumer] Error sending fetch request (sessionId=1713405246, epoch=64) to node 1001:
org.apache.kafka.common.errors.DisconnectException: null
2025-12-06 18:31:46.576 [org.springframework.kafka.KafkaListenerEndpointContainer#1-0-C-1] INFO  o.a.k.clients.FetchSessionHandler [node1:8080] - [Consumer clientId=consumer-order-events-consumer-4, groupId=order-events-consumer] Error sending fetch request (sessionId=2020754554, epoch=64) to node 1001:
org.apache.kafka.common.errors.DisconnectException: null
2025-12-06 18:31:46.576 [kafka-coordinator-heartbeat-thread | order-events-consumer] INFO  o.a.k.c.c.i.ConsumerCoordinator [node1:8080] - [Consumer clientId=consumer-order-events-consumer-4, groupId=order-events-consumer] Group coordinator localhost:9093 (id: 2147482646 rack: null) is unavailable or invalid due to cause: session timed out without receiving a heartbeat response.isDisconnected: false. Rediscovery will be attempted.
2025-12-06 18:31:46.580 [org.springframework.kafka.KafkaListenerEndpointContainer#3-0-C-1] INFO  o.a.k.clients.FetchSessionHandler [node1:8080] - [Consumer clientId=consumer-pattern-consumer-2, groupId=pattern-consumer] Error sending fetch request (sessionId=777080322, epoch=63) to node 1001:
org.apache.kafka.common.errors.DisconnectException: null
2025-12-06 18:31:46.580 [kafka-coordinator-heartbeat-thread | pattern-consumer] INFO  o.a.k.c.c.i.ConsumerCoordinator [node1:8080] - [Consumer clientId=consumer-pattern-consumer-2, groupId=pattern-consumer] Group coordinator localhost:9093 (id: 2147482646 rack: null) is unavailable or invalid due to cause: session timed out without receiving a heartbeat response.isDisconnected: false. Rediscovery will be attempted.
2025-12-06 18:31:46.631 [org.springframework.kafka.KafkaListenerEndpointContainer#0-0-C-1] INFO  o.a.k.clients.FetchSessionHandler [node1:8080] - [Consumer clientId=consumer-user-events-consumer-3, groupId=user-events-consumer] Error sending fetch request (sessionId=262107681, epoch=63) to node 1001:
org.apache.kafka.common.errors.DisconnectException: null
2025-12-06 18:31:46.631 [kafka-coordinator-heartbeat-thread | user-events-consumer] INFO  o.a.k.c.c.i.ConsumerCoordinator [node1:8080] - [Consumer clientId=consumer-user-events-consumer-3, groupId=user-events-consumer] Group coordinator localhost:9093 (id: 2147482646 rack: null) is unavailable or invalid due to cause: session timed out without receiving a heartbeat response.isDisconnected: false. Rediscovery will be attempted.
2025-12-06 18:31:47.205 [org.springframework.kafka.KafkaListenerEndpointContainer#1-0-C-1] INFO  o.a.k.c.c.i.ConsumerCoordinator [node1:8080] - [Consumer clientId=consumer-order-events-consumer-4, groupId=order-events-consumer] Discovered group coordinator localhost:9093 (id: 2147482646 rack: null)
2025-12-06 18:31:47.212 [org.springframework.kafka.KafkaListenerEndpointContainer#2-0-C-1] INFO  o.a.k.c.c.i.ConsumerCoordinator [node1:8080] - [Consumer clientId=consumer-notification-batch-consumer-1, groupId=notification-batch-consumer] Discovered group coordinator localhost:9093 (id: 2147482646 rack: null)
2025-12-06 18:31:47.212 [org.springframework.kafka.KafkaListenerEndpointContainer#2-0-C-1] INFO  o.a.k.c.c.i.ConsumerCoordinator [node1:8080] - [Consumer clientId=consumer-notification-batch-consumer-1, groupId=notification-batch-consumer] Discovered group coordinator localhost:9093 (id: 2147482646 rack: null)
2025-12-06 18:31:47.213 [org.springframework.kafka.KafkaListenerEndpointContainer#0-0-C-1] INFO  o.a.k.c.c.i.ConsumerCoordinator [node1:8080] - [Consumer clientId=consumer-user-events-consumer-3, groupId=user-events-consumer] Discovered group coordinator localhost:9093 (id: 2147482646 rack: null)
2025-12-06 18:31:47.224 [org.springframework.kafka.KafkaListenerEndpointContainer#0-0-C-1] INFO  o.a.k.c.c.i.ConsumerCoordinator [node1:8080] - [Consumer clientId=consumer-user-events-consumer-3, groupId=user-events-consumer] Discovered group coordinator localhost:9093 (id: 2147482646 rack: null)
2025-12-06 18:31:47.226 [org.springframework.kafka.KafkaListenerEndpointContainer#3-0-C-1] INFO  o.a.k.c.c.i.ConsumerCoordinator [node1:8080] - [Consumer clientId=consumer-pattern-consumer-2, groupId=pattern-consumer] Discovered group coordinator localhost:9093 (id: 2147482646 rack: null)
2025-12-06 18:32:13.900 [HikariPool-1 housekeeper] WARN  com.zaxxer.hikari.pool.HikariPool [node1:8080] - HikariPool-1 - Thread starvation or clock leap detected (housekeeper delta=9m45s395ms).
2025-12-06 18:41:37.006 [org.springframework.kafka.KafkaListenerEndpointContainer#2-0-C-1] INFO  o.a.k.clients.FetchSessionHandler [node1:8080] - [Consumer clientId=consumer-notification-batch-consumer-1, groupId=notification-batch-consumer] Error sending fetch request (sessionId=1336267916, epoch=62) to node 1001:
org.apache.kafka.common.errors.DisconnectException: null
2025-12-06 18:41:37.007 [org.springframework.kafka.KafkaListenerEndpointContainer#1-0-C-1] INFO  o.a.k.clients.FetchSessionHandler [node1:8080] - [Consumer clientId=consumer-order-events-consumer-4, groupId=order-events-consumer] Error sending fetch request (sessionId=1127359400, epoch=62) to node 1001:
org.apache.kafka.common.errors.DisconnectException: null
2025-12-06 18:41:37.007 [org.springframework.kafka.KafkaListenerEndpointContainer#0-0-C-1] INFO  o.a.k.clients.FetchSessionHandler [node1:8080] - [Consumer clientId=consumer-user-events-consumer-3, groupId=user-events-consumer] Error sending fetch request (sessionId=1595244821, epoch=62) to node 1001:
org.apache.kafka.common.errors.DisconnectException: null
2025-12-06 18:41:37.006 [org.springframework.kafka.KafkaListenerEndpointContainer#3-0-C-1] INFO  o.a.k.clients.FetchSessionHandler [node1:8080] - [Consumer clientId=consumer-pattern-consumer-2, groupId=pattern-consumer] Error sending fetch request (sessionId=1066140991, epoch=63) to node 1001:
org.apache.kafka.common.errors.DisconnectException: null
2025-12-06 18:41:37.009 [kafka-coordinator-heartbeat-thread | pattern-consumer] INFO  o.a.k.c.c.i.ConsumerCoordinator [node1:8080] - [Consumer clientId=consumer-pattern-consumer-2, groupId=pattern-consumer] Group coordinator localhost:9093 (id: 2147482646 rack: null) is unavailable or invalid due to cause: session timed out without receiving a heartbeat response.isDisconnected: false. Rediscovery will be attempted.
2025-12-06 18:41:37.010 [kafka-coordinator-heartbeat-thread | order-events-consumer] INFO  o.a.k.c.c.i.ConsumerCoordinator [node1:8080] - [Consumer clientId=consumer-order-events-consumer-4, groupId=order-events-consumer] Group coordinator localhost:9093 (id: 2147482646 rack: null) is unavailable or invalid due to cause: session timed out without receiving a heartbeat response.isDisconnected: false. Rediscovery will be attempted.
2025-12-06 18:41:37.010 [kafka-coordinator-heartbeat-thread | user-events-consumer] INFO  o.a.k.c.c.i.ConsumerCoordinator [node1:8080] - [Consumer clientId=consumer-user-events-consumer-3, groupId=user-events-consumer] Group coordinator localhost:9093 (id: 2147482646 rack: null) is unavailable or invalid due to cause: session timed out without receiving a heartbeat response.isDisconnected: false. Rediscovery will be attempted.
2025-12-06 18:41:37.010 [kafka-coordinator-heartbeat-thread | notification-batch-consumer] INFO  o.a.k.c.c.i.ConsumerCoordinator [node1:8080] - [Consumer clientId=consumer-notification-batch-consumer-1, groupId=notification-batch-consumer] Group coordinator localhost:9093 (id: 2147482646 rack: null) is unavailable or invalid due to cause: session timed out without receiving a heartbeat response.isDisconnected: false. Rediscovery will be attempted.
2025-12-06 18:41:38.138 [org.springframework.kafka.KafkaListenerEndpointContainer#2-0-C-1] INFO  o.a.k.c.c.i.ConsumerCoordinator [node1:8080] - [Consumer clientId=consumer-notification-batch-consumer-1, groupId=notification-batch-consumer] Discovered group coordinator localhost:9093 (id: 2147482646 rack: null)
2025-12-06 18:41:38.138 [org.springframework.kafka.KafkaListenerEndpointContainer#2-0-C-1] INFO  o.a.k.c.c.i.ConsumerCoordinator [node1:8080] - [Consumer clientId=consumer-notification-batch-consumer-1, groupId=notification-batch-consumer] Discovered group coordinator localhost:9093 (id: 2147482646 rack: null)
2025-12-06 18:41:38.139 [org.springframework.kafka.KafkaListenerEndpointContainer#2-0-C-1] INFO  o.a.k.c.c.i.ConsumerCoordinator [node1:8080] - [Consumer clientId=consumer-notification-batch-consumer-1, groupId=notification-batch-consumer] Group coordinator localhost:9093 (id: 2147482646 rack: null) is unavailable or invalid due to cause: coordinator unavailable.isDisconnected: false. Rediscovery will be attempted.
2025-12-06 18:41:38.148 [org.springframework.kafka.KafkaListenerEndpointContainer#3-0-C-1] INFO  o.a.k.c.c.i.ConsumerCoordinator [node1:8080] - [Consumer clientId=consumer-pattern-consumer-2, groupId=pattern-consumer] Discovered group coordinator localhost:9093 (id: 2147482646 rack: null)
2025-12-06 18:41:38.149 [org.springframework.kafka.KafkaListenerEndpointContainer#1-0-C-1] INFO  o.a.k.c.c.i.ConsumerCoordinator [node1:8080] - [Consumer clientId=consumer-order-events-consumer-4, groupId=order-events-consumer] Discovered group coordinator localhost:9093 (id: 2147482646 rack: null)
2025-12-06 18:41:38.153 [org.springframework.kafka.KafkaListenerEndpointContainer#3-0-C-1] INFO  o.a.k.c.c.i.ConsumerCoordinator [node1:8080] - [Consumer clientId=consumer-pattern-consumer-2, groupId=pattern-consumer] Discovered group coordinator localhost:9093 (id: 2147482646 rack: null)
2025-12-06 18:41:38.154 [org.springframework.kafka.KafkaListenerEndpointContainer#1-0-C-1] INFO  o.a.k.c.c.i.ConsumerCoordinator [node1:8080] - [Consumer clientId=consumer-order-events-consumer-4, groupId=order-events-consumer] Discovered group coordinator localhost:9093 (id: 2147482646 rack: null)
2025-12-06 18:41:38.154 [org.springframework.kafka.KafkaListenerEndpointContainer#1-0-C-1] INFO  o.a.k.c.c.i.ConsumerCoordinator [node1:8080] - [Consumer clientId=consumer-order-events-consumer-4, groupId=order-events-consumer] Group coordinator localhost:9093 (id: 2147482646 rack: null) is unavailable or invalid due to cause: coordinator unavailable.isDisconnected: false. Rediscovery will be attempted.
2025-12-06 18:41:38.161 [org.springframework.kafka.KafkaListenerEndpointContainer#0-0-C-1] INFO  o.a.k.c.c.i.ConsumerCoordinator [node1:8080] - [Consumer clientId=consumer-user-events-consumer-3, groupId=user-events-consumer] Discovered group coordinator localhost:9093 (id: 2147482646 rack: null)
2025-12-06 18:41:38.162 [org.springframework.kafka.KafkaListenerEndpointContainer#0-0-C-1] INFO  o.a.k.c.c.i.ConsumerCoordinator [node1:8080] - [Consumer clientId=consumer-user-events-consumer-3, groupId=user-events-consumer] Discovered group coordinator localhost:9093 (id: 2147482646 rack: null)
2025-12-06 18:41:38.162 [org.springframework.kafka.KafkaListenerEndpointContainer#0-0-C-1] INFO  o.a.k.c.c.i.ConsumerCoordinator [node1:8080] - [Consumer clientId=consumer-user-events-consumer-3, groupId=user-events-consumer] Group coordinator localhost:9093 (id: 2147482646 rack: null) is unavailable or invalid due to cause: coordinator unavailable.isDisconnected: false. Rediscovery will be attempted.
2025-12-06 18:41:38.250 [org.springframework.kafka.KafkaListenerEndpointContainer#2-0-C-1] INFO  o.a.k.c.c.i.ConsumerCoordinator [node1:8080] - [Consumer clientId=consumer-notification-batch-consumer-1, groupId=notification-batch-consumer] Discovered group coordinator localhost:9093 (id: 2147482646 rack: null)
2025-12-06 18:41:38.258 [org.springframework.kafka.KafkaListenerEndpointContainer#1-0-C-1] INFO  o.a.k.c.c.i.ConsumerCoordinator [node1:8080] - [Consumer clientId=consumer-order-events-consumer-4, groupId=order-events-consumer] Discovered group coordinator localhost:9093 (id: 2147482646 rack: null)
2025-12-06 18:41:38.273 [org.springframework.kafka.KafkaListenerEndpointContainer#0-0-C-1] INFO  o.a.k.c.c.i.ConsumerCoordinator [node1:8080] - [Consumer clientId=consumer-user-events-consumer-3, groupId=user-events-consumer] Discovered group coordinator localhost:9093 (id: 2147482646 rack: null)
2025-12-06 18:41:57.449 [HikariPool-1 housekeeper] WARN  com.zaxxer.hikari.pool.HikariPool [node1:8080] - HikariPool-1 - Thread starvation or clock leap detected (housekeeper delta=9m43s549ms).
2025-12-06 18:51:26.118 [kafka-coordinator-heartbeat-thread | pattern-consumer] INFO  o.a.k.c.c.i.ConsumerCoordinator [node1:8080] - [Consumer clientId=consumer-pattern-consumer-2, groupId=pattern-consumer] Group coordinator localhost:9093 (id: 2147482646 rack: null) is unavailable or invalid due to cause: session timed out without receiving a heartbeat response.isDisconnected: false. Rediscovery will be attempted.
2025-12-06 18:51:26.118 [org.springframework.kafka.KafkaListenerEndpointContainer#3-0-C-1] INFO  o.a.k.clients.FetchSessionHandler [node1:8080] - [Consumer clientId=consumer-pattern-consumer-2, groupId=pattern-consumer] Error sending fetch request (sessionId=2077697166, epoch=64) to node 1001:
org.apache.kafka.common.errors.DisconnectException: null
2025-12-06 18:51:26.215 [org.springframework.kafka.KafkaListenerEndpointContainer#2-0-C-1] INFO  o.a.k.clients.FetchSessionHandler [node1:8080] - [Consumer clientId=consumer-notification-batch-consumer-1, groupId=notification-batch-consumer] Error sending fetch request (sessionId=1651479561, epoch=63) to node 1001:
org.apache.kafka.common.errors.DisconnectException: null
2025-12-06 18:51:26.215 [kafka-coordinator-heartbeat-thread | notification-batch-consumer] INFO  o.a.k.c.c.i.ConsumerCoordinator [node1:8080] - [Consumer clientId=consumer-notification-batch-consumer-1, groupId=notification-batch-consumer] Group coordinator localhost:9093 (id: 2147482646 rack: null) is unavailable or invalid due to cause: session timed out without receiving a heartbeat response.isDisconnected: false. Rediscovery will be attempted.
2025-12-06 18:51:26.222 [kafka-coordinator-heartbeat-thread | order-events-consumer] INFO  o.a.k.c.c.i.ConsumerCoordinator [node1:8080] - [Consumer clientId=consumer-order-events-consumer-4, groupId=order-events-consumer] Group coordinator localhost:9093 (id: 2147482646 rack: null) is unavailable or invalid due to cause: session timed out without receiving a heartbeat response.isDisconnected: false. Rediscovery will be attempted.
2025-12-06 18:51:26.222 [org.springframework.kafka.KafkaListenerEndpointContainer#1-0-C-1] INFO  o.a.k.clients.FetchSessionHandler [node1:8080] - [Consumer clientId=consumer-order-events-consumer-4, groupId=order-events-consumer] Error sending fetch request (sessionId=549839413, epoch=63) to node 1001:
org.apache.kafka.common.errors.DisconnectException: null
2025-12-06 18:51:26.240 [org.springframework.kafka.KafkaListenerEndpointContainer#0-0-C-1] INFO  o.a.k.clients.FetchSessionHandler [node1:8080] - [Consumer clientId=consumer-user-events-consumer-3, groupId=user-events-consumer] Error sending fetch request (sessionId=154491341, epoch=63) to node 1001:
org.apache.kafka.common.errors.DisconnectException: null
2025-12-06 18:51:26.240 [kafka-coordinator-heartbeat-thread | user-events-consumer] INFO  o.a.k.c.c.i.ConsumerCoordinator [node1:8080] - [Consumer clientId=consumer-user-events-consumer-3, groupId=user-events-consumer] Group coordinator localhost:9093 (id: 2147482646 rack: null) is unavailable or invalid due to cause: session timed out without receiving a heartbeat response.isDisconnected: false. Rediscovery will be attempted.
2025-12-06 18:51:29.803 [org.springframework.kafka.KafkaListenerEndpointContainer#0-0-C-1] INFO  o.a.k.c.c.i.ConsumerCoordinator [node1:8080] - [Consumer clientId=consumer-user-events-consumer-3, groupId=user-events-consumer] Discovered group coordinator localhost:9093 (id: 2147482646 rack: null)
2025-12-06 18:51:29.811 [org.springframework.kafka.KafkaListenerEndpointContainer#2-0-C-1] INFO  o.a.k.c.c.i.ConsumerCoordinator [node1:8080] - [Consumer clientId=consumer-notification-batch-consumer-1, groupId=notification-batch-consumer] Discovered group coordinator localhost:9093 (id: 2147482646 rack: null)
2025-12-06 18:51:29.813 [org.springframework.kafka.KafkaListenerEndpointContainer#1-0-C-1] INFO  o.a.k.c.c.i.ConsumerCoordinator [node1:8080] - [Consumer clientId=consumer-order-events-consumer-4, groupId=order-events-consumer] Discovered group coordinator localhost:9093 (id: 2147482646 rack: null)
2025-12-06 18:51:29.820 [org.springframework.kafka.KafkaListenerEndpointContainer#3-0-C-1] INFO  o.a.k.c.c.i.ConsumerCoordinator [node1:8080] - [Consumer clientId=consumer-pattern-consumer-2, groupId=pattern-consumer] Discovered group coordinator localhost:9093 (id: 2147482646 rack: null)
2025-12-06 18:51:45.050 [HikariPool-1 housekeeper] WARN  com.zaxxer.hikari.pool.HikariPool [node1:8080] - HikariPool-1 - Thread starvation or clock leap detected (housekeeper delta=9m47s601ms).
2025-12-06 19:01:19.010 [org.springframework.kafka.KafkaListenerEndpointContainer#2-0-C-1] INFO  o.a.k.clients.FetchSessionHandler [node1:8080] - [Consumer clientId=consumer-notification-batch-consumer-1, groupId=notification-batch-consumer] Error sending fetch request (sessionId=1961880713, epoch=63) to node 1001:
org.apache.kafka.common.errors.DisconnectException: null
2025-12-06 19:01:19.010 [org.springframework.kafka.KafkaListenerEndpointContainer#3-0-C-1] INFO  o.a.k.clients.FetchSessionHandler [node1:8080] - [Consumer clientId=consumer-pattern-consumer-2, groupId=pattern-consumer] Error sending fetch request (sessionId=446743045, epoch=63) to node 1001:
org.apache.kafka.common.errors.DisconnectException: null
2025-12-06 19:01:19.010 [org.springframework.kafka.KafkaListenerEndpointContainer#0-0-C-1] INFO  o.a.k.clients.FetchSessionHandler [node1:8080] - [Consumer clientId=consumer-user-events-consumer-3, groupId=user-events-consumer] Error sending fetch request (sessionId=644225568, epoch=63) to node 1001:
org.apache.kafka.common.errors.DisconnectException: null
2025-12-06 19:01:19.014 [kafka-coordinator-heartbeat-thread | notification-batch-consumer] INFO  o.a.k.c.c.i.ConsumerCoordinator [node1:8080] - [Consumer clientId=consumer-notification-batch-consumer-1, groupId=notification-batch-consumer] Group coordinator localhost:9093 (id: 2147482646 rack: null) is unavailable or invalid due to cause: session timed out without receiving a heartbeat response.isDisconnected: false. Rediscovery will be attempted.
2025-12-06 19:01:19.010 [org.springframework.kafka.KafkaListenerEndpointContainer#1-0-C-1] INFO  o.a.k.clients.FetchSessionHandler [node1:8080] - [Consumer clientId=consumer-order-events-consumer-4, groupId=order-events-consumer] Error sending fetch request (sessionId=1209368277, epoch=63) to node 1001:
org.apache.kafka.common.errors.DisconnectException: null
2025-12-06 19:01:19.015 [kafka-coordinator-heartbeat-thread | order-events-consumer] INFO  o.a.k.c.c.i.ConsumerCoordinator [node1:8080] - [Consumer clientId=consumer-order-events-consumer-4, groupId=order-events-consumer] Group coordinator localhost:9093 (id: 2147482646 rack: null) is unavailable or invalid due to cause: session timed out without receiving a heartbeat response.isDisconnected: false. Rediscovery will be attempted.
2025-12-06 19:01:19.016 [kafka-coordinator-heartbeat-thread | pattern-consumer] INFO  o.a.k.c.c.i.ConsumerCoordinator [node1:8080] - [Consumer clientId=consumer-pattern-consumer-2, groupId=pattern-consumer] Group coordinator localhost:9093 (id: 2147482646 rack: null) is unavailable or invalid due to cause: session timed out without receiving a heartbeat response.isDisconnected: false. Rediscovery will be attempted.
2025-12-06 19:01:19.016 [kafka-coordinator-heartbeat-thread | user-events-consumer] INFO  o.a.k.c.c.i.ConsumerCoordinator [node1:8080] - [Consumer clientId=consumer-user-events-consumer-3, groupId=user-events-consumer] Group coordinator localhost:9093 (id: 2147482646 rack: null) is unavailable or invalid due to cause: session timed out without receiving a heartbeat response.isDisconnected: false. Rediscovery will be attempted.
2025-12-06 19:01:20.149 [org.springframework.kafka.KafkaListenerEndpointContainer#2-0-C-1] INFO  o.a.k.c.c.i.ConsumerCoordinator [node1:8080] - [Consumer clientId=consumer-notification-batch-consumer-1, groupId=notification-batch-consumer] Discovered group coordinator localhost:9093 (id: 2147482646 rack: null)
2025-12-06 19:01:20.150 [org.springframework.kafka.KafkaListenerEndpointContainer#3-0-C-1] INFO  o.a.k.c.c.i.ConsumerCoordinator [node1:8080] - [Consumer clientId=consumer-pattern-consumer-2, groupId=pattern-consumer] Discovered group coordinator localhost:9093 (id: 2147482646 rack: null)
2025-12-06 19:01:20.159 [org.springframework.kafka.KafkaListenerEndpointContainer#3-0-C-1] INFO  o.a.k.c.c.i.ConsumerCoordinator [node1:8080] - [Consumer clientId=consumer-pattern-consumer-2, groupId=pattern-consumer] Discovered group coordinator localhost:9093 (id: 2147482646 rack: null)
2025-12-06 19:01:20.159 [org.springframework.kafka.KafkaListenerEndpointContainer#1-0-C-1] INFO  o.a.k.c.c.i.ConsumerCoordinator [node1:8080] - [Consumer clientId=consumer-order-events-consumer-4, groupId=order-events-consumer] Discovered group coordinator localhost:9093 (id: 2147482646 rack: null)
2025-12-06 19:01:20.159 [org.springframework.kafka.KafkaListenerEndpointContainer#3-0-C-1] INFO  o.a.k.c.c.i.ConsumerCoordinator [node1:8080] - [Consumer clientId=consumer-pattern-consumer-2, groupId=pattern-consumer] Group coordinator localhost:9093 (id: 2147482646 rack: null) is unavailable or invalid due to cause: coordinator unavailable.isDisconnected: false. Rediscovery will be attempted.
2025-12-06 19:01:20.159 [org.springframework.kafka.KafkaListenerEndpointContainer#2-0-C-1] INFO  o.a.k.c.c.i.ConsumerCoordinator [node1:8080] - [Consumer clientId=consumer-notification-batch-consumer-1, groupId=notification-batch-consumer] Discovered group coordinator localhost:9093 (id: 2147482646 rack: null)
2025-12-06 19:01:20.163 [org.springframework.kafka.KafkaListenerEndpointContainer#1-0-C-1] INFO  o.a.k.c.c.i.ConsumerCoordinator [node1:8080] - [Consumer clientId=consumer-order-events-consumer-4, groupId=order-events-consumer] Discovered group coordinator localhost:9093 (id: 2147482646 rack: null)
2025-12-06 19:01:20.164 [org.springframework.kafka.KafkaListenerEndpointContainer#0-0-C-1] INFO  o.a.k.c.c.i.ConsumerCoordinator [node1:8080] - [Consumer clientId=consumer-user-events-consumer-3, groupId=user-events-consumer] Discovered group coordinator localhost:9093 (id: 2147482646 rack: null)
2025-12-06 19:01:20.168 [org.springframework.kafka.KafkaListenerEndpointContainer#0-0-C-1] INFO  o.a.k.c.c.i.ConsumerCoordinator [node1:8080] - [Consumer clientId=consumer-user-events-consumer-3, groupId=user-events-consumer] Discovered group coordinator localhost:9093 (id: 2147482646 rack: null)
2025-12-06 19:01:20.278 [org.springframework.kafka.KafkaListenerEndpointContainer#3-0-C-1] INFO  o.a.k.c.c.i.ConsumerCoordinator [node1:8080] - [Consumer clientId=consumer-pattern-consumer-2, groupId=pattern-consumer] Discovered group coordinator localhost:9093 (id: 2147482646 rack: null)
2025-12-06 19:01:30.299 [HikariPool-1 housekeeper] WARN  com.zaxxer.hikari.pool.HikariPool [node1:8080] - HikariPool-1 - Thread starvation or clock leap detected (housekeeper delta=9m45s249ms).
2025-12-06 19:11:10.008 [org.springframework.kafka.KafkaListenerEndpointContainer#3-0-C-1] INFO  o.a.k.clients.FetchSessionHandler [node1:8080] - [Consumer clientId=consumer-pattern-consumer-2, groupId=pattern-consumer] Error sending fetch request (sessionId=249156011, epoch=63) to node 1001:
org.apache.kafka.common.errors.DisconnectException: null
2025-12-06 19:11:10.044 [kafka-coordinator-heartbeat-thread | order-events-consumer] INFO  o.a.k.c.c.i.ConsumerCoordinator [node1:8080] - [Consumer clientId=consumer-order-events-consumer-4, groupId=order-events-consumer] Group coordinator localhost:9093 (id: 2147482646 rack: null) is unavailable or invalid due to cause: session timed out without receiving a heartbeat response.isDisconnected: false. Rediscovery will be attempted.
2025-12-06 19:11:10.050 [kafka-coordinator-heartbeat-thread | notification-batch-consumer] INFO  o.a.k.c.c.i.ConsumerCoordinator [node1:8080] - [Consumer clientId=consumer-notification-batch-consumer-1, groupId=notification-batch-consumer] Group coordinator localhost:9093 (id: 2147482646 rack: null) is unavailable or invalid due to cause: session timed out without receiving a heartbeat response.isDisconnected: false. Rediscovery will be attempted.
2025-12-06 19:11:10.050 [kafka-coordinator-heartbeat-thread | user-events-consumer] INFO  o.a.k.c.c.i.ConsumerCoordinator [node1:8080] - [Consumer clientId=consumer-user-events-consumer-3, groupId=user-events-consumer] Group coordinator localhost:9093 (id: 2147482646 rack: null) is unavailable or invalid due to cause: session timed out without receiving a heartbeat response.isDisconnected: false. Rediscovery will be attempted.
2025-12-06 19:11:10.014 [kafka-coordinator-heartbeat-thread | pattern-consumer] INFO  o.a.k.c.c.i.ConsumerCoordinator [node1:8080] - [Consumer clientId=consumer-pattern-consumer-2, groupId=pattern-consumer] Group coordinator localhost:9093 (id: 2147482646 rack: null) is unavailable or invalid due to cause: session timed out without receiving a heartbeat response.isDisconnected: false. Rediscovery will be attempted.
2025-12-06 19:11:11.110 [org.springframework.kafka.KafkaListenerEndpointContainer#2-0-C-1] INFO  o.a.k.c.c.i.ConsumerCoordinator [node1:8080] - [Consumer clientId=consumer-notification-batch-consumer-1, groupId=notification-batch-consumer] Discovered group coordinator localhost:9093 (id: 2147482646 rack: null)
2025-12-06 19:11:11.116 [org.springframework.kafka.KafkaListenerEndpointContainer#2-0-C-1] INFO  o.a.k.c.c.i.ConsumerCoordinator [node1:8080] - [Consumer clientId=consumer-notification-batch-consumer-1, groupId=notification-batch-consumer] Discovered group coordinator localhost:9093 (id: 2147482646 rack: null)
2025-12-06 19:11:11.116 [org.springframework.kafka.KafkaListenerEndpointContainer#2-0-C-1] INFO  o.a.k.c.c.i.ConsumerCoordinator [node1:8080] - [Consumer clientId=consumer-notification-batch-consumer-1, groupId=notification-batch-consumer] Group coordinator localhost:9093 (id: 2147482646 rack: null) is unavailable or invalid due to cause: coordinator unavailable.isDisconnected: false. Rediscovery will be attempted.
2025-12-06 19:11:11.119 [org.springframework.kafka.KafkaListenerEndpointContainer#1-0-C-1] INFO  o.a.k.c.c.i.ConsumerCoordinator [node1:8080] - [Consumer clientId=consumer-order-events-consumer-4, groupId=order-events-consumer] Discovered group coordinator localhost:9093 (id: 2147482646 rack: null)
2025-12-06 19:11:11.124 [org.springframework.kafka.KafkaListenerEndpointContainer#1-0-C-1] INFO  o.a.k.c.c.i.ConsumerCoordinator [node1:8080] - [Consumer clientId=consumer-order-events-consumer-4, groupId=order-events-consumer] Discovered group coordinator localhost:9093 (id: 2147482646 rack: null)
2025-12-06 19:11:11.124 [org.springframework.kafka.KafkaListenerEndpointContainer#1-0-C-1] INFO  o.a.k.c.c.i.ConsumerCoordinator [node1:8080] - [Consumer clientId=consumer-order-events-consumer-4, groupId=order-events-consumer] Group coordinator localhost:9093 (id: 2147482646 rack: null) is unavailable or invalid due to cause: coordinator unavailable.isDisconnected: false. Rediscovery will be attempted.
2025-12-06 19:11:11.124 [org.springframework.kafka.KafkaListenerEndpointContainer#0-0-C-1] INFO  o.a.k.c.c.i.ConsumerCoordinator [node1:8080] - [Consumer clientId=consumer-user-events-consumer-3, groupId=user-events-consumer] Discovered group coordinator localhost:9093 (id: 2147482646 rack: null)
2025-12-06 19:11:11.129 [org.springframework.kafka.KafkaListenerEndpointContainer#0-0-C-1] INFO  o.a.k.c.c.i.ConsumerCoordinator [node1:8080] - [Consumer clientId=consumer-user-events-consumer-3, groupId=user-events-consumer] Discovered group coordinator localhost:9093 (id: 2147482646 rack: null)
2025-12-06 19:11:11.129 [org.springframework.kafka.KafkaListenerEndpointContainer#0-0-C-1] INFO  o.a.k.c.c.i.ConsumerCoordinator [node1:8080] - [Consumer clientId=consumer-user-events-consumer-3, groupId=user-events-consumer] Group coordinator localhost:9093 (id: 2147482646 rack: null) is unavailable or invalid due to cause: coordinator unavailable.isDisconnected: false. Rediscovery will be attempted.
2025-12-06 19:11:11.134 [org.springframework.kafka.KafkaListenerEndpointContainer#3-0-C-1] INFO  o.a.k.c.c.i.ConsumerCoordinator [node1:8080] - [Consumer clientId=consumer-pattern-consumer-2, groupId=pattern-consumer] Discovered group coordinator localhost:9093 (id: 2147482646 rack: null)
2025-12-06 19:11:11.136 [org.springframework.kafka.KafkaListenerEndpointContainer#3-0-C-1] INFO  o.a.k.c.c.i.ConsumerCoordinator [node1:8080] - [Consumer clientId=consumer-pattern-consumer-2, groupId=pattern-consumer] Discovered group coordinator localhost:9093 (id: 2147482646 rack: null)
2025-12-06 19:11:11.136 [org.springframework.kafka.KafkaListenerEndpointContainer#3-0-C-1] INFO  o.a.k.c.c.i.ConsumerCoordinator [node1:8080] - [Consumer clientId=consumer-pattern-consumer-2, groupId=pattern-consumer] Group coordinator localhost:9093 (id: 2147482646 rack: null) is unavailable or invalid due to cause: coordinator unavailable.isDisconnected: false. Rediscovery will be attempted.
2025-12-06 19:11:11.602 [org.springframework.kafka.KafkaListenerEndpointContainer#2-0-C-1] INFO  o.a.k.c.c.i.ConsumerCoordinator [node1:8080] - [Consumer clientId=consumer-notification-batch-consumer-1, groupId=notification-batch-consumer] Discovered group coordinator localhost:9093 (id: 2147482646 rack: null)
2025-12-06 19:11:11.615 [org.springframework.kafka.KafkaListenerEndpointContainer#1-0-C-1] INFO  o.a.k.c.c.i.ConsumerCoordinator [node1:8080] - [Consumer clientId=consumer-order-events-consumer-4, groupId=order-events-consumer] Discovered group coordinator localhost:9093 (id: 2147482646 rack: null)
2025-12-06 19:11:11.623 [org.springframework.kafka.KafkaListenerEndpointContainer#0-0-C-1] INFO  o.a.k.c.c.i.ConsumerCoordinator [node1:8080] - [Consumer clientId=consumer-user-events-consumer-3, groupId=user-events-consumer] Discovered group coordinator localhost:9093 (id: 2147482646 rack: null)
2025-12-06 19:11:11.623 [org.springframework.kafka.KafkaListenerEndpointContainer#3-0-C-1] INFO  o.a.k.c.c.i.ConsumerCoordinator [node1:8080] - [Consumer clientId=consumer-pattern-consumer-2, groupId=pattern-consumer] Discovered group coordinator localhost:9093 (id: 2147482646 rack: null)
2025-12-06 19:11:15.858 [HikariPool-1 housekeeper] WARN  com.zaxxer.hikari.pool.HikariPool [node1:8080] - HikariPool-1 - Thread starvation or clock leap detected (housekeeper delta=9m45s559ms).
2025-12-06 19:21:01.008 [HikariPool-1 housekeeper] WARN  com.zaxxer.hikari.pool.HikariPool [node1:8080] - HikariPool-1 - Thread starvation or clock leap detected (housekeeper delta=9m45s150ms).
2025-12-06 19:21:01.009 [org.springframework.kafka.KafkaListenerEndpointContainer#2-0-C-1] INFO  o.a.k.clients.FetchSessionHandler [node1:8080] - [Consumer clientId=consumer-notification-batch-consumer-1, groupId=notification-batch-consumer] Error sending fetch request (sessionId=824951905, epoch=127) to node 1001:
org.apache.kafka.common.errors.DisconnectException: null
2025-12-06 19:21:01.009 [org.springframework.kafka.KafkaListenerEndpointContainer#0-0-C-1] INFO  o.a.k.clients.FetchSessionHandler [node1:8080] - [Consumer clientId=consumer-user-events-consumer-3, groupId=user-events-consumer] Error sending fetch request (sessionId=847754126, epoch=127) to node 1001:
org.apache.kafka.common.errors.DisconnectException: null
2025-12-06 19:21:01.009 [org.springframework.kafka.KafkaListenerEndpointContainer#1-0-C-1] INFO  o.a.k.clients.FetchSessionHandler [node1:8080] - [Consumer clientId=consumer-order-events-consumer-4, groupId=order-events-consumer] Error sending fetch request (sessionId=1904635215, epoch=127) to node 1001:
org.apache.kafka.common.errors.DisconnectException: null
2025-12-06 19:21:01.009 [org.springframework.kafka.KafkaListenerEndpointContainer#3-0-C-1] INFO  o.a.k.clients.FetchSessionHandler [node1:8080] - [Consumer clientId=consumer-pattern-consumer-2, groupId=pattern-consumer] Error sending fetch request (sessionId=1780228909, epoch=63) to node 1001:
org.apache.kafka.common.errors.DisconnectException: null
2025-12-06 19:21:01.014 [kafka-coordinator-heartbeat-thread | pattern-consumer] INFO  o.a.k.c.c.i.ConsumerCoordinator [node1:8080] - [Consumer clientId=consumer-pattern-consumer-2, groupId=pattern-consumer] Group coordinator localhost:9093 (id: 2147482646 rack: null) is unavailable or invalid due to cause: session timed out without receiving a heartbeat response.isDisconnected: false. Rediscovery will be attempted.
2025-12-06 19:21:01.014 [kafka-coordinator-heartbeat-thread | notification-batch-consumer] INFO  o.a.k.c.c.i.ConsumerCoordinator [node1:8080] - [Consumer clientId=consumer-notification-batch-consumer-1, groupId=notification-batch-consumer] Group coordinator localhost:9093 (id: 2147482646 rack: null) is unavailable or invalid due to cause: session timed out without receiving a heartbeat response.isDisconnected: false. Rediscovery will be attempted.
2025-12-06 19:21:01.014 [kafka-coordinator-heartbeat-thread | user-events-consumer] INFO  o.a.k.c.c.i.ConsumerCoordinator [node1:8080] - [Consumer clientId=consumer-user-events-consumer-3, groupId=user-events-consumer] Group coordinator localhost:9093 (id: 2147482646 rack: null) is unavailable or invalid due to cause: session timed out without receiving a heartbeat response.isDisconnected: false. Rediscovery will be attempted.
2025-12-06 19:21:01.014 [kafka-coordinator-heartbeat-thread | order-events-consumer] INFO  o.a.k.c.c.i.ConsumerCoordinator [node1:8080] - [Consumer clientId=consumer-order-events-consumer-4, groupId=order-events-consumer] Group coordinator localhost:9093 (id: 2147482646 rack: null) is unavailable or invalid due to cause: session timed out without receiving a heartbeat response.isDisconnected: false. Rediscovery will be attempted.
2025-12-06 19:21:02.115 [org.springframework.kafka.KafkaListenerEndpointContainer#3-0-C-1] INFO  o.a.k.c.c.i.ConsumerCoordinator [node1:8080] - [Consumer clientId=consumer-pattern-consumer-2, groupId=pattern-consumer] Discovered group coordinator localhost:9093 (id: 2147482646 rack: null)
2025-12-06 19:21:02.118 [org.springframework.kafka.KafkaListenerEndpointContainer#1-0-C-1] INFO  o.a.k.c.c.i.ConsumerCoordinator [node1:8080] - [Consumer clientId=consumer-order-events-consumer-4, groupId=order-events-consumer] Discovered group coordinator localhost:9093 (id: 2147482646 rack: null)
2025-12-06 19:21:02.118 [org.springframework.kafka.KafkaListenerEndpointContainer#0-0-C-1] INFO  o.a.k.c.c.i.ConsumerCoordinator [node1:8080] - [Consumer clientId=consumer-user-events-consumer-3, groupId=user-events-consumer] Discovered group coordinator localhost:9093 (id: 2147482646 rack: null)
2025-12-06 19:21:02.119 [org.springframework.kafka.KafkaListenerEndpointContainer#3-0-C-1] INFO  o.a.k.c.c.i.ConsumerCoordinator [node1:8080] - [Consumer clientId=consumer-pattern-consumer-2, groupId=pattern-consumer] Discovered group coordinator localhost:9093 (id: 2147482646 rack: null)
2025-12-06 19:21:02.119 [org.springframework.kafka.KafkaListenerEndpointContainer#3-0-C-1] INFO  o.a.k.c.c.i.ConsumerCoordinator [node1:8080] - [Consumer clientId=consumer-pattern-consumer-2, groupId=pattern-consumer] Group coordinator localhost:9093 (id: 2147482646 rack: null) is unavailable or invalid due to cause: coordinator unavailable.isDisconnected: false. Rediscovery will be attempted.
2025-12-06 19:21:02.119 [org.springframework.kafka.KafkaListenerEndpointContainer#0-0-C-1] INFO  o.a.k.c.c.i.ConsumerCoordinator [node1:8080] - [Consumer clientId=consumer-user-events-consumer-3, groupId=user-events-consumer] Discovered group coordinator localhost:9093 (id: 2147482646 rack: null)
2025-12-06 19:21:02.119 [org.springframework.kafka.KafkaListenerEndpointContainer#0-0-C-1] INFO  o.a.k.c.c.i.ConsumerCoordinator [node1:8080] - [Consumer clientId=consumer-user-events-consumer-3, groupId=user-events-consumer] Group coordinator localhost:9093 (id: 2147482646 rack: null) is unavailable or invalid due to cause: coordinator unavailable.isDisconnected: false. Rediscovery will be attempted.
2025-12-06 19:21:02.119 [org.springframework.kafka.KafkaListenerEndpointContainer#2-0-C-1] INFO  o.a.k.c.c.i.ConsumerCoordinator [node1:8080] - [Consumer clientId=consumer-notification-batch-consumer-1, groupId=notification-batch-consumer] Discovered group coordinator localhost:9093 (id: 2147482646 rack: null)
2025-12-06 19:21:02.121 [org.springframework.kafka.KafkaListenerEndpointContainer#1-0-C-1] INFO  o.a.k.c.c.i.ConsumerCoordinator [node1:8080] - [Consumer clientId=consumer-order-events-consumer-4, groupId=order-events-consumer] Discovered group coordinator localhost:9093 (id: 2147482646 rack: null)
2025-12-06 19:21:02.121 [org.springframework.kafka.KafkaListenerEndpointContainer#1-0-C-1] INFO  o.a.k.c.c.i.ConsumerCoordinator [node1:8080] - [Consumer clientId=consumer-order-events-consumer-4, groupId=order-events-consumer] Group coordinator localhost:9093 (id: 2147482646 rack: null) is unavailable or invalid due to cause: coordinator unavailable.isDisconnected: false. Rediscovery will be attempted.
2025-12-06 19:21:02.121 [org.springframework.kafka.KafkaListenerEndpointContainer#2-0-C-1] INFO  o.a.k.c.c.i.ConsumerCoordinator [node1:8080] - [Consumer clientId=consumer-notification-batch-consumer-1, groupId=notification-batch-consumer] Discovered group coordinator localhost:9093 (id: 2147482646 rack: null)
2025-12-06 19:21:02.122 [org.springframework.kafka.KafkaListenerEndpointContainer#2-0-C-1] INFO  o.a.k.c.c.i.ConsumerCoordinator [node1:8080] - [Consumer clientId=consumer-notification-batch-consumer-1, groupId=notification-batch-consumer] Group coordinator localhost:9093 (id: 2147482646 rack: null) is unavailable or invalid due to cause: coordinator unavailable.isDisconnected: false. Rediscovery will be attempted.
2025-12-06 19:21:02.222 [org.springframework.kafka.KafkaListenerEndpointContainer#3-0-C-1] INFO  o.a.k.c.c.i.ConsumerCoordinator [node1:8080] - [Consumer clientId=consumer-pattern-consumer-2, groupId=pattern-consumer] Discovered group coordinator localhost:9093 (id: 2147482646 rack: null)
2025-12-06 19:21:02.225 [org.springframework.kafka.KafkaListenerEndpointContainer#0-0-C-1] INFO  o.a.k.c.c.i.ConsumerCoordinator [node1:8080] - [Consumer clientId=consumer-user-events-consumer-3, groupId=user-events-consumer] Discovered group coordinator localhost:9093 (id: 2147482646 rack: null)
2025-12-06 19:21:02.226 [org.springframework.kafka.KafkaListenerEndpointContainer#2-0-C-1] INFO  o.a.k.c.c.i.ConsumerCoordinator [node1:8080] - [Consumer clientId=consumer-notification-batch-consumer-1, groupId=notification-batch-consumer] Discovered group coordinator localhost:9093 (id: 2147482646 rack: null)
2025-12-06 19:21:02.232 [org.springframework.kafka.KafkaListenerEndpointContainer#1-0-C-1] INFO  o.a.k.c.c.i.ConsumerCoordinator [node1:8080] - [Consumer clientId=consumer-order-events-consumer-4, groupId=order-events-consumer] Discovered group coordinator localhost:9093 (id: 2147482646 rack: null)
2025-12-06 19:30:51.057 [kafka-coordinator-heartbeat-thread | order-events-consumer] INFO  o.a.k.c.c.i.ConsumerCoordinator [node1:8080] - [Consumer clientId=consumer-order-events-consumer-4, groupId=order-events-consumer] Group coordinator localhost:9093 (id: 2147482646 rack: null) is unavailable or invalid due to cause: session timed out without receiving a heartbeat response.isDisconnected: false. Rediscovery will be attempted.
2025-12-06 19:30:51.057 [kafka-coordinator-heartbeat-thread | notification-batch-consumer] INFO  o.a.k.c.c.i.ConsumerCoordinator [node1:8080] - [Consumer clientId=consumer-notification-batch-consumer-1, groupId=notification-batch-consumer] Group coordinator localhost:9093 (id: 2147482646 rack: null) is unavailable or invalid due to cause: session timed out without receiving a heartbeat response.isDisconnected: false. Rediscovery will be attempted.
2025-12-06 19:30:51.065 [org.springframework.kafka.KafkaListenerEndpointContainer#1-0-C-1] INFO  o.a.k.c.c.i.ConsumerCoordinator [node1:8080] - [Consumer clientId=consumer-order-events-consumer-4, groupId=order-events-consumer] Discovered group coordinator localhost:9093 (id: 2147482646 rack: null)
2025-12-06 19:30:51.065 [org.springframework.kafka.KafkaListenerEndpointContainer#2-0-C-1] INFO  o.a.k.c.c.i.ConsumerCoordinator [node1:8080] - [Consumer clientId=consumer-notification-batch-consumer-1, groupId=notification-batch-consumer] Discovered group coordinator localhost:9093 (id: 2147482646 rack: null)
2025-12-06 19:30:51.067 [org.springframework.kafka.KafkaListenerEndpointContainer#2-0-C-1] INFO  o.a.k.c.c.i.ConsumerCoordinator [node1:8080] - [Consumer clientId=consumer-notification-batch-consumer-1, groupId=notification-batch-consumer] Discovered group coordinator localhost:9093 (id: 2147482646 rack: null)
2025-12-06 19:30:51.067 [org.springframework.kafka.KafkaListenerEndpointContainer#1-0-C-1] INFO  o.a.k.c.c.i.ConsumerCoordinator [node1:8080] - [Consumer clientId=consumer-order-events-consumer-4, groupId=order-events-consumer] Discovered group coordinator localhost:9093 (id: 2147482646 rack: null)
2025-12-06 19:30:51.067 [org.springframework.kafka.KafkaListenerEndpointContainer#2-0-C-1] INFO  o.a.k.c.c.i.ConsumerCoordinator [node1:8080] - [Consumer clientId=consumer-notification-batch-consumer-1, groupId=notification-batch-consumer] Group coordinator localhost:9093 (id: 2147482646 rack: null) is unavailable or invalid due to cause: coordinator unavailable.isDisconnected: false. Rediscovery will be attempted.
2025-12-06 19:30:51.067 [org.springframework.kafka.KafkaListenerEndpointContainer#1-0-C-1] INFO  o.a.k.c.c.i.ConsumerCoordinator [node1:8080] - [Consumer clientId=consumer-order-events-consumer-4, groupId=order-events-consumer] Group coordinator localhost:9093 (id: 2147482646 rack: null) is unavailable or invalid due to cause: coordinator unavailable.isDisconnected: false. Rediscovery will be attempted.
2025-12-06 19:30:51.179 [org.springframework.kafka.KafkaListenerEndpointContainer#1-0-C-1] INFO  o.a.k.c.c.i.ConsumerCoordinator [node1:8080] - [Consumer clientId=consumer-order-events-consumer-4, groupId=order-events-consumer] Discovered group coordinator localhost:9093 (id: 2147482646 rack: null)
2025-12-06 19:30:51.179 [org.springframework.kafka.KafkaListenerEndpointContainer#2-0-C-1] INFO  o.a.k.c.c.i.ConsumerCoordinator [node1:8080] - [Consumer clientId=consumer-notification-batch-consumer-1, groupId=notification-batch-consumer] Discovered group coordinator localhost:9093 (id: 2147482646 rack: null)
2025-12-06 19:30:52.102 [kafka-coordinator-heartbeat-thread | pattern-consumer] INFO  o.a.k.clients.FetchSessionHandler [node1:8080] - [Consumer clientId=consumer-pattern-consumer-2, groupId=pattern-consumer] Error sending fetch request (sessionId=971966405, epoch=63) to node 1001:
org.apache.kafka.common.errors.DisconnectException: null
2025-12-06 19:30:52.103 [kafka-coordinator-heartbeat-thread | user-events-consumer] INFO  o.a.k.clients.FetchSessionHandler [node1:8080] - [Consumer clientId=consumer-user-events-consumer-3, groupId=user-events-consumer] Error sending fetch request (sessionId=1500847494, epoch=63) to node 1001:
org.apache.kafka.common.errors.DisconnectException: null
2025-12-06 19:30:52.119 [kafka-coordinator-heartbeat-thread | pattern-consumer] INFO  o.a.k.c.c.i.ConsumerCoordinator [node1:8080] - [Consumer clientId=consumer-pattern-consumer-2, groupId=pattern-consumer] Group coordinator localhost:9093 (id: 2147482646 rack: null) is unavailable or invalid due to cause: session timed out without receiving a heartbeat response.isDisconnected: false. Rediscovery will be attempted.
2025-12-06 19:30:52.138 [kafka-coordinator-heartbeat-thread | user-events-consumer] INFO  o.a.k.c.c.i.ConsumerCoordinator [node1:8080] - [Consumer clientId=consumer-user-events-consumer-3, groupId=user-events-consumer] Group coordinator localhost:9093 (id: 2147482646 rack: null) is unavailable or invalid due to cause: session timed out without receiving a heartbeat response.isDisconnected: false. Rediscovery will be attempted.
2025-12-06 19:30:52.149 [org.springframework.kafka.KafkaListenerEndpointContainer#3-0-C-1] INFO  o.a.k.c.c.i.ConsumerCoordinator [node1:8080] - [Consumer clientId=consumer-pattern-consumer-2, groupId=pattern-consumer] Discovered group coordinator localhost:9093 (id: 2147482646 rack: null)
2025-12-06 19:30:52.150 [org.springframework.kafka.KafkaListenerEndpointContainer#3-0-C-1] INFO  o.a.k.c.c.i.ConsumerCoordinator [node1:8080] - [Consumer clientId=consumer-pattern-consumer-2, groupId=pattern-consumer] Discovered group coordinator localhost:9093 (id: 2147482646 rack: null)
2025-12-06 19:30:52.150 [org.springframework.kafka.KafkaListenerEndpointContainer#3-0-C-1] INFO  o.a.k.c.c.i.ConsumerCoordinator [node1:8080] - [Consumer clientId=consumer-pattern-consumer-2, groupId=pattern-consumer] Group coordinator localhost:9093 (id: 2147482646 rack: null) is unavailable or invalid due to cause: coordinator unavailable.isDisconnected: false. Rediscovery will be attempted.
2025-12-06 19:30:52.153 [org.springframework.kafka.KafkaListenerEndpointContainer#0-0-C-1] INFO  o.a.k.c.c.i.ConsumerCoordinator [node1:8080] - [Consumer clientId=consumer-user-events-consumer-3, groupId=user-events-consumer] Discovered group coordinator localhost:9093 (id: 2147482646 rack: null)
2025-12-06 19:30:52.154 [org.springframework.kafka.KafkaListenerEndpointContainer#0-0-C-1] INFO  o.a.k.c.c.i.ConsumerCoordinator [node1:8080] - [Consumer clientId=consumer-user-events-consumer-3, groupId=user-events-consumer] Discovered group coordinator localhost:9093 (id: 2147482646 rack: null)
2025-12-06 19:30:52.154 [org.springframework.kafka.KafkaListenerEndpointContainer#0-0-C-1] INFO  o.a.k.c.c.i.ConsumerCoordinator [node1:8080] - [Consumer clientId=consumer-user-events-consumer-3, groupId=user-events-consumer] Group coordinator localhost:9093 (id: 2147482646 rack: null) is unavailable or invalid due to cause: coordinator unavailable.isDisconnected: false. Rediscovery will be attempted.
2025-12-06 19:30:52.261 [org.springframework.kafka.KafkaListenerEndpointContainer#3-0-C-1] INFO  o.a.k.c.c.i.ConsumerCoordinator [node1:8080] - [Consumer clientId=consumer-pattern-consumer-2, groupId=pattern-consumer] Discovered group coordinator localhost:9093 (id: 2147482646 rack: null)
2025-12-06 19:30:52.261 [org.springframework.kafka.KafkaListenerEndpointContainer#0-0-C-1] INFO  o.a.k.c.c.i.ConsumerCoordinator [node1:8080] - [Consumer clientId=consumer-user-events-consumer-3, groupId=user-events-consumer] Discovered group coordinator localhost:9093 (id: 2147482646 rack: null)
2025-12-06 19:31:17.693 [HikariPool-1 housekeeper] WARN  com.zaxxer.hikari.pool.HikariPool [node1:8080] - HikariPool-1 - Thread starvation or clock leap detected (housekeeper delta=9m45s290ms).
2025-12-06 19:40:42.013 [org.springframework.kafka.KafkaListenerEndpointContainer#0-0-C-1] INFO  o.a.k.clients.FetchSessionHandler [node1:8080] - [Consumer clientId=consumer-user-events-consumer-3, groupId=user-events-consumer] Error sending fetch request (sessionId=1053977943, epoch=62) to node 1001:
org.apache.kafka.common.errors.DisconnectException: null
2025-12-06 19:40:42.014 [kafka-coordinator-heartbeat-thread | user-events-consumer] INFO  o.a.k.c.c.i.ConsumerCoordinator [node1:8080] - [Consumer clientId=consumer-user-events-consumer-3, groupId=user-events-consumer] Group coordinator localhost:9093 (id: 2147482646 rack: null) is unavailable or invalid due to cause: session timed out without receiving a heartbeat response.isDisconnected: false. Rediscovery will be attempted.
2025-12-06 19:40:42.015 [org.springframework.kafka.KafkaListenerEndpointContainer#3-0-C-1] INFO  o.a.k.clients.FetchSessionHandler [node1:8080] - [Consumer clientId=consumer-pattern-consumer-2, groupId=pattern-consumer] Error sending fetch request (sessionId=1436118614, epoch=62) to node 1001:
org.apache.kafka.common.errors.DisconnectException: null
2025-12-06 19:40:42.016 [kafka-coordinator-heartbeat-thread | pattern-consumer] INFO  o.a.k.c.c.i.ConsumerCoordinator [node1:8080] - [Consumer clientId=consumer-pattern-consumer-2, groupId=pattern-consumer] Group coordinator localhost:9093 (id: 2147482646 rack: null) is unavailable or invalid due to cause: session timed out without receiving a heartbeat response.isDisconnected: false. Rediscovery will be attempted.
2025-12-06 19:40:42.017 [org.springframework.kafka.KafkaListenerEndpointContainer#1-0-C-1] INFO  o.a.k.clients.FetchSessionHandler [node1:8080] - [Consumer clientId=consumer-order-events-consumer-4, groupId=order-events-consumer] Error sending fetch request (sessionId=185041770, epoch=127) to node 1001:
org.apache.kafka.common.errors.DisconnectException: null
2025-12-06 19:40:42.018 [kafka-coordinator-heartbeat-thread | order-events-consumer] INFO  o.a.k.c.c.i.ConsumerCoordinator [node1:8080] - [Consumer clientId=consumer-order-events-consumer-4, groupId=order-events-consumer] Group coordinator localhost:9093 (id: 2147482646 rack: null) is unavailable or invalid due to cause: session timed out without receiving a heartbeat response.isDisconnected: false. Rediscovery will be attempted.
2025-12-06 19:40:42.019 [org.springframework.kafka.KafkaListenerEndpointContainer#2-0-C-1] INFO  o.a.k.clients.FetchSessionHandler [node1:8080] - [Consumer clientId=consumer-notification-batch-consumer-1, groupId=notification-batch-consumer] Error sending fetch request (sessionId=242753101, epoch=127) to node 1001:
org.apache.kafka.common.errors.DisconnectException: null
2025-12-06 19:40:42.020 [kafka-coordinator-heartbeat-thread | notification-batch-consumer] INFO  o.a.k.c.c.i.ConsumerCoordinator [node1:8080] - [Consumer clientId=consumer-notification-batch-consumer-1, groupId=notification-batch-consumer] Group coordinator localhost:9093 (id: 2147482646 rack: null) is unavailable or invalid due to cause: session timed out without receiving a heartbeat response.isDisconnected: false. Rediscovery will be attempted.
2025-12-06 19:40:43.165 [org.springframework.kafka.KafkaListenerEndpointContainer#1-0-C-1] INFO  o.a.k.c.c.i.ConsumerCoordinator [node1:8080] - [Consumer clientId=consumer-order-events-consumer-4, groupId=order-events-consumer] Discovered group coordinator localhost:9093 (id: 2147482646 rack: null)
2025-12-06 19:40:43.184 [org.springframework.kafka.KafkaListenerEndpointContainer#2-0-C-1] INFO  o.a.k.c.c.i.ConsumerCoordinator [node1:8080] - [Consumer clientId=consumer-notification-batch-consumer-1, groupId=notification-batch-consumer] Discovered group coordinator localhost:9093 (id: 2147482646 rack: null)
2025-12-06 19:40:43.184 [org.springframework.kafka.KafkaListenerEndpointContainer#3-0-C-1] INFO  o.a.k.c.c.i.ConsumerCoordinator [node1:8080] - [Consumer clientId=consumer-pattern-consumer-2, groupId=pattern-consumer] Discovered group coordinator localhost:9093 (id: 2147482646 rack: null)
2025-12-06 19:40:43.185 [org.springframework.kafka.KafkaListenerEndpointContainer#2-0-C-1] INFO  o.a.k.c.c.i.ConsumerCoordinator [node1:8080] - [Consumer clientId=consumer-notification-batch-consumer-1, groupId=notification-batch-consumer] Discovered group coordinator localhost:9093 (id: 2147482646 rack: null)
2025-12-06 19:40:43.209 [org.springframework.kafka.KafkaListenerEndpointContainer#0-0-C-1] INFO  o.a.k.c.c.i.ConsumerCoordinator [node1:8080] - [Consumer clientId=consumer-user-events-consumer-3, groupId=user-events-consumer] Discovered group coordinator localhost:9093 (id: 2147482646 rack: null)
2025-12-06 19:41:03.292 [HikariPool-1 housekeeper] WARN  com.zaxxer.hikari.pool.HikariPool [node1:8080] - HikariPool-1 - Thread starvation or clock leap detected (housekeeper delta=9m45s599ms).
2025-12-06 19:50:34.015 [org.springframework.kafka.KafkaListenerEndpointContainer#2-0-C-1] INFO  o.a.k.clients.FetchSessionHandler [node1:8080] - [Consumer clientId=consumer-notification-batch-consumer-1, groupId=notification-batch-consumer] Error sending fetch request (sessionId=378789386, epoch=62) to node 1001:
org.apache.kafka.common.errors.DisconnectException: null
2025-12-06 19:50:34.015 [org.springframework.kafka.KafkaListenerEndpointContainer#3-0-C-1] INFO  o.a.k.clients.FetchSessionHandler [node1:8080] - [Consumer clientId=consumer-pattern-consumer-2, groupId=pattern-consumer] Error sending fetch request (sessionId=1863136448, epoch=62) to node 1001:
org.apache.kafka.common.errors.DisconnectException: null
2025-12-06 19:50:34.015 [org.springframework.kafka.KafkaListenerEndpointContainer#1-0-C-1] INFO  o.a.k.clients.FetchSessionHandler [node1:8080] - [Consumer clientId=consumer-order-events-consumer-4, groupId=order-events-consumer] Error sending fetch request (sessionId=1959600552, epoch=62) to node 1001:
org.apache.kafka.common.errors.DisconnectException: null
2025-12-06 19:50:35.096 [kafka-coordinator-heartbeat-thread | user-events-consumer] INFO  o.a.k.c.c.i.ConsumerCoordinator [node1:8080] - [Consumer clientId=consumer-user-events-consumer-3, groupId=user-events-consumer] Group coordinator localhost:9093 (id: 2147482646 rack: null) is unavailable or invalid due to cause: session timed out without receiving a heartbeat response.isDisconnected: false. Rediscovery will be attempted.
2025-12-06 19:50:35.096 [kafka-coordinator-heartbeat-thread | order-events-consumer] INFO  o.a.k.c.c.i.ConsumerCoordinator [node1:8080] - [Consumer clientId=consumer-order-events-consumer-4, groupId=order-events-consumer] Group coordinator localhost:9093 (id: 2147482646 rack: null) is unavailable or invalid due to cause: session timed out without receiving a heartbeat response.isDisconnected: false. Rediscovery will be attempted.
2025-12-06 19:50:35.096 [kafka-coordinator-heartbeat-thread | notification-batch-consumer] INFO  o.a.k.c.c.i.ConsumerCoordinator [node1:8080] - [Consumer clientId=consumer-notification-batch-consumer-1, groupId=notification-batch-consumer] Group coordinator localhost:9093 (id: 2147482646 rack: null) is unavailable or invalid due to cause: session timed out without receiving a heartbeat response.isDisconnected: false. Rediscovery will be attempted.
2025-12-06 19:50:35.095 [org.springframework.kafka.KafkaListenerEndpointContainer#0-0-C-1] INFO  o.a.k.clients.FetchSessionHandler [node1:8080] - [Consumer clientId=consumer-user-events-consumer-3, groupId=user-events-consumer] Error sending fetch request (sessionId=119787498, epoch=62) to node 1001:
org.apache.kafka.common.errors.DisconnectException: null
2025-12-06 19:50:35.096 [kafka-coordinator-heartbeat-thread | pattern-consumer] INFO  o.a.k.c.c.i.ConsumerCoordinator [node1:8080] - [Consumer clientId=consumer-pattern-consumer-2, groupId=pattern-consumer] Group coordinator localhost:9093 (id: 2147482646 rack: null) is unavailable or invalid due to cause: session timed out without receiving a heartbeat response.isDisconnected: false. Rediscovery will be attempted.
2025-12-06 19:50:35.117 [org.springframework.kafka.KafkaListenerEndpointContainer#2-0-C-1] INFO  o.a.k.c.c.i.ConsumerCoordinator [node1:8080] - [Consumer clientId=consumer-notification-batch-consumer-1, groupId=notification-batch-consumer] Discovered group coordinator localhost:9093 (id: 2147482646 rack: null)
2025-12-06 19:50:35.117 [org.springframework.kafka.KafkaListenerEndpointContainer#3-0-C-1] INFO  o.a.k.c.c.i.ConsumerCoordinator [node1:8080] - [Consumer clientId=consumer-pattern-consumer-2, groupId=pattern-consumer] Discovered group coordinator localhost:9093 (id: 2147482646 rack: null)
2025-12-06 19:50:35.122 [org.springframework.kafka.KafkaListenerEndpointContainer#2-0-C-1] INFO  o.a.k.c.c.i.ConsumerCoordinator [node1:8080] - [Consumer clientId=consumer-notification-batch-consumer-1, groupId=notification-batch-consumer] Discovered group coordinator localhost:9093 (id: 2147482646 rack: null)
2025-12-06 19:50:35.122 [org.springframework.kafka.KafkaListenerEndpointContainer#3-0-C-1] INFO  o.a.k.c.c.i.ConsumerCoordinator [node1:8080] - [Consumer clientId=consumer-pattern-consumer-2, groupId=pattern-consumer] Discovered group coordinator localhost:9093 (id: 2147482646 rack: null)
2025-12-06 19:50:35.117 [org.springframework.kafka.KafkaListenerEndpointContainer#1-0-C-1] INFO  o.a.k.c.c.i.ConsumerCoordinator [node1:8080] - [Consumer clientId=consumer-order-events-consumer-4, groupId=order-events-consumer] Discovered group coordinator localhost:9093 (id: 2147482646 rack: null)
2025-12-06 19:50:35.119 [org.springframework.kafka.KafkaListenerEndpointContainer#0-0-C-1] INFO  o.a.k.c.c.i.ConsumerCoordinator [node1:8080] - [Consumer clientId=consumer-user-events-consumer-3, groupId=user-events-consumer] Discovered group coordinator localhost:9093 (id: 2147482646 rack: null)
2025-12-06 19:50:35.122 [org.springframework.kafka.KafkaListenerEndpointContainer#3-0-C-1] INFO  o.a.k.c.c.i.ConsumerCoordinator [node1:8080] - [Consumer clientId=consumer-pattern-consumer-2, groupId=pattern-consumer] Group coordinator localhost:9093 (id: 2147482646 rack: null) is unavailable or invalid due to cause: coordinator unavailable.isDisconnected: false. Rediscovery will be attempted.
2025-12-06 19:50:35.122 [org.springframework.kafka.KafkaListenerEndpointContainer#1-0-C-1] INFO  o.a.k.c.c.i.ConsumerCoordinator [node1:8080] - [Consumer clientId=consumer-order-events-consumer-4, groupId=order-events-consumer] Discovered group coordinator localhost:9093 (id: 2147482646 rack: null)
2025-12-06 19:50:35.122 [org.springframework.kafka.KafkaListenerEndpointContainer#0-0-C-1] INFO  o.a.k.c.c.i.ConsumerCoordinator [node1:8080] - [Consumer clientId=consumer-user-events-consumer-3, groupId=user-events-consumer] Discovered group coordinator localhost:9093 (id: 2147482646 rack: null)
2025-12-06 19:50:35.122 [org.springframework.kafka.KafkaListenerEndpointContainer#0-0-C-1] INFO  o.a.k.c.c.i.ConsumerCoordinator [node1:8080] - [Consumer clientId=consumer-user-events-consumer-3, groupId=user-events-consumer] Group coordinator localhost:9093 (id: 2147482646 rack: null) is unavailable or invalid due to cause: coordinator unavailable.isDisconnected: false. Rediscovery will be attempted.
2025-12-06 19:50:35.122 [org.springframework.kafka.KafkaListenerEndpointContainer#2-0-C-1] INFO  o.a.k.c.c.i.ConsumerCoordinator [node1:8080] - [Consumer clientId=consumer-notification-batch-consumer-1, groupId=notification-batch-consumer] Group coordinator localhost:9093 (id: 2147482646 rack: null) is unavailable or invalid due to cause: coordinator unavailable.isDisconnected: false. Rediscovery will be attempted.
2025-12-06 19:50:35.122 [org.springframework.kafka.KafkaListenerEndpointContainer#1-0-C-1] INFO  o.a.k.c.c.i.ConsumerCoordinator [node1:8080] - [Consumer clientId=consumer-order-events-consumer-4, groupId=order-events-consumer] Group coordinator localhost:9093 (id: 2147482646 rack: null) is unavailable or invalid due to cause: coordinator unavailable.isDisconnected: false. Rediscovery will be attempted.
2025-12-06 19:50:35.227 [org.springframework.kafka.KafkaListenerEndpointContainer#2-0-C-1] INFO  o.a.k.c.c.i.ConsumerCoordinator [node1:8080] - [Consumer clientId=consumer-notification-batch-consumer-1, groupId=notification-batch-consumer] Discovered group coordinator localhost:9093 (id: 2147482646 rack: null)
2025-12-06 19:50:35.227 [org.springframework.kafka.KafkaListenerEndpointContainer#1-0-C-1] INFO  o.a.k.c.c.i.ConsumerCoordinator [node1:8080] - [Consumer clientId=consumer-order-events-consumer-4, groupId=order-events-consumer] Discovered group coordinator localhost:9093 (id: 2147482646 rack: null)
2025-12-06 19:50:35.227 [org.springframework.kafka.KafkaListenerEndpointContainer#0-0-C-1] INFO  o.a.k.c.c.i.ConsumerCoordinator [node1:8080] - [Consumer clientId=consumer-user-events-consumer-3, groupId=user-events-consumer] Discovered group coordinator localhost:9093 (id: 2147482646 rack: null)
2025-12-06 19:50:35.228 [org.springframework.kafka.KafkaListenerEndpointContainer#3-0-C-1] INFO  o.a.k.c.c.i.ConsumerCoordinator [node1:8080] - [Consumer clientId=consumer-pattern-consumer-2, groupId=pattern-consumer] Discovered group coordinator localhost:9093 (id: 2147482646 rack: null)
2025-12-06 19:50:48.762 [HikariPool-1 housekeeper] WARN  com.zaxxer.hikari.pool.HikariPool [node1:8080] - HikariPool-1 - Thread starvation or clock leap detected (housekeeper delta=9m45s469ms).
2025-12-06 20:00:23.006 [org.springframework.kafka.KafkaListenerEndpointContainer#3-0-C-1] INFO  o.a.k.clients.FetchSessionHandler [node1:8080] - [Consumer clientId=consumer-pattern-consumer-2, groupId=pattern-consumer] Error sending fetch request (sessionId=296611821, epoch=63) to node 1001:
org.apache.kafka.common.errors.DisconnectException: null
2025-12-06 20:00:23.006 [org.springframework.kafka.KafkaListenerEndpointContainer#1-0-C-1] INFO  o.a.k.clients.FetchSessionHandler [node1:8080] - [Consumer clientId=consumer-order-events-consumer-4, groupId=order-events-consumer] Error sending fetch request (sessionId=478532521, epoch=63) to node 1001:
org.apache.kafka.common.errors.DisconnectException: null
2025-12-06 20:00:23.006 [org.springframework.kafka.KafkaListenerEndpointContainer#0-0-C-1] INFO  o.a.k.clients.FetchSessionHandler [node1:8080] - [Consumer clientId=consumer-user-events-consumer-3, groupId=user-events-consumer] Error sending fetch request (sessionId=2134912851, epoch=63) to node 1001:
org.apache.kafka.common.errors.DisconnectException: null
2025-12-06 20:00:23.006 [org.springframework.kafka.KafkaListenerEndpointContainer#2-0-C-1] INFO  o.a.k.clients.FetchSessionHandler [node1:8080] - [Consumer clientId=consumer-notification-batch-consumer-1, groupId=notification-batch-consumer] Error sending fetch request (sessionId=1518561915, epoch=63) to node 1001:
org.apache.kafka.common.errors.DisconnectException: null
2025-12-06 20:00:23.028 [kafka-coordinator-heartbeat-thread | notification-batch-consumer] INFO  o.a.k.c.c.i.ConsumerCoordinator [node1:8080] - [Consumer clientId=consumer-notification-batch-consumer-1, groupId=notification-batch-consumer] Group coordinator localhost:9093 (id: 2147482646 rack: null) is unavailable or invalid due to cause: session timed out without receiving a heartbeat response.isDisconnected: false. Rediscovery will be attempted.
2025-12-06 20:00:23.030 [kafka-coordinator-heartbeat-thread | user-events-consumer] INFO  o.a.k.c.c.i.ConsumerCoordinator [node1:8080] - [Consumer clientId=consumer-user-events-consumer-3, groupId=user-events-consumer] Group coordinator localhost:9093 (id: 2147482646 rack: null) is unavailable or invalid due to cause: session timed out without receiving a heartbeat response.isDisconnected: false. Rediscovery will be attempted.
2025-12-06 20:00:23.030 [kafka-coordinator-heartbeat-thread | pattern-consumer] INFO  o.a.k.c.c.i.ConsumerCoordinator [node1:8080] - [Consumer clientId=consumer-pattern-consumer-2, groupId=pattern-consumer] Group coordinator localhost:9093 (id: 2147482646 rack: null) is unavailable or invalid due to cause: session timed out without receiving a heartbeat response.isDisconnected: false. Rediscovery will be attempted.
2025-12-06 20:00:23.031 [kafka-coordinator-heartbeat-thread | order-events-consumer] INFO  o.a.k.c.c.i.ConsumerCoordinator [node1:8080] - [Consumer clientId=consumer-order-events-consumer-4, groupId=order-events-consumer] Group coordinator localhost:9093 (id: 2147482646 rack: null) is unavailable or invalid due to cause: session timed out without receiving a heartbeat response.isDisconnected: false. Rediscovery will be attempted.
2025-12-06 20:00:23.101 [org.springframework.kafka.KafkaListenerEndpointContainer#3-0-C-1] INFO  o.a.k.c.c.i.ConsumerCoordinator [node1:8080] - [Consumer clientId=consumer-pattern-consumer-2, groupId=pattern-consumer] Discovered group coordinator localhost:9093 (id: 2147482646 rack: null)
2025-12-06 20:00:23.116 [org.springframework.kafka.KafkaListenerEndpointContainer#3-0-C-1] INFO  o.a.k.c.c.i.ConsumerCoordinator [node1:8080] - [Consumer clientId=consumer-pattern-consumer-2, groupId=pattern-consumer] Discovered group coordinator localhost:9093 (id: 2147482646 rack: null)
2025-12-06 20:00:24.111 [org.springframework.kafka.KafkaListenerEndpointContainer#2-0-C-1] INFO  o.a.k.c.c.i.ConsumerCoordinator [node1:8080] - [Consumer clientId=consumer-notification-batch-consumer-1, groupId=notification-batch-consumer] Discovered group coordinator localhost:9093 (id: 2147482646 rack: null)
2025-12-06 20:00:24.117 [org.springframework.kafka.KafkaListenerEndpointContainer#2-0-C-1] INFO  o.a.k.c.c.i.ConsumerCoordinator [node1:8080] - [Consumer clientId=consumer-notification-batch-consumer-1, groupId=notification-batch-consumer] Discovered group coordinator localhost:9093 (id: 2147482646 rack: null)
2025-12-06 20:00:24.119 [org.springframework.kafka.KafkaListenerEndpointContainer#0-0-C-1] INFO  o.a.k.c.c.i.ConsumerCoordinator [node1:8080] - [Consumer clientId=consumer-user-events-consumer-3, groupId=user-events-consumer] Discovered group coordinator localhost:9093 (id: 2147482646 rack: null)
2025-12-06 20:00:24.129 [org.springframework.kafka.KafkaListenerEndpointContainer#1-0-C-1] INFO  o.a.k.c.c.i.ConsumerCoordinator [node1:8080] - [Consumer clientId=consumer-order-events-consumer-4, groupId=order-events-consumer] Discovered group coordinator localhost:9093 (id: 2147482646 rack: null)
2025-12-06 20:00:24.136 [org.springframework.kafka.KafkaListenerEndpointContainer#1-0-C-1] INFO  o.a.k.c.c.i.ConsumerCoordinator [node1:8080] - [Consumer clientId=consumer-order-events-consumer-4, groupId=order-events-consumer] Discovered group coordinator localhost:9093 (id: 2147482646 rack: null)
2025-12-06 20:00:24.138 [org.springframework.kafka.KafkaListenerEndpointContainer#1-0-C-1] INFO  o.a.k.c.c.i.ConsumerCoordinator [node1:8080] - [Consumer clientId=consumer-order-events-consumer-4, groupId=order-events-consumer] Discovered group coordinator localhost:9093 (id: 2147482646 rack: null)
2025-12-06 20:00:34.252 [HikariPool-1 housekeeper] WARN  com.zaxxer.hikari.pool.HikariPool [node1:8080] - HikariPool-1 - Thread starvation or clock leap detected (housekeeper delta=9m45s490ms).
2025-12-06 20:10:14.021 [org.springframework.kafka.KafkaListenerEndpointContainer#1-0-C-1] INFO  o.a.k.clients.FetchSessionHandler [node1:8080] - [Consumer clientId=consumer-order-events-consumer-4, groupId=order-events-consumer] Error sending fetch request (sessionId=542788110, epoch=63) to node 1001:
org.apache.kafka.common.errors.DisconnectException: null
2025-12-06 20:10:14.022 [org.springframework.kafka.KafkaListenerEndpointContainer#0-0-C-1] INFO  o.a.k.clients.FetchSessionHandler [node1:8080] - [Consumer clientId=consumer-user-events-consumer-3, groupId=user-events-consumer] Error sending fetch request (sessionId=764925917, epoch=63) to node 1001:
org.apache.kafka.common.errors.DisconnectException: null
2025-12-06 20:10:14.022 [kafka-coordinator-heartbeat-thread | order-events-consumer] INFO  o.a.k.c.c.i.ConsumerCoordinator [node1:8080] - [Consumer clientId=consumer-order-events-consumer-4, groupId=order-events-consumer] Group coordinator localhost:9093 (id: 2147482646 rack: null) is unavailable or invalid due to cause: session timed out without receiving a heartbeat response.isDisconnected: false. Rediscovery will be attempted.
2025-12-06 20:10:14.023 [org.springframework.kafka.KafkaListenerEndpointContainer#3-0-C-1] INFO  o.a.k.clients.FetchSessionHandler [node1:8080] - [Consumer clientId=consumer-pattern-consumer-2, groupId=pattern-consumer] Error sending fetch request (sessionId=870120207, epoch=65) to node 1001:
org.apache.kafka.common.errors.DisconnectException: null
2025-12-06 20:10:14.023 [kafka-coordinator-heartbeat-thread | user-events-consumer] INFO  o.a.k.c.c.i.ConsumerCoordinator [node1:8080] - [Consumer clientId=consumer-user-events-consumer-3, groupId=user-events-consumer] Group coordinator localhost:9093 (id: 2147482646 rack: null) is unavailable or invalid due to cause: session timed out without receiving a heartbeat response.isDisconnected: false. Rediscovery will be attempted.
2025-12-06 20:10:14.024 [kafka-coordinator-heartbeat-thread | pattern-consumer] INFO  o.a.k.c.c.i.ConsumerCoordinator [node1:8080] - [Consumer clientId=consumer-pattern-consumer-2, groupId=pattern-consumer] Group coordinator localhost:9093 (id: 2147482646 rack: null) is unavailable or invalid due to cause: session timed out without receiving a heartbeat response.isDisconnected: false. Rediscovery will be attempted.
2025-12-06 20:10:14.024 [kafka-coordinator-heartbeat-thread | notification-batch-consumer] INFO  o.a.k.c.c.i.ConsumerCoordinator [node1:8080] - [Consumer clientId=consumer-notification-batch-consumer-1, groupId=notification-batch-consumer] Group coordinator localhost:9093 (id: 2147482646 rack: null) is unavailable or invalid due to cause: session timed out without receiving a heartbeat response.isDisconnected: false. Rediscovery will be attempted.
2025-12-06 20:10:14.023 [org.springframework.kafka.KafkaListenerEndpointContainer#2-0-C-1] INFO  o.a.k.clients.FetchSessionHandler [node1:8080] - [Consumer clientId=consumer-notification-batch-consumer-1, groupId=notification-batch-consumer] Error sending fetch request (sessionId=1278922314, epoch=63) to node 1001:
org.apache.kafka.common.errors.DisconnectException: null
2025-12-06 20:10:15.177 [org.springframework.kafka.KafkaListenerEndpointContainer#1-0-C-1] INFO  o.a.k.c.c.i.ConsumerCoordinator [node1:8080] - [Consumer clientId=consumer-order-events-consumer-4, groupId=order-events-consumer] Discovered group coordinator localhost:9093 (id: 2147482646 rack: null)
2025-12-06 20:10:15.209 [org.springframework.kafka.KafkaListenerEndpointContainer#3-0-C-1] INFO  o.a.k.c.c.i.ConsumerCoordinator [node1:8080] - [Consumer clientId=consumer-pattern-consumer-2, groupId=pattern-consumer] Discovered group coordinator localhost:9093 (id: 2147482646 rack: null)
2025-12-06 20:10:15.222 [org.springframework.kafka.KafkaListenerEndpointContainer#2-0-C-1] INFO  o.a.k.c.c.i.ConsumerCoordinator [node1:8080] - [Consumer clientId=consumer-notification-batch-consumer-1, groupId=notification-batch-consumer] Discovered group coordinator localhost:9093 (id: 2147482646 rack: null)
2025-12-06 20:10:15.234 [org.springframework.kafka.KafkaListenerEndpointContainer#2-0-C-1] INFO  o.a.k.c.c.i.ConsumerCoordinator [node1:8080] - [Consumer clientId=consumer-notification-batch-consumer-1, groupId=notification-batch-consumer] Discovered group coordinator localhost:9093 (id: 2147482646 rack: null)
2025-12-06 20:10:15.241 [org.springframework.kafka.KafkaListenerEndpointContainer#2-0-C-1] INFO  o.a.k.c.c.i.ConsumerCoordinator [node1:8080] - [Consumer clientId=consumer-notification-batch-consumer-1, groupId=notification-batch-consumer] Discovered group coordinator localhost:9093 (id: 2147482646 rack: null)
2025-12-06 20:10:15.251 [org.springframework.kafka.KafkaListenerEndpointContainer#0-0-C-1] INFO  o.a.k.c.c.i.ConsumerCoordinator [node1:8080] - [Consumer clientId=consumer-user-events-consumer-3, groupId=user-events-consumer] Discovered group coordinator localhost:9093 (id: 2147482646 rack: null)
2025-12-06 20:10:15.256 [org.springframework.kafka.KafkaListenerEndpointContainer#2-0-C-1] INFO  o.a.k.c.c.i.ConsumerCoordinator [node1:8080] - [Consumer clientId=consumer-notification-batch-consumer-1, groupId=notification-batch-consumer] Discovered group coordinator localhost:9093 (id: 2147482646 rack: null)
2025-12-06 20:10:15.271 [org.springframework.kafka.KafkaListenerEndpointContainer#2-0-C-1] INFO  o.a.k.c.c.i.ConsumerCoordinator [node1:8080] - [Consumer clientId=consumer-notification-batch-consumer-1, groupId=notification-batch-consumer] Discovered group coordinator localhost:9093 (id: 2147482646 rack: null)
2025-12-06 20:10:15.282 [org.springframework.kafka.KafkaListenerEndpointContainer#2-0-C-1] INFO  o.a.k.c.c.i.ConsumerCoordinator [node1:8080] - [Consumer clientId=consumer-notification-batch-consumer-1, groupId=notification-batch-consumer] Discovered group coordinator localhost:9093 (id: 2147482646 rack: null)
2025-12-06 20:10:15.282 [org.springframework.kafka.KafkaListenerEndpointContainer#2-0-C-1] INFO  o.a.k.c.c.i.ConsumerCoordinator [node1:8080] - [Consumer clientId=consumer-notification-batch-consumer-1, groupId=notification-batch-consumer] Discovered group coordinator localhost:9093 (id: 2147482646 rack: null)
2025-12-06 20:10:15.282 [org.springframework.kafka.KafkaListenerEndpointContainer#2-0-C-1] INFO  o.a.k.c.c.i.ConsumerCoordinator [node1:8080] - [Consumer clientId=consumer-notification-batch-consumer-1, groupId=notification-batch-consumer] Discovered group coordinator localhost:9093 (id: 2147482646 rack: null)
2025-12-06 20:10:15.288 [org.springframework.kafka.KafkaListenerEndpointContainer#2-0-C-1] INFO  o.a.k.c.c.i.ConsumerCoordinator [node1:8080] - [Consumer clientId=consumer-notification-batch-consumer-1, groupId=notification-batch-consumer] Discovered group coordinator localhost:9093 (id: 2147482646 rack: null)
2025-12-06 20:10:15.290 [org.springframework.kafka.KafkaListenerEndpointContainer#2-0-C-1] INFO  o.a.k.c.c.i.ConsumerCoordinator [node1:8080] - [Consumer clientId=consumer-notification-batch-consumer-1, groupId=notification-batch-consumer] Discovered group coordinator localhost:9093 (id: 2147482646 rack: null)
2025-12-06 20:10:15.291 [org.springframework.kafka.KafkaListenerEndpointContainer#2-0-C-1] INFO  o.a.k.c.c.i.ConsumerCoordinator [node1:8080] - [Consumer clientId=consumer-notification-batch-consumer-1, groupId=notification-batch-consumer] Discovered group coordinator localhost:9093 (id: 2147482646 rack: null)
2025-12-06 20:10:19.857 [HikariPool-1 housekeeper] WARN  com.zaxxer.hikari.pool.HikariPool [node1:8080] - HikariPool-1 - Thread starvation or clock leap detected (housekeeper delta=9m45s606ms).
2025-12-06 20:20:06.006 [HikariPool-1 housekeeper] WARN  com.zaxxer.hikari.pool.HikariPool [node1:8080] - HikariPool-1 - Thread starvation or clock leap detected (housekeeper delta=9m46s149ms).
2025-12-06 20:20:06.007 [org.springframework.kafka.KafkaListenerEndpointContainer#1-0-C-1] INFO  o.a.k.clients.FetchSessionHandler [node1:8080] - [Consumer clientId=consumer-order-events-consumer-4, groupId=order-events-consumer] Error sending fetch request (sessionId=2077147284, epoch=63) to node 1001:
org.apache.kafka.common.errors.DisconnectException: null
2025-12-06 20:20:06.007 [org.springframework.kafka.KafkaListenerEndpointContainer#3-0-C-1] INFO  o.a.k.clients.FetchSessionHandler [node1:8080] - [Consumer clientId=consumer-pattern-consumer-2, groupId=pattern-consumer] Error sending fetch request (sessionId=177713838, epoch=63) to node 1001:
org.apache.kafka.common.errors.DisconnectException: null
2025-12-06 20:20:06.017 [kafka-coordinator-heartbeat-thread | order-events-consumer] INFO  o.a.k.c.c.i.ConsumerCoordinator [node1:8080] - [Consumer clientId=consumer-order-events-consumer-4, groupId=order-events-consumer] Group coordinator localhost:9093 (id: 2147482646 rack: null) is unavailable or invalid due to cause: session timed out without receiving a heartbeat response.isDisconnected: false. Rediscovery will be attempted.
2025-12-06 20:20:06.019 [kafka-coordinator-heartbeat-thread | pattern-consumer] INFO  o.a.k.c.c.i.ConsumerCoordinator [node1:8080] - [Consumer clientId=consumer-pattern-consumer-2, groupId=pattern-consumer] Group coordinator localhost:9093 (id: 2147482646 rack: null) is unavailable or invalid due to cause: session timed out without receiving a heartbeat response.isDisconnected: false. Rediscovery will be attempted.
2025-12-06 20:20:06.007 [org.springframework.kafka.KafkaListenerEndpointContainer#0-0-C-1] INFO  o.a.k.clients.FetchSessionHandler [node1:8080] - [Consumer clientId=consumer-user-events-consumer-3, groupId=user-events-consumer] Error sending fetch request (sessionId=509836930, epoch=62) to node 1001:
org.apache.kafka.common.errors.DisconnectException: null
2025-12-06 20:20:06.019 [kafka-coordinator-heartbeat-thread | user-events-consumer] INFO  o.a.k.c.c.i.ConsumerCoordinator [node1:8080] - [Consumer clientId=consumer-user-events-consumer-3, groupId=user-events-consumer] Group coordinator localhost:9093 (id: 2147482646 rack: null) is unavailable or invalid due to cause: session timed out without receiving a heartbeat response.isDisconnected: false. Rediscovery will be attempted.
2025-12-06 20:20:06.036 [org.springframework.kafka.KafkaListenerEndpointContainer#2-0-C-1] INFO  o.a.k.clients.FetchSessionHandler [node1:8080] - [Consumer clientId=consumer-notification-batch-consumer-1, groupId=notification-batch-consumer] Error sending fetch request (sessionId=1894451254, epoch=62) to node 1001:
org.apache.kafka.common.errors.DisconnectException: null
2025-12-06 20:20:06.036 [kafka-coordinator-heartbeat-thread | notification-batch-consumer] INFO  o.a.k.c.c.i.ConsumerCoordinator [node1:8080] - [Consumer clientId=consumer-notification-batch-consumer-1, groupId=notification-batch-consumer] Group coordinator localhost:9093 (id: 2147482646 rack: null) is unavailable or invalid due to cause: session timed out without receiving a heartbeat response.isDisconnected: false. Rediscovery will be attempted.
2025-12-06 20:20:07.152 [org.springframework.kafka.KafkaListenerEndpointContainer#3-0-C-1] INFO  o.a.k.c.c.i.ConsumerCoordinator [node1:8080] - [Consumer clientId=consumer-pattern-consumer-2, groupId=pattern-consumer] Discovered group coordinator localhost:9093 (id: 2147482646 rack: null)
2025-12-06 20:20:07.167 [org.springframework.kafka.KafkaListenerEndpointContainer#1-0-C-1] INFO  o.a.k.c.c.i.ConsumerCoordinator [node1:8080] - [Consumer clientId=consumer-order-events-consumer-4, groupId=order-events-consumer] Discovered group coordinator localhost:9093 (id: 2147482646 rack: null)
2025-12-06 20:20:07.180 [org.springframework.kafka.KafkaListenerEndpointContainer#2-0-C-1] INFO  o.a.k.c.c.i.ConsumerCoordinator [node1:8080] - [Consumer clientId=consumer-notification-batch-consumer-1, groupId=notification-batch-consumer] Discovered group coordinator localhost:9093 (id: 2147482646 rack: null)
2025-12-06 20:20:07.214 [org.springframework.kafka.KafkaListenerEndpointContainer#0-0-C-1] INFO  o.a.k.c.c.i.ConsumerCoordinator [node1:8080] - [Consumer clientId=consumer-user-events-consumer-3, groupId=user-events-consumer] Discovered group coordinator localhost:9093 (id: 2147482646 rack: null)
2025-12-06 20:20:35.674 [HikariPool-1 housekeeper] WARN  com.zaxxer.hikari.pool.HikariPool [node1:8080] - HikariPool-1 - Retrograde clock change detected (housekeeper delta=29s668ms), soft-evicting connections from pool.
2025-12-06 20:29:58.008 [org.springframework.kafka.KafkaListenerEndpointContainer#0-0-C-1] INFO  o.a.k.clients.FetchSessionHandler [node1:8080] - [Consumer clientId=consumer-user-events-consumer-3, groupId=user-events-consumer] Error sending fetch request (sessionId=1046059877, epoch=62) to node 1001:
org.apache.kafka.common.errors.DisconnectException: null
2025-12-06 20:29:58.008 [org.springframework.kafka.KafkaListenerEndpointContainer#1-0-C-1] INFO  o.a.k.clients.FetchSessionHandler [node1:8080] - [Consumer clientId=consumer-order-events-consumer-4, groupId=order-events-consumer] Error sending fetch request (sessionId=448563077, epoch=63) to node 1001:
org.apache.kafka.common.errors.DisconnectException: null
2025-12-06 20:29:58.008 [org.springframework.kafka.KafkaListenerEndpointContainer#3-0-C-1] INFO  o.a.k.clients.FetchSessionHandler [node1:8080] - [Consumer clientId=consumer-pattern-consumer-2, groupId=pattern-consumer] Error sending fetch request (sessionId=123921975, epoch=63) to node 1001:
org.apache.kafka.common.errors.DisconnectException: null
2025-12-06 20:29:58.008 [org.springframework.kafka.KafkaListenerEndpointContainer#2-0-C-1] INFO  o.a.k.clients.FetchSessionHandler [node1:8080] - [Consumer clientId=consumer-notification-batch-consumer-1, groupId=notification-batch-consumer] Error sending fetch request (sessionId=1943654357, epoch=62) to node 1001:
org.apache.kafka.common.errors.DisconnectException: null
2025-12-06 20:29:58.023 [kafka-coordinator-heartbeat-thread | notification-batch-consumer] INFO  o.a.k.c.c.i.ConsumerCoordinator [node1:8080] - [Consumer clientId=consumer-notification-batch-consumer-1, groupId=notification-batch-consumer] Group coordinator localhost:9093 (id: 2147482646 rack: null) is unavailable or invalid due to cause: session timed out without receiving a heartbeat response.isDisconnected: false. Rediscovery will be attempted.
2025-12-06 20:29:58.022 [kafka-coordinator-heartbeat-thread | user-events-consumer] INFO  o.a.k.c.c.i.ConsumerCoordinator [node1:8080] - [Consumer clientId=consumer-user-events-consumer-3, groupId=user-events-consumer] Group coordinator localhost:9093 (id: 2147482646 rack: null) is unavailable or invalid due to cause: session timed out without receiving a heartbeat response.isDisconnected: false. Rediscovery will be attempted.
2025-12-06 20:29:58.021 [kafka-coordinator-heartbeat-thread | pattern-consumer] INFO  o.a.k.c.c.i.ConsumerCoordinator [node1:8080] - [Consumer clientId=consumer-pattern-consumer-2, groupId=pattern-consumer] Group coordinator localhost:9093 (id: 2147482646 rack: null) is unavailable or invalid due to cause: session timed out without receiving a heartbeat response.isDisconnected: false. Rediscovery will be attempted.
2025-12-06 20:29:58.019 [kafka-coordinator-heartbeat-thread | order-events-consumer] INFO  o.a.k.c.c.i.ConsumerCoordinator [node1:8080] - [Consumer clientId=consumer-order-events-consumer-4, groupId=order-events-consumer] Group coordinator localhost:9093 (id: 2147482646 rack: null) is unavailable or invalid due to cause: session timed out without receiving a heartbeat response.isDisconnected: false. Rediscovery will be attempted.
2025-12-06 20:29:58.150 [org.springframework.kafka.KafkaListenerEndpointContainer#0-0-C-1] INFO  o.a.k.c.c.i.ConsumerCoordinator [node1:8080] - [Consumer clientId=consumer-user-events-consumer-3, groupId=user-events-consumer] Discovered group coordinator localhost:9093 (id: 2147482646 rack: null)
2025-12-06 20:29:58.150 [org.springframework.kafka.KafkaListenerEndpointContainer#3-0-C-1] INFO  o.a.k.c.c.i.ConsumerCoordinator [node1:8080] - [Consumer clientId=consumer-pattern-consumer-2, groupId=pattern-consumer] Discovered group coordinator localhost:9093 (id: 2147482646 rack: null)
2025-12-06 20:29:58.153 [org.springframework.kafka.KafkaListenerEndpointContainer#1-0-C-1] INFO  o.a.k.c.c.i.ConsumerCoordinator [node1:8080] - [Consumer clientId=consumer-order-events-consumer-4, groupId=order-events-consumer] Discovered group coordinator localhost:9093 (id: 2147482646 rack: null)
2025-12-06 20:29:58.161 [org.springframework.kafka.KafkaListenerEndpointContainer#2-0-C-1] INFO  o.a.k.c.c.i.ConsumerCoordinator [node1:8080] - [Consumer clientId=consumer-notification-batch-consumer-1, groupId=notification-batch-consumer] Discovered group coordinator localhost:9093 (id: 2147482646 rack: null)
2025-12-06 20:30:23.541 [HikariPool-1 housekeeper] WARN  com.zaxxer.hikari.pool.HikariPool [node1:8080] - HikariPool-1 - Thread starvation or clock leap detected (housekeeper delta=9m47s867ms).
2025-12-06 20:39:49.007 [org.springframework.kafka.KafkaListenerEndpointContainer#3-0-C-1] INFO  o.a.k.clients.FetchSessionHandler [node1:8080] - [Consumer clientId=consumer-pattern-consumer-2, groupId=pattern-consumer] Error sending fetch request (sessionId=1757005626, epoch=65) to node 1001:
org.apache.kafka.common.errors.DisconnectException: null
2025-12-06 20:39:49.007 [org.springframework.kafka.KafkaListenerEndpointContainer#2-0-C-1] INFO  o.a.k.clients.FetchSessionHandler [node1:8080] - [Consumer clientId=consumer-notification-batch-consumer-1, groupId=notification-batch-consumer] Error sending fetch request (sessionId=413421769, epoch=66) to node 1001:
org.apache.kafka.common.errors.DisconnectException: null
2025-12-06 20:39:49.007 [kafka-coordinator-heartbeat-thread | notification-batch-consumer] INFO  o.a.k.c.c.i.ConsumerCoordinator [node1:8080] - [Consumer clientId=consumer-notification-batch-consumer-1, groupId=notification-batch-consumer] Group coordinator localhost:9093 (id: 2147482646 rack: null) is unavailable or invalid due to cause: session timed out without receiving a heartbeat response.isDisconnected: false. Rediscovery will be attempted.
2025-12-06 20:39:49.007 [org.springframework.kafka.KafkaListenerEndpointContainer#0-0-C-1] INFO  o.a.k.clients.FetchSessionHandler [node1:8080] - [Consumer clientId=consumer-user-events-consumer-3, groupId=user-events-consumer] Error sending fetch request (sessionId=1227626331, epoch=65) to node 1001:
org.apache.kafka.common.errors.DisconnectException: null
2025-12-06 20:39:49.010 [kafka-coordinator-heartbeat-thread | pattern-consumer] INFO  o.a.k.c.c.i.ConsumerCoordinator [node1:8080] - [Consumer clientId=consumer-pattern-consumer-2, groupId=pattern-consumer] Group coordinator localhost:9093 (id: 2147482646 rack: null) is unavailable or invalid due to cause: session timed out without receiving a heartbeat response.isDisconnected: false. Rediscovery will be attempted.
2025-12-06 20:39:49.012 [kafka-coordinator-heartbeat-thread | user-events-consumer] INFO  o.a.k.c.c.i.ConsumerCoordinator [node1:8080] - [Consumer clientId=consumer-user-events-consumer-3, groupId=user-events-consumer] Group coordinator localhost:9093 (id: 2147482646 rack: null) is unavailable or invalid due to cause: session timed out without receiving a heartbeat response.isDisconnected: false. Rediscovery will be attempted.
2025-12-06 20:39:49.012 [kafka-coordinator-heartbeat-thread | order-events-consumer] INFO  o.a.k.c.c.i.ConsumerCoordinator [node1:8080] - [Consumer clientId=consumer-order-events-consumer-4, groupId=order-events-consumer] Group coordinator localhost:9093 (id: 2147482646 rack: null) is unavailable or invalid due to cause: session timed out without receiving a heartbeat response.isDisconnected: false. Rediscovery will be attempted.
2025-12-06 20:39:49.007 [org.springframework.kafka.KafkaListenerEndpointContainer#1-0-C-1] INFO  o.a.k.clients.FetchSessionHandler [node1:8080] - [Consumer clientId=consumer-order-events-consumer-4, groupId=order-events-consumer] Error sending fetch request (sessionId=814395488, epoch=65) to node 1001:
org.apache.kafka.common.errors.DisconnectException: null
2025-12-06 20:39:49.074 [org.springframework.kafka.KafkaListenerEndpointContainer#2-0-C-1] INFO  o.a.k.c.c.i.ConsumerCoordinator [node1:8080] - [Consumer clientId=consumer-notification-batch-consumer-1, groupId=notification-batch-consumer] Discovered group coordinator localhost:9093 (id: 2147482646 rack: null)
2025-12-06 20:39:49.079 [org.springframework.kafka.KafkaListenerEndpointContainer#2-0-C-1] INFO  o.a.k.c.c.i.ConsumerCoordinator [node1:8080] - [Consumer clientId=consumer-notification-batch-consumer-1, groupId=notification-batch-consumer] Discovered group coordinator localhost:9093 (id: 2147482646 rack: null)
2025-12-06 20:39:49.083 [org.springframework.kafka.KafkaListenerEndpointContainer#2-0-C-1] INFO  o.a.k.c.c.i.ConsumerCoordinator [node1:8080] - [Consumer clientId=consumer-notification-batch-consumer-1, groupId=notification-batch-consumer] Discovered group coordinator localhost:9093 (id: 2147482646 rack: null)
2025-12-06 20:39:49.124 [org.springframework.kafka.KafkaListenerEndpointContainer#3-0-C-1] INFO  o.a.k.c.c.i.ConsumerCoordinator [node1:8080] - [Consumer clientId=consumer-pattern-consumer-2, groupId=pattern-consumer] Discovered group coordinator localhost:9093 (id: 2147482646 rack: null)
2025-12-06 20:39:49.127 [org.springframework.kafka.KafkaListenerEndpointContainer#0-0-C-1] INFO  o.a.k.c.c.i.ConsumerCoordinator [node1:8080] - [Consumer clientId=consumer-user-events-consumer-3, groupId=user-events-consumer] Discovered group coordinator localhost:9093 (id: 2147482646 rack: null)
2025-12-06 20:39:49.144 [org.springframework.kafka.KafkaListenerEndpointContainer#1-0-C-1] INFO  o.a.k.c.c.i.ConsumerCoordinator [node1:8080] - [Consumer clientId=consumer-order-events-consumer-4, groupId=order-events-consumer] Discovered group coordinator localhost:9093 (id: 2147482646 rack: null)
2025-12-06 20:40:08.995 [HikariPool-1 housekeeper] WARN  com.zaxxer.hikari.pool.HikariPool [node1:8080] - HikariPool-1 - Thread starvation or clock leap detected (housekeeper delta=9m45s454ms).
2025-12-06 20:49:40.006 [org.springframework.kafka.KafkaListenerEndpointContainer#3-0-C-1] INFO  o.a.k.clients.FetchSessionHandler [node1:8080] - [Consumer clientId=consumer-pattern-consumer-2, groupId=pattern-consumer] Error sending fetch request (sessionId=391086902, epoch=65) to node 1001:
org.apache.kafka.common.errors.DisconnectException: null
2025-12-06 20:49:40.007 [org.springframework.kafka.KafkaListenerEndpointContainer#1-0-C-1] INFO  o.a.k.clients.FetchSessionHandler [node1:8080] - [Consumer clientId=consumer-order-events-consumer-4, groupId=order-events-consumer] Error sending fetch request (sessionId=896007411, epoch=65) to node 1001:
org.apache.kafka.common.errors.DisconnectException: null
2025-12-06 20:49:40.006 [org.springframework.kafka.KafkaListenerEndpointContainer#2-0-C-1] INFO  o.a.k.clients.FetchSessionHandler [node1:8080] - [Consumer clientId=consumer-notification-batch-consumer-1, groupId=notification-batch-consumer] Error sending fetch request (sessionId=1670989135, epoch=66) to node 1001:
org.apache.kafka.common.errors.DisconnectException: null
2025-12-06 20:49:40.015 [kafka-coordinator-heartbeat-thread | user-events-consumer] INFO  o.a.k.c.c.i.ConsumerCoordinator [node1:8080] - [Consumer clientId=consumer-user-events-consumer-3, groupId=user-events-consumer] Group coordinator localhost:9093 (id: 2147482646 rack: null) is unavailable or invalid due to cause: session timed out without receiving a heartbeat response.isDisconnected: false. Rediscovery will be attempted.
2025-12-06 20:49:40.015 [kafka-coordinator-heartbeat-thread | order-events-consumer] INFO  o.a.k.c.c.i.ConsumerCoordinator [node1:8080] - [Consumer clientId=consumer-order-events-consumer-4, groupId=order-events-consumer] Group coordinator localhost:9093 (id: 2147482646 rack: null) is unavailable or invalid due to cause: session timed out without receiving a heartbeat response.isDisconnected: false. Rediscovery will be attempted.
2025-12-06 20:49:40.012 [org.springframework.kafka.KafkaListenerEndpointContainer#0-0-C-1] INFO  o.a.k.clients.FetchSessionHandler [node1:8080] - [Consumer clientId=consumer-user-events-consumer-3, groupId=user-events-consumer] Error sending fetch request (sessionId=1000355782, epoch=66) to node 1001:
org.apache.kafka.common.errors.DisconnectException: null
2025-12-06 20:49:40.012 [kafka-coordinator-heartbeat-thread | notification-batch-consumer] INFO  o.a.k.c.c.i.ConsumerCoordinator [node1:8080] - [Consumer clientId=consumer-notification-batch-consumer-1, groupId=notification-batch-consumer] Group coordinator localhost:9093 (id: 2147482646 rack: null) is unavailable or invalid due to cause: session timed out without receiving a heartbeat response.isDisconnected: false. Rediscovery will be attempted.
2025-12-06 20:49:40.012 [kafka-coordinator-heartbeat-thread | pattern-consumer] INFO  o.a.k.c.c.i.ConsumerCoordinator [node1:8080] - [Consumer clientId=consumer-pattern-consumer-2, groupId=pattern-consumer] Group coordinator localhost:9093 (id: 2147482646 rack: null) is unavailable or invalid due to cause: session timed out without receiving a heartbeat response.isDisconnected: false. Rediscovery will be attempted.
2025-12-06 20:49:41.137 [org.springframework.kafka.KafkaListenerEndpointContainer#3-0-C-1] INFO  o.a.k.c.c.i.ConsumerCoordinator [node1:8080] - [Consumer clientId=consumer-pattern-consumer-2, groupId=pattern-consumer] Discovered group coordinator localhost:9093 (id: 2147482646 rack: null)
2025-12-06 20:49:41.138 [org.springframework.kafka.KafkaListenerEndpointContainer#3-0-C-1] INFO  o.a.k.c.c.i.ConsumerCoordinator [node1:8080] - [Consumer clientId=consumer-pattern-consumer-2, groupId=pattern-consumer] Discovered group coordinator localhost:9093 (id: 2147482646 rack: null)
2025-12-06 20:49:41.139 [org.springframework.kafka.KafkaListenerEndpointContainer#3-0-C-1] INFO  o.a.k.c.c.i.ConsumerCoordinator [node1:8080] - [Consumer clientId=consumer-pattern-consumer-2, groupId=pattern-consumer] Group coordinator localhost:9093 (id: 2147482646 rack: null) is unavailable or invalid due to cause: coordinator unavailable.isDisconnected: false. Rediscovery will be attempted.
2025-12-06 20:49:41.142 [org.springframework.kafka.KafkaListenerEndpointContainer#0-0-C-1] INFO  o.a.k.c.c.i.ConsumerCoordinator [node1:8080] - [Consumer clientId=consumer-user-events-consumer-3, groupId=user-events-consumer] Discovered group coordinator localhost:9093 (id: 2147482646 rack: null)
2025-12-06 20:49:41.146 [org.springframework.kafka.KafkaListenerEndpointContainer#0-0-C-1] INFO  o.a.k.c.c.i.ConsumerCoordinator [node1:8080] - [Consumer clientId=consumer-user-events-consumer-3, groupId=user-events-consumer] Discovered group coordinator localhost:9093 (id: 2147482646 rack: null)
2025-12-06 20:49:41.156 [org.springframework.kafka.KafkaListenerEndpointContainer#1-0-C-1] INFO  o.a.k.c.c.i.ConsumerCoordinator [node1:8080] - [Consumer clientId=consumer-order-events-consumer-4, groupId=order-events-consumer] Discovered group coordinator localhost:9093 (id: 2147482646 rack: null)
2025-12-06 20:49:41.159 [org.springframework.kafka.KafkaListenerEndpointContainer#1-0-C-1] INFO  o.a.k.c.c.i.ConsumerCoordinator [node1:8080] - [Consumer clientId=consumer-order-events-consumer-4, groupId=order-events-consumer] Discovered group coordinator localhost:9093 (id: 2147482646 rack: null)
2025-12-06 20:49:41.159 [org.springframework.kafka.KafkaListenerEndpointContainer#2-0-C-1] INFO  o.a.k.c.c.i.ConsumerCoordinator [node1:8080] - [Consumer clientId=consumer-notification-batch-consumer-1, groupId=notification-batch-consumer] Discovered group coordinator localhost:9093 (id: 2147482646 rack: null)
2025-12-06 20:49:41.164 [org.springframework.kafka.KafkaListenerEndpointContainer#2-0-C-1] INFO  o.a.k.c.c.i.ConsumerCoordinator [node1:8080] - [Consumer clientId=consumer-notification-batch-consumer-1, groupId=notification-batch-consumer] Discovered group coordinator localhost:9093 (id: 2147482646 rack: null)
2025-12-06 20:49:41.260 [org.springframework.kafka.KafkaListenerEndpointContainer#3-0-C-1] INFO  o.a.k.c.c.i.ConsumerCoordinator [node1:8080] - [Consumer clientId=consumer-pattern-consumer-2, groupId=pattern-consumer] Discovered group coordinator localhost:9093 (id: 2147482646 rack: null)
2025-12-06 20:49:54.434 [HikariPool-1 housekeeper] WARN  com.zaxxer.hikari.pool.HikariPool [node1:8080] - HikariPool-1 - Thread starvation or clock leap detected (housekeeper delta=9m45s439ms).
2025-12-06 20:59:30.008 [org.springframework.kafka.KafkaListenerEndpointContainer#1-0-C-1] INFO  o.a.k.clients.FetchSessionHandler [node1:8080] - [Consumer clientId=consumer-order-events-consumer-4, groupId=order-events-consumer] Error sending fetch request (sessionId=1019866591, epoch=63) to node 1001:
org.apache.kafka.common.errors.DisconnectException: null
2025-12-06 20:59:30.008 [org.springframework.kafka.KafkaListenerEndpointContainer#3-0-C-1] INFO  o.a.k.clients.FetchSessionHandler [node1:8080] - [Consumer clientId=consumer-pattern-consumer-2, groupId=pattern-consumer] Error sending fetch request (sessionId=1182791110, epoch=62) to node 1001:
org.apache.kafka.common.errors.DisconnectException: null
2025-12-06 20:59:30.008 [kafka-coordinator-heartbeat-thread | order-events-consumer] INFO  o.a.k.c.c.i.ConsumerCoordinator [node1:8080] - [Consumer clientId=consumer-order-events-consumer-4, groupId=order-events-consumer] Group coordinator localhost:9093 (id: 2147482646 rack: null) is unavailable or invalid due to cause: session timed out without receiving a heartbeat response.isDisconnected: false. Rediscovery will be attempted.
2025-12-06 20:59:30.008 [org.springframework.kafka.KafkaListenerEndpointContainer#2-0-C-1] INFO  o.a.k.clients.FetchSessionHandler [node1:8080] - [Consumer clientId=consumer-notification-batch-consumer-1, groupId=notification-batch-consumer] Error sending fetch request (sessionId=1911886810, epoch=63) to node 1001:
org.apache.kafka.common.errors.DisconnectException: null
2025-12-06 20:59:30.011 [kafka-coordinator-heartbeat-thread | notification-batch-consumer] INFO  o.a.k.c.c.i.ConsumerCoordinator [node1:8080] - [Consumer clientId=consumer-notification-batch-consumer-1, groupId=notification-batch-consumer] Group coordinator localhost:9093 (id: 2147482646 rack: null) is unavailable or invalid due to cause: session timed out without receiving a heartbeat response.isDisconnected: false. Rediscovery will be attempted.
2025-12-06 20:59:30.008 [org.springframework.kafka.KafkaListenerEndpointContainer#0-0-C-1] INFO  o.a.k.clients.FetchSessionHandler [node1:8080] - [Consumer clientId=consumer-user-events-consumer-3, groupId=user-events-consumer] Error sending fetch request (sessionId=1146826447, epoch=63) to node 1001:
org.apache.kafka.common.errors.DisconnectException: null
2025-12-06 20:59:30.011 [kafka-coordinator-heartbeat-thread | pattern-consumer] INFO  o.a.k.c.c.i.ConsumerCoordinator [node1:8080] - [Consumer clientId=consumer-pattern-consumer-2, groupId=pattern-consumer] Group coordinator localhost:9093 (id: 2147482646 rack: null) is unavailable or invalid due to cause: session timed out without receiving a heartbeat response.isDisconnected: false. Rediscovery will be attempted.
2025-12-06 20:59:30.014 [kafka-coordinator-heartbeat-thread | user-events-consumer] INFO  o.a.k.c.c.i.ConsumerCoordinator [node1:8080] - [Consumer clientId=consumer-user-events-consumer-3, groupId=user-events-consumer] Group coordinator localhost:9093 (id: 2147482646 rack: null) is unavailable or invalid due to cause: session timed out without receiving a heartbeat response.isDisconnected: false. Rediscovery will be attempted.
2025-12-06 20:59:31.149 [org.springframework.kafka.KafkaListenerEndpointContainer#2-0-C-1] INFO  o.a.k.c.c.i.ConsumerCoordinator [node1:8080] - [Consumer clientId=consumer-notification-batch-consumer-1, groupId=notification-batch-consumer] Discovered group coordinator localhost:9093 (id: 2147482646 rack: null)
2025-12-06 20:59:31.149 [org.springframework.kafka.KafkaListenerEndpointContainer#0-0-C-1] INFO  o.a.k.c.c.i.ConsumerCoordinator [node1:8080] - [Consumer clientId=consumer-user-events-consumer-3, groupId=user-events-consumer] Discovered group coordinator localhost:9093 (id: 2147482646 rack: null)
2025-12-06 20:59:31.150 [org.springframework.kafka.KafkaListenerEndpointContainer#3-0-C-1] INFO  o.a.k.c.c.i.ConsumerCoordinator [node1:8080] - [Consumer clientId=consumer-pattern-consumer-2, groupId=pattern-consumer] Discovered group coordinator localhost:9093 (id: 2147482646 rack: null)
2025-12-06 20:59:31.164 [org.springframework.kafka.KafkaListenerEndpointContainer#1-0-C-1] INFO  o.a.k.c.c.i.ConsumerCoordinator [node1:8080] - [Consumer clientId=consumer-order-events-consumer-4, groupId=order-events-consumer] Discovered group coordinator localhost:9093 (id: 2147482646 rack: null)
2025-12-06 20:59:39.893 [HikariPool-1 housekeeper] WARN  com.zaxxer.hikari.pool.HikariPool [node1:8080] - HikariPool-1 - Thread starvation or clock leap detected (housekeeper delta=9m45s459ms).
2025-12-06 22:59:50.004 [org.springframework.kafka.KafkaListenerEndpointContainer#2-0-C-1] INFO  o.a.k.clients.FetchSessionHandler [node1:8080] - [Consumer clientId=consumer-notification-batch-consumer-1, groupId=notification-batch-consumer] Error sending fetch request (sessionId=2114481890, epoch=91) to node 1001:
org.apache.kafka.common.errors.DisconnectException: null
2025-12-06 22:59:50.007 [kafka-coordinator-heartbeat-thread | notification-batch-consumer] INFO  o.a.k.c.c.i.ConsumerCoordinator [node1:8080] - [Consumer clientId=consumer-notification-batch-consumer-1, groupId=notification-batch-consumer] Group coordinator localhost:9093 (id: 2147482646 rack: null) is unavailable or invalid due to cause: session timed out without receiving a heartbeat response.isDisconnected: false. Rediscovery will be attempted.
2025-12-06 22:59:50.008 [kafka-coordinator-heartbeat-thread | pattern-consumer] INFO  o.a.k.c.c.i.ConsumerCoordinator [node1:8080] - [Consumer clientId=consumer-pattern-consumer-2, groupId=pattern-consumer] Group coordinator localhost:9093 (id: 2147482646 rack: null) is unavailable or invalid due to cause: session timed out without receiving a heartbeat response.isDisconnected: false. Rediscovery will be attempted.
2025-12-06 22:59:50.004 [org.springframework.kafka.KafkaListenerEndpointContainer#0-0-C-1] INFO  o.a.k.clients.FetchSessionHandler [node1:8080] - [Consumer clientId=consumer-user-events-consumer-3, groupId=user-events-consumer] Error sending fetch request (sessionId=1212020655, epoch=91) to node 1001:
org.apache.kafka.common.errors.DisconnectException: null
2025-12-06 22:59:50.004 [org.springframework.kafka.KafkaListenerEndpointContainer#3-0-C-1] INFO  o.a.k.clients.FetchSessionHandler [node1:8080] - [Consumer clientId=consumer-pattern-consumer-2, groupId=pattern-consumer] Error sending fetch request (sessionId=2055634754, epoch=91) to node 1001:
org.apache.kafka.common.errors.DisconnectException: null
2025-12-06 22:59:50.008 [kafka-coordinator-heartbeat-thread | order-events-consumer] INFO  o.a.k.c.c.i.ConsumerCoordinator [node1:8080] - [Consumer clientId=consumer-order-events-consumer-4, groupId=order-events-consumer] Group coordinator localhost:9093 (id: 2147482646 rack: null) is unavailable or invalid due to cause: session timed out without receiving a heartbeat response.isDisconnected: false. Rediscovery will be attempted.
2025-12-06 22:59:50.008 [kafka-coordinator-heartbeat-thread | user-events-consumer] INFO  o.a.k.c.c.i.ConsumerCoordinator [node1:8080] - [Consumer clientId=consumer-user-events-consumer-3, groupId=user-events-consumer] Group coordinator localhost:9093 (id: 2147482646 rack: null) is unavailable or invalid due to cause: session timed out without receiving a heartbeat response.isDisconnected: false. Rediscovery will be attempted.
2025-12-06 22:59:50.004 [org.springframework.kafka.KafkaListenerEndpointContainer#1-0-C-1] INFO  o.a.k.clients.FetchSessionHandler [node1:8080] - [Consumer clientId=consumer-order-events-consumer-4, groupId=order-events-consumer] Error sending fetch request (sessionId=895172427, epoch=91) to node 1001:
org.apache.kafka.common.errors.DisconnectException: null
2025-12-06 22:59:50.065 [org.springframework.kafka.KafkaListenerEndpointContainer#0-0-C-1] INFO  o.a.k.c.c.i.ConsumerCoordinator [node1:8080] - [Consumer clientId=consumer-user-events-consumer-3, groupId=user-events-consumer] Discovered group coordinator localhost:9093 (id: 2147482646 rack: null)
2025-12-06 22:59:50.065 [org.springframework.kafka.KafkaListenerEndpointContainer#3-0-C-1] INFO  o.a.k.c.c.i.ConsumerCoordinator [node1:8080] - [Consumer clientId=consumer-pattern-consumer-2, groupId=pattern-consumer] Discovered group coordinator localhost:9093 (id: 2147482646 rack: null)
2025-12-06 22:59:50.068 [org.springframework.kafka.KafkaListenerEndpointContainer#2-0-C-1] INFO  o.a.k.c.c.i.ConsumerCoordinator [node1:8080] - [Consumer clientId=consumer-notification-batch-consumer-1, groupId=notification-batch-consumer] Discovered group coordinator localhost:9093 (id: 2147482646 rack: null)
2025-12-06 22:59:50.068 [org.springframework.kafka.KafkaListenerEndpointContainer#0-0-C-1] INFO  o.a.k.c.c.i.ConsumerCoordinator [node1:8080] - [Consumer clientId=consumer-user-events-consumer-3, groupId=user-events-consumer] Discovered group coordinator localhost:9093 (id: 2147482646 rack: null)
2025-12-06 22:59:50.068 [org.springframework.kafka.KafkaListenerEndpointContainer#0-0-C-1] INFO  o.a.k.c.c.i.ConsumerCoordinator [node1:8080] - [Consumer clientId=consumer-user-events-consumer-3, groupId=user-events-consumer] Group coordinator localhost:9093 (id: 2147482646 rack: null) is unavailable or invalid due to cause: coordinator unavailable.isDisconnected: false. Rediscovery will be attempted.
2025-12-06 22:59:50.068 [org.springframework.kafka.KafkaListenerEndpointContainer#3-0-C-1] INFO  o.a.k.c.c.i.ConsumerCoordinator [node1:8080] - [Consumer clientId=consumer-pattern-consumer-2, groupId=pattern-consumer] Discovered group coordinator localhost:9093 (id: 2147482646 rack: null)
2025-12-06 22:59:50.070 [org.springframework.kafka.KafkaListenerEndpointContainer#2-0-C-1] INFO  o.a.k.c.c.i.ConsumerCoordinator [node1:8080] - [Consumer clientId=consumer-notification-batch-consumer-1, groupId=notification-batch-consumer] Discovered group coordinator localhost:9093 (id: 2147482646 rack: null)
2025-12-06 22:59:50.116 [org.springframework.kafka.KafkaListenerEndpointContainer#1-0-C-1] INFO  o.a.k.c.c.i.ConsumerCoordinator [node1:8080] - [Consumer clientId=consumer-order-events-consumer-4, groupId=order-events-consumer] Discovered group coordinator localhost:9093 (id: 2147482646 rack: null)
2025-12-06 22:59:50.176 [org.springframework.kafka.KafkaListenerEndpointContainer#0-0-C-1] INFO  o.a.k.c.c.i.ConsumerCoordinator [node1:8080] - [Consumer clientId=consumer-user-events-consumer-3, groupId=user-events-consumer] Discovered group coordinator localhost:9093 (id: 2147482646 rack: null)
