2025-12-10 00:11:13.006 [org.springframework.kafka.KafkaListenerEndpointContainer#0-0-C-1] INFO  o.a.k.clients.FetchSessionHandler [node1:8080] - [Consumer clientId=consumer-user-events-consumer-3, groupId=user-events-consumer] Error sending fetch request (sessionId=499111945, epoch=32) to node 1001:
org.apache.kafka.common.errors.DisconnectException: null
2025-12-10 00:11:13.010 [kafka-coordinator-heartbeat-thread | user-events-consumer] INFO  o.a.k.c.c.i.ConsumerCoordinator [node1:8080] - [Consumer clientId=consumer-user-events-consumer-3, groupId=user-events-consumer] Group coordinator localhost:9093 (id: 2147482646 rack: null) is unavailable or invalid due to cause: session timed out without receiving a heartbeat response.isDisconnected: false. Rediscovery will be attempted.
2025-12-10 00:11:13.011 [kafka-coordinator-heartbeat-thread | pattern-consumer] INFO  o.a.k.c.c.i.ConsumerCoordinator [node1:8080] - [Consumer clientId=consumer-pattern-consumer-2, groupId=pattern-consumer] Group coordinator localhost:9093 (id: 2147482646 rack: null) is unavailable or invalid due to cause: session timed out without receiving a heartbeat response.isDisconnected: false. Rediscovery will be attempted.
2025-12-10 00:11:13.011 [kafka-coordinator-heartbeat-thread | order-events-consumer] INFO  o.a.k.c.c.i.ConsumerCoordinator [node1:8080] - [Consumer clientId=consumer-order-events-consumer-4, groupId=order-events-consumer] Group coordinator localhost:9093 (id: 2147482646 rack: null) is unavailable or invalid due to cause: session timed out without receiving a heartbeat response.isDisconnected: false. Rediscovery will be attempted.
2025-12-10 00:11:13.006 [org.springframework.kafka.KafkaListenerEndpointContainer#2-0-C-1] INFO  o.a.k.clients.FetchSessionHandler [node1:8080] - [Consumer clientId=consumer-notification-batch-consumer-1, groupId=notification-batch-consumer] Error sending fetch request (sessionId=1404881206, epoch=32) to node 1001:
org.apache.kafka.common.errors.DisconnectException: null
2025-12-10 00:11:13.006 [org.springframework.kafka.KafkaListenerEndpointContainer#3-0-C-1] INFO  o.a.k.clients.FetchSessionHandler [node1:8080] - [Consumer clientId=consumer-pattern-consumer-2, groupId=pattern-consumer] Error sending fetch request (sessionId=1883347944, epoch=32) to node 1001:
org.apache.kafka.common.errors.DisconnectException: null
2025-12-10 00:11:13.009 [kafka-coordinator-heartbeat-thread | notification-batch-consumer] INFO  o.a.k.c.c.i.ConsumerCoordinator [node1:8080] - [Consumer clientId=consumer-notification-batch-consumer-1, groupId=notification-batch-consumer] Group coordinator localhost:9093 (id: 2147482646 rack: null) is unavailable or invalid due to cause: session timed out without receiving a heartbeat response.isDisconnected: false. Rediscovery will be attempted.
2025-12-10 00:11:13.006 [org.springframework.kafka.KafkaListenerEndpointContainer#1-0-C-1] INFO  o.a.k.clients.FetchSessionHandler [node1:8080] - [Consumer clientId=consumer-order-events-consumer-4, groupId=order-events-consumer] Error sending fetch request (sessionId=1609907110, epoch=32) to node 1001:
org.apache.kafka.common.errors.DisconnectException: null
2025-12-10 00:11:14.535 [org.springframework.kafka.KafkaListenerEndpointContainer#2-0-C-1] INFO  o.a.k.c.c.i.ConsumerCoordinator [node1:8080] - [Consumer clientId=consumer-notification-batch-consumer-1, groupId=notification-batch-consumer] Discovered group coordinator localhost:9093 (id: 2147482646 rack: null)
2025-12-10 00:11:14.554 [org.springframework.kafka.KafkaListenerEndpointContainer#0-0-C-1] INFO  o.a.k.c.c.i.ConsumerCoordinator [node1:8080] - [Consumer clientId=consumer-user-events-consumer-3, groupId=user-events-consumer] Discovered group coordinator localhost:9093 (id: 2147482646 rack: null)
2025-12-10 00:11:14.580 [org.springframework.kafka.KafkaListenerEndpointContainer#2-0-C-1] INFO  o.a.k.c.c.i.ConsumerCoordinator [node1:8080] - [Consumer clientId=consumer-notification-batch-consumer-1, groupId=notification-batch-consumer] Discovered group coordinator localhost:9093 (id: 2147482646 rack: null)
2025-12-10 00:11:14.584 [org.springframework.kafka.KafkaListenerEndpointContainer#3-0-C-1] INFO  o.a.k.c.c.i.ConsumerCoordinator [node1:8080] - [Consumer clientId=consumer-pattern-consumer-2, groupId=pattern-consumer] Discovered group coordinator localhost:9093 (id: 2147482646 rack: null)
2025-12-10 00:11:14.586 [org.springframework.kafka.KafkaListenerEndpointContainer#1-0-C-1] INFO  o.a.k.c.c.i.ConsumerCoordinator [node1:8080] - [Consumer clientId=consumer-order-events-consumer-4, groupId=order-events-consumer] Discovered group coordinator localhost:9093 (id: 2147482646 rack: null)
2025-12-10 00:11:14.589 [org.springframework.kafka.KafkaListenerEndpointContainer#0-0-C-1] INFO  o.a.k.c.c.i.ConsumerCoordinator [node1:8080] - [Consumer clientId=consumer-user-events-consumer-3, groupId=user-events-consumer] Discovered group coordinator localhost:9093 (id: 2147482646 rack: null)
2025-12-10 00:11:14.590 [org.springframework.kafka.KafkaListenerEndpointContainer#1-0-C-1] INFO  o.a.k.c.c.i.ConsumerCoordinator [node1:8080] - [Consumer clientId=consumer-order-events-consumer-4, groupId=order-events-consumer] Discovered group coordinator localhost:9093 (id: 2147482646 rack: null)
2025-12-10 00:11:14.590 [org.springframework.kafka.KafkaListenerEndpointContainer#3-0-C-1] INFO  o.a.k.c.c.i.ConsumerCoordinator [node1:8080] - [Consumer clientId=consumer-pattern-consumer-2, groupId=pattern-consumer] Discovered group coordinator localhost:9093 (id: 2147482646 rack: null)
2025-12-10 00:11:39.459 [HikariPool-1 housekeeper] WARN  com.zaxxer.hikari.pool.HikariPool [node1:8080] - HikariPool-1 - Thread starvation or clock leap detected (housekeeper delta=23h28s85ms).
2025-12-10 00:21:36.133 [kafka-coordinator-heartbeat-thread | notification-batch-consumer] INFO  o.a.k.c.c.i.ConsumerCoordinator [node1:8080] - [Consumer clientId=consumer-notification-batch-consumer-1, groupId=notification-batch-consumer] Group coordinator localhost:9093 (id: 2147482646 rack: null) is unavailable or invalid due to cause: session timed out without receiving a heartbeat response.isDisconnected: false. Rediscovery will be attempted.
2025-12-10 00:21:36.134 [kafka-coordinator-heartbeat-thread | order-events-consumer] INFO  o.a.k.c.c.i.ConsumerCoordinator [node1:8080] - [Consumer clientId=consumer-order-events-consumer-4, groupId=order-events-consumer] Group coordinator localhost:9093 (id: 2147482646 rack: null) is unavailable or invalid due to cause: session timed out without receiving a heartbeat response.isDisconnected: false. Rediscovery will be attempted.
2025-12-10 00:21:36.132 [kafka-coordinator-heartbeat-thread | pattern-consumer] INFO  o.a.k.c.c.i.ConsumerCoordinator [node1:8080] - [Consumer clientId=consumer-pattern-consumer-2, groupId=pattern-consumer] Group coordinator localhost:9093 (id: 2147482646 rack: null) is unavailable or invalid due to cause: session timed out without receiving a heartbeat response.isDisconnected: false. Rediscovery will be attempted.
2025-12-10 00:21:36.137 [kafka-coordinator-heartbeat-thread | user-events-consumer] INFO  o.a.k.c.c.i.ConsumerCoordinator [node1:8080] - [Consumer clientId=consumer-user-events-consumer-3, groupId=user-events-consumer] Group coordinator localhost:9093 (id: 2147482646 rack: null) is unavailable or invalid due to cause: session timed out without receiving a heartbeat response.isDisconnected: false. Rediscovery will be attempted.
2025-12-10 00:21:36.190 [org.springframework.kafka.KafkaListenerEndpointContainer#0-0-C-1] INFO  o.a.k.clients.FetchSessionHandler [node1:8080] - [Consumer clientId=consumer-user-events-consumer-3, groupId=user-events-consumer] Error sending fetch request (sessionId=583935556, epoch=124) to node 1001:
org.apache.kafka.common.errors.DisconnectException: null
2025-12-10 00:21:36.191 [org.springframework.kafka.KafkaListenerEndpointContainer#1-0-C-1] INFO  o.a.k.clients.FetchSessionHandler [node1:8080] - [Consumer clientId=consumer-order-events-consumer-4, groupId=order-events-consumer] Error sending fetch request (sessionId=778676249, epoch=124) to node 1001:
org.apache.kafka.common.errors.DisconnectException: null
2025-12-10 00:21:36.191 [org.springframework.kafka.KafkaListenerEndpointContainer#2-0-C-1] INFO  o.a.k.clients.FetchSessionHandler [node1:8080] - [Consumer clientId=consumer-notification-batch-consumer-1, groupId=notification-batch-consumer] Error sending fetch request (sessionId=599617645, epoch=124) to node 1001:
org.apache.kafka.common.errors.DisconnectException: null
2025-12-10 00:21:36.192 [org.springframework.kafka.KafkaListenerEndpointContainer#3-0-C-1] INFO  o.a.k.clients.FetchSessionHandler [node1:8080] - [Consumer clientId=consumer-pattern-consumer-2, groupId=pattern-consumer] Error sending fetch request (sessionId=485126886, epoch=124) to node 1001:
org.apache.kafka.common.errors.DisconnectException: null
2025-12-10 00:21:36.267 [org.springframework.kafka.KafkaListenerEndpointContainer#2-0-C-1] INFO  o.a.k.c.c.i.ConsumerCoordinator [node1:8080] - [Consumer clientId=consumer-notification-batch-consumer-1, groupId=notification-batch-consumer] Discovered group coordinator localhost:9093 (id: 2147482646 rack: null)
2025-12-10 00:21:36.268 [org.springframework.kafka.KafkaListenerEndpointContainer#2-0-C-1] INFO  o.a.k.c.c.i.ConsumerCoordinator [node1:8080] - [Consumer clientId=consumer-notification-batch-consumer-1, groupId=notification-batch-consumer] Discovered group coordinator localhost:9093 (id: 2147482646 rack: null)
2025-12-10 00:21:36.277 [org.springframework.kafka.KafkaListenerEndpointContainer#0-0-C-1] INFO  o.a.k.c.c.i.ConsumerCoordinator [node1:8080] - [Consumer clientId=consumer-user-events-consumer-3, groupId=user-events-consumer] Discovered group coordinator localhost:9093 (id: 2147482646 rack: null)
2025-12-10 00:21:36.596 [org.springframework.kafka.KafkaListenerEndpointContainer#3-0-C-1] INFO  o.a.k.c.c.i.ConsumerCoordinator [node1:8080] - [Consumer clientId=consumer-pattern-consumer-2, groupId=pattern-consumer] Discovered group coordinator localhost:9093 (id: 2147482646 rack: null)
2025-12-10 00:21:36.609 [org.springframework.kafka.KafkaListenerEndpointContainer#3-0-C-1] INFO  o.a.k.c.c.i.ConsumerCoordinator [node1:8080] - [Consumer clientId=consumer-pattern-consumer-2, groupId=pattern-consumer] Discovered group coordinator localhost:9093 (id: 2147482646 rack: null)
2025-12-10 00:21:36.611 [org.springframework.kafka.KafkaListenerEndpointContainer#0-0-C-1] INFO  o.a.k.c.c.i.ConsumerCoordinator [node1:8080] - [Consumer clientId=consumer-user-events-consumer-3, groupId=user-events-consumer] Discovered group coordinator localhost:9093 (id: 2147482646 rack: null)
2025-12-10 00:21:36.647 [org.springframework.kafka.KafkaListenerEndpointContainer#1-0-C-1] INFO  o.a.k.c.c.i.ConsumerCoordinator [node1:8080] - [Consumer clientId=consumer-order-events-consumer-4, groupId=order-events-consumer] Discovered group coordinator localhost:9093 (id: 2147482646 rack: null)
2025-12-10 00:21:36.660 [org.springframework.kafka.KafkaListenerEndpointContainer#1-0-C-1] INFO  o.a.k.c.c.i.ConsumerCoordinator [node1:8080] - [Consumer clientId=consumer-order-events-consumer-4, groupId=order-events-consumer] Discovered group coordinator localhost:9093 (id: 2147482646 rack: null)
2025-12-10 00:21:54.833 [HikariPool-1 housekeeper] WARN  com.zaxxer.hikari.pool.HikariPool [node1:8080] - HikariPool-1 - Thread starvation or clock leap detected (housekeeper delta=9m45s380ms).
2025-12-10 00:31:26.009 [org.springframework.kafka.KafkaListenerEndpointContainer#2-0-C-1] INFO  o.a.k.clients.FetchSessionHandler [node1:8080] - [Consumer clientId=consumer-notification-batch-consumer-1, groupId=notification-batch-consumer] Error sending fetch request (sessionId=1040683719, epoch=62) to node 1001:
org.apache.kafka.common.errors.DisconnectException: null
2025-12-10 00:31:26.012 [kafka-coordinator-heartbeat-thread | notification-batch-consumer] INFO  o.a.k.c.c.i.ConsumerCoordinator [node1:8080] - [Consumer clientId=consumer-notification-batch-consumer-1, groupId=notification-batch-consumer] Group coordinator localhost:9093 (id: 2147482646 rack: null) is unavailable or invalid due to cause: session timed out without receiving a heartbeat response.isDisconnected: false. Rediscovery will be attempted.
2025-12-10 00:31:27.089 [kafka-coordinator-heartbeat-thread | user-events-consumer] INFO  o.a.k.c.c.i.ConsumerCoordinator [node1:8080] - [Consumer clientId=consumer-user-events-consumer-3, groupId=user-events-consumer] Group coordinator localhost:9093 (id: 2147482646 rack: null) is unavailable or invalid due to cause: session timed out without receiving a heartbeat response.isDisconnected: false. Rediscovery will be attempted.
2025-12-10 00:31:27.090 [kafka-coordinator-heartbeat-thread | pattern-consumer] INFO  o.a.k.c.c.i.ConsumerCoordinator [node1:8080] - [Consumer clientId=consumer-pattern-consumer-2, groupId=pattern-consumer] Group coordinator localhost:9093 (id: 2147482646 rack: null) is unavailable or invalid due to cause: session timed out without receiving a heartbeat response.isDisconnected: false. Rediscovery will be attempted.
2025-12-10 00:31:27.124 [org.springframework.kafka.KafkaListenerEndpointContainer#1-0-C-1] INFO  o.a.k.clients.FetchSessionHandler [node1:8080] - [Consumer clientId=consumer-order-events-consumer-4, groupId=order-events-consumer] Error sending fetch request (sessionId=1278801666, epoch=61) to node 1001:
org.apache.kafka.common.errors.DisconnectException: null
2025-12-10 00:31:27.124 [kafka-coordinator-heartbeat-thread | order-events-consumer] INFO  o.a.k.c.c.i.ConsumerCoordinator [node1:8080] - [Consumer clientId=consumer-order-events-consumer-4, groupId=order-events-consumer] Group coordinator localhost:9093 (id: 2147482646 rack: null) is unavailable or invalid due to cause: session timed out without receiving a heartbeat response.isDisconnected: false. Rediscovery will be attempted.
2025-12-10 00:31:27.125 [org.springframework.kafka.KafkaListenerEndpointContainer#3-0-C-1] INFO  o.a.k.clients.FetchSessionHandler [node1:8080] - [Consumer clientId=consumer-pattern-consumer-2, groupId=pattern-consumer] Error sending fetch request (sessionId=532895501, epoch=61) to node 1001:
org.apache.kafka.common.errors.DisconnectException: null
2025-12-10 00:31:27.132 [org.springframework.kafka.KafkaListenerEndpointContainer#0-0-C-1] INFO  o.a.k.clients.FetchSessionHandler [node1:8080] - [Consumer clientId=consumer-user-events-consumer-3, groupId=user-events-consumer] Error sending fetch request (sessionId=1148493287, epoch=61) to node 1001:
org.apache.kafka.common.errors.DisconnectException: null
2025-12-10 00:31:27.147 [org.springframework.kafka.KafkaListenerEndpointContainer#2-0-C-1] INFO  o.a.k.c.c.i.ConsumerCoordinator [node1:8080] - [Consumer clientId=consumer-notification-batch-consumer-1, groupId=notification-batch-consumer] Discovered group coordinator localhost:9093 (id: 2147482646 rack: null)
2025-12-10 00:31:27.149 [org.springframework.kafka.KafkaListenerEndpointContainer#2-0-C-1] INFO  o.a.k.c.c.i.ConsumerCoordinator [node1:8080] - [Consumer clientId=consumer-notification-batch-consumer-1, groupId=notification-batch-consumer] Discovered group coordinator localhost:9093 (id: 2147482646 rack: null)
2025-12-10 00:31:27.167 [org.springframework.kafka.KafkaListenerEndpointContainer#1-0-C-1] INFO  o.a.k.c.c.i.ConsumerCoordinator [node1:8080] - [Consumer clientId=consumer-order-events-consumer-4, groupId=order-events-consumer] Discovered group coordinator localhost:9093 (id: 2147482646 rack: null)
2025-12-10 00:31:27.170 [org.springframework.kafka.KafkaListenerEndpointContainer#1-0-C-1] INFO  o.a.k.c.c.i.ConsumerCoordinator [node1:8080] - [Consumer clientId=consumer-order-events-consumer-4, groupId=order-events-consumer] Discovered group coordinator localhost:9093 (id: 2147482646 rack: null)
2025-12-10 00:31:27.170 [org.springframework.kafka.KafkaListenerEndpointContainer#1-0-C-1] INFO  o.a.k.c.c.i.ConsumerCoordinator [node1:8080] - [Consumer clientId=consumer-order-events-consumer-4, groupId=order-events-consumer] Group coordinator localhost:9093 (id: 2147482646 rack: null) is unavailable or invalid due to cause: coordinator unavailable.isDisconnected: false. Rediscovery will be attempted.
2025-12-10 00:31:27.171 [org.springframework.kafka.KafkaListenerEndpointContainer#3-0-C-1] INFO  o.a.k.c.c.i.ConsumerCoordinator [node1:8080] - [Consumer clientId=consumer-pattern-consumer-2, groupId=pattern-consumer] Discovered group coordinator localhost:9093 (id: 2147482646 rack: null)
2025-12-10 00:31:27.180 [org.springframework.kafka.KafkaListenerEndpointContainer#3-0-C-1] INFO  o.a.k.c.c.i.ConsumerCoordinator [node1:8080] - [Consumer clientId=consumer-pattern-consumer-2, groupId=pattern-consumer] Discovered group coordinator localhost:9093 (id: 2147482646 rack: null)
2025-12-10 00:31:27.181 [org.springframework.kafka.KafkaListenerEndpointContainer#0-0-C-1] INFO  o.a.k.c.c.i.ConsumerCoordinator [node1:8080] - [Consumer clientId=consumer-user-events-consumer-3, groupId=user-events-consumer] Discovered group coordinator localhost:9093 (id: 2147482646 rack: null)
2025-12-10 00:31:27.195 [org.springframework.kafka.KafkaListenerEndpointContainer#0-0-C-1] INFO  o.a.k.c.c.i.ConsumerCoordinator [node1:8080] - [Consumer clientId=consumer-user-events-consumer-3, groupId=user-events-consumer] Discovered group coordinator localhost:9093 (id: 2147482646 rack: null)
2025-12-10 00:31:27.274 [org.springframework.kafka.KafkaListenerEndpointContainer#1-0-C-1] INFO  o.a.k.c.c.i.ConsumerCoordinator [node1:8080] - [Consumer clientId=consumer-order-events-consumer-4, groupId=order-events-consumer] Discovered group coordinator localhost:9093 (id: 2147482646 rack: null)
2025-12-10 00:31:40.368 [HikariPool-1 housekeeper] WARN  com.zaxxer.hikari.pool.HikariPool [node1:8080] - HikariPool-1 - Thread starvation or clock leap detected (housekeeper delta=9m45s534ms).
2025-12-10 00:41:16.008 [org.springframework.kafka.KafkaListenerEndpointContainer#1-0-C-1] INFO  o.a.k.clients.FetchSessionHandler [node1:8080] - [Consumer clientId=consumer-order-events-consumer-4, groupId=order-events-consumer] Error sending fetch request (sessionId=1276855174, epoch=62) to node 1001:
org.apache.kafka.common.errors.DisconnectException: null
2025-12-10 00:41:16.011 [kafka-coordinator-heartbeat-thread | order-events-consumer] INFO  o.a.k.c.c.i.ConsumerCoordinator [node1:8080] - [Consumer clientId=consumer-order-events-consumer-4, groupId=order-events-consumer] Group coordinator localhost:9093 (id: 2147482646 rack: null) is unavailable or invalid due to cause: session timed out without receiving a heartbeat response.isDisconnected: false. Rediscovery will be attempted.
2025-12-10 00:41:16.011 [org.springframework.kafka.KafkaListenerEndpointContainer#3-0-C-1] INFO  o.a.k.clients.FetchSessionHandler [node1:8080] - [Consumer clientId=consumer-pattern-consumer-2, groupId=pattern-consumer] Error sending fetch request (sessionId=244561547, epoch=62) to node 1001:
org.apache.kafka.common.errors.DisconnectException: null
2025-12-10 00:41:16.012 [kafka-coordinator-heartbeat-thread | user-events-consumer] INFO  o.a.k.c.c.i.ConsumerCoordinator [node1:8080] - [Consumer clientId=consumer-user-events-consumer-3, groupId=user-events-consumer] Group coordinator localhost:9093 (id: 2147482646 rack: null) is unavailable or invalid due to cause: session timed out without receiving a heartbeat response.isDisconnected: false. Rediscovery will be attempted.
2025-12-10 00:41:16.012 [kafka-coordinator-heartbeat-thread | pattern-consumer] INFO  o.a.k.c.c.i.ConsumerCoordinator [node1:8080] - [Consumer clientId=consumer-pattern-consumer-2, groupId=pattern-consumer] Group coordinator localhost:9093 (id: 2147482646 rack: null) is unavailable or invalid due to cause: session timed out without receiving a heartbeat response.isDisconnected: false. Rediscovery will be attempted.
2025-12-10 00:41:17.105 [org.springframework.kafka.KafkaListenerEndpointContainer#2-0-C-1] INFO  o.a.k.clients.FetchSessionHandler [node1:8080] - [Consumer clientId=consumer-notification-batch-consumer-1, groupId=notification-batch-consumer] Error sending fetch request (sessionId=82528928, epoch=63) to node 1001:
org.apache.kafka.common.errors.DisconnectException: null
2025-12-10 00:41:17.106 [kafka-coordinator-heartbeat-thread | notification-batch-consumer] INFO  o.a.k.c.c.i.ConsumerCoordinator [node1:8080] - [Consumer clientId=consumer-notification-batch-consumer-1, groupId=notification-batch-consumer] Group coordinator localhost:9093 (id: 2147482646 rack: null) is unavailable or invalid due to cause: session timed out without receiving a heartbeat response.isDisconnected: false. Rediscovery will be attempted.
2025-12-10 00:41:16.008 [org.springframework.kafka.KafkaListenerEndpointContainer#0-0-C-1] INFO  o.a.k.clients.FetchSessionHandler [node1:8080] - [Consumer clientId=consumer-user-events-consumer-3, groupId=user-events-consumer] Error sending fetch request (sessionId=2029446252, epoch=62) to node 1001:
org.apache.kafka.common.errors.DisconnectException: null
2025-12-10 00:41:17.135 [org.springframework.kafka.KafkaListenerEndpointContainer#0-0-C-1] INFO  o.a.k.c.c.i.ConsumerCoordinator [node1:8080] - [Consumer clientId=consumer-user-events-consumer-3, groupId=user-events-consumer] Discovered group coordinator localhost:9093 (id: 2147482646 rack: null)
2025-12-10 00:41:17.138 [org.springframework.kafka.KafkaListenerEndpointContainer#0-0-C-1] INFO  o.a.k.c.c.i.ConsumerCoordinator [node1:8080] - [Consumer clientId=consumer-user-events-consumer-3, groupId=user-events-consumer] Discovered group coordinator localhost:9093 (id: 2147482646 rack: null)
2025-12-10 00:41:17.139 [org.springframework.kafka.KafkaListenerEndpointContainer#3-0-C-1] INFO  o.a.k.c.c.i.ConsumerCoordinator [node1:8080] - [Consumer clientId=consumer-pattern-consumer-2, groupId=pattern-consumer] Discovered group coordinator localhost:9093 (id: 2147482646 rack: null)
2025-12-10 00:41:17.139 [org.springframework.kafka.KafkaListenerEndpointContainer#2-0-C-1] INFO  o.a.k.c.c.i.ConsumerCoordinator [node1:8080] - [Consumer clientId=consumer-notification-batch-consumer-1, groupId=notification-batch-consumer] Discovered group coordinator localhost:9093 (id: 2147482646 rack: null)
2025-12-10 00:41:17.140 [org.springframework.kafka.KafkaListenerEndpointContainer#1-0-C-1] INFO  o.a.k.c.c.i.ConsumerCoordinator [node1:8080] - [Consumer clientId=consumer-order-events-consumer-4, groupId=order-events-consumer] Discovered group coordinator localhost:9093 (id: 2147482646 rack: null)
2025-12-10 00:41:17.143 [org.springframework.kafka.KafkaListenerEndpointContainer#2-0-C-1] INFO  o.a.k.c.c.i.ConsumerCoordinator [node1:8080] - [Consumer clientId=consumer-notification-batch-consumer-1, groupId=notification-batch-consumer] Discovered group coordinator localhost:9093 (id: 2147482646 rack: null)
2025-12-10 00:41:17.143 [org.springframework.kafka.KafkaListenerEndpointContainer#1-0-C-1] INFO  o.a.k.c.c.i.ConsumerCoordinator [node1:8080] - [Consumer clientId=consumer-order-events-consumer-4, groupId=order-events-consumer] Discovered group coordinator localhost:9093 (id: 2147482646 rack: null)
2025-12-10 00:41:17.143 [org.springframework.kafka.KafkaListenerEndpointContainer#2-0-C-1] INFO  o.a.k.c.c.i.ConsumerCoordinator [node1:8080] - [Consumer clientId=consumer-notification-batch-consumer-1, groupId=notification-batch-consumer] Group coordinator localhost:9093 (id: 2147482646 rack: null) is unavailable or invalid due to cause: coordinator unavailable.isDisconnected: false. Rediscovery will be attempted.
2025-12-10 00:41:17.144 [org.springframework.kafka.KafkaListenerEndpointContainer#3-0-C-1] INFO  o.a.k.c.c.i.ConsumerCoordinator [node1:8080] - [Consumer clientId=consumer-pattern-consumer-2, groupId=pattern-consumer] Discovered group coordinator localhost:9093 (id: 2147482646 rack: null)
2025-12-10 00:41:17.252 [org.springframework.kafka.KafkaListenerEndpointContainer#2-0-C-1] INFO  o.a.k.c.c.i.ConsumerCoordinator [node1:8080] - [Consumer clientId=consumer-notification-batch-consumer-1, groupId=notification-batch-consumer] Discovered group coordinator localhost:9093 (id: 2147482646 rack: null)
2025-12-10 00:41:25.907 [HikariPool-1 housekeeper] WARN  com.zaxxer.hikari.pool.HikariPool [node1:8080] - HikariPool-1 - Thread starvation or clock leap detected (housekeeper delta=9m45s540ms).
2025-12-10 00:51:07.012 [org.springframework.kafka.KafkaListenerEndpointContainer#3-0-C-1] INFO  o.a.k.clients.FetchSessionHandler [node1:8080] - [Consumer clientId=consumer-pattern-consumer-2, groupId=pattern-consumer] Error sending fetch request (sessionId=747152010, epoch=61) to node 1001:
org.apache.kafka.common.errors.DisconnectException: null
2025-12-10 00:51:07.015 [org.springframework.kafka.KafkaListenerEndpointContainer#1-0-C-1] INFO  o.a.k.clients.FetchSessionHandler [node1:8080] - [Consumer clientId=consumer-order-events-consumer-4, groupId=order-events-consumer] Error sending fetch request (sessionId=217035476, epoch=61) to node 1001:
org.apache.kafka.common.errors.DisconnectException: null
2025-12-10 00:51:07.015 [kafka-coordinator-heartbeat-thread | order-events-consumer] INFO  o.a.k.c.c.i.ConsumerCoordinator [node1:8080] - [Consumer clientId=consumer-order-events-consumer-4, groupId=order-events-consumer] Group coordinator localhost:9093 (id: 2147482646 rack: null) is unavailable or invalid due to cause: session timed out without receiving a heartbeat response.isDisconnected: false. Rediscovery will be attempted.
2025-12-10 00:51:07.016 [kafka-coordinator-heartbeat-thread | pattern-consumer] INFO  o.a.k.c.c.i.ConsumerCoordinator [node1:8080] - [Consumer clientId=consumer-pattern-consumer-2, groupId=pattern-consumer] Group coordinator localhost:9093 (id: 2147482646 rack: null) is unavailable or invalid due to cause: session timed out without receiving a heartbeat response.isDisconnected: false. Rediscovery will be attempted.
2025-12-10 00:51:07.015 [org.springframework.kafka.KafkaListenerEndpointContainer#0-0-C-1] INFO  o.a.k.clients.FetchSessionHandler [node1:8080] - [Consumer clientId=consumer-user-events-consumer-3, groupId=user-events-consumer] Error sending fetch request (sessionId=436216011, epoch=61) to node 1001:
org.apache.kafka.common.errors.DisconnectException: null
2025-12-10 00:51:07.016 [kafka-coordinator-heartbeat-thread | user-events-consumer] INFO  o.a.k.c.c.i.ConsumerCoordinator [node1:8080] - [Consumer clientId=consumer-user-events-consumer-3, groupId=user-events-consumer] Group coordinator localhost:9093 (id: 2147482646 rack: null) is unavailable or invalid due to cause: session timed out without receiving a heartbeat response.isDisconnected: false. Rediscovery will be attempted.
2025-12-10 00:51:07.048 [kafka-coordinator-heartbeat-thread | notification-batch-consumer] INFO  o.a.k.c.c.i.ConsumerCoordinator [node1:8080] - [Consumer clientId=consumer-notification-batch-consumer-1, groupId=notification-batch-consumer] Group coordinator localhost:9093 (id: 2147482646 rack: null) is unavailable or invalid due to cause: session timed out without receiving a heartbeat response.isDisconnected: false. Rediscovery will be attempted.
2025-12-10 00:51:08.100 [org.springframework.kafka.KafkaListenerEndpointContainer#2-0-C-1] INFO  o.a.k.c.c.i.ConsumerCoordinator [node1:8080] - [Consumer clientId=consumer-notification-batch-consumer-1, groupId=notification-batch-consumer] Discovered group coordinator localhost:9093 (id: 2147482646 rack: null)
2025-12-10 00:51:08.102 [org.springframework.kafka.KafkaListenerEndpointContainer#2-0-C-1] INFO  o.a.k.c.c.i.ConsumerCoordinator [node1:8080] - [Consumer clientId=consumer-notification-batch-consumer-1, groupId=notification-batch-consumer] Discovered group coordinator localhost:9093 (id: 2147482646 rack: null)
2025-12-10 00:51:08.825 [org.springframework.kafka.KafkaListenerEndpointContainer#1-0-C-1] INFO  o.a.k.c.c.i.ConsumerCoordinator [node1:8080] - [Consumer clientId=consumer-order-events-consumer-4, groupId=order-events-consumer] Discovered group coordinator localhost:9093 (id: 2147482646 rack: null)
2025-12-10 00:51:08.825 [org.springframework.kafka.KafkaListenerEndpointContainer#3-0-C-1] INFO  o.a.k.c.c.i.ConsumerCoordinator [node1:8080] - [Consumer clientId=consumer-pattern-consumer-2, groupId=pattern-consumer] Discovered group coordinator localhost:9093 (id: 2147482646 rack: null)
2025-12-10 00:51:08.825 [org.springframework.kafka.KafkaListenerEndpointContainer#0-0-C-1] INFO  o.a.k.c.c.i.ConsumerCoordinator [node1:8080] - [Consumer clientId=consumer-user-events-consumer-3, groupId=user-events-consumer] Discovered group coordinator localhost:9093 (id: 2147482646 rack: null)
2025-12-10 00:51:08.830 [org.springframework.kafka.KafkaListenerEndpointContainer#3-0-C-1] INFO  o.a.k.c.c.i.ConsumerCoordinator [node1:8080] - [Consumer clientId=consumer-pattern-consumer-2, groupId=pattern-consumer] Discovered group coordinator localhost:9093 (id: 2147482646 rack: null)
2025-12-10 00:51:11.094 [HikariPool-1 housekeeper] WARN  com.zaxxer.hikari.pool.HikariPool [node1:8080] - HikariPool-1 - Thread starvation or clock leap detected (housekeeper delta=9m45s187ms).
2025-12-10 01:00:57.008 [org.springframework.kafka.KafkaListenerEndpointContainer#2-0-C-1] INFO  o.a.k.clients.FetchSessionHandler [node1:8080] - [Consumer clientId=consumer-notification-batch-consumer-1, groupId=notification-batch-consumer] Error sending fetch request (sessionId=1232926694, epoch=126) to node 1001:
org.apache.kafka.common.errors.DisconnectException: null
2025-12-10 01:00:57.008 [org.springframework.kafka.KafkaListenerEndpointContainer#1-0-C-1] INFO  o.a.k.clients.FetchSessionHandler [node1:8080] - [Consumer clientId=consumer-order-events-consumer-4, groupId=order-events-consumer] Error sending fetch request (sessionId=1818256276, epoch=63) to node 1001:
org.apache.kafka.common.errors.DisconnectException: null
2025-12-10 01:00:57.008 [org.springframework.kafka.KafkaListenerEndpointContainer#0-0-C-1] INFO  o.a.k.clients.FetchSessionHandler [node1:8080] - [Consumer clientId=consumer-user-events-consumer-3, groupId=user-events-consumer] Error sending fetch request (sessionId=1811021449, epoch=63) to node 1001:
org.apache.kafka.common.errors.DisconnectException: null
2025-12-10 01:00:57.013 [kafka-coordinator-heartbeat-thread | order-events-consumer] INFO  o.a.k.c.c.i.ConsumerCoordinator [node1:8080] - [Consumer clientId=consumer-order-events-consumer-4, groupId=order-events-consumer] Group coordinator localhost:9093 (id: 2147482646 rack: null) is unavailable or invalid due to cause: session timed out without receiving a heartbeat response.isDisconnected: false. Rediscovery will be attempted.
2025-12-10 01:00:57.013 [kafka-coordinator-heartbeat-thread | notification-batch-consumer] INFO  o.a.k.c.c.i.ConsumerCoordinator [node1:8080] - [Consumer clientId=consumer-notification-batch-consumer-1, groupId=notification-batch-consumer] Group coordinator localhost:9093 (id: 2147482646 rack: null) is unavailable or invalid due to cause: session timed out without receiving a heartbeat response.isDisconnected: false. Rediscovery will be attempted.
2025-12-10 01:00:57.008 [org.springframework.kafka.KafkaListenerEndpointContainer#3-0-C-1] INFO  o.a.k.clients.FetchSessionHandler [node1:8080] - [Consumer clientId=consumer-pattern-consumer-2, groupId=pattern-consumer] Error sending fetch request (sessionId=611375350, epoch=63) to node 1001:
org.apache.kafka.common.errors.DisconnectException: null
2025-12-10 01:00:57.015 [kafka-coordinator-heartbeat-thread | user-events-consumer] INFO  o.a.k.c.c.i.ConsumerCoordinator [node1:8080] - [Consumer clientId=consumer-user-events-consumer-3, groupId=user-events-consumer] Group coordinator localhost:9093 (id: 2147482646 rack: null) is unavailable or invalid due to cause: session timed out without receiving a heartbeat response.isDisconnected: false. Rediscovery will be attempted.
2025-12-10 01:00:57.015 [kafka-coordinator-heartbeat-thread | pattern-consumer] INFO  o.a.k.c.c.i.ConsumerCoordinator [node1:8080] - [Consumer clientId=consumer-pattern-consumer-2, groupId=pattern-consumer] Group coordinator localhost:9093 (id: 2147482646 rack: null) is unavailable or invalid due to cause: session timed out without receiving a heartbeat response.isDisconnected: false. Rediscovery will be attempted.
2025-12-10 01:00:57.124 [org.springframework.kafka.KafkaListenerEndpointContainer#0-0-C-1] INFO  o.a.k.c.c.i.ConsumerCoordinator [node1:8080] - [Consumer clientId=consumer-user-events-consumer-3, groupId=user-events-consumer] Discovered group coordinator localhost:9093 (id: 2147482646 rack: null)
2025-12-10 01:00:57.129 [org.springframework.kafka.KafkaListenerEndpointContainer#1-0-C-1] INFO  o.a.k.c.c.i.ConsumerCoordinator [node1:8080] - [Consumer clientId=consumer-order-events-consumer-4, groupId=order-events-consumer] Discovered group coordinator localhost:9093 (id: 2147482646 rack: null)
2025-12-10 01:00:57.130 [org.springframework.kafka.KafkaListenerEndpointContainer#3-0-C-1] INFO  o.a.k.c.c.i.ConsumerCoordinator [node1:8080] - [Consumer clientId=consumer-pattern-consumer-2, groupId=pattern-consumer] Discovered group coordinator localhost:9093 (id: 2147482646 rack: null)
2025-12-10 01:00:57.137 [org.springframework.kafka.KafkaListenerEndpointContainer#2-0-C-1] INFO  o.a.k.c.c.i.ConsumerCoordinator [node1:8080] - [Consumer clientId=consumer-notification-batch-consumer-1, groupId=notification-batch-consumer] Discovered group coordinator localhost:9093 (id: 2147482646 rack: null)
2025-12-10 01:01:26.572 [HikariPool-1 housekeeper] WARN  com.zaxxer.hikari.pool.HikariPool [node1:8080] - HikariPool-1 - Thread starvation or clock leap detected (housekeeper delta=9m45s493ms).
2025-12-10 01:10:48.012 [org.springframework.kafka.KafkaListenerEndpointContainer#2-0-C-1] INFO  o.a.k.clients.FetchSessionHandler [node1:8080] - [Consumer clientId=consumer-notification-batch-consumer-1, groupId=notification-batch-consumer] Error sending fetch request (sessionId=835524441, epoch=65) to node 1001:
org.apache.kafka.common.errors.DisconnectException: null
2025-12-10 01:10:48.012 [kafka-coordinator-heartbeat-thread | pattern-consumer] INFO  o.a.k.c.c.i.ConsumerCoordinator [node1:8080] - [Consumer clientId=consumer-pattern-consumer-2, groupId=pattern-consumer] Group coordinator localhost:9093 (id: 2147482646 rack: null) is unavailable or invalid due to cause: session timed out without receiving a heartbeat response.isDisconnected: false. Rediscovery will be attempted.
2025-12-10 01:10:48.009 [org.springframework.kafka.KafkaListenerEndpointContainer#0-0-C-1] INFO  o.a.k.clients.FetchSessionHandler [node1:8080] - [Consumer clientId=consumer-user-events-consumer-3, groupId=user-events-consumer] Error sending fetch request (sessionId=781407694, epoch=64) to node 1001:
org.apache.kafka.common.errors.DisconnectException: null
2025-12-10 01:10:48.009 [org.springframework.kafka.KafkaListenerEndpointContainer#1-0-C-1] INFO  o.a.k.clients.FetchSessionHandler [node1:8080] - [Consumer clientId=consumer-order-events-consumer-4, groupId=order-events-consumer] Error sending fetch request (sessionId=1846465420, epoch=64) to node 1001:
org.apache.kafka.common.errors.DisconnectException: null
2025-12-10 01:10:48.014 [kafka-coordinator-heartbeat-thread | notification-batch-consumer] INFO  o.a.k.c.c.i.ConsumerCoordinator [node1:8080] - [Consumer clientId=consumer-notification-batch-consumer-1, groupId=notification-batch-consumer] Group coordinator localhost:9093 (id: 2147482646 rack: null) is unavailable or invalid due to cause: session timed out without receiving a heartbeat response.isDisconnected: false. Rediscovery will be attempted.
2025-12-10 01:10:48.014 [kafka-coordinator-heartbeat-thread | user-events-consumer] INFO  o.a.k.c.c.i.ConsumerCoordinator [node1:8080] - [Consumer clientId=consumer-user-events-consumer-3, groupId=user-events-consumer] Group coordinator localhost:9093 (id: 2147482646 rack: null) is unavailable or invalid due to cause: session timed out without receiving a heartbeat response.isDisconnected: false. Rediscovery will be attempted.
2025-12-10 01:10:48.009 [org.springframework.kafka.KafkaListenerEndpointContainer#3-0-C-1] INFO  o.a.k.clients.FetchSessionHandler [node1:8080] - [Consumer clientId=consumer-pattern-consumer-2, groupId=pattern-consumer] Error sending fetch request (sessionId=2099775633, epoch=65) to node 1001:
org.apache.kafka.common.errors.DisconnectException: null
2025-12-10 01:10:48.014 [kafka-coordinator-heartbeat-thread | order-events-consumer] INFO  o.a.k.c.c.i.ConsumerCoordinator [node1:8080] - [Consumer clientId=consumer-order-events-consumer-4, groupId=order-events-consumer] Group coordinator localhost:9093 (id: 2147482646 rack: null) is unavailable or invalid due to cause: session timed out without receiving a heartbeat response.isDisconnected: false. Rediscovery will be attempted.
2025-12-10 01:10:49.119 [org.springframework.kafka.KafkaListenerEndpointContainer#1-0-C-1] INFO  o.a.k.c.c.i.ConsumerCoordinator [node1:8080] - [Consumer clientId=consumer-order-events-consumer-4, groupId=order-events-consumer] Discovered group coordinator localhost:9093 (id: 2147482646 rack: null)
2025-12-10 01:10:49.119 [org.springframework.kafka.KafkaListenerEndpointContainer#2-0-C-1] INFO  o.a.k.c.c.i.ConsumerCoordinator [node1:8080] - [Consumer clientId=consumer-notification-batch-consumer-1, groupId=notification-batch-consumer] Discovered group coordinator localhost:9093 (id: 2147482646 rack: null)
2025-12-10 01:10:49.127 [org.springframework.kafka.KafkaListenerEndpointContainer#0-0-C-1] INFO  o.a.k.c.c.i.ConsumerCoordinator [node1:8080] - [Consumer clientId=consumer-user-events-consumer-3, groupId=user-events-consumer] Discovered group coordinator localhost:9093 (id: 2147482646 rack: null)
2025-12-10 01:10:49.133 [org.springframework.kafka.KafkaListenerEndpointContainer#3-0-C-1] INFO  o.a.k.c.c.i.ConsumerCoordinator [node1:8080] - [Consumer clientId=consumer-pattern-consumer-2, groupId=pattern-consumer] Discovered group coordinator localhost:9093 (id: 2147482646 rack: null)
2025-12-10 01:11:10.070 [HikariPool-1 housekeeper] WARN  com.zaxxer.hikari.pool.HikariPool [node1:8080] - HikariPool-1 - Thread starvation or clock leap detected (housekeeper delta=9m43s498ms).
2025-12-10 01:20:38.007 [org.springframework.kafka.KafkaListenerEndpointContainer#3-0-C-1] INFO  o.a.k.clients.FetchSessionHandler [node1:8080] - [Consumer clientId=consumer-pattern-consumer-2, groupId=pattern-consumer] Error sending fetch request (sessionId=1657531091, epoch=64) to node 1001:
org.apache.kafka.common.errors.DisconnectException: null
2025-12-10 01:20:38.010 [kafka-coordinator-heartbeat-thread | pattern-consumer] INFO  o.a.k.c.c.i.ConsumerCoordinator [node1:8080] - [Consumer clientId=consumer-pattern-consumer-2, groupId=pattern-consumer] Group coordinator localhost:9093 (id: 2147482646 rack: null) is unavailable or invalid due to cause: session timed out without receiving a heartbeat response.isDisconnected: false. Rediscovery will be attempted.
2025-12-10 01:20:38.012 [kafka-coordinator-heartbeat-thread | notification-batch-consumer] INFO  o.a.k.c.c.i.ConsumerCoordinator [node1:8080] - [Consumer clientId=consumer-notification-batch-consumer-1, groupId=notification-batch-consumer] Group coordinator localhost:9093 (id: 2147482646 rack: null) is unavailable or invalid due to cause: session timed out without receiving a heartbeat response.isDisconnected: false. Rediscovery will be attempted.
2025-12-10 01:20:38.007 [org.springframework.kafka.KafkaListenerEndpointContainer#2-0-C-1] INFO  o.a.k.clients.FetchSessionHandler [node1:8080] - [Consumer clientId=consumer-notification-batch-consumer-1, groupId=notification-batch-consumer] Error sending fetch request (sessionId=1598020673, epoch=64) to node 1001:
org.apache.kafka.common.errors.DisconnectException: null
2025-12-10 01:20:38.013 [kafka-coordinator-heartbeat-thread | order-events-consumer] INFO  o.a.k.c.c.i.ConsumerCoordinator [node1:8080] - [Consumer clientId=consumer-order-events-consumer-4, groupId=order-events-consumer] Group coordinator localhost:9093 (id: 2147482646 rack: null) is unavailable or invalid due to cause: session timed out without receiving a heartbeat response.isDisconnected: false. Rediscovery will be attempted.
2025-12-10 01:20:38.010 [org.springframework.kafka.KafkaListenerEndpointContainer#0-0-C-1] INFO  o.a.k.clients.FetchSessionHandler [node1:8080] - [Consumer clientId=consumer-user-events-consumer-3, groupId=user-events-consumer] Error sending fetch request (sessionId=794064818, epoch=64) to node 1001:
org.apache.kafka.common.errors.DisconnectException: null
2025-12-10 01:20:38.007 [org.springframework.kafka.KafkaListenerEndpointContainer#1-0-C-1] INFO  o.a.k.clients.FetchSessionHandler [node1:8080] - [Consumer clientId=consumer-order-events-consumer-4, groupId=order-events-consumer] Error sending fetch request (sessionId=553045664, epoch=64) to node 1001:
org.apache.kafka.common.errors.DisconnectException: null
2025-12-10 01:20:38.013 [kafka-coordinator-heartbeat-thread | user-events-consumer] INFO  o.a.k.c.c.i.ConsumerCoordinator [node1:8080] - [Consumer clientId=consumer-user-events-consumer-3, groupId=user-events-consumer] Group coordinator localhost:9093 (id: 2147482646 rack: null) is unavailable or invalid due to cause: session timed out without receiving a heartbeat response.isDisconnected: false. Rediscovery will be attempted.
2025-12-10 01:20:39.128 [org.springframework.kafka.KafkaListenerEndpointContainer#1-0-C-1] INFO  o.a.k.c.c.i.ConsumerCoordinator [node1:8080] - [Consumer clientId=consumer-order-events-consumer-4, groupId=order-events-consumer] Discovered group coordinator localhost:9093 (id: 2147482646 rack: null)
2025-12-10 01:20:39.129 [org.springframework.kafka.KafkaListenerEndpointContainer#1-0-C-1] INFO  o.a.k.c.c.i.ConsumerCoordinator [node1:8080] - [Consumer clientId=consumer-order-events-consumer-4, groupId=order-events-consumer] Discovered group coordinator localhost:9093 (id: 2147482646 rack: null)
2025-12-10 01:20:39.137 [org.springframework.kafka.KafkaListenerEndpointContainer#0-0-C-1] INFO  o.a.k.c.c.i.ConsumerCoordinator [node1:8080] - [Consumer clientId=consumer-user-events-consumer-3, groupId=user-events-consumer] Discovered group coordinator localhost:9093 (id: 2147482646 rack: null)
2025-12-10 01:20:39.150 [org.springframework.kafka.KafkaListenerEndpointContainer#3-0-C-1] INFO  o.a.k.c.c.i.ConsumerCoordinator [node1:8080] - [Consumer clientId=consumer-pattern-consumer-2, groupId=pattern-consumer] Discovered group coordinator localhost:9093 (id: 2147482646 rack: null)
2025-12-10 01:20:39.152 [org.springframework.kafka.KafkaListenerEndpointContainer#2-0-C-1] INFO  o.a.k.c.c.i.ConsumerCoordinator [node1:8080] - [Consumer clientId=consumer-notification-batch-consumer-1, groupId=notification-batch-consumer] Discovered group coordinator localhost:9093 (id: 2147482646 rack: null)
2025-12-10 01:20:57.504 [HikariPool-1 housekeeper] WARN  com.zaxxer.hikari.pool.HikariPool [node1:8080] - HikariPool-1 - Thread starvation or clock leap detected (housekeeper delta=9m47s433ms).
2025-12-10 01:30:31.009 [org.springframework.kafka.KafkaListenerEndpointContainer#1-0-C-1] INFO  o.a.k.clients.FetchSessionHandler [node1:8080] - [Consumer clientId=consumer-order-events-consumer-4, groupId=order-events-consumer] Error sending fetch request (sessionId=1144437490, epoch=63) to node 1001:
org.apache.kafka.common.errors.DisconnectException: null
2025-12-10 01:30:31.009 [org.springframework.kafka.KafkaListenerEndpointContainer#0-0-C-1] INFO  o.a.k.clients.FetchSessionHandler [node1:8080] - [Consumer clientId=consumer-user-events-consumer-3, groupId=user-events-consumer] Error sending fetch request (sessionId=1412814516, epoch=63) to node 1001:
org.apache.kafka.common.errors.DisconnectException: null
2025-12-10 01:30:31.012 [kafka-coordinator-heartbeat-thread | order-events-consumer] INFO  o.a.k.c.c.i.ConsumerCoordinator [node1:8080] - [Consumer clientId=consumer-order-events-consumer-4, groupId=order-events-consumer] Group coordinator localhost:9093 (id: 2147482646 rack: null) is unavailable or invalid due to cause: session timed out without receiving a heartbeat response.isDisconnected: false. Rediscovery will be attempted.
2025-12-10 01:30:31.009 [org.springframework.kafka.KafkaListenerEndpointContainer#2-0-C-1] INFO  o.a.k.clients.FetchSessionHandler [node1:8080] - [Consumer clientId=consumer-notification-batch-consumer-1, groupId=notification-batch-consumer] Error sending fetch request (sessionId=1706286168, epoch=63) to node 1001:
org.apache.kafka.common.errors.DisconnectException: null
2025-12-10 01:30:31.013 [kafka-coordinator-heartbeat-thread | notification-batch-consumer] INFO  o.a.k.c.c.i.ConsumerCoordinator [node1:8080] - [Consumer clientId=consumer-notification-batch-consumer-1, groupId=notification-batch-consumer] Group coordinator localhost:9093 (id: 2147482646 rack: null) is unavailable or invalid due to cause: session timed out without receiving a heartbeat response.isDisconnected: false. Rediscovery will be attempted.
2025-12-10 01:30:31.013 [kafka-coordinator-heartbeat-thread | user-events-consumer] INFO  o.a.k.c.c.i.ConsumerCoordinator [node1:8080] - [Consumer clientId=consumer-user-events-consumer-3, groupId=user-events-consumer] Group coordinator localhost:9093 (id: 2147482646 rack: null) is unavailable or invalid due to cause: session timed out without receiving a heartbeat response.isDisconnected: false. Rediscovery will be attempted.
2025-12-10 01:30:31.014 [kafka-coordinator-heartbeat-thread | pattern-consumer] INFO  o.a.k.c.c.i.ConsumerCoordinator [node1:8080] - [Consumer clientId=consumer-pattern-consumer-2, groupId=pattern-consumer] Group coordinator localhost:9093 (id: 2147482646 rack: null) is unavailable or invalid due to cause: session timed out without receiving a heartbeat response.isDisconnected: false. Rediscovery will be attempted.
2025-12-10 01:30:32.105 [org.springframework.kafka.KafkaListenerEndpointContainer#3-0-C-1] INFO  o.a.k.clients.FetchSessionHandler [node1:8080] - [Consumer clientId=consumer-pattern-consumer-2, groupId=pattern-consumer] Error sending fetch request (sessionId=1717634433, epoch=63) to node 1001:
org.apache.kafka.common.errors.DisconnectException: null
2025-12-10 01:30:32.124 [org.springframework.kafka.KafkaListenerEndpointContainer#0-0-C-1] INFO  o.a.k.c.c.i.ConsumerCoordinator [node1:8080] - [Consumer clientId=consumer-user-events-consumer-3, groupId=user-events-consumer] Discovered group coordinator localhost:9093 (id: 2147482646 rack: null)
2025-12-10 01:30:32.133 [org.springframework.kafka.KafkaListenerEndpointContainer#2-0-C-1] INFO  o.a.k.c.c.i.ConsumerCoordinator [node1:8080] - [Consumer clientId=consumer-notification-batch-consumer-1, groupId=notification-batch-consumer] Discovered group coordinator localhost:9093 (id: 2147482646 rack: null)
2025-12-10 01:30:32.143 [org.springframework.kafka.KafkaListenerEndpointContainer#3-0-C-1] INFO  o.a.k.c.c.i.ConsumerCoordinator [node1:8080] - [Consumer clientId=consumer-pattern-consumer-2, groupId=pattern-consumer] Discovered group coordinator localhost:9093 (id: 2147482646 rack: null)
2025-12-10 01:30:32.146 [org.springframework.kafka.KafkaListenerEndpointContainer#1-0-C-1] INFO  o.a.k.c.c.i.ConsumerCoordinator [node1:8080] - [Consumer clientId=consumer-order-events-consumer-4, groupId=order-events-consumer] Discovered group coordinator localhost:9093 (id: 2147482646 rack: null)
2025-12-10 01:30:32.152 [org.springframework.kafka.KafkaListenerEndpointContainer#3-0-C-1] INFO  o.a.k.c.c.i.ConsumerCoordinator [node1:8080] - [Consumer clientId=consumer-pattern-consumer-2, groupId=pattern-consumer] Discovered group coordinator localhost:9093 (id: 2147482646 rack: null)
2025-12-10 01:30:43.270 [HikariPool-1 housekeeper] WARN  com.zaxxer.hikari.pool.HikariPool [node1:8080] - HikariPool-1 - Thread starvation or clock leap detected (housekeeper delta=9m45s767ms).
2025-12-10 01:40:21.007 [org.springframework.kafka.KafkaListenerEndpointContainer#3-0-C-1] INFO  o.a.k.clients.FetchSessionHandler [node1:8080] - [Consumer clientId=consumer-pattern-consumer-2, groupId=pattern-consumer] Error sending fetch request (sessionId=1299350363, epoch=63) to node 1001:
org.apache.kafka.common.errors.DisconnectException: null
2025-12-10 01:40:21.007 [org.springframework.kafka.KafkaListenerEndpointContainer#0-0-C-1] INFO  o.a.k.clients.FetchSessionHandler [node1:8080] - [Consumer clientId=consumer-user-events-consumer-3, groupId=user-events-consumer] Error sending fetch request (sessionId=460625155, epoch=63) to node 1001:
org.apache.kafka.common.errors.DisconnectException: null
2025-12-10 01:40:21.010 [kafka-coordinator-heartbeat-thread | pattern-consumer] INFO  o.a.k.c.c.i.ConsumerCoordinator [node1:8080] - [Consumer clientId=consumer-pattern-consumer-2, groupId=pattern-consumer] Group coordinator localhost:9093 (id: 2147482646 rack: null) is unavailable or invalid due to cause: session timed out without receiving a heartbeat response.isDisconnected: false. Rediscovery will be attempted.
2025-12-10 01:40:21.007 [org.springframework.kafka.KafkaListenerEndpointContainer#2-0-C-1] INFO  o.a.k.clients.FetchSessionHandler [node1:8080] - [Consumer clientId=consumer-notification-batch-consumer-1, groupId=notification-batch-consumer] Error sending fetch request (sessionId=234637465, epoch=63) to node 1001:
org.apache.kafka.common.errors.DisconnectException: null
2025-12-10 01:40:21.011 [kafka-coordinator-heartbeat-thread | order-events-consumer] INFO  o.a.k.c.c.i.ConsumerCoordinator [node1:8080] - [Consumer clientId=consumer-order-events-consumer-4, groupId=order-events-consumer] Group coordinator localhost:9093 (id: 2147482646 rack: null) is unavailable or invalid due to cause: session timed out without receiving a heartbeat response.isDisconnected: false. Rediscovery will be attempted.
2025-12-10 01:40:21.012 [kafka-coordinator-heartbeat-thread | user-events-consumer] INFO  o.a.k.c.c.i.ConsumerCoordinator [node1:8080] - [Consumer clientId=consumer-user-events-consumer-3, groupId=user-events-consumer] Group coordinator localhost:9093 (id: 2147482646 rack: null) is unavailable or invalid due to cause: session timed out without receiving a heartbeat response.isDisconnected: false. Rediscovery will be attempted.
2025-12-10 01:40:21.009 [org.springframework.kafka.KafkaListenerEndpointContainer#1-0-C-1] INFO  o.a.k.clients.FetchSessionHandler [node1:8080] - [Consumer clientId=consumer-order-events-consumer-4, groupId=order-events-consumer] Error sending fetch request (sessionId=1185475223, epoch=63) to node 1001:
org.apache.kafka.common.errors.DisconnectException: null
2025-12-10 01:40:21.011 [kafka-coordinator-heartbeat-thread | notification-batch-consumer] INFO  o.a.k.c.c.i.ConsumerCoordinator [node1:8080] - [Consumer clientId=consumer-notification-batch-consumer-1, groupId=notification-batch-consumer] Group coordinator localhost:9093 (id: 2147482646 rack: null) is unavailable or invalid due to cause: session timed out without receiving a heartbeat response.isDisconnected: false. Rediscovery will be attempted.
2025-12-10 01:40:22.128 [org.springframework.kafka.KafkaListenerEndpointContainer#0-0-C-1] INFO  o.a.k.c.c.i.ConsumerCoordinator [node1:8080] - [Consumer clientId=consumer-user-events-consumer-3, groupId=user-events-consumer] Discovered group coordinator localhost:9093 (id: 2147482646 rack: null)
2025-12-10 01:40:22.134 [org.springframework.kafka.KafkaListenerEndpointContainer#2-0-C-1] INFO  o.a.k.c.c.i.ConsumerCoordinator [node1:8080] - [Consumer clientId=consumer-notification-batch-consumer-1, groupId=notification-batch-consumer] Discovered group coordinator localhost:9093 (id: 2147482646 rack: null)
2025-12-10 01:40:22.138 [org.springframework.kafka.KafkaListenerEndpointContainer#1-0-C-1] INFO  o.a.k.c.c.i.ConsumerCoordinator [node1:8080] - [Consumer clientId=consumer-order-events-consumer-4, groupId=order-events-consumer] Discovered group coordinator localhost:9093 (id: 2147482646 rack: null)
2025-12-10 01:40:22.138 [org.springframework.kafka.KafkaListenerEndpointContainer#0-0-C-1] INFO  o.a.k.c.c.i.ConsumerCoordinator [node1:8080] - [Consumer clientId=consumer-user-events-consumer-3, groupId=user-events-consumer] Discovered group coordinator localhost:9093 (id: 2147482646 rack: null)
2025-12-10 01:40:22.139 [org.springframework.kafka.KafkaListenerEndpointContainer#3-0-C-1] INFO  o.a.k.c.c.i.ConsumerCoordinator [node1:8080] - [Consumer clientId=consumer-pattern-consumer-2, groupId=pattern-consumer] Discovered group coordinator localhost:9093 (id: 2147482646 rack: null)
2025-12-10 01:40:28.753 [HikariPool-1 housekeeper] WARN  com.zaxxer.hikari.pool.HikariPool [node1:8080] - HikariPool-1 - Thread starvation or clock leap detected (housekeeper delta=9m45s483ms).
2025-12-10 01:50:11.010 [org.springframework.kafka.KafkaListenerEndpointContainer#1-0-C-1] INFO  o.a.k.clients.FetchSessionHandler [node1:8080] - [Consumer clientId=consumer-order-events-consumer-4, groupId=order-events-consumer] Error sending fetch request (sessionId=424008769, epoch=62) to node 1001:
org.apache.kafka.common.errors.DisconnectException: null
2025-12-10 01:50:11.010 [org.springframework.kafka.KafkaListenerEndpointContainer#3-0-C-1] INFO  o.a.k.clients.FetchSessionHandler [node1:8080] - [Consumer clientId=consumer-pattern-consumer-2, groupId=pattern-consumer] Error sending fetch request (sessionId=1552756097, epoch=62) to node 1001:
org.apache.kafka.common.errors.DisconnectException: null
2025-12-10 01:50:11.013 [kafka-coordinator-heartbeat-thread | pattern-consumer] INFO  o.a.k.c.c.i.ConsumerCoordinator [node1:8080] - [Consumer clientId=consumer-pattern-consumer-2, groupId=pattern-consumer] Group coordinator localhost:9093 (id: 2147482646 rack: null) is unavailable or invalid due to cause: session timed out without receiving a heartbeat response.isDisconnected: false. Rediscovery will be attempted.
2025-12-10 01:50:11.010 [org.springframework.kafka.KafkaListenerEndpointContainer#0-0-C-1] INFO  o.a.k.clients.FetchSessionHandler [node1:8080] - [Consumer clientId=consumer-user-events-consumer-3, groupId=user-events-consumer] Error sending fetch request (sessionId=1559164276, epoch=62) to node 1001:
org.apache.kafka.common.errors.DisconnectException: null
2025-12-10 01:50:11.013 [kafka-coordinator-heartbeat-thread | order-events-consumer] INFO  o.a.k.c.c.i.ConsumerCoordinator [node1:8080] - [Consumer clientId=consumer-order-events-consumer-4, groupId=order-events-consumer] Group coordinator localhost:9093 (id: 2147482646 rack: null) is unavailable or invalid due to cause: session timed out without receiving a heartbeat response.isDisconnected: false. Rediscovery will be attempted.
2025-12-10 01:50:11.010 [org.springframework.kafka.KafkaListenerEndpointContainer#2-0-C-1] INFO  o.a.k.clients.FetchSessionHandler [node1:8080] - [Consumer clientId=consumer-notification-batch-consumer-1, groupId=notification-batch-consumer] Error sending fetch request (sessionId=830989084, epoch=62) to node 1001:
org.apache.kafka.common.errors.DisconnectException: null
2025-12-10 01:50:11.013 [kafka-coordinator-heartbeat-thread | notification-batch-consumer] INFO  o.a.k.c.c.i.ConsumerCoordinator [node1:8080] - [Consumer clientId=consumer-notification-batch-consumer-1, groupId=notification-batch-consumer] Group coordinator localhost:9093 (id: 2147482646 rack: null) is unavailable or invalid due to cause: session timed out without receiving a heartbeat response.isDisconnected: false. Rediscovery will be attempted.
2025-12-10 01:50:11.014 [kafka-coordinator-heartbeat-thread | user-events-consumer] INFO  o.a.k.c.c.i.ConsumerCoordinator [node1:8080] - [Consumer clientId=consumer-user-events-consumer-3, groupId=user-events-consumer] Group coordinator localhost:9093 (id: 2147482646 rack: null) is unavailable or invalid due to cause: session timed out without receiving a heartbeat response.isDisconnected: false. Rediscovery will be attempted.
2025-12-10 01:50:12.166 [org.springframework.kafka.KafkaListenerEndpointContainer#3-0-C-1] INFO  o.a.k.c.c.i.ConsumerCoordinator [node1:8080] - [Consumer clientId=consumer-pattern-consumer-2, groupId=pattern-consumer] Discovered group coordinator localhost:9093 (id: 2147482646 rack: null)
2025-12-10 01:50:12.171 [org.springframework.kafka.KafkaListenerEndpointContainer#1-0-C-1] INFO  o.a.k.c.c.i.ConsumerCoordinator [node1:8080] - [Consumer clientId=consumer-order-events-consumer-4, groupId=order-events-consumer] Discovered group coordinator localhost:9093 (id: 2147482646 rack: null)
2025-12-10 01:50:12.171 [org.springframework.kafka.KafkaListenerEndpointContainer#2-0-C-1] INFO  o.a.k.c.c.i.ConsumerCoordinator [node1:8080] - [Consumer clientId=consumer-notification-batch-consumer-1, groupId=notification-batch-consumer] Discovered group coordinator localhost:9093 (id: 2147482646 rack: null)
2025-12-10 01:50:12.171 [org.springframework.kafka.KafkaListenerEndpointContainer#3-0-C-1] INFO  o.a.k.c.c.i.ConsumerCoordinator [node1:8080] - [Consumer clientId=consumer-pattern-consumer-2, groupId=pattern-consumer] Discovered group coordinator localhost:9093 (id: 2147482646 rack: null)
2025-12-10 01:50:12.172 [org.springframework.kafka.KafkaListenerEndpointContainer#0-0-C-1] INFO  o.a.k.c.c.i.ConsumerCoordinator [node1:8080] - [Consumer clientId=consumer-user-events-consumer-3, groupId=user-events-consumer] Discovered group coordinator localhost:9093 (id: 2147482646 rack: null)
2025-12-10 01:50:14.256 [HikariPool-1 housekeeper] WARN  com.zaxxer.hikari.pool.HikariPool [node1:8080] - HikariPool-1 - Thread starvation or clock leap detected (housekeeper delta=9m45s503ms).
2025-12-10 02:00:03.008 [org.springframework.kafka.KafkaListenerEndpointContainer#0-0-C-1] INFO  o.a.k.clients.FetchSessionHandler [node1:8080] - [Consumer clientId=consumer-user-events-consumer-3, groupId=user-events-consumer] Error sending fetch request (sessionId=1764610163, epoch=64) to node 1001:
org.apache.kafka.common.errors.DisconnectException: null
2025-12-10 02:00:03.008 [kafka-coordinator-heartbeat-thread | order-events-consumer] INFO  o.a.k.clients.FetchSessionHandler [node1:8080] - [Consumer clientId=consumer-order-events-consumer-4, groupId=order-events-consumer] Error sending fetch request (sessionId=1839518086, epoch=64) to node 1001:
org.apache.kafka.common.errors.DisconnectException: null
2025-12-10 02:00:03.010 [kafka-coordinator-heartbeat-thread | user-events-consumer] INFO  o.a.k.c.c.i.ConsumerCoordinator [node1:8080] - [Consumer clientId=consumer-user-events-consumer-3, groupId=user-events-consumer] Group coordinator localhost:9093 (id: 2147482646 rack: null) is unavailable or invalid due to cause: session timed out without receiving a heartbeat response.isDisconnected: false. Rediscovery will be attempted.
2025-12-10 02:00:03.010 [org.springframework.kafka.KafkaListenerEndpointContainer#2-0-C-1] INFO  o.a.k.clients.FetchSessionHandler [node1:8080] - [Consumer clientId=consumer-notification-batch-consumer-1, groupId=notification-batch-consumer] Error sending fetch request (sessionId=1309353652, epoch=63) to node 1001:
org.apache.kafka.common.errors.DisconnectException: null
2025-12-10 02:00:03.011 [kafka-coordinator-heartbeat-thread | order-events-consumer] INFO  o.a.k.c.c.i.ConsumerCoordinator [node1:8080] - [Consumer clientId=consumer-order-events-consumer-4, groupId=order-events-consumer] Group coordinator localhost:9093 (id: 2147482646 rack: null) is unavailable or invalid due to cause: session timed out without receiving a heartbeat response.isDisconnected: false. Rediscovery will be attempted.
2025-12-10 02:00:03.012 [kafka-coordinator-heartbeat-thread | pattern-consumer] INFO  o.a.k.c.c.i.ConsumerCoordinator [node1:8080] - [Consumer clientId=consumer-pattern-consumer-2, groupId=pattern-consumer] Group coordinator localhost:9093 (id: 2147482646 rack: null) is unavailable or invalid due to cause: session timed out without receiving a heartbeat response.isDisconnected: false. Rediscovery will be attempted.
2025-12-10 02:00:03.008 [org.springframework.kafka.KafkaListenerEndpointContainer#3-0-C-1] INFO  o.a.k.clients.FetchSessionHandler [node1:8080] - [Consumer clientId=consumer-pattern-consumer-2, groupId=pattern-consumer] Error sending fetch request (sessionId=189747934, epoch=63) to node 1001:
org.apache.kafka.common.errors.DisconnectException: null
2025-12-10 02:00:03.012 [kafka-coordinator-heartbeat-thread | notification-batch-consumer] INFO  o.a.k.c.c.i.ConsumerCoordinator [node1:8080] - [Consumer clientId=consumer-notification-batch-consumer-1, groupId=notification-batch-consumer] Group coordinator localhost:9093 (id: 2147482646 rack: null) is unavailable or invalid due to cause: session timed out without receiving a heartbeat response.isDisconnected: false. Rediscovery will be attempted.
2025-12-10 02:00:04.107 [org.springframework.kafka.KafkaListenerEndpointContainer#1-0-C-1] INFO  o.a.k.c.c.i.ConsumerCoordinator [node1:8080] - [Consumer clientId=consumer-order-events-consumer-4, groupId=order-events-consumer] Discovered group coordinator localhost:9093 (id: 2147482646 rack: null)
2025-12-10 02:00:04.111 [org.springframework.kafka.KafkaListenerEndpointContainer#0-0-C-1] INFO  o.a.k.c.c.i.ConsumerCoordinator [node1:8080] - [Consumer clientId=consumer-user-events-consumer-3, groupId=user-events-consumer] Discovered group coordinator localhost:9093 (id: 2147482646 rack: null)
2025-12-10 02:00:04.111 [org.springframework.kafka.KafkaListenerEndpointContainer#3-0-C-1] INFO  o.a.k.c.c.i.ConsumerCoordinator [node1:8080] - [Consumer clientId=consumer-pattern-consumer-2, groupId=pattern-consumer] Discovered group coordinator localhost:9093 (id: 2147482646 rack: null)
2025-12-10 02:00:04.118 [org.springframework.kafka.KafkaListenerEndpointContainer#2-0-C-1] INFO  o.a.k.c.c.i.ConsumerCoordinator [node1:8080] - [Consumer clientId=consumer-notification-batch-consumer-1, groupId=notification-batch-consumer] Discovered group coordinator localhost:9093 (id: 2147482646 rack: null)
2025-12-10 02:00:29.930 [HikariPool-1 housekeeper] WARN  com.zaxxer.hikari.pool.HikariPool [node1:8080] - HikariPool-1 - Thread starvation or clock leap detected (housekeeper delta=9m45s672ms).
2025-12-10 02:09:54.013 [org.springframework.kafka.KafkaListenerEndpointContainer#2-0-C-1] INFO  o.a.k.clients.FetchSessionHandler [node1:8080] - [Consumer clientId=consumer-notification-batch-consumer-1, groupId=notification-batch-consumer] Error sending fetch request (sessionId=1241041816, epoch=63) to node 1001:
org.apache.kafka.common.errors.DisconnectException: null
2025-12-10 02:09:54.014 [org.springframework.kafka.KafkaListenerEndpointContainer#3-0-C-1] INFO  o.a.k.clients.FetchSessionHandler [node1:8080] - [Consumer clientId=consumer-pattern-consumer-2, groupId=pattern-consumer] Error sending fetch request (sessionId=1335717037, epoch=63) to node 1001:
org.apache.kafka.common.errors.DisconnectException: null
2025-12-10 02:09:54.014 [org.springframework.kafka.KafkaListenerEndpointContainer#1-0-C-1] INFO  o.a.k.clients.FetchSessionHandler [node1:8080] - [Consumer clientId=consumer-order-events-consumer-4, groupId=order-events-consumer] Error sending fetch request (sessionId=1110555367, epoch=63) to node 1001:
org.apache.kafka.common.errors.DisconnectException: null
2025-12-10 02:09:54.017 [kafka-coordinator-heartbeat-thread | notification-batch-consumer] INFO  o.a.k.c.c.i.ConsumerCoordinator [node1:8080] - [Consumer clientId=consumer-notification-batch-consumer-1, groupId=notification-batch-consumer] Group coordinator localhost:9093 (id: 2147482646 rack: null) is unavailable or invalid due to cause: session timed out without receiving a heartbeat response.isDisconnected: false. Rediscovery will be attempted.
2025-12-10 02:09:54.017 [kafka-coordinator-heartbeat-thread | order-events-consumer] INFO  o.a.k.c.c.i.ConsumerCoordinator [node1:8080] - [Consumer clientId=consumer-order-events-consumer-4, groupId=order-events-consumer] Group coordinator localhost:9093 (id: 2147482646 rack: null) is unavailable or invalid due to cause: session timed out without receiving a heartbeat response.isDisconnected: false. Rediscovery will be attempted.
2025-12-10 02:09:54.018 [kafka-coordinator-heartbeat-thread | user-events-consumer] INFO  o.a.k.c.c.i.ConsumerCoordinator [node1:8080] - [Consumer clientId=consumer-user-events-consumer-3, groupId=user-events-consumer] Group coordinator localhost:9093 (id: 2147482646 rack: null) is unavailable or invalid due to cause: session timed out without receiving a heartbeat response.isDisconnected: false. Rediscovery will be attempted.
2025-12-10 02:09:54.013 [org.springframework.kafka.KafkaListenerEndpointContainer#0-0-C-1] INFO  o.a.k.clients.FetchSessionHandler [node1:8080] - [Consumer clientId=consumer-user-events-consumer-3, groupId=user-events-consumer] Error sending fetch request (sessionId=1348820468, epoch=63) to node 1001:
org.apache.kafka.common.errors.DisconnectException: null
2025-12-10 02:09:54.017 [kafka-coordinator-heartbeat-thread | pattern-consumer] INFO  o.a.k.c.c.i.ConsumerCoordinator [node1:8080] - [Consumer clientId=consumer-pattern-consumer-2, groupId=pattern-consumer] Group coordinator localhost:9093 (id: 2147482646 rack: null) is unavailable or invalid due to cause: session timed out without receiving a heartbeat response.isDisconnected: false. Rediscovery will be attempted.
2025-12-10 02:09:55.127 [org.springframework.kafka.KafkaListenerEndpointContainer#0-0-C-1] INFO  o.a.k.c.c.i.ConsumerCoordinator [node1:8080] - [Consumer clientId=consumer-user-events-consumer-3, groupId=user-events-consumer] Discovered group coordinator localhost:9093 (id: 2147482646 rack: null)
2025-12-10 02:09:55.128 [org.springframework.kafka.KafkaListenerEndpointContainer#1-0-C-1] INFO  o.a.k.c.c.i.ConsumerCoordinator [node1:8080] - [Consumer clientId=consumer-order-events-consumer-4, groupId=order-events-consumer] Discovered group coordinator localhost:9093 (id: 2147482646 rack: null)
2025-12-10 02:09:55.129 [org.springframework.kafka.KafkaListenerEndpointContainer#2-0-C-1] INFO  o.a.k.c.c.i.ConsumerCoordinator [node1:8080] - [Consumer clientId=consumer-notification-batch-consumer-1, groupId=notification-batch-consumer] Discovered group coordinator localhost:9093 (id: 2147482646 rack: null)
2025-12-10 02:09:55.130 [org.springframework.kafka.KafkaListenerEndpointContainer#3-0-C-1] INFO  o.a.k.c.c.i.ConsumerCoordinator [node1:8080] - [Consumer clientId=consumer-pattern-consumer-2, groupId=pattern-consumer] Discovered group coordinator localhost:9093 (id: 2147482646 rack: null)
2025-12-10 02:10:15.578 [HikariPool-1 housekeeper] WARN  com.zaxxer.hikari.pool.HikariPool [node1:8080] - HikariPool-1 - Thread starvation or clock leap detected (housekeeper delta=9m45s648ms).
2025-12-10 02:19:44.011 [org.springframework.kafka.KafkaListenerEndpointContainer#1-0-C-1] INFO  o.a.k.clients.FetchSessionHandler [node1:8080] - [Consumer clientId=consumer-order-events-consumer-4, groupId=order-events-consumer] Error sending fetch request (sessionId=1836488959, epoch=63) to node 1001:
org.apache.kafka.common.errors.DisconnectException: null
2025-12-10 02:19:44.011 [org.springframework.kafka.KafkaListenerEndpointContainer#0-0-C-1] INFO  o.a.k.clients.FetchSessionHandler [node1:8080] - [Consumer clientId=consumer-user-events-consumer-3, groupId=user-events-consumer] Error sending fetch request (sessionId=1438818143, epoch=63) to node 1001:
org.apache.kafka.common.errors.DisconnectException: null
2025-12-10 02:19:44.011 [org.springframework.kafka.KafkaListenerEndpointContainer#3-0-C-1] INFO  o.a.k.clients.FetchSessionHandler [node1:8080] - [Consumer clientId=consumer-pattern-consumer-2, groupId=pattern-consumer] Error sending fetch request (sessionId=41669101, epoch=64) to node 1001:
org.apache.kafka.common.errors.DisconnectException: null
2025-12-10 02:19:44.014 [kafka-coordinator-heartbeat-thread | pattern-consumer] INFO  o.a.k.c.c.i.ConsumerCoordinator [node1:8080] - [Consumer clientId=consumer-pattern-consumer-2, groupId=pattern-consumer] Group coordinator localhost:9093 (id: 2147482646 rack: null) is unavailable or invalid due to cause: session timed out without receiving a heartbeat response.isDisconnected: false. Rediscovery will be attempted.
2025-12-10 02:19:44.014 [kafka-coordinator-heartbeat-thread | notification-batch-consumer] INFO  o.a.k.c.c.i.ConsumerCoordinator [node1:8080] - [Consumer clientId=consumer-notification-batch-consumer-1, groupId=notification-batch-consumer] Group coordinator localhost:9093 (id: 2147482646 rack: null) is unavailable or invalid due to cause: session timed out without receiving a heartbeat response.isDisconnected: false. Rediscovery will be attempted.
2025-12-10 02:19:44.013 [kafka-coordinator-heartbeat-thread | order-events-consumer] INFO  o.a.k.c.c.i.ConsumerCoordinator [node1:8080] - [Consumer clientId=consumer-order-events-consumer-4, groupId=order-events-consumer] Group coordinator localhost:9093 (id: 2147482646 rack: null) is unavailable or invalid due to cause: session timed out without receiving a heartbeat response.isDisconnected: false. Rediscovery will be attempted.
2025-12-10 02:19:44.013 [org.springframework.kafka.KafkaListenerEndpointContainer#2-0-C-1] INFO  o.a.k.clients.FetchSessionHandler [node1:8080] - [Consumer clientId=consumer-notification-batch-consumer-1, groupId=notification-batch-consumer] Error sending fetch request (sessionId=1251920755, epoch=63) to node 1001:
org.apache.kafka.common.errors.DisconnectException: null
2025-12-10 02:19:44.014 [kafka-coordinator-heartbeat-thread | user-events-consumer] INFO  o.a.k.c.c.i.ConsumerCoordinator [node1:8080] - [Consumer clientId=consumer-user-events-consumer-3, groupId=user-events-consumer] Group coordinator localhost:9093 (id: 2147482646 rack: null) is unavailable or invalid due to cause: session timed out without receiving a heartbeat response.isDisconnected: false. Rediscovery will be attempted.
2025-12-10 02:19:45.119 [org.springframework.kafka.KafkaListenerEndpointContainer#2-0-C-1] INFO  o.a.k.c.c.i.ConsumerCoordinator [node1:8080] - [Consumer clientId=consumer-notification-batch-consumer-1, groupId=notification-batch-consumer] Discovered group coordinator localhost:9093 (id: 2147482646 rack: null)
2025-12-10 02:19:45.121 [org.springframework.kafka.KafkaListenerEndpointContainer#0-0-C-1] INFO  o.a.k.c.c.i.ConsumerCoordinator [node1:8080] - [Consumer clientId=consumer-user-events-consumer-3, groupId=user-events-consumer] Discovered group coordinator localhost:9093 (id: 2147482646 rack: null)
2025-12-10 02:19:45.121 [org.springframework.kafka.KafkaListenerEndpointContainer#3-0-C-1] INFO  o.a.k.c.c.i.ConsumerCoordinator [node1:8080] - [Consumer clientId=consumer-pattern-consumer-2, groupId=pattern-consumer] Discovered group coordinator localhost:9093 (id: 2147482646 rack: null)
2025-12-10 02:19:45.123 [org.springframework.kafka.KafkaListenerEndpointContainer#1-0-C-1] INFO  o.a.k.c.c.i.ConsumerCoordinator [node1:8080] - [Consumer clientId=consumer-order-events-consumer-4, groupId=order-events-consumer] Discovered group coordinator localhost:9093 (id: 2147482646 rack: null)
2025-12-10 02:20:01.059 [HikariPool-1 housekeeper] WARN  com.zaxxer.hikari.pool.HikariPool [node1:8080] - HikariPool-1 - Thread starvation or clock leap detected (housekeeper delta=9m45s481ms).
2025-12-10 02:29:34.009 [org.springframework.kafka.KafkaListenerEndpointContainer#1-0-C-1] INFO  o.a.k.clients.FetchSessionHandler [node1:8080] - [Consumer clientId=consumer-order-events-consumer-4, groupId=order-events-consumer] Error sending fetch request (sessionId=1766988337, epoch=63) to node 1001:
org.apache.kafka.common.errors.DisconnectException: null
2025-12-10 02:29:34.009 [org.springframework.kafka.KafkaListenerEndpointContainer#2-0-C-1] INFO  o.a.k.clients.FetchSessionHandler [node1:8080] - [Consumer clientId=consumer-notification-batch-consumer-1, groupId=notification-batch-consumer] Error sending fetch request (sessionId=2131045593, epoch=63) to node 1001:
org.apache.kafka.common.errors.DisconnectException: null
2025-12-10 02:29:34.009 [org.springframework.kafka.KafkaListenerEndpointContainer#0-0-C-1] INFO  o.a.k.clients.FetchSessionHandler [node1:8080] - [Consumer clientId=consumer-user-events-consumer-3, groupId=user-events-consumer] Error sending fetch request (sessionId=745439781, epoch=63) to node 1001:
org.apache.kafka.common.errors.DisconnectException: null
2025-12-10 02:29:34.013 [kafka-coordinator-heartbeat-thread | pattern-consumer] INFO  o.a.k.c.c.i.ConsumerCoordinator [node1:8080] - [Consumer clientId=consumer-pattern-consumer-2, groupId=pattern-consumer] Group coordinator localhost:9093 (id: 2147482646 rack: null) is unavailable or invalid due to cause: session timed out without receiving a heartbeat response.isDisconnected: false. Rediscovery will be attempted.
2025-12-10 02:29:34.014 [kafka-coordinator-heartbeat-thread | user-events-consumer] INFO  o.a.k.c.c.i.ConsumerCoordinator [node1:8080] - [Consumer clientId=consumer-user-events-consumer-3, groupId=user-events-consumer] Group coordinator localhost:9093 (id: 2147482646 rack: null) is unavailable or invalid due to cause: session timed out without receiving a heartbeat response.isDisconnected: false. Rediscovery will be attempted.
2025-12-10 02:29:34.012 [kafka-coordinator-heartbeat-thread | order-events-consumer] INFO  o.a.k.c.c.i.ConsumerCoordinator [node1:8080] - [Consumer clientId=consumer-order-events-consumer-4, groupId=order-events-consumer] Group coordinator localhost:9093 (id: 2147482646 rack: null) is unavailable or invalid due to cause: session timed out without receiving a heartbeat response.isDisconnected: false. Rediscovery will be attempted.
2025-12-10 02:29:34.009 [org.springframework.kafka.KafkaListenerEndpointContainer#3-0-C-1] INFO  o.a.k.clients.FetchSessionHandler [node1:8080] - [Consumer clientId=consumer-pattern-consumer-2, groupId=pattern-consumer] Error sending fetch request (sessionId=812023662, epoch=63) to node 1001:
org.apache.kafka.common.errors.DisconnectException: null
2025-12-10 02:29:34.014 [kafka-coordinator-heartbeat-thread | notification-batch-consumer] INFO  o.a.k.c.c.i.ConsumerCoordinator [node1:8080] - [Consumer clientId=consumer-notification-batch-consumer-1, groupId=notification-batch-consumer] Group coordinator localhost:9093 (id: 2147482646 rack: null) is unavailable or invalid due to cause: session timed out without receiving a heartbeat response.isDisconnected: false. Rediscovery will be attempted.
2025-12-10 02:29:35.141 [org.springframework.kafka.KafkaListenerEndpointContainer#1-0-C-1] INFO  o.a.k.c.c.i.ConsumerCoordinator [node1:8080] - [Consumer clientId=consumer-order-events-consumer-4, groupId=order-events-consumer] Discovered group coordinator localhost:9093 (id: 2147482646 rack: null)
2025-12-10 02:29:35.145 [org.springframework.kafka.KafkaListenerEndpointContainer#0-0-C-1] INFO  o.a.k.c.c.i.ConsumerCoordinator [node1:8080] - [Consumer clientId=consumer-user-events-consumer-3, groupId=user-events-consumer] Discovered group coordinator localhost:9093 (id: 2147482646 rack: null)
2025-12-10 02:29:35.145 [org.springframework.kafka.KafkaListenerEndpointContainer#3-0-C-1] INFO  o.a.k.c.c.i.ConsumerCoordinator [node1:8080] - [Consumer clientId=consumer-pattern-consumer-2, groupId=pattern-consumer] Discovered group coordinator localhost:9093 (id: 2147482646 rack: null)
2025-12-10 02:29:35.148 [org.springframework.kafka.KafkaListenerEndpointContainer#2-0-C-1] INFO  o.a.k.c.c.i.ConsumerCoordinator [node1:8080] - [Consumer clientId=consumer-notification-batch-consumer-1, groupId=notification-batch-consumer] Discovered group coordinator localhost:9093 (id: 2147482646 rack: null)
2025-12-10 02:29:46.385 [HikariPool-1 housekeeper] WARN  com.zaxxer.hikari.pool.HikariPool [node1:8080] - HikariPool-1 - Thread starvation or clock leap detected (housekeeper delta=9m45s326ms).
2025-12-10 02:39:26.008 [org.springframework.kafka.KafkaListenerEndpointContainer#1-0-C-1] INFO  o.a.k.clients.FetchSessionHandler [node1:8080] - [Consumer clientId=consumer-order-events-consumer-4, groupId=order-events-consumer] Error sending fetch request (sessionId=683755072, epoch=63) to node 1001:
org.apache.kafka.common.errors.DisconnectException: null
2025-12-10 02:39:26.008 [org.springframework.kafka.KafkaListenerEndpointContainer#2-0-C-1] INFO  o.a.k.clients.FetchSessionHandler [node1:8080] - [Consumer clientId=consumer-notification-batch-consumer-1, groupId=notification-batch-consumer] Error sending fetch request (sessionId=1698581178, epoch=63) to node 1001:
org.apache.kafka.common.errors.DisconnectException: null
2025-12-10 02:39:26.011 [kafka-coordinator-heartbeat-thread | order-events-consumer] INFO  o.a.k.c.c.i.ConsumerCoordinator [node1:8080] - [Consumer clientId=consumer-order-events-consumer-4, groupId=order-events-consumer] Group coordinator localhost:9093 (id: 2147482646 rack: null) is unavailable or invalid due to cause: session timed out without receiving a heartbeat response.isDisconnected: false. Rediscovery will be attempted.
2025-12-10 02:39:26.011 [org.springframework.kafka.KafkaListenerEndpointContainer#3-0-C-1] INFO  o.a.k.clients.FetchSessionHandler [node1:8080] - [Consumer clientId=consumer-pattern-consumer-2, groupId=pattern-consumer] Error sending fetch request (sessionId=384105580, epoch=63) to node 1001:
org.apache.kafka.common.errors.DisconnectException: null
2025-12-10 02:39:26.012 [kafka-coordinator-heartbeat-thread | pattern-consumer] INFO  o.a.k.c.c.i.ConsumerCoordinator [node1:8080] - [Consumer clientId=consumer-pattern-consumer-2, groupId=pattern-consumer] Group coordinator localhost:9093 (id: 2147482646 rack: null) is unavailable or invalid due to cause: session timed out without receiving a heartbeat response.isDisconnected: false. Rediscovery will be attempted.
2025-12-10 02:39:26.008 [org.springframework.kafka.KafkaListenerEndpointContainer#0-0-C-1] INFO  o.a.k.clients.FetchSessionHandler [node1:8080] - [Consumer clientId=consumer-user-events-consumer-3, groupId=user-events-consumer] Error sending fetch request (sessionId=1459530193, epoch=63) to node 1001:
org.apache.kafka.common.errors.DisconnectException: null
2025-12-10 02:39:26.013 [kafka-coordinator-heartbeat-thread | notification-batch-consumer] INFO  o.a.k.c.c.i.ConsumerCoordinator [node1:8080] - [Consumer clientId=consumer-notification-batch-consumer-1, groupId=notification-batch-consumer] Group coordinator localhost:9093 (id: 2147482646 rack: null) is unavailable or invalid due to cause: session timed out without receiving a heartbeat response.isDisconnected: false. Rediscovery will be attempted.
2025-12-10 02:39:26.013 [kafka-coordinator-heartbeat-thread | user-events-consumer] INFO  o.a.k.c.c.i.ConsumerCoordinator [node1:8080] - [Consumer clientId=consumer-user-events-consumer-3, groupId=user-events-consumer] Group coordinator localhost:9093 (id: 2147482646 rack: null) is unavailable or invalid due to cause: session timed out without receiving a heartbeat response.isDisconnected: false. Rediscovery will be attempted.
2025-12-10 02:39:27.120 [org.springframework.kafka.KafkaListenerEndpointContainer#2-0-C-1] INFO  o.a.k.c.c.i.ConsumerCoordinator [node1:8080] - [Consumer clientId=consumer-notification-batch-consumer-1, groupId=notification-batch-consumer] Discovered group coordinator localhost:9093 (id: 2147482646 rack: null)
2025-12-10 02:39:27.125 [org.springframework.kafka.KafkaListenerEndpointContainer#3-0-C-1] INFO  o.a.k.c.c.i.ConsumerCoordinator [node1:8080] - [Consumer clientId=consumer-pattern-consumer-2, groupId=pattern-consumer] Discovered group coordinator localhost:9093 (id: 2147482646 rack: null)
2025-12-10 02:39:27.125 [org.springframework.kafka.KafkaListenerEndpointContainer#0-0-C-1] INFO  o.a.k.c.c.i.ConsumerCoordinator [node1:8080] - [Consumer clientId=consumer-user-events-consumer-3, groupId=user-events-consumer] Discovered group coordinator localhost:9093 (id: 2147482646 rack: null)
2025-12-10 02:39:27.126 [org.springframework.kafka.KafkaListenerEndpointContainer#3-0-C-1] INFO  o.a.k.c.c.i.ConsumerCoordinator [node1:8080] - [Consumer clientId=consumer-pattern-consumer-2, groupId=pattern-consumer] Discovered group coordinator localhost:9093 (id: 2147482646 rack: null)
2025-12-10 02:39:27.128 [org.springframework.kafka.KafkaListenerEndpointContainer#1-0-C-1] INFO  o.a.k.c.c.i.ConsumerCoordinator [node1:8080] - [Consumer clientId=consumer-order-events-consumer-4, groupId=order-events-consumer] Discovered group coordinator localhost:9093 (id: 2147482646 rack: null)
2025-12-10 02:39:31.961 [HikariPool-1 housekeeper] WARN  com.zaxxer.hikari.pool.HikariPool [node1:8080] - HikariPool-1 - Thread starvation or clock leap detected (housekeeper delta=9m45s575ms).
2025-12-10 02:49:16.005 [org.springframework.kafka.KafkaListenerEndpointContainer#2-0-C-1] INFO  o.a.k.clients.FetchSessionHandler [node1:8080] - [Consumer clientId=consumer-notification-batch-consumer-1, groupId=notification-batch-consumer] Error sending fetch request (sessionId=662440072, epoch=63) to node 1001:
org.apache.kafka.common.errors.DisconnectException: null
2025-12-10 02:49:16.010 [kafka-coordinator-heartbeat-thread | notification-batch-consumer] INFO  o.a.k.c.c.i.ConsumerCoordinator [node1:8080] - [Consumer clientId=consumer-notification-batch-consumer-1, groupId=notification-batch-consumer] Group coordinator localhost:9093 (id: 2147482646 rack: null) is unavailable or invalid due to cause: session timed out without receiving a heartbeat response.isDisconnected: false. Rediscovery will be attempted.
2025-12-10 02:49:16.005 [org.springframework.kafka.KafkaListenerEndpointContainer#1-0-C-1] INFO  o.a.k.clients.FetchSessionHandler [node1:8080] - [Consumer clientId=consumer-order-events-consumer-4, groupId=order-events-consumer] Error sending fetch request (sessionId=1253822841, epoch=63) to node 1001:
org.apache.kafka.common.errors.DisconnectException: null
2025-12-10 02:49:16.011 [kafka-coordinator-heartbeat-thread | order-events-consumer] INFO  o.a.k.c.c.i.ConsumerCoordinator [node1:8080] - [Consumer clientId=consumer-order-events-consumer-4, groupId=order-events-consumer] Group coordinator localhost:9093 (id: 2147482646 rack: null) is unavailable or invalid due to cause: session timed out without receiving a heartbeat response.isDisconnected: false. Rediscovery will be attempted.
2025-12-10 02:49:16.011 [kafka-coordinator-heartbeat-thread | pattern-consumer] INFO  o.a.k.c.c.i.ConsumerCoordinator [node1:8080] - [Consumer clientId=consumer-pattern-consumer-2, groupId=pattern-consumer] Group coordinator localhost:9093 (id: 2147482646 rack: null) is unavailable or invalid due to cause: session timed out without receiving a heartbeat response.isDisconnected: false. Rediscovery will be attempted.
2025-12-10 02:49:16.005 [org.springframework.kafka.KafkaListenerEndpointContainer#3-0-C-1] INFO  o.a.k.clients.FetchSessionHandler [node1:8080] - [Consumer clientId=consumer-pattern-consumer-2, groupId=pattern-consumer] Error sending fetch request (sessionId=1001048531, epoch=63) to node 1001:
org.apache.kafka.common.errors.DisconnectException: null
2025-12-10 02:49:16.011 [kafka-coordinator-heartbeat-thread | user-events-consumer] INFO  o.a.k.c.c.i.ConsumerCoordinator [node1:8080] - [Consumer clientId=consumer-user-events-consumer-3, groupId=user-events-consumer] Group coordinator localhost:9093 (id: 2147482646 rack: null) is unavailable or invalid due to cause: session timed out without receiving a heartbeat response.isDisconnected: false. Rediscovery will be attempted.
2025-12-10 02:49:16.005 [org.springframework.kafka.KafkaListenerEndpointContainer#0-0-C-1] INFO  o.a.k.clients.FetchSessionHandler [node1:8080] - [Consumer clientId=consumer-user-events-consumer-3, groupId=user-events-consumer] Error sending fetch request (sessionId=227570947, epoch=63) to node 1001:
org.apache.kafka.common.errors.DisconnectException: null
2025-12-10 02:49:16.123 [org.springframework.kafka.KafkaListenerEndpointContainer#0-0-C-1] INFO  o.a.k.c.c.i.ConsumerCoordinator [node1:8080] - [Consumer clientId=consumer-user-events-consumer-3, groupId=user-events-consumer] Discovered group coordinator localhost:9093 (id: 2147482646 rack: null)
2025-12-10 02:49:16.136 [org.springframework.kafka.KafkaListenerEndpointContainer#1-0-C-1] INFO  o.a.k.c.c.i.ConsumerCoordinator [node1:8080] - [Consumer clientId=consumer-order-events-consumer-4, groupId=order-events-consumer] Discovered group coordinator localhost:9093 (id: 2147482646 rack: null)
2025-12-10 02:49:16.914 [HikariPool-1 housekeeper] WARN  com.zaxxer.hikari.pool.HikariPool [node1:8080] - HikariPool-1 - Thread starvation or clock leap detected (housekeeper delta=9m44s954ms).
2025-12-10 02:49:17.101 [org.springframework.kafka.KafkaListenerEndpointContainer#2-0-C-1] INFO  o.a.k.c.c.i.ConsumerCoordinator [node1:8080] - [Consumer clientId=consumer-notification-batch-consumer-1, groupId=notification-batch-consumer] Discovered group coordinator localhost:9093 (id: 2147482646 rack: null)
2025-12-10 02:49:17.101 [org.springframework.kafka.KafkaListenerEndpointContainer#3-0-C-1] INFO  o.a.k.c.c.i.ConsumerCoordinator [node1:8080] - [Consumer clientId=consumer-pattern-consumer-2, groupId=pattern-consumer] Discovered group coordinator localhost:9093 (id: 2147482646 rack: null)
2025-12-10 02:59:06.006 [org.springframework.kafka.KafkaListenerEndpointContainer#1-0-C-1] INFO  o.a.k.clients.FetchSessionHandler [node1:8080] - [Consumer clientId=consumer-order-events-consumer-4, groupId=order-events-consumer] Error sending fetch request (sessionId=1828647292, epoch=64) to node 1001:
org.apache.kafka.common.errors.DisconnectException: null
2025-12-10 02:59:06.006 [org.springframework.kafka.KafkaListenerEndpointContainer#0-0-C-1] INFO  o.a.k.clients.FetchSessionHandler [node1:8080] - [Consumer clientId=consumer-user-events-consumer-3, groupId=user-events-consumer] Error sending fetch request (sessionId=90051069, epoch=64) to node 1001:
org.apache.kafka.common.errors.DisconnectException: null
2025-12-10 02:59:06.010 [kafka-coordinator-heartbeat-thread | notification-batch-consumer] INFO  o.a.k.c.c.i.ConsumerCoordinator [node1:8080] - [Consumer clientId=consumer-notification-batch-consumer-1, groupId=notification-batch-consumer] Group coordinator localhost:9093 (id: 2147482646 rack: null) is unavailable or invalid due to cause: session timed out without receiving a heartbeat response.isDisconnected: false. Rediscovery will be attempted.
2025-12-10 02:59:06.006 [org.springframework.kafka.KafkaListenerEndpointContainer#2-0-C-1] INFO  o.a.k.clients.FetchSessionHandler [node1:8080] - [Consumer clientId=consumer-notification-batch-consumer-1, groupId=notification-batch-consumer] Error sending fetch request (sessionId=550551351, epoch=64) to node 1001:
org.apache.kafka.common.errors.DisconnectException: null
2025-12-10 02:59:06.011 [kafka-coordinator-heartbeat-thread | user-events-consumer] INFO  o.a.k.c.c.i.ConsumerCoordinator [node1:8080] - [Consumer clientId=consumer-user-events-consumer-3, groupId=user-events-consumer] Group coordinator localhost:9093 (id: 2147482646 rack: null) is unavailable or invalid due to cause: session timed out without receiving a heartbeat response.isDisconnected: false. Rediscovery will be attempted.
2025-12-10 02:59:06.006 [org.springframework.kafka.KafkaListenerEndpointContainer#3-0-C-1] INFO  o.a.k.clients.FetchSessionHandler [node1:8080] - [Consumer clientId=consumer-pattern-consumer-2, groupId=pattern-consumer] Error sending fetch request (sessionId=2010597867, epoch=64) to node 1001:
org.apache.kafka.common.errors.DisconnectException: null
2025-12-10 02:59:06.010 [kafka-coordinator-heartbeat-thread | pattern-consumer] INFO  o.a.k.c.c.i.ConsumerCoordinator [node1:8080] - [Consumer clientId=consumer-pattern-consumer-2, groupId=pattern-consumer] Group coordinator localhost:9093 (id: 2147482646 rack: null) is unavailable or invalid due to cause: session timed out without receiving a heartbeat response.isDisconnected: false. Rediscovery will be attempted.
2025-12-10 02:59:06.011 [kafka-coordinator-heartbeat-thread | order-events-consumer] INFO  o.a.k.c.c.i.ConsumerCoordinator [node1:8080] - [Consumer clientId=consumer-order-events-consumer-4, groupId=order-events-consumer] Group coordinator localhost:9093 (id: 2147482646 rack: null) is unavailable or invalid due to cause: session timed out without receiving a heartbeat response.isDisconnected: false. Rediscovery will be attempted.
2025-12-10 02:59:07.112 [org.springframework.kafka.KafkaListenerEndpointContainer#1-0-C-1] INFO  o.a.k.c.c.i.ConsumerCoordinator [node1:8080] - [Consumer clientId=consumer-order-events-consumer-4, groupId=order-events-consumer] Discovered group coordinator localhost:9093 (id: 2147482646 rack: null)
2025-12-10 02:59:07.114 [org.springframework.kafka.KafkaListenerEndpointContainer#1-0-C-1] INFO  o.a.k.c.c.i.ConsumerCoordinator [node1:8080] - [Consumer clientId=consumer-order-events-consumer-4, groupId=order-events-consumer] Discovered group coordinator localhost:9093 (id: 2147482646 rack: null)
2025-12-10 02:59:07.114 [org.springframework.kafka.KafkaListenerEndpointContainer#1-0-C-1] INFO  o.a.k.c.c.i.ConsumerCoordinator [node1:8080] - [Consumer clientId=consumer-order-events-consumer-4, groupId=order-events-consumer] Group coordinator localhost:9093 (id: 2147482646 rack: null) is unavailable or invalid due to cause: coordinator unavailable.isDisconnected: false. Rediscovery will be attempted.
2025-12-10 02:59:07.116 [org.springframework.kafka.KafkaListenerEndpointContainer#2-0-C-1] INFO  o.a.k.c.c.i.ConsumerCoordinator [node1:8080] - [Consumer clientId=consumer-notification-batch-consumer-1, groupId=notification-batch-consumer] Discovered group coordinator localhost:9093 (id: 2147482646 rack: null)
2025-12-10 02:59:07.117 [org.springframework.kafka.KafkaListenerEndpointContainer#3-0-C-1] INFO  o.a.k.c.c.i.ConsumerCoordinator [node1:8080] - [Consumer clientId=consumer-pattern-consumer-2, groupId=pattern-consumer] Discovered group coordinator localhost:9093 (id: 2147482646 rack: null)
2025-12-10 02:59:07.118 [org.springframework.kafka.KafkaListenerEndpointContainer#2-0-C-1] INFO  o.a.k.c.c.i.ConsumerCoordinator [node1:8080] - [Consumer clientId=consumer-notification-batch-consumer-1, groupId=notification-batch-consumer] Discovered group coordinator localhost:9093 (id: 2147482646 rack: null)
2025-12-10 02:59:07.118 [org.springframework.kafka.KafkaListenerEndpointContainer#2-0-C-1] INFO  o.a.k.c.c.i.ConsumerCoordinator [node1:8080] - [Consumer clientId=consumer-notification-batch-consumer-1, groupId=notification-batch-consumer] Group coordinator localhost:9093 (id: 2147482646 rack: null) is unavailable or invalid due to cause: coordinator unavailable.isDisconnected: false. Rediscovery will be attempted.
2025-12-10 02:59:07.119 [org.springframework.kafka.KafkaListenerEndpointContainer#3-0-C-1] INFO  o.a.k.c.c.i.ConsumerCoordinator [node1:8080] - [Consumer clientId=consumer-pattern-consumer-2, groupId=pattern-consumer] Discovered group coordinator localhost:9093 (id: 2147482646 rack: null)
2025-12-10 02:59:07.119 [org.springframework.kafka.KafkaListenerEndpointContainer#3-0-C-1] INFO  o.a.k.c.c.i.ConsumerCoordinator [node1:8080] - [Consumer clientId=consumer-pattern-consumer-2, groupId=pattern-consumer] Group coordinator localhost:9093 (id: 2147482646 rack: null) is unavailable or invalid due to cause: coordinator unavailable.isDisconnected: false. Rediscovery will be attempted.
2025-12-10 02:59:08.720 [org.springframework.kafka.KafkaListenerEndpointContainer#0-0-C-1] INFO  o.a.k.c.c.i.ConsumerCoordinator [node1:8080] - [Consumer clientId=consumer-user-events-consumer-3, groupId=user-events-consumer] Discovered group coordinator localhost:9093 (id: 2147482646 rack: null)
2025-12-10 02:59:08.723 [org.springframework.kafka.KafkaListenerEndpointContainer#0-0-C-1] INFO  o.a.k.c.c.i.ConsumerCoordinator [node1:8080] - [Consumer clientId=consumer-user-events-consumer-3, groupId=user-events-consumer] Discovered group coordinator localhost:9093 (id: 2147482646 rack: null)
2025-12-10 02:59:08.808 [org.springframework.kafka.KafkaListenerEndpointContainer#1-0-C-1] INFO  o.a.k.c.c.i.ConsumerCoordinator [node1:8080] - [Consumer clientId=consumer-order-events-consumer-4, groupId=order-events-consumer] Discovered group coordinator localhost:9093 (id: 2147482646 rack: null)
2025-12-10 02:59:08.811 [org.springframework.kafka.KafkaListenerEndpointContainer#3-0-C-1] INFO  o.a.k.c.c.i.ConsumerCoordinator [node1:8080] - [Consumer clientId=consumer-pattern-consumer-2, groupId=pattern-consumer] Discovered group coordinator localhost:9093 (id: 2147482646 rack: null)
2025-12-10 02:59:08.811 [org.springframework.kafka.KafkaListenerEndpointContainer#2-0-C-1] INFO  o.a.k.c.c.i.ConsumerCoordinator [node1:8080] - [Consumer clientId=consumer-notification-batch-consumer-1, groupId=notification-batch-consumer] Discovered group coordinator localhost:9093 (id: 2147482646 rack: null)
2025-12-10 02:59:32.925 [HikariPool-1 housekeeper] WARN  com.zaxxer.hikari.pool.HikariPool [node1:8080] - HikariPool-1 - Thread starvation or clock leap detected (housekeeper delta=9m45s484ms).
2025-12-10 03:08:58.008 [org.springframework.kafka.KafkaListenerEndpointContainer#0-0-C-1] INFO  o.a.k.clients.FetchSessionHandler [node1:8080] - [Consumer clientId=consumer-user-events-consumer-3, groupId=user-events-consumer] Error sending fetch request (sessionId=2105089032, epoch=64) to node 1001:
org.apache.kafka.common.errors.DisconnectException: null
2025-12-10 03:08:58.008 [org.springframework.kafka.KafkaListenerEndpointContainer#3-0-C-1] INFO  o.a.k.clients.FetchSessionHandler [node1:8080] - [Consumer clientId=consumer-pattern-consumer-2, groupId=pattern-consumer] Error sending fetch request (sessionId=1033682243, epoch=63) to node 1001:
org.apache.kafka.common.errors.DisconnectException: null
2025-12-10 03:08:58.008 [org.springframework.kafka.KafkaListenerEndpointContainer#2-0-C-1] INFO  o.a.k.clients.FetchSessionHandler [node1:8080] - [Consumer clientId=consumer-notification-batch-consumer-1, groupId=notification-batch-consumer] Error sending fetch request (sessionId=1390989368, epoch=64) to node 1001:
org.apache.kafka.common.errors.DisconnectException: null
2025-12-10 03:08:58.012 [kafka-coordinator-heartbeat-thread | pattern-consumer] INFO  o.a.k.c.c.i.ConsumerCoordinator [node1:8080] - [Consumer clientId=consumer-pattern-consumer-2, groupId=pattern-consumer] Group coordinator localhost:9093 (id: 2147482646 rack: null) is unavailable or invalid due to cause: session timed out without receiving a heartbeat response.isDisconnected: false. Rediscovery will be attempted.
2025-12-10 03:08:58.012 [kafka-coordinator-heartbeat-thread | notification-batch-consumer] INFO  o.a.k.c.c.i.ConsumerCoordinator [node1:8080] - [Consumer clientId=consumer-notification-batch-consumer-1, groupId=notification-batch-consumer] Group coordinator localhost:9093 (id: 2147482646 rack: null) is unavailable or invalid due to cause: session timed out without receiving a heartbeat response.isDisconnected: false. Rediscovery will be attempted.
2025-12-10 03:08:58.012 [kafka-coordinator-heartbeat-thread | user-events-consumer] INFO  o.a.k.c.c.i.ConsumerCoordinator [node1:8080] - [Consumer clientId=consumer-user-events-consumer-3, groupId=user-events-consumer] Group coordinator localhost:9093 (id: 2147482646 rack: null) is unavailable or invalid due to cause: session timed out without receiving a heartbeat response.isDisconnected: false. Rediscovery will be attempted.
2025-12-10 03:08:58.008 [org.springframework.kafka.KafkaListenerEndpointContainer#1-0-C-1] INFO  o.a.k.clients.FetchSessionHandler [node1:8080] - [Consumer clientId=consumer-order-events-consumer-4, groupId=order-events-consumer] Error sending fetch request (sessionId=431740513, epoch=63) to node 1001:
org.apache.kafka.common.errors.DisconnectException: null
2025-12-10 03:08:58.012 [kafka-coordinator-heartbeat-thread | order-events-consumer] INFO  o.a.k.c.c.i.ConsumerCoordinator [node1:8080] - [Consumer clientId=consumer-order-events-consumer-4, groupId=order-events-consumer] Group coordinator localhost:9093 (id: 2147482646 rack: null) is unavailable or invalid due to cause: session timed out without receiving a heartbeat response.isDisconnected: false. Rediscovery will be attempted.
2025-12-10 03:08:59.112 [org.springframework.kafka.KafkaListenerEndpointContainer#3-0-C-1] INFO  o.a.k.c.c.i.ConsumerCoordinator [node1:8080] - [Consumer clientId=consumer-pattern-consumer-2, groupId=pattern-consumer] Discovered group coordinator localhost:9093 (id: 2147482646 rack: null)
2025-12-10 03:08:59.125 [org.springframework.kafka.KafkaListenerEndpointContainer#2-0-C-1] INFO  o.a.k.c.c.i.ConsumerCoordinator [node1:8080] - [Consumer clientId=consumer-notification-batch-consumer-1, groupId=notification-batch-consumer] Discovered group coordinator localhost:9093 (id: 2147482646 rack: null)
2025-12-10 03:08:59.125 [org.springframework.kafka.KafkaListenerEndpointContainer#1-0-C-1] INFO  o.a.k.c.c.i.ConsumerCoordinator [node1:8080] - [Consumer clientId=consumer-order-events-consumer-4, groupId=order-events-consumer] Discovered group coordinator localhost:9093 (id: 2147482646 rack: null)
2025-12-10 03:08:59.134 [org.springframework.kafka.KafkaListenerEndpointContainer#0-0-C-1] INFO  o.a.k.c.c.i.ConsumerCoordinator [node1:8080] - [Consumer clientId=consumer-user-events-consumer-3, groupId=user-events-consumer] Discovered group coordinator localhost:9093 (id: 2147482646 rack: null)
2025-12-10 03:08:59.135 [org.springframework.kafka.KafkaListenerEndpointContainer#0-0-C-1] INFO  o.a.k.c.c.i.ConsumerCoordinator [node1:8080] - [Consumer clientId=consumer-user-events-consumer-3, groupId=user-events-consumer] Discovered group coordinator localhost:9093 (id: 2147482646 rack: null)
2025-12-10 03:09:18.305 [HikariPool-1 housekeeper] WARN  com.zaxxer.hikari.pool.HikariPool [node1:8080] - HikariPool-1 - Thread starvation or clock leap detected (housekeeper delta=9m45s380ms).
2025-12-10 03:18:49.007 [org.springframework.kafka.KafkaListenerEndpointContainer#1-0-C-1] INFO  o.a.k.clients.FetchSessionHandler [node1:8080] - [Consumer clientId=consumer-order-events-consumer-4, groupId=order-events-consumer] Error sending fetch request (sessionId=177210943, epoch=63) to node 1001:
org.apache.kafka.common.errors.DisconnectException: null
2025-12-10 03:18:49.009 [kafka-coordinator-heartbeat-thread | user-events-consumer] INFO  o.a.k.c.c.i.ConsumerCoordinator [node1:8080] - [Consumer clientId=consumer-user-events-consumer-3, groupId=user-events-consumer] Group coordinator localhost:9093 (id: 2147482646 rack: null) is unavailable or invalid due to cause: session timed out without receiving a heartbeat response.isDisconnected: false. Rediscovery will be attempted.
2025-12-10 03:18:49.007 [org.springframework.kafka.KafkaListenerEndpointContainer#0-0-C-1] INFO  o.a.k.clients.FetchSessionHandler [node1:8080] - [Consumer clientId=consumer-user-events-consumer-3, groupId=user-events-consumer] Error sending fetch request (sessionId=1853428337, epoch=64) to node 1001:
org.apache.kafka.common.errors.DisconnectException: null
2025-12-10 03:18:49.011 [kafka-coordinator-heartbeat-thread | notification-batch-consumer] INFO  o.a.k.c.c.i.ConsumerCoordinator [node1:8080] - [Consumer clientId=consumer-notification-batch-consumer-1, groupId=notification-batch-consumer] Group coordinator localhost:9093 (id: 2147482646 rack: null) is unavailable or invalid due to cause: session timed out without receiving a heartbeat response.isDisconnected: false. Rediscovery will be attempted.
2025-12-10 03:18:49.007 [org.springframework.kafka.KafkaListenerEndpointContainer#2-0-C-1] INFO  o.a.k.clients.FetchSessionHandler [node1:8080] - [Consumer clientId=consumer-notification-batch-consumer-1, groupId=notification-batch-consumer] Error sending fetch request (sessionId=1216987108, epoch=63) to node 1001:
org.apache.kafka.common.errors.DisconnectException: null
2025-12-10 03:18:49.007 [kafka-coordinator-heartbeat-thread | pattern-consumer] INFO  o.a.k.clients.FetchSessionHandler [node1:8080] - [Consumer clientId=consumer-pattern-consumer-2, groupId=pattern-consumer] Error sending fetch request (sessionId=624434868, epoch=64) to node 1001:
org.apache.kafka.common.errors.DisconnectException: null
2025-12-10 03:18:49.009 [kafka-coordinator-heartbeat-thread | order-events-consumer] INFO  o.a.k.c.c.i.ConsumerCoordinator [node1:8080] - [Consumer clientId=consumer-order-events-consumer-4, groupId=order-events-consumer] Group coordinator localhost:9093 (id: 2147482646 rack: null) is unavailable or invalid due to cause: session timed out without receiving a heartbeat response.isDisconnected: false. Rediscovery will be attempted.
2025-12-10 03:18:49.123 [org.springframework.kafka.KafkaListenerEndpointContainer#1-0-C-1] INFO  o.a.k.c.c.i.ConsumerCoordinator [node1:8080] - [Consumer clientId=consumer-order-events-consumer-4, groupId=order-events-consumer] Discovered group coordinator localhost:9093 (id: 2147482646 rack: null)
2025-12-10 03:18:49.128 [org.springframework.kafka.KafkaListenerEndpointContainer#0-0-C-1] INFO  o.a.k.c.c.i.ConsumerCoordinator [node1:8080] - [Consumer clientId=consumer-user-events-consumer-3, groupId=user-events-consumer] Discovered group coordinator localhost:9093 (id: 2147482646 rack: null)
2025-12-10 03:18:49.130 [org.springframework.kafka.KafkaListenerEndpointContainer#2-0-C-1] INFO  o.a.k.c.c.i.ConsumerCoordinator [node1:8080] - [Consumer clientId=consumer-notification-batch-consumer-1, groupId=notification-batch-consumer] Discovered group coordinator localhost:9093 (id: 2147482646 rack: null)
2025-12-10 03:18:50.094 [kafka-coordinator-heartbeat-thread | pattern-consumer] INFO  o.a.k.c.c.i.ConsumerCoordinator [node1:8080] - [Consumer clientId=consumer-pattern-consumer-2, groupId=pattern-consumer] Group coordinator localhost:9093 (id: 2147482646 rack: null) is unavailable or invalid due to cause: session timed out without receiving a heartbeat response.isDisconnected: false. Rediscovery will be attempted.
2025-12-10 03:18:50.108 [org.springframework.kafka.KafkaListenerEndpointContainer#3-0-C-1] INFO  o.a.k.c.c.i.ConsumerCoordinator [node1:8080] - [Consumer clientId=consumer-pattern-consumer-2, groupId=pattern-consumer] Discovered group coordinator localhost:9093 (id: 2147482646 rack: null)
2025-12-10 03:18:50.110 [org.springframework.kafka.KafkaListenerEndpointContainer#3-0-C-1] INFO  o.a.k.c.c.i.ConsumerCoordinator [node1:8080] - [Consumer clientId=consumer-pattern-consumer-2, groupId=pattern-consumer] Discovered group coordinator localhost:9093 (id: 2147482646 rack: null)
2025-12-10 03:18:50.110 [org.springframework.kafka.KafkaListenerEndpointContainer#3-0-C-1] INFO  o.a.k.c.c.i.ConsumerCoordinator [node1:8080] - [Consumer clientId=consumer-pattern-consumer-2, groupId=pattern-consumer] Group coordinator localhost:9093 (id: 2147482646 rack: null) is unavailable or invalid due to cause: coordinator unavailable.isDisconnected: false. Rediscovery will be attempted.
2025-12-10 03:18:50.221 [org.springframework.kafka.KafkaListenerEndpointContainer#3-0-C-1] INFO  o.a.k.c.c.i.ConsumerCoordinator [node1:8080] - [Consumer clientId=consumer-pattern-consumer-2, groupId=pattern-consumer] Discovered group coordinator localhost:9093 (id: 2147482646 rack: null)
2025-12-10 03:19:03.596 [HikariPool-1 housekeeper] WARN  com.zaxxer.hikari.pool.HikariPool [node1:8080] - HikariPool-1 - Thread starvation or clock leap detected (housekeeper delta=9m45s291ms).
2025-12-10 03:28:39.010 [org.springframework.kafka.KafkaListenerEndpointContainer#3-0-C-1] INFO  o.a.k.clients.FetchSessionHandler [node1:8080] - [Consumer clientId=consumer-pattern-consumer-2, groupId=pattern-consumer] Error sending fetch request (sessionId=1484423107, epoch=64) to node 1001:
org.apache.kafka.common.errors.DisconnectException: null
2025-12-10 03:28:39.010 [org.springframework.kafka.KafkaListenerEndpointContainer#0-0-C-1] INFO  o.a.k.clients.FetchSessionHandler [node1:8080] - [Consumer clientId=consumer-user-events-consumer-3, groupId=user-events-consumer] Error sending fetch request (sessionId=1400234489, epoch=66) to node 1001:
org.apache.kafka.common.errors.DisconnectException: null
2025-12-10 03:28:39.014 [kafka-coordinator-heartbeat-thread | pattern-consumer] INFO  o.a.k.c.c.i.ConsumerCoordinator [node1:8080] - [Consumer clientId=consumer-pattern-consumer-2, groupId=pattern-consumer] Group coordinator localhost:9093 (id: 2147482646 rack: null) is unavailable or invalid due to cause: session timed out without receiving a heartbeat response.isDisconnected: false. Rediscovery will be attempted.
2025-12-10 03:28:39.015 [kafka-coordinator-heartbeat-thread | order-events-consumer] INFO  o.a.k.c.c.i.ConsumerCoordinator [node1:8080] - [Consumer clientId=consumer-order-events-consumer-4, groupId=order-events-consumer] Group coordinator localhost:9093 (id: 2147482646 rack: null) is unavailable or invalid due to cause: session timed out without receiving a heartbeat response.isDisconnected: false. Rediscovery will be attempted.
2025-12-10 03:28:39.010 [org.springframework.kafka.KafkaListenerEndpointContainer#2-0-C-1] INFO  o.a.k.clients.FetchSessionHandler [node1:8080] - [Consumer clientId=consumer-notification-batch-consumer-1, groupId=notification-batch-consumer] Error sending fetch request (sessionId=756161492, epoch=66) to node 1001:
org.apache.kafka.common.errors.DisconnectException: null
2025-12-10 03:28:39.015 [kafka-coordinator-heartbeat-thread | user-events-consumer] INFO  o.a.k.c.c.i.ConsumerCoordinator [node1:8080] - [Consumer clientId=consumer-user-events-consumer-3, groupId=user-events-consumer] Group coordinator localhost:9093 (id: 2147482646 rack: null) is unavailable or invalid due to cause: session timed out without receiving a heartbeat response.isDisconnected: false. Rediscovery will be attempted.
2025-12-10 03:28:39.015 [kafka-coordinator-heartbeat-thread | notification-batch-consumer] INFO  o.a.k.c.c.i.ConsumerCoordinator [node1:8080] - [Consumer clientId=consumer-notification-batch-consumer-1, groupId=notification-batch-consumer] Group coordinator localhost:9093 (id: 2147482646 rack: null) is unavailable or invalid due to cause: session timed out without receiving a heartbeat response.isDisconnected: false. Rediscovery will be attempted.
2025-12-10 03:28:39.010 [org.springframework.kafka.KafkaListenerEndpointContainer#1-0-C-1] INFO  o.a.k.clients.FetchSessionHandler [node1:8080] - [Consumer clientId=consumer-order-events-consumer-4, groupId=order-events-consumer] Error sending fetch request (sessionId=608241723, epoch=66) to node 1001:
org.apache.kafka.common.errors.DisconnectException: null
2025-12-10 03:28:40.135 [org.springframework.kafka.KafkaListenerEndpointContainer#0-0-C-1] INFO  o.a.k.c.c.i.ConsumerCoordinator [node1:8080] - [Consumer clientId=consumer-user-events-consumer-3, groupId=user-events-consumer] Discovered group coordinator localhost:9093 (id: 2147482646 rack: null)
2025-12-10 03:28:40.135 [org.springframework.kafka.KafkaListenerEndpointContainer#3-0-C-1] INFO  o.a.k.c.c.i.ConsumerCoordinator [node1:8080] - [Consumer clientId=consumer-pattern-consumer-2, groupId=pattern-consumer] Discovered group coordinator localhost:9093 (id: 2147482646 rack: null)
2025-12-10 03:28:40.135 [org.springframework.kafka.KafkaListenerEndpointContainer#1-0-C-1] INFO  o.a.k.c.c.i.ConsumerCoordinator [node1:8080] - [Consumer clientId=consumer-order-events-consumer-4, groupId=order-events-consumer] Discovered group coordinator localhost:9093 (id: 2147482646 rack: null)
2025-12-10 03:28:40.136 [org.springframework.kafka.KafkaListenerEndpointContainer#1-0-C-1] INFO  o.a.k.c.c.i.ConsumerCoordinator [node1:8080] - [Consumer clientId=consumer-order-events-consumer-4, groupId=order-events-consumer] Discovered group coordinator localhost:9093 (id: 2147482646 rack: null)
2025-12-10 03:28:40.142 [org.springframework.kafka.KafkaListenerEndpointContainer#2-0-C-1] INFO  o.a.k.c.c.i.ConsumerCoordinator [node1:8080] - [Consumer clientId=consumer-notification-batch-consumer-1, groupId=notification-batch-consumer] Discovered group coordinator localhost:9093 (id: 2147482646 rack: null)
2025-12-10 03:28:49.110 [HikariPool-1 housekeeper] WARN  com.zaxxer.hikari.pool.HikariPool [node1:8080] - HikariPool-1 - Thread starvation or clock leap detected (housekeeper delta=9m45s514ms).
2025-12-10 03:38:30.009 [org.springframework.kafka.KafkaListenerEndpointContainer#0-0-C-1] INFO  o.a.k.clients.FetchSessionHandler [node1:8080] - [Consumer clientId=consumer-user-events-consumer-3, groupId=user-events-consumer] Error sending fetch request (sessionId=1746756953, epoch=62) to node 1001:
org.apache.kafka.common.errors.DisconnectException: null
2025-12-10 03:38:30.009 [org.springframework.kafka.KafkaListenerEndpointContainer#3-0-C-1] INFO  o.a.k.clients.FetchSessionHandler [node1:8080] - [Consumer clientId=consumer-pattern-consumer-2, groupId=pattern-consumer] Error sending fetch request (sessionId=706553711, epoch=62) to node 1001:
org.apache.kafka.common.errors.DisconnectException: null
2025-12-10 03:38:30.014 [kafka-coordinator-heartbeat-thread | pattern-consumer] INFO  o.a.k.c.c.i.ConsumerCoordinator [node1:8080] - [Consumer clientId=consumer-pattern-consumer-2, groupId=pattern-consumer] Group coordinator localhost:9093 (id: 2147482646 rack: null) is unavailable or invalid due to cause: session timed out without receiving a heartbeat response.isDisconnected: false. Rediscovery will be attempted.
2025-12-10 03:38:30.014 [kafka-coordinator-heartbeat-thread | notification-batch-consumer] INFO  o.a.k.c.c.i.ConsumerCoordinator [node1:8080] - [Consumer clientId=consumer-notification-batch-consumer-1, groupId=notification-batch-consumer] Group coordinator localhost:9093 (id: 2147482646 rack: null) is unavailable or invalid due to cause: session timed out without receiving a heartbeat response.isDisconnected: false. Rediscovery will be attempted.
2025-12-10 03:38:30.012 [kafka-coordinator-heartbeat-thread | user-events-consumer] INFO  o.a.k.c.c.i.ConsumerCoordinator [node1:8080] - [Consumer clientId=consumer-user-events-consumer-3, groupId=user-events-consumer] Group coordinator localhost:9093 (id: 2147482646 rack: null) is unavailable or invalid due to cause: session timed out without receiving a heartbeat response.isDisconnected: false. Rediscovery will be attempted.
2025-12-10 03:38:30.220 [kafka-coordinator-heartbeat-thread | order-events-consumer] INFO  o.a.k.c.c.i.ConsumerCoordinator [node1:8080] - [Consumer clientId=consumer-order-events-consumer-4, groupId=order-events-consumer] Group coordinator localhost:9093 (id: 2147482646 rack: null) is unavailable or invalid due to cause: session timed out without receiving a heartbeat response.isDisconnected: false. Rediscovery will be attempted.
2025-12-10 03:38:30.221 [org.springframework.kafka.KafkaListenerEndpointContainer#1-0-C-1] INFO  o.a.k.clients.FetchSessionHandler [node1:8080] - [Consumer clientId=consumer-order-events-consumer-4, groupId=order-events-consumer] Error sending fetch request (sessionId=202290627, epoch=62) to node 1001:
org.apache.kafka.common.errors.DisconnectException: null
2025-12-10 03:38:31.099 [org.springframework.kafka.KafkaListenerEndpointContainer#2-0-C-1] INFO  o.a.k.clients.FetchSessionHandler [node1:8080] - [Consumer clientId=consumer-notification-batch-consumer-1, groupId=notification-batch-consumer] Error sending fetch request (sessionId=1885395943, epoch=62) to node 1001:
org.apache.kafka.common.errors.DisconnectException: null
2025-12-10 03:38:31.136 [org.springframework.kafka.KafkaListenerEndpointContainer#2-0-C-1] INFO  o.a.k.c.c.i.ConsumerCoordinator [node1:8080] - [Consumer clientId=consumer-notification-batch-consumer-1, groupId=notification-batch-consumer] Discovered group coordinator localhost:9093 (id: 2147482646 rack: null)
2025-12-10 03:38:31.139 [org.springframework.kafka.KafkaListenerEndpointContainer#0-0-C-1] INFO  o.a.k.c.c.i.ConsumerCoordinator [node1:8080] - [Consumer clientId=consumer-user-events-consumer-3, groupId=user-events-consumer] Discovered group coordinator localhost:9093 (id: 2147482646 rack: null)
2025-12-10 03:38:31.145 [org.springframework.kafka.KafkaListenerEndpointContainer#2-0-C-1] INFO  o.a.k.c.c.i.ConsumerCoordinator [node1:8080] - [Consumer clientId=consumer-notification-batch-consumer-1, groupId=notification-batch-consumer] Discovered group coordinator localhost:9093 (id: 2147482646 rack: null)
2025-12-10 03:38:31.150 [org.springframework.kafka.KafkaListenerEndpointContainer#1-0-C-1] INFO  o.a.k.c.c.i.ConsumerCoordinator [node1:8080] - [Consumer clientId=consumer-order-events-consumer-4, groupId=order-events-consumer] Discovered group coordinator localhost:9093 (id: 2147482646 rack: null)
2025-12-10 03:38:31.150 [org.springframework.kafka.KafkaListenerEndpointContainer#3-0-C-1] INFO  o.a.k.c.c.i.ConsumerCoordinator [node1:8080] - [Consumer clientId=consumer-pattern-consumer-2, groupId=pattern-consumer] Discovered group coordinator localhost:9093 (id: 2147482646 rack: null)
2025-12-10 03:38:31.155 [org.springframework.kafka.KafkaListenerEndpointContainer#1-0-C-1] INFO  o.a.k.c.c.i.ConsumerCoordinator [node1:8080] - [Consumer clientId=consumer-order-events-consumer-4, groupId=order-events-consumer] Discovered group coordinator localhost:9093 (id: 2147482646 rack: null)
2025-12-10 03:38:34.631 [HikariPool-1 housekeeper] WARN  com.zaxxer.hikari.pool.HikariPool [node1:8080] - HikariPool-1 - Thread starvation or clock leap detected (housekeeper delta=9m45s521ms).
2025-12-10 05:39:02.008 [org.springframework.kafka.KafkaListenerEndpointContainer#0-0-C-1] INFO  o.a.k.clients.FetchSessionHandler [node1:8080] - [Consumer clientId=consumer-user-events-consumer-3, groupId=user-events-consumer] Error sending fetch request (sessionId=170248994, epoch=93) to node 1001:
org.apache.kafka.common.errors.DisconnectException: null
2025-12-10 05:39:02.012 [kafka-coordinator-heartbeat-thread | pattern-consumer] INFO  o.a.k.c.c.i.ConsumerCoordinator [node1:8080] - [Consumer clientId=consumer-pattern-consumer-2, groupId=pattern-consumer] Group coordinator localhost:9093 (id: 2147482646 rack: null) is unavailable or invalid due to cause: session timed out without receiving a heartbeat response.isDisconnected: false. Rediscovery will be attempted.
2025-12-10 05:39:02.008 [org.springframework.kafka.KafkaListenerEndpointContainer#3-0-C-1] INFO  o.a.k.clients.FetchSessionHandler [node1:8080] - [Consumer clientId=consumer-pattern-consumer-2, groupId=pattern-consumer] Error sending fetch request (sessionId=1498105602, epoch=93) to node 1001:
org.apache.kafka.common.errors.DisconnectException: null
2025-12-10 05:39:02.035 [kafka-coordinator-heartbeat-thread | notification-batch-consumer] INFO  o.a.k.c.c.i.ConsumerCoordinator [node1:8080] - [Consumer clientId=consumer-notification-batch-consumer-1, groupId=notification-batch-consumer] Group coordinator localhost:9093 (id: 2147482646 rack: null) is unavailable or invalid due to cause: session timed out without receiving a heartbeat response.isDisconnected: false. Rediscovery will be attempted.
2025-12-10 05:39:02.034 [kafka-coordinator-heartbeat-thread | order-events-consumer] INFO  o.a.k.c.c.i.ConsumerCoordinator [node1:8080] - [Consumer clientId=consumer-order-events-consumer-4, groupId=order-events-consumer] Group coordinator localhost:9093 (id: 2147482646 rack: null) is unavailable or invalid due to cause: session timed out without receiving a heartbeat response.isDisconnected: false. Rediscovery will be attempted.
2025-12-10 05:39:02.012 [kafka-coordinator-heartbeat-thread | user-events-consumer] INFO  o.a.k.c.c.i.ConsumerCoordinator [node1:8080] - [Consumer clientId=consumer-user-events-consumer-3, groupId=user-events-consumer] Group coordinator localhost:9093 (id: 2147482646 rack: null) is unavailable or invalid due to cause: session timed out without receiving a heartbeat response.isDisconnected: false. Rediscovery will be attempted.
2025-12-10 05:39:03.139 [org.springframework.kafka.KafkaListenerEndpointContainer#1-0-C-1] INFO  o.a.k.c.c.i.ConsumerCoordinator [node1:8080] - [Consumer clientId=consumer-order-events-consumer-4, groupId=order-events-consumer] Discovered group coordinator localhost:9093 (id: 2147482646 rack: null)
2025-12-10 05:39:03.150 [org.springframework.kafka.KafkaListenerEndpointContainer#2-0-C-1] INFO  o.a.k.c.c.i.ConsumerCoordinator [node1:8080] - [Consumer clientId=consumer-notification-batch-consumer-1, groupId=notification-batch-consumer] Discovered group coordinator localhost:9093 (id: 2147482646 rack: null)
2025-12-10 05:39:03.152 [org.springframework.kafka.KafkaListenerEndpointContainer#1-0-C-1] INFO  o.a.k.c.c.i.ConsumerCoordinator [node1:8080] - [Consumer clientId=consumer-order-events-consumer-4, groupId=order-events-consumer] Discovered group coordinator localhost:9093 (id: 2147482646 rack: null)
2025-12-10 05:39:03.153 [org.springframework.kafka.KafkaListenerEndpointContainer#1-0-C-1] INFO  o.a.k.c.c.i.ConsumerCoordinator [node1:8080] - [Consumer clientId=consumer-order-events-consumer-4, groupId=order-events-consumer] Group coordinator localhost:9093 (id: 2147482646 rack: null) is unavailable or invalid due to cause: coordinator unavailable.isDisconnected: false. Rediscovery will be attempted.
2025-12-10 05:39:03.152 [org.springframework.kafka.KafkaListenerEndpointContainer#2-0-C-1] INFO  o.a.k.c.c.i.ConsumerCoordinator [node1:8080] - [Consumer clientId=consumer-notification-batch-consumer-1, groupId=notification-batch-consumer] Discovered group coordinator localhost:9093 (id: 2147482646 rack: null)
2025-12-10 05:39:03.154 [org.springframework.kafka.KafkaListenerEndpointContainer#2-0-C-1] INFO  o.a.k.c.c.i.ConsumerCoordinator [node1:8080] - [Consumer clientId=consumer-notification-batch-consumer-1, groupId=notification-batch-consumer] Group coordinator localhost:9093 (id: 2147482646 rack: null) is unavailable or invalid due to cause: coordinator unavailable.isDisconnected: false. Rediscovery will be attempted.
2025-12-10 05:39:03.167 [org.springframework.kafka.KafkaListenerEndpointContainer#3-0-C-1] INFO  o.a.k.c.c.i.ConsumerCoordinator [node1:8080] - [Consumer clientId=consumer-pattern-consumer-2, groupId=pattern-consumer] Discovered group coordinator localhost:9093 (id: 2147482646 rack: null)
2025-12-10 05:39:03.172 [org.springframework.kafka.KafkaListenerEndpointContainer#3-0-C-1] INFO  o.a.k.c.c.i.ConsumerCoordinator [node1:8080] - [Consumer clientId=consumer-pattern-consumer-2, groupId=pattern-consumer] Discovered group coordinator localhost:9093 (id: 2147482646 rack: null)
2025-12-10 05:39:03.187 [org.springframework.kafka.KafkaListenerEndpointContainer#0-0-C-1] INFO  o.a.k.c.c.i.ConsumerCoordinator [node1:8080] - [Consumer clientId=consumer-user-events-consumer-3, groupId=user-events-consumer] Discovered group coordinator localhost:9093 (id: 2147482646 rack: null)
2025-12-10 05:39:03.209 [org.springframework.kafka.KafkaListenerEndpointContainer#0-0-C-1] INFO  o.a.k.c.c.i.ConsumerCoordinator [node1:8080] - [Consumer clientId=consumer-user-events-consumer-3, groupId=user-events-consumer] Discovered group coordinator localhost:9093 (id: 2147482646 rack: null)
2025-12-10 05:39:03.261 [org.springframework.kafka.KafkaListenerEndpointContainer#1-0-C-1] INFO  o.a.k.c.c.i.ConsumerCoordinator [node1:8080] - [Consumer clientId=consumer-order-events-consumer-4, groupId=order-events-consumer] Discovered group coordinator localhost:9093 (id: 2147482646 rack: null)
2025-12-10 05:39:03.261 [org.springframework.kafka.KafkaListenerEndpointContainer#2-0-C-1] INFO  o.a.k.c.c.i.ConsumerCoordinator [node1:8080] - [Consumer clientId=consumer-notification-batch-consumer-1, groupId=notification-batch-consumer] Discovered group coordinator localhost:9093 (id: 2147482646 rack: null)
2025-12-10 07:39:05.019 [org.springframework.kafka.KafkaListenerEndpointContainer#3-0-C-1] INFO  o.a.k.clients.FetchSessionHandler [node1:8080] - [Consumer clientId=consumer-pattern-consumer-2, groupId=pattern-consumer] Error sending fetch request (sessionId=1305953166, epoch=8) to node 1001:
org.apache.kafka.common.errors.DisconnectException: null
2025-12-10 07:39:05.024 [kafka-coordinator-heartbeat-thread | user-events-consumer] INFO  o.a.k.c.c.i.ConsumerCoordinator [node1:8080] - [Consumer clientId=consumer-user-events-consumer-3, groupId=user-events-consumer] Group coordinator localhost:9093 (id: 2147482646 rack: null) is unavailable or invalid due to cause: session timed out without receiving a heartbeat response.isDisconnected: false. Rediscovery will be attempted.
2025-12-10 07:39:05.024 [kafka-coordinator-heartbeat-thread | pattern-consumer] INFO  o.a.k.c.c.i.ConsumerCoordinator [node1:8080] - [Consumer clientId=consumer-pattern-consumer-2, groupId=pattern-consumer] Group coordinator localhost:9093 (id: 2147482646 rack: null) is unavailable or invalid due to cause: session timed out without receiving a heartbeat response.isDisconnected: false. Rediscovery will be attempted.
2025-12-10 07:39:05.111 [org.springframework.kafka.KafkaListenerEndpointContainer#1-0-C-1] INFO  o.a.k.clients.FetchSessionHandler [node1:8080] - [Consumer clientId=consumer-order-events-consumer-4, groupId=order-events-consumer] Error sending fetch request (sessionId=1978377048, epoch=102) to node 1001:
org.apache.kafka.common.errors.DisconnectException: null
2025-12-10 07:39:05.111 [kafka-coordinator-heartbeat-thread | order-events-consumer] INFO  o.a.k.c.c.i.ConsumerCoordinator [node1:8080] - [Consumer clientId=consumer-order-events-consumer-4, groupId=order-events-consumer] Group coordinator localhost:9093 (id: 2147482646 rack: null) is unavailable or invalid due to cause: session timed out without receiving a heartbeat response.isDisconnected: false. Rediscovery will be attempted.
2025-12-10 07:39:05.019 [org.springframework.kafka.KafkaListenerEndpointContainer#0-0-C-1] INFO  o.a.k.clients.FetchSessionHandler [node1:8080] - [Consumer clientId=consumer-user-events-consumer-3, groupId=user-events-consumer] Error sending fetch request (sessionId=686053248, epoch=8) to node 1001:
org.apache.kafka.common.errors.DisconnectException: null
2025-12-10 07:39:05.111 [kafka-coordinator-heartbeat-thread | notification-batch-consumer] INFO  o.a.k.c.c.i.ConsumerCoordinator [node1:8080] - [Consumer clientId=consumer-notification-batch-consumer-1, groupId=notification-batch-consumer] Group coordinator localhost:9093 (id: 2147482646 rack: null) is unavailable or invalid due to cause: session timed out without receiving a heartbeat response.isDisconnected: false. Rediscovery will be attempted.
2025-12-10 07:39:05.111 [org.springframework.kafka.KafkaListenerEndpointContainer#2-0-C-1] INFO  o.a.k.clients.FetchSessionHandler [node1:8080] - [Consumer clientId=consumer-notification-batch-consumer-1, groupId=notification-batch-consumer] Error sending fetch request (sessionId=1633132160, epoch=102) to node 1001:
org.apache.kafka.common.errors.DisconnectException: null
2025-12-10 07:39:06.139 [org.springframework.kafka.KafkaListenerEndpointContainer#3-0-C-1] INFO  o.a.k.c.c.i.ConsumerCoordinator [node1:8080] - [Consumer clientId=consumer-pattern-consumer-2, groupId=pattern-consumer] Discovered group coordinator localhost:9093 (id: 2147482646 rack: null)
2025-12-10 07:39:06.145 [org.springframework.kafka.KafkaListenerEndpointContainer#2-0-C-1] INFO  o.a.k.c.c.i.ConsumerCoordinator [node1:8080] - [Consumer clientId=consumer-notification-batch-consumer-1, groupId=notification-batch-consumer] Discovered group coordinator localhost:9093 (id: 2147482646 rack: null)
2025-12-10 07:39:06.146 [org.springframework.kafka.KafkaListenerEndpointContainer#2-0-C-1] INFO  o.a.k.c.c.i.ConsumerCoordinator [node1:8080] - [Consumer clientId=consumer-notification-batch-consumer-1, groupId=notification-batch-consumer] Discovered group coordinator localhost:9093 (id: 2147482646 rack: null)
2025-12-10 07:39:06.145 [org.springframework.kafka.KafkaListenerEndpointContainer#3-0-C-1] INFO  o.a.k.c.c.i.ConsumerCoordinator [node1:8080] - [Consumer clientId=consumer-pattern-consumer-2, groupId=pattern-consumer] Discovered group coordinator localhost:9093 (id: 2147482646 rack: null)
2025-12-10 07:39:06.151 [org.springframework.kafka.KafkaListenerEndpointContainer#0-0-C-1] INFO  o.a.k.c.c.i.ConsumerCoordinator [node1:8080] - [Consumer clientId=consumer-user-events-consumer-3, groupId=user-events-consumer] Discovered group coordinator localhost:9093 (id: 2147482646 rack: null)
2025-12-10 07:39:06.151 [org.springframework.kafka.KafkaListenerEndpointContainer#1-0-C-1] INFO  o.a.k.c.c.i.ConsumerCoordinator [node1:8080] - [Consumer clientId=consumer-order-events-consumer-4, groupId=order-events-consumer] Discovered group coordinator localhost:9093 (id: 2147482646 rack: null)
2025-12-10 07:39:06.153 [org.springframework.kafka.KafkaListenerEndpointContainer#0-0-C-1] INFO  o.a.k.c.c.i.ConsumerCoordinator [node1:8080] - [Consumer clientId=consumer-user-events-consumer-3, groupId=user-events-consumer] Discovered group coordinator localhost:9093 (id: 2147482646 rack: null)
2025-12-10 07:39:14.536 [HikariPool-1 housekeeper] WARN  com.zaxxer.hikari.pool.HikariPool [node1:8080] - HikariPool-1 - Thread starvation or clock leap detected (housekeeper delta=4h9s899ms).
2025-12-10 09:39:20.015 [org.springframework.kafka.KafkaListenerEndpointContainer#3-0-C-1] INFO  o.a.k.clients.FetchSessionHandler [node1:8080] - [Consumer clientId=consumer-pattern-consumer-2, groupId=pattern-consumer] Error sending fetch request (sessionId=1488099320, epoch=48) to node 1001:
org.apache.kafka.common.errors.DisconnectException: null
2025-12-10 09:39:20.016 [org.springframework.kafka.KafkaListenerEndpointContainer#1-0-C-1] INFO  o.a.k.clients.FetchSessionHandler [node1:8080] - [Consumer clientId=consumer-order-events-consumer-4, groupId=order-events-consumer] Error sending fetch request (sessionId=344420161, epoch=48) to node 1001:
org.apache.kafka.common.errors.DisconnectException: null
2025-12-10 09:39:20.023 [kafka-coordinator-heartbeat-thread | pattern-consumer] INFO  o.a.k.c.c.i.ConsumerCoordinator [node1:8080] - [Consumer clientId=consumer-pattern-consumer-2, groupId=pattern-consumer] Group coordinator localhost:9093 (id: 2147482646 rack: null) is unavailable or invalid due to cause: session timed out without receiving a heartbeat response.isDisconnected: false. Rediscovery will be attempted.
2025-12-10 09:39:20.023 [kafka-coordinator-heartbeat-thread | order-events-consumer] INFO  o.a.k.c.c.i.ConsumerCoordinator [node1:8080] - [Consumer clientId=consumer-order-events-consumer-4, groupId=order-events-consumer] Group coordinator localhost:9093 (id: 2147482646 rack: null) is unavailable or invalid due to cause: session timed out without receiving a heartbeat response.isDisconnected: false. Rediscovery will be attempted.
2025-12-10 09:39:20.109 [kafka-coordinator-heartbeat-thread | notification-batch-consumer] INFO  o.a.k.c.c.i.ConsumerCoordinator [node1:8080] - [Consumer clientId=consumer-notification-batch-consumer-1, groupId=notification-batch-consumer] Group coordinator localhost:9093 (id: 2147482646 rack: null) is unavailable or invalid due to cause: session timed out without receiving a heartbeat response.isDisconnected: false. Rediscovery will be attempted.
2025-12-10 09:39:20.114 [kafka-coordinator-heartbeat-thread | user-events-consumer] INFO  o.a.k.c.c.i.ConsumerCoordinator [node1:8080] - [Consumer clientId=consumer-user-events-consumer-3, groupId=user-events-consumer] Group coordinator localhost:9093 (id: 2147482646 rack: null) is unavailable or invalid due to cause: session timed out without receiving a heartbeat response.isDisconnected: false. Rediscovery will be attempted.
2025-12-10 09:39:20.136 [org.springframework.kafka.KafkaListenerEndpointContainer#2-0-C-1] INFO  o.a.k.c.c.i.ConsumerCoordinator [node1:8080] - [Consumer clientId=consumer-notification-batch-consumer-1, groupId=notification-batch-consumer] Discovered group coordinator localhost:9093 (id: 2147482646 rack: null)
2025-12-10 09:39:20.147 [org.springframework.kafka.KafkaListenerEndpointContainer#2-0-C-1] INFO  o.a.k.c.c.i.ConsumerCoordinator [node1:8080] - [Consumer clientId=consumer-notification-batch-consumer-1, groupId=notification-batch-consumer] Discovered group coordinator localhost:9093 (id: 2147482646 rack: null)
2025-12-10 09:39:20.147 [org.springframework.kafka.KafkaListenerEndpointContainer#2-0-C-1] INFO  o.a.k.c.c.i.ConsumerCoordinator [node1:8080] - [Consumer clientId=consumer-notification-batch-consumer-1, groupId=notification-batch-consumer] Group coordinator localhost:9093 (id: 2147482646 rack: null) is unavailable or invalid due to cause: coordinator unavailable.isDisconnected: false. Rediscovery will be attempted.
2025-12-10 09:39:20.156 [org.springframework.kafka.KafkaListenerEndpointContainer#3-0-C-1] INFO  o.a.k.c.c.i.ConsumerCoordinator [node1:8080] - [Consumer clientId=consumer-pattern-consumer-2, groupId=pattern-consumer] Discovered group coordinator localhost:9093 (id: 2147482646 rack: null)
2025-12-10 09:39:20.256 [org.springframework.kafka.KafkaListenerEndpointContainer#2-0-C-1] INFO  o.a.k.c.c.i.ConsumerCoordinator [node1:8080] - [Consumer clientId=consumer-notification-batch-consumer-1, groupId=notification-batch-consumer] Discovered group coordinator localhost:9093 (id: 2147482646 rack: null)
2025-12-10 09:39:20.140 [org.springframework.kafka.KafkaListenerEndpointContainer#0-0-C-1] INFO  o.a.k.c.c.i.ConsumerCoordinator [node1:8080] - [Consumer clientId=consumer-user-events-consumer-3, groupId=user-events-consumer] Discovered group coordinator localhost:9093 (id: 2147482646 rack: null)
2025-12-10 09:39:23.341 [org.springframework.kafka.KafkaListenerEndpointContainer#0-0-C-1] INFO  o.a.k.c.c.i.ConsumerCoordinator [node1:8080] - [Consumer clientId=consumer-user-events-consumer-3, groupId=user-events-consumer] Discovered group coordinator localhost:9093 (id: 2147482646 rack: null)
2025-12-10 09:39:23.845 [org.springframework.kafka.KafkaListenerEndpointContainer#1-0-C-1] INFO  o.a.k.c.c.i.ConsumerCoordinator [node1:8080] - [Consumer clientId=consumer-order-events-consumer-4, groupId=order-events-consumer] Discovered group coordinator localhost:9093 (id: 2147482646 rack: null)
2025-12-10 09:39:23.845 [org.springframework.kafka.KafkaListenerEndpointContainer#1-0-C-1] INFO  o.a.k.c.c.i.ConsumerCoordinator [node1:8080] - [Consumer clientId=consumer-order-events-consumer-4, groupId=order-events-consumer] Discovered group coordinator localhost:9093 (id: 2147482646 rack: null)
2025-12-10 09:39:30.267 [HikariPool-1 housekeeper] WARN  com.zaxxer.hikari.pool.HikariPool [node1:8080] - HikariPool-1 - Thread starvation or clock leap detected (housekeeper delta=2h15s731ms).
2025-12-10 10:08:48.160 [http-nio-8080-exec-1] INFO  o.s.api.AbstractOpenApiResource [node1:8080] - Init duration for springdoc-openapi is: 1005 ms
2025-12-10 10:08:51.137 [http-nio-8080-exec-2] INFO  o.s.api.AbstractOpenApiResource [node1:8080] - Init duration for springdoc-openapi is: 169 ms
2025-12-10 11:40:54.972 [Thread-6] WARN  c.a.nacos.common.notify.NotifyCenter [node1:8080] - [NotifyCenter] Start destroying Publisher
2025-12-10 11:40:54.974 [Thread-1] WARN  c.a.n.c.http.HttpClientBeanHolder [node1:8080] - [HttpClientBeanHolder] Start destroying common HttpClient
2025-12-10 11:40:54.988 [Thread-6] WARN  c.a.nacos.common.notify.NotifyCenter [node1:8080] - [NotifyCenter] Destruction of the end
2025-12-10 11:40:55.018 [Thread-1] WARN  c.a.n.c.http.HttpClientBeanHolder [node1:8080] - [HttpClientBeanHolder] Destruction of the end
2025-12-10 11:40:56.899 [org.springframework.kafka.KafkaListenerEndpointContainer#3-0-C-1] INFO  o.a.k.c.c.i.ConsumerCoordinator [node1:8080] - [Consumer clientId=consumer-pattern-consumer-2, groupId=pattern-consumer] Revoke previously assigned partitions user-events-topic-1, user-events-topic-2, order-events-topic-4, user-events-topic-0, order-events-topic-2, order-events-topic-3, order-events-topic-0, order-events-topic-1
2025-12-10 11:40:56.899 [org.springframework.kafka.KafkaListenerEndpointContainer#2-0-C-1] INFO  o.a.k.c.c.i.ConsumerCoordinator [node1:8080] - [Consumer clientId=consumer-notification-batch-consumer-1, groupId=notification-batch-consumer] Revoke previously assigned partitions notification-topic-0
2025-12-10 11:40:56.899 [org.springframework.kafka.KafkaListenerEndpointContainer#0-0-C-1] INFO  o.a.k.c.c.i.ConsumerCoordinator [node1:8080] - [Consumer clientId=consumer-user-events-consumer-3, groupId=user-events-consumer] Revoke previously assigned partitions user-events-topic-1, user-events-topic-2, user-events-topic-0
2025-12-10 11:40:56.899 [org.springframework.kafka.KafkaListenerEndpointContainer#1-0-C-1] INFO  o.a.k.c.c.i.ConsumerCoordinator [node1:8080] - [Consumer clientId=consumer-order-events-consumer-4, groupId=order-events-consumer] Revoke previously assigned partitions order-events-topic-4, order-events-topic-2, order-events-topic-3, order-events-topic-0, order-events-topic-1
2025-12-10 11:40:56.901 [org.springframework.kafka.KafkaListenerEndpointContainer#1-0-C-1] INFO  o.s.k.l.KafkaMessageListenerContainer [node1:8080] - order-events-consumer: partitions revoked: [order-events-topic-4, order-events-topic-2, order-events-topic-3, order-events-topic-0, order-events-topic-1]
2025-12-10 11:40:56.902 [org.springframework.kafka.KafkaListenerEndpointContainer#0-0-C-1] INFO  o.s.k.l.KafkaMessageListenerContainer [node1:8080] - user-events-consumer: partitions revoked: [user-events-topic-1, user-events-topic-2, user-events-topic-0]
2025-12-10 11:40:56.901 [org.springframework.kafka.KafkaListenerEndpointContainer#3-0-C-1] INFO  o.s.k.l.KafkaMessageListenerContainer [node1:8080] - pattern-consumer: partitions revoked: [user-events-topic-1, user-events-topic-2, order-events-topic-4, user-events-topic-0, order-events-topic-2, order-events-topic-3, order-events-topic-0, order-events-topic-1]
2025-12-10 11:40:56.901 [org.springframework.kafka.KafkaListenerEndpointContainer#2-0-C-1] INFO  o.s.k.l.KafkaMessageListenerContainer [node1:8080] - notification-batch-consumer: partitions revoked: [notification-topic-0]
2025-12-10 11:40:56.905 [org.springframework.kafka.KafkaListenerEndpointContainer#3-0-C-1] INFO  o.a.k.c.c.i.ConsumerCoordinator [node1:8080] - [Consumer clientId=consumer-pattern-consumer-2, groupId=pattern-consumer] Member consumer-pattern-consumer-2-a8822b6c-26ce-4ed9-847c-7150f00d2e01 sending LeaveGroup request to coordinator localhost:9093 (id: 2147482646 rack: null) due to the consumer unsubscribed from all topics
2025-12-10 11:40:56.906 [org.springframework.kafka.KafkaListenerEndpointContainer#2-0-C-1] INFO  o.a.k.c.c.i.ConsumerCoordinator [node1:8080] - [Consumer clientId=consumer-notification-batch-consumer-1, groupId=notification-batch-consumer] Member consumer-notification-batch-consumer-1-489eb9b5-f088-44d5-96e8-62322d57c0a0 sending LeaveGroup request to coordinator localhost:9093 (id: 2147482646 rack: null) due to the consumer unsubscribed from all topics
2025-12-10 11:40:56.905 [org.springframework.kafka.KafkaListenerEndpointContainer#1-0-C-1] INFO  o.a.k.c.c.i.ConsumerCoordinator [node1:8080] - [Consumer clientId=consumer-order-events-consumer-4, groupId=order-events-consumer] Member consumer-order-events-consumer-4-67883ace-21ad-4ad9-8b54-962be99a778e sending LeaveGroup request to coordinator localhost:9093 (id: 2147482646 rack: null) due to the consumer unsubscribed from all topics
2025-12-10 11:40:56.905 [org.springframework.kafka.KafkaListenerEndpointContainer#0-0-C-1] INFO  o.a.k.c.c.i.ConsumerCoordinator [node1:8080] - [Consumer clientId=consumer-user-events-consumer-3, groupId=user-events-consumer] Member consumer-user-events-consumer-3-b2f435ed-eeda-4c1f-8947-d0471087c791 sending LeaveGroup request to coordinator localhost:9093 (id: 2147482646 rack: null) due to the consumer unsubscribed from all topics
2025-12-10 11:40:56.943 [org.springframework.kafka.KafkaListenerEndpointContainer#3-0-C-1] INFO  o.a.k.c.c.i.ConsumerCoordinator [node1:8080] - [Consumer clientId=consumer-pattern-consumer-2, groupId=pattern-consumer] Resetting generation due to: consumer pro-actively leaving the group
2025-12-10 11:40:56.942 [org.springframework.kafka.KafkaListenerEndpointContainer#2-0-C-1] INFO  o.a.k.c.c.i.ConsumerCoordinator [node1:8080] - [Consumer clientId=consumer-notification-batch-consumer-1, groupId=notification-batch-consumer] Resetting generation due to: consumer pro-actively leaving the group
2025-12-10 11:40:56.942 [org.springframework.kafka.KafkaListenerEndpointContainer#1-0-C-1] INFO  o.a.k.c.c.i.ConsumerCoordinator [node1:8080] - [Consumer clientId=consumer-order-events-consumer-4, groupId=order-events-consumer] Resetting generation due to: consumer pro-actively leaving the group
2025-12-10 11:40:56.942 [org.springframework.kafka.KafkaListenerEndpointContainer#0-0-C-1] INFO  o.a.k.c.c.i.ConsumerCoordinator [node1:8080] - [Consumer clientId=consumer-user-events-consumer-3, groupId=user-events-consumer] Resetting generation due to: consumer pro-actively leaving the group
2025-12-10 11:40:56.943 [org.springframework.kafka.KafkaListenerEndpointContainer#2-0-C-1] INFO  o.a.k.c.c.i.ConsumerCoordinator [node1:8080] - [Consumer clientId=consumer-notification-batch-consumer-1, groupId=notification-batch-consumer] Request joining group due to: consumer pro-actively leaving the group
2025-12-10 11:40:56.944 [org.springframework.kafka.KafkaListenerEndpointContainer#0-0-C-1] INFO  o.a.k.c.c.i.ConsumerCoordinator [node1:8080] - [Consumer clientId=consumer-user-events-consumer-3, groupId=user-events-consumer] Request joining group due to: consumer pro-actively leaving the group
2025-12-10 11:40:56.943 [org.springframework.kafka.KafkaListenerEndpointContainer#3-0-C-1] INFO  o.a.k.c.c.i.ConsumerCoordinator [node1:8080] - [Consumer clientId=consumer-pattern-consumer-2, groupId=pattern-consumer] Request joining group due to: consumer pro-actively leaving the group
2025-12-10 11:40:56.944 [org.springframework.kafka.KafkaListenerEndpointContainer#1-0-C-1] INFO  o.a.k.c.c.i.ConsumerCoordinator [node1:8080] - [Consumer clientId=consumer-order-events-consumer-4, groupId=order-events-consumer] Request joining group due to: consumer pro-actively leaving the group
2025-12-10 11:40:56.946 [org.springframework.kafka.KafkaListenerEndpointContainer#1-0-C-1] INFO  o.a.k.clients.consumer.KafkaConsumer [node1:8080] - [Consumer clientId=consumer-order-events-consumer-4, groupId=order-events-consumer] Unsubscribed all topics or patterns and assigned partitions
2025-12-10 11:40:56.946 [org.springframework.kafka.KafkaListenerEndpointContainer#0-0-C-1] INFO  o.a.k.clients.consumer.KafkaConsumer [node1:8080] - [Consumer clientId=consumer-user-events-consumer-3, groupId=user-events-consumer] Unsubscribed all topics or patterns and assigned partitions
2025-12-10 11:40:56.946 [org.springframework.kafka.KafkaListenerEndpointContainer#3-0-C-1] INFO  o.a.k.clients.consumer.KafkaConsumer [node1:8080] - [Consumer clientId=consumer-pattern-consumer-2, groupId=pattern-consumer] Unsubscribed all topics or patterns and assigned partitions
2025-12-10 11:40:56.946 [org.springframework.kafka.KafkaListenerEndpointContainer#2-0-C-1] INFO  o.a.k.clients.consumer.KafkaConsumer [node1:8080] - [Consumer clientId=consumer-notification-batch-consumer-1, groupId=notification-batch-consumer] Unsubscribed all topics or patterns and assigned partitions
2025-12-10 11:40:56.981 [org.springframework.kafka.KafkaListenerEndpointContainer#0-0-C-1] INFO  o.a.k.c.c.i.ConsumerCoordinator [node1:8080] - [Consumer clientId=consumer-user-events-consumer-3, groupId=user-events-consumer] Resetting generation due to: consumer pro-actively leaving the group
2025-12-10 11:40:56.981 [org.springframework.kafka.KafkaListenerEndpointContainer#0-0-C-1] INFO  o.a.k.c.c.i.ConsumerCoordinator [node1:8080] - [Consumer clientId=consumer-user-events-consumer-3, groupId=user-events-consumer] Request joining group due to: consumer pro-actively leaving the group
2025-12-10 11:40:56.982 [org.springframework.kafka.KafkaListenerEndpointContainer#2-0-C-1] INFO  o.a.k.c.c.i.ConsumerCoordinator [node1:8080] - [Consumer clientId=consumer-notification-batch-consumer-1, groupId=notification-batch-consumer] Resetting generation due to: consumer pro-actively leaving the group
2025-12-10 11:40:56.982 [org.springframework.kafka.KafkaListenerEndpointContainer#2-0-C-1] INFO  o.a.k.c.c.i.ConsumerCoordinator [node1:8080] - [Consumer clientId=consumer-notification-batch-consumer-1, groupId=notification-batch-consumer] Request joining group due to: consumer pro-actively leaving the group
2025-12-10 11:40:56.981 [org.springframework.kafka.KafkaListenerEndpointContainer#3-0-C-1] INFO  o.a.k.c.c.i.ConsumerCoordinator [node1:8080] - [Consumer clientId=consumer-pattern-consumer-2, groupId=pattern-consumer] Resetting generation due to: consumer pro-actively leaving the group
2025-12-10 11:40:56.983 [org.springframework.kafka.KafkaListenerEndpointContainer#3-0-C-1] INFO  o.a.k.c.c.i.ConsumerCoordinator [node1:8080] - [Consumer clientId=consumer-pattern-consumer-2, groupId=pattern-consumer] Request joining group due to: consumer pro-actively leaving the group
2025-12-10 11:40:56.984 [org.springframework.kafka.KafkaListenerEndpointContainer#1-0-C-1] INFO  o.a.k.c.c.i.ConsumerCoordinator [node1:8080] - [Consumer clientId=consumer-order-events-consumer-4, groupId=order-events-consumer] Resetting generation due to: consumer pro-actively leaving the group
2025-12-10 11:40:56.984 [org.springframework.kafka.KafkaListenerEndpointContainer#1-0-C-1] INFO  o.a.k.c.c.i.ConsumerCoordinator [node1:8080] - [Consumer clientId=consumer-order-events-consumer-4, groupId=order-events-consumer] Request joining group due to: consumer pro-actively leaving the group
2025-12-10 11:40:57.619 [org.springframework.kafka.KafkaListenerEndpointContainer#2-0-C-1] INFO  o.a.kafka.common.metrics.Metrics [node1:8080] - Metrics scheduler closed
2025-12-10 11:40:57.619 [org.springframework.kafka.KafkaListenerEndpointContainer#0-0-C-1] INFO  o.a.kafka.common.metrics.Metrics [node1:8080] - Metrics scheduler closed
2025-12-10 11:40:57.619 [org.springframework.kafka.KafkaListenerEndpointContainer#2-0-C-1] INFO  o.a.kafka.common.metrics.Metrics [node1:8080] - Closing reporter org.apache.kafka.common.metrics.JmxReporter
2025-12-10 11:40:57.619 [org.springframework.kafka.KafkaListenerEndpointContainer#3-0-C-1] INFO  o.a.kafka.common.metrics.Metrics [node1:8080] - Metrics scheduler closed
2025-12-10 11:40:57.619 [org.springframework.kafka.KafkaListenerEndpointContainer#1-0-C-1] INFO  o.a.kafka.common.metrics.Metrics [node1:8080] - Metrics scheduler closed
2025-12-10 11:40:57.619 [org.springframework.kafka.KafkaListenerEndpointContainer#0-0-C-1] INFO  o.a.kafka.common.metrics.Metrics [node1:8080] - Closing reporter org.apache.kafka.common.metrics.JmxReporter
2025-12-10 11:40:57.619 [org.springframework.kafka.KafkaListenerEndpointContainer#3-0-C-1] INFO  o.a.kafka.common.metrics.Metrics [node1:8080] - Closing reporter org.apache.kafka.common.metrics.JmxReporter
2025-12-10 11:40:57.619 [org.springframework.kafka.KafkaListenerEndpointContainer#1-0-C-1] INFO  o.a.kafka.common.metrics.Metrics [node1:8080] - Closing reporter org.apache.kafka.common.metrics.JmxReporter
2025-12-10 11:40:57.619 [org.springframework.kafka.KafkaListenerEndpointContainer#2-0-C-1] INFO  o.a.kafka.common.metrics.Metrics [node1:8080] - Metrics reporters closed
2025-12-10 11:40:57.620 [org.springframework.kafka.KafkaListenerEndpointContainer#3-0-C-1] INFO  o.a.kafka.common.metrics.Metrics [node1:8080] - Metrics reporters closed
2025-12-10 11:40:57.620 [org.springframework.kafka.KafkaListenerEndpointContainer#1-0-C-1] INFO  o.a.kafka.common.metrics.Metrics [node1:8080] - Metrics reporters closed
2025-12-10 11:40:57.620 [org.springframework.kafka.KafkaListenerEndpointContainer#0-0-C-1] INFO  o.a.kafka.common.metrics.Metrics [node1:8080] - Metrics reporters closed
2025-12-10 11:40:57.649 [org.springframework.kafka.KafkaListenerEndpointContainer#1-0-C-1] INFO  o.a.kafka.common.utils.AppInfoParser [node1:8080] - App info kafka.consumer for consumer-order-events-consumer-4 unregistered
2025-12-10 11:40:57.650 [org.springframework.kafka.KafkaListenerEndpointContainer#3-0-C-1] INFO  o.a.kafka.common.utils.AppInfoParser [node1:8080] - App info kafka.consumer for consumer-pattern-consumer-2 unregistered
2025-12-10 11:40:57.651 [org.springframework.kafka.KafkaListenerEndpointContainer#2-0-C-1] INFO  o.a.kafka.common.utils.AppInfoParser [node1:8080] - App info kafka.consumer for consumer-notification-batch-consumer-1 unregistered
2025-12-10 11:40:57.651 [org.springframework.kafka.KafkaListenerEndpointContainer#0-0-C-1] INFO  o.a.kafka.common.utils.AppInfoParser [node1:8080] - App info kafka.consumer for consumer-user-events-consumer-3 unregistered
2025-12-10 11:40:57.658 [org.springframework.kafka.KafkaListenerEndpointContainer#3-0-C-1] INFO  o.s.k.l.KafkaMessageListenerContainer [node1:8080] - pattern-consumer: Consumer stopped
2025-12-10 11:40:57.658 [org.springframework.kafka.KafkaListenerEndpointContainer#2-0-C-1] INFO  o.s.k.l.KafkaMessageListenerContainer [node1:8080] - notification-batch-consumer: Consumer stopped
2025-12-10 11:40:57.658 [org.springframework.kafka.KafkaListenerEndpointContainer#0-0-C-1] INFO  o.s.k.l.KafkaMessageListenerContainer [node1:8080] - user-events-consumer: Consumer stopped
2025-12-10 11:40:57.658 [org.springframework.kafka.KafkaListenerEndpointContainer#1-0-C-1] INFO  o.s.k.l.KafkaMessageListenerContainer [node1:8080] - order-events-consumer: Consumer stopped
2025-12-10 11:40:57.756 [SpringApplicationShutdownHook] INFO  c.a.c.n.r.NacosServiceRegistry [node1:8080] - De-registering from Nacos Server now...
2025-12-10 11:40:57.964 [SpringApplicationShutdownHook] INFO  c.a.c.n.r.NacosServiceRegistry [node1:8080] - De-registration finished.
2025-12-10 11:40:58.594 [SpringApplicationShutdownHook] INFO  o.s.o.j.LocalContainerEntityManagerFactoryBean [node1:8080] - Closing JPA EntityManagerFactory for persistence unit 'default'
2025-12-10 11:40:58.731 [SpringApplicationShutdownHook] INFO  com.zaxxer.hikari.HikariDataSource [node1:8080] - HikariPool-1 - Shutdown initiated...
2025-12-10 11:40:58.780 [SpringApplicationShutdownHook] INFO  com.zaxxer.hikari.HikariDataSource [node1:8080] - HikariPool-1 - Shutdown completed.
2025-12-10 11:41:10.088 [main] INFO  com.example.demo.DemoApplication [node1:8080] - Starting DemoApplication using Java 11.0.11 on zhouwenwudeMacBook-Pro.local with PID 49237 (/Users/markchou/Documents/code-demo-pratice/application-demo/target/classes started by markchou in /Users/markchou/Documents/code-demo-pratice)
2025-12-10 11:41:10.091 [main] INFO  com.example.demo.DemoApplication [node1:8080] - The following 1 profile is active: "local-nacos"
2025-12-10 11:41:10.134 [main] INFO  c.a.c.n.c.NacosConfigDataLoader [node1:8080] - [Nacos Config] Load config[dataId=nacos-demo-service-local.properties, group=DEFAULT_GROUP] success
2025-12-10 11:41:10.888 [main] INFO  o.s.d.r.c.RepositoryConfigurationDelegate [node1:8080] - Multiple Spring Data modules found, entering strict repository configuration mode
2025-12-10 11:41:10.889 [main] INFO  o.s.d.r.c.RepositoryConfigurationDelegate [node1:8080] - Bootstrapping Spring Data Elasticsearch repositories in DEFAULT mode.
2025-12-10 11:41:10.903 [main] INFO  o.s.d.r.c.RepositoryConfigurationDelegate [node1:8080] - Finished Spring Data repository scanning in 7 ms. Found 0 Elasticsearch repository interfaces.
2025-12-10 11:41:11.088 [main] DEBUG org.apache.ibatis.logging.LogFactory [node1:8080] - Logging initialized using 'class org.apache.ibatis.logging.slf4j.Slf4jImpl' adapter.
2025-12-10 11:41:11.097 [main] DEBUG o.m.s.mapper.ClassPathMapperScanner [node1:8080] - Identified candidate component class: file [/Users/markchou/Documents/code-demo-pratice/application-demo/target/classes/com/example/demo/mapper/SysUserMapper.class]
2025-12-10 11:41:11.098 [main] DEBUG o.m.s.mapper.ClassPathMapperScanner [node1:8080] - Creating MapperFactoryBean with name 'sysUserMapper' and 'com.example.demo.mapper.SysUserMapper' mapperInterface
2025-12-10 11:41:11.100 [main] DEBUG o.m.s.mapper.ClassPathMapperScanner [node1:8080] - Enabling autowire by type for MapperFactoryBean with name 'sysUserMapper'.
2025-12-10 11:41:11.342 [main] INFO  o.s.d.r.c.RepositoryConfigurationDelegate [node1:8080] - Multiple Spring Data modules found, entering strict repository configuration mode
2025-12-10 11:41:11.343 [main] INFO  o.s.d.r.c.RepositoryConfigurationDelegate [node1:8080] - Bootstrapping Spring Data Elasticsearch repositories in DEFAULT mode.
2025-12-10 11:41:11.370 [main] INFO  o.s.d.r.c.RepositoryConfigurationExtensionSupport [node1:8080] - Spring Data Elasticsearch - Could not safely identify store assignment for repository candidate interface com.example.demo.repository.PayAccountGroupRepository; If you want this repository to be a Elasticsearch repository, consider annotating your entities with one of these annotations: org.springframework.data.elasticsearch.annotations.Document (preferred), or consider extending one of the following types with your repository: org.springframework.data.elasticsearch.repository.ElasticsearchRepository, org.springframework.data.elasticsearch.repository.ElasticsearchRepository
2025-12-10 11:41:11.418 [main] INFO  o.s.d.r.c.RepositoryConfigurationDelegate [node1:8080] - Finished Spring Data repository scanning in 75 ms. Found 1 Elasticsearch repository interfaces.
2025-12-10 11:41:11.422 [main] INFO  o.s.d.r.c.RepositoryConfigurationDelegate [node1:8080] - Multiple Spring Data modules found, entering strict repository configuration mode
2025-12-10 11:41:11.423 [main] INFO  o.s.d.r.c.RepositoryConfigurationDelegate [node1:8080] - Bootstrapping Spring Data Reactive Elasticsearch repositories in DEFAULT mode.
2025-12-10 11:41:11.426 [main] INFO  o.s.d.r.c.RepositoryConfigurationExtensionSupport [node1:8080] - Spring Data Reactive Elasticsearch - Could not safely identify store assignment for repository candidate interface com.example.demo.repository.PayAccountGroupRepository; If you want this repository to be a Reactive Elasticsearch repository, consider annotating your entities with one of these annotations: org.springframework.data.elasticsearch.annotations.Document (preferred), or consider extending one of the following types with your repository: org.springframework.data.elasticsearch.repository.ReactiveElasticsearchRepository
2025-12-10 11:41:11.428 [main] INFO  o.s.d.r.c.RepositoryConfigurationDelegate [node1:8080] - Finished Spring Data repository scanning in 4 ms. Found 0 Reactive Elasticsearch repository interfaces.
2025-12-10 11:41:11.437 [main] INFO  o.s.d.r.c.RepositoryConfigurationDelegate [node1:8080] - Multiple Spring Data modules found, entering strict repository configuration mode
2025-12-10 11:41:11.437 [main] INFO  o.s.d.r.c.RepositoryConfigurationDelegate [node1:8080] - Bootstrapping Spring Data JPA repositories in DEFAULT mode.
2025-12-10 11:41:11.449 [main] INFO  o.s.d.r.c.RepositoryConfigurationExtensionSupport [node1:8080] - Spring Data JPA - Could not safely identify store assignment for repository candidate interface com.example.demo.repository.ProductRepository; If you want this repository to be a JPA repository, consider annotating your entities with one of these annotations: javax.persistence.Entity, javax.persistence.MappedSuperclass (preferred), or consider extending one of the following types with your repository: org.springframework.data.jpa.repository.JpaRepository
2025-12-10 11:41:11.454 [main] INFO  o.s.d.r.c.RepositoryConfigurationDelegate [node1:8080] - Finished Spring Data repository scanning in 12 ms. Found 1 JPA repository interfaces.
2025-12-10 11:41:11.471 [main] INFO  o.s.d.r.c.RepositoryConfigurationDelegate [node1:8080] - Multiple Spring Data modules found, entering strict repository configuration mode
2025-12-10 11:41:11.472 [main] INFO  o.s.d.r.c.RepositoryConfigurationDelegate [node1:8080] - Bootstrapping Spring Data Redis repositories in DEFAULT mode.
2025-12-10 11:41:11.486 [main] INFO  o.s.d.r.c.RepositoryConfigurationExtensionSupport [node1:8080] - Spring Data Redis - Could not safely identify store assignment for repository candidate interface com.example.demo.repository.PayAccountGroupRepository; If you want this repository to be a Redis repository, consider annotating your entities with one of these annotations: org.springframework.data.redis.core.RedisHash (preferred), or consider extending one of the following types with your repository: org.springframework.data.keyvalue.repository.KeyValueRepository
2025-12-10 11:41:11.487 [main] INFO  o.s.d.r.c.RepositoryConfigurationExtensionSupport [node1:8080] - Spring Data Redis - Could not safely identify store assignment for repository candidate interface com.example.demo.repository.ProductRepository; If you want this repository to be a Redis repository, consider annotating your entities with one of these annotations: org.springframework.data.redis.core.RedisHash (preferred), or consider extending one of the following types with your repository: org.springframework.data.keyvalue.repository.KeyValueRepository
2025-12-10 11:41:11.487 [main] INFO  o.s.d.r.c.RepositoryConfigurationDelegate [node1:8080] - Finished Spring Data repository scanning in 4 ms. Found 0 Redis repository interfaces.
2025-12-10 11:41:11.787 [main] INFO  o.s.cloud.context.scope.GenericScope [node1:8080] - BeanFactory id=1f8c31ca-2b88-3207-a358-e42b705d64eb
2025-12-10 11:41:12.473 [main] INFO  o.s.b.w.e.tomcat.TomcatWebServer [node1:8080] - Tomcat initialized with port(s): 8080 (http)
2025-12-10 11:41:12.485 [main] INFO  o.a.catalina.core.StandardService [node1:8080] - Starting service [Tomcat]
2025-12-10 11:41:12.485 [main] INFO  o.a.catalina.core.StandardEngine [node1:8080] - Starting Servlet engine: [Apache Tomcat/9.0.68]
2025-12-10 11:41:12.681 [main] INFO  o.a.c.c.C.[Tomcat].[localhost].[/] [node1:8080] - Initializing Spring embedded WebApplicationContext
2025-12-10 11:41:12.682 [main] INFO  o.s.b.w.s.c.ServletWebServerApplicationContext [node1:8080] - Root WebApplicationContext: initialization completed in 2546 ms
2025-12-10 11:41:13.296 [main] INFO  com.zaxxer.hikari.HikariDataSource [node1:8080] - HikariPool-1 - Starting...
2025-12-10 11:41:13.515 [main] INFO  com.zaxxer.hikari.HikariDataSource [node1:8080] - HikariPool-1 - Start completed.
2025-12-10 11:41:14.444 [main] INFO  o.s.o.j.LocalContainerEntityManagerFactoryBean [node1:8080] - Initialized JPA EntityManagerFactory for persistence unit 'default'
2025-12-10 11:41:14.943 [main] DEBUG o.m.spring.SqlSessionFactoryBean [node1:8080] - Property 'mapperLocations' was not specified or no matching resources found
2025-12-10 11:41:16.445 [main] WARN  org.elasticsearch.client.RestClient [node1:8080] - request [HEAD http://localhost:9200/products?ignore_throttled=false&ignore_unavailable=false&expand_wildcards=open%2Cclosed&allow_no_indices=false] returned 1 warnings: [299 Elasticsearch-7.17.0-bee86328705acaa9a6daede7140defd4d9ec56bd "[ignore_throttled] parameter is deprecated because frozen indices have been deprecated. Consider cold or frozen tiers in place of frozen indices."]
2025-12-10 11:41:16.692 [main] WARN  o.s.b.a.o.j.JpaBaseConfiguration$JpaWebConfiguration [node1:8080] - spring.jpa.open-in-view is enabled by default. Therefore, database queries may be performed during view rendering. Explicitly configure spring.jpa.open-in-view to disable this warning
2025-12-10 11:41:16.913 [main] INFO  c.a.c.s.SentinelWebMvcConfigurer [node1:8080] - [Sentinel Starter] register SentinelWebInterceptor with urlPatterns: [/**].
2025-12-10 11:41:18.196 [main] INFO  o.a.k.c.admin.AdminClientConfig [node1:8080] - AdminClientConfig values: 
	bootstrap.servers = [127.0.0.1:9093]
	client.dns.lookup = use_all_dns_ips
	client.id = 
	connections.max.idle.ms = 300000
	default.api.timeout.ms = 60000
	metadata.max.age.ms = 300000
	metric.reporters = []
	metrics.num.samples = 2
	metrics.recording.level = INFO
	metrics.sample.window.ms = 30000
	receive.buffer.bytes = 65536
	reconnect.backoff.max.ms = 1000
	reconnect.backoff.ms = 50
	request.timeout.ms = 30000
	retries = 2147483647
	retry.backoff.ms = 100
	sasl.client.callback.handler.class = null
	sasl.jaas.config = null
	sasl.kerberos.kinit.cmd = /usr/bin/kinit
	sasl.kerberos.min.time.before.relogin = 60000
	sasl.kerberos.service.name = null
	sasl.kerberos.ticket.renew.jitter = 0.05
	sasl.kerberos.ticket.renew.window.factor = 0.8
	sasl.login.callback.handler.class = null
	sasl.login.class = null
	sasl.login.refresh.buffer.seconds = 300
	sasl.login.refresh.min.period.seconds = 60
	sasl.login.refresh.window.factor = 0.8
	sasl.login.refresh.window.jitter = 0.05
	sasl.mechanism = GSSAPI
	security.protocol = PLAINTEXT
	security.providers = null
	send.buffer.bytes = 131072
	socket.connection.setup.timeout.max.ms = 30000
	socket.connection.setup.timeout.ms = 10000
	ssl.cipher.suites = null
	ssl.enabled.protocols = [TLSv1.2, TLSv1.3]
	ssl.endpoint.identification.algorithm = https
	ssl.engine.factory.class = null
	ssl.key.password = null
	ssl.keymanager.algorithm = SunX509
	ssl.keystore.certificate.chain = null
	ssl.keystore.key = null
	ssl.keystore.location = null
	ssl.keystore.password = null
	ssl.keystore.type = JKS
	ssl.protocol = TLSv1.3
	ssl.provider = null
	ssl.secure.random.implementation = null
	ssl.trustmanager.algorithm = PKIX
	ssl.truststore.certificates = null
	ssl.truststore.location = null
	ssl.truststore.password = null
	ssl.truststore.type = JKS

2025-12-10 11:41:18.244 [main] INFO  o.a.kafka.common.utils.AppInfoParser [node1:8080] - Kafka version: 3.0.2
2025-12-10 11:41:18.245 [main] INFO  o.a.kafka.common.utils.AppInfoParser [node1:8080] - Kafka commitId: 25b1aea02e37da14
2025-12-10 11:41:18.245 [main] INFO  o.a.kafka.common.utils.AppInfoParser [node1:8080] - Kafka startTimeMs: 1765338078243
2025-12-10 11:41:18.673 [kafka-admin-client-thread | adminclient-1] INFO  o.a.kafka.common.utils.AppInfoParser [node1:8080] - App info kafka.admin.client for adminclient-1 unregistered
2025-12-10 11:41:18.678 [kafka-admin-client-thread | adminclient-1] INFO  o.a.kafka.common.metrics.Metrics [node1:8080] - Metrics scheduler closed
2025-12-10 11:41:18.678 [kafka-admin-client-thread | adminclient-1] INFO  o.a.kafka.common.metrics.Metrics [node1:8080] - Closing reporter org.apache.kafka.common.metrics.JmxReporter
2025-12-10 11:41:18.678 [kafka-admin-client-thread | adminclient-1] INFO  o.a.kafka.common.metrics.Metrics [node1:8080] - Metrics reporters closed
2025-12-10 11:41:18.700 [main] INFO  o.a.k.c.consumer.ConsumerConfig [node1:8080] - ConsumerConfig values: 
	allow.auto.create.topics = true
	auto.commit.interval.ms = 5000
	auto.offset.reset = latest
	bootstrap.servers = [127.0.0.1:9093]
	check.crcs = true
	client.dns.lookup = use_all_dns_ips
	client.id = consumer-notification-batch-consumer-1
	client.rack = 
	connections.max.idle.ms = 540000
	default.api.timeout.ms = 60000
	enable.auto.commit = false
	exclude.internal.topics = true
	fetch.max.bytes = 52428800
	fetch.max.wait.ms = 500
	fetch.min.bytes = 1
	group.id = notification-batch-consumer
	group.instance.id = null
	heartbeat.interval.ms = 3000
	interceptor.classes = []
	internal.leave.group.on.close = true
	internal.throw.on.fetch.stable.offset.unsupported = false
	isolation.level = read_uncommitted
	key.deserializer = class org.apache.kafka.common.serialization.StringDeserializer
	max.partition.fetch.bytes = 1048576
	max.poll.interval.ms = 300000
	max.poll.records = 500
	metadata.max.age.ms = 300000
	metric.reporters = []
	metrics.num.samples = 2
	metrics.recording.level = INFO
	metrics.sample.window.ms = 30000
	partition.assignment.strategy = [class org.apache.kafka.clients.consumer.RangeAssignor, class org.apache.kafka.clients.consumer.CooperativeStickyAssignor]
	receive.buffer.bytes = 65536
	reconnect.backoff.max.ms = 1000
	reconnect.backoff.ms = 50
	request.timeout.ms = 30000
	retry.backoff.ms = 100
	sasl.client.callback.handler.class = null
	sasl.jaas.config = null
	sasl.kerberos.kinit.cmd = /usr/bin/kinit
	sasl.kerberos.min.time.before.relogin = 60000
	sasl.kerberos.service.name = null
	sasl.kerberos.ticket.renew.jitter = 0.05
	sasl.kerberos.ticket.renew.window.factor = 0.8
	sasl.login.callback.handler.class = null
	sasl.login.class = null
	sasl.login.refresh.buffer.seconds = 300
	sasl.login.refresh.min.period.seconds = 60
	sasl.login.refresh.window.factor = 0.8
	sasl.login.refresh.window.jitter = 0.05
	sasl.mechanism = GSSAPI
	security.protocol = PLAINTEXT
	security.providers = null
	send.buffer.bytes = 131072
	session.timeout.ms = 45000
	socket.connection.setup.timeout.max.ms = 30000
	socket.connection.setup.timeout.ms = 10000
	ssl.cipher.suites = null
	ssl.enabled.protocols = [TLSv1.2, TLSv1.3]
	ssl.endpoint.identification.algorithm = https
	ssl.engine.factory.class = null
	ssl.key.password = null
	ssl.keymanager.algorithm = SunX509
	ssl.keystore.certificate.chain = null
	ssl.keystore.key = null
	ssl.keystore.location = null
	ssl.keystore.password = null
	ssl.keystore.type = JKS
	ssl.protocol = TLSv1.3
	ssl.provider = null
	ssl.secure.random.implementation = null
	ssl.trustmanager.algorithm = PKIX
	ssl.truststore.certificates = null
	ssl.truststore.location = null
	ssl.truststore.password = null
	ssl.truststore.type = JKS
	value.deserializer = class org.apache.kafka.common.serialization.StringDeserializer

2025-12-10 11:41:18.732 [main] INFO  o.a.kafka.common.utils.AppInfoParser [node1:8080] - Kafka version: 3.0.2
2025-12-10 11:41:18.732 [main] INFO  o.a.kafka.common.utils.AppInfoParser [node1:8080] - Kafka commitId: 25b1aea02e37da14
2025-12-10 11:41:18.732 [main] INFO  o.a.kafka.common.utils.AppInfoParser [node1:8080] - Kafka startTimeMs: 1765338078732
2025-12-10 11:41:18.733 [main] INFO  o.a.k.clients.consumer.KafkaConsumer [node1:8080] - [Consumer clientId=consumer-notification-batch-consumer-1, groupId=notification-batch-consumer] Subscribed to topic(s): notification-topic
2025-12-10 11:41:18.748 [main] INFO  o.a.k.c.consumer.ConsumerConfig [node1:8080] - ConsumerConfig values: 
	allow.auto.create.topics = true
	auto.commit.interval.ms = 5000
	auto.offset.reset = earliest
	bootstrap.servers = [127.0.0.1:9093]
	check.crcs = true
	client.dns.lookup = use_all_dns_ips
	client.id = consumer-pattern-consumer-2
	client.rack = 
	connections.max.idle.ms = 540000
	default.api.timeout.ms = 60000
	enable.auto.commit = false
	exclude.internal.topics = true
	fetch.max.bytes = 52428800
	fetch.max.wait.ms = 500
	fetch.min.bytes = 1
	group.id = pattern-consumer
	group.instance.id = null
	heartbeat.interval.ms = 3000
	interceptor.classes = []
	internal.leave.group.on.close = true
	internal.throw.on.fetch.stable.offset.unsupported = false
	isolation.level = read_uncommitted
	key.deserializer = class org.apache.kafka.common.serialization.StringDeserializer
	max.partition.fetch.bytes = 1048576
	max.poll.interval.ms = 300000
	max.poll.records = 500
	metadata.max.age.ms = 300000
	metric.reporters = []
	metrics.num.samples = 2
	metrics.recording.level = INFO
	metrics.sample.window.ms = 30000
	partition.assignment.strategy = [class org.apache.kafka.clients.consumer.RangeAssignor, class org.apache.kafka.clients.consumer.CooperativeStickyAssignor]
	receive.buffer.bytes = 65536
	reconnect.backoff.max.ms = 1000
	reconnect.backoff.ms = 50
	request.timeout.ms = 30000
	retry.backoff.ms = 100
	sasl.client.callback.handler.class = null
	sasl.jaas.config = null
	sasl.kerberos.kinit.cmd = /usr/bin/kinit
	sasl.kerberos.min.time.before.relogin = 60000
	sasl.kerberos.service.name = null
	sasl.kerberos.ticket.renew.jitter = 0.05
	sasl.kerberos.ticket.renew.window.factor = 0.8
	sasl.login.callback.handler.class = null
	sasl.login.class = null
	sasl.login.refresh.buffer.seconds = 300
	sasl.login.refresh.min.period.seconds = 60
	sasl.login.refresh.window.factor = 0.8
	sasl.login.refresh.window.jitter = 0.05
	sasl.mechanism = GSSAPI
	security.protocol = PLAINTEXT
	security.providers = null
	send.buffer.bytes = 131072
	session.timeout.ms = 45000
	socket.connection.setup.timeout.max.ms = 30000
	socket.connection.setup.timeout.ms = 10000
	ssl.cipher.suites = null
	ssl.enabled.protocols = [TLSv1.2, TLSv1.3]
	ssl.endpoint.identification.algorithm = https
	ssl.engine.factory.class = null
	ssl.key.password = null
	ssl.keymanager.algorithm = SunX509
	ssl.keystore.certificate.chain = null
	ssl.keystore.key = null
	ssl.keystore.location = null
	ssl.keystore.password = null
	ssl.keystore.type = JKS
	ssl.protocol = TLSv1.3
	ssl.provider = null
	ssl.secure.random.implementation = null
	ssl.trustmanager.algorithm = PKIX
	ssl.truststore.certificates = null
	ssl.truststore.location = null
	ssl.truststore.password = null
	ssl.truststore.type = JKS
	value.deserializer = class org.apache.kafka.common.serialization.StringDeserializer

2025-12-10 11:41:18.754 [main] INFO  o.a.kafka.common.utils.AppInfoParser [node1:8080] - Kafka version: 3.0.2
2025-12-10 11:41:18.754 [main] INFO  o.a.kafka.common.utils.AppInfoParser [node1:8080] - Kafka commitId: 25b1aea02e37da14
2025-12-10 11:41:18.754 [main] INFO  o.a.kafka.common.utils.AppInfoParser [node1:8080] - Kafka startTimeMs: 1765338078754
2025-12-10 11:41:18.755 [main] INFO  o.a.k.clients.consumer.KafkaConsumer [node1:8080] - [Consumer clientId=consumer-pattern-consumer-2, groupId=pattern-consumer] Subscribed to pattern: '.*-events-topic'
2025-12-10 11:41:18.758 [main] INFO  o.a.k.c.consumer.ConsumerConfig [node1:8080] - ConsumerConfig values: 
	allow.auto.create.topics = true
	auto.commit.interval.ms = 5000
	auto.offset.reset = latest
	bootstrap.servers = [127.0.0.1:9093]
	check.crcs = true
	client.dns.lookup = use_all_dns_ips
	client.id = consumer-user-events-consumer-3
	client.rack = 
	connections.max.idle.ms = 540000
	default.api.timeout.ms = 60000
	enable.auto.commit = false
	exclude.internal.topics = true
	fetch.max.bytes = 52428800
	fetch.max.wait.ms = 500
	fetch.min.bytes = 1
	group.id = user-events-consumer
	group.instance.id = null
	heartbeat.interval.ms = 3000
	interceptor.classes = []
	internal.leave.group.on.close = true
	internal.throw.on.fetch.stable.offset.unsupported = false
	isolation.level = read_uncommitted
	key.deserializer = class org.apache.kafka.common.serialization.StringDeserializer
	max.partition.fetch.bytes = 1048576
	max.poll.interval.ms = 300000
	max.poll.records = 500
	metadata.max.age.ms = 300000
	metric.reporters = []
	metrics.num.samples = 2
	metrics.recording.level = INFO
	metrics.sample.window.ms = 30000
	partition.assignment.strategy = [class org.apache.kafka.clients.consumer.RangeAssignor, class org.apache.kafka.clients.consumer.CooperativeStickyAssignor]
	receive.buffer.bytes = 65536
	reconnect.backoff.max.ms = 1000
	reconnect.backoff.ms = 50
	request.timeout.ms = 30000
	retry.backoff.ms = 100
	sasl.client.callback.handler.class = null
	sasl.jaas.config = null
	sasl.kerberos.kinit.cmd = /usr/bin/kinit
	sasl.kerberos.min.time.before.relogin = 60000
	sasl.kerberos.service.name = null
	sasl.kerberos.ticket.renew.jitter = 0.05
	sasl.kerberos.ticket.renew.window.factor = 0.8
	sasl.login.callback.handler.class = null
	sasl.login.class = null
	sasl.login.refresh.buffer.seconds = 300
	sasl.login.refresh.min.period.seconds = 60
	sasl.login.refresh.window.factor = 0.8
	sasl.login.refresh.window.jitter = 0.05
	sasl.mechanism = GSSAPI
	security.protocol = PLAINTEXT
	security.providers = null
	send.buffer.bytes = 131072
	session.timeout.ms = 45000
	socket.connection.setup.timeout.max.ms = 30000
	socket.connection.setup.timeout.ms = 10000
	ssl.cipher.suites = null
	ssl.enabled.protocols = [TLSv1.2, TLSv1.3]
	ssl.endpoint.identification.algorithm = https
	ssl.engine.factory.class = null
	ssl.key.password = null
	ssl.keymanager.algorithm = SunX509
	ssl.keystore.certificate.chain = null
	ssl.keystore.key = null
	ssl.keystore.location = null
	ssl.keystore.password = null
	ssl.keystore.type = JKS
	ssl.protocol = TLSv1.3
	ssl.provider = null
	ssl.secure.random.implementation = null
	ssl.trustmanager.algorithm = PKIX
	ssl.truststore.certificates = null
	ssl.truststore.location = null
	ssl.truststore.password = null
	ssl.truststore.type = JKS
	value.deserializer = class org.apache.kafka.common.serialization.StringDeserializer

2025-12-10 11:41:18.762 [main] INFO  o.a.kafka.common.utils.AppInfoParser [node1:8080] - Kafka version: 3.0.2
2025-12-10 11:41:18.763 [main] INFO  o.a.kafka.common.utils.AppInfoParser [node1:8080] - Kafka commitId: 25b1aea02e37da14
2025-12-10 11:41:18.763 [main] INFO  o.a.kafka.common.utils.AppInfoParser [node1:8080] - Kafka startTimeMs: 1765338078762
2025-12-10 11:41:18.763 [main] INFO  o.a.k.clients.consumer.KafkaConsumer [node1:8080] - [Consumer clientId=consumer-user-events-consumer-3, groupId=user-events-consumer] Subscribed to topic(s): user-events-topic
2025-12-10 11:41:18.767 [main] INFO  o.a.k.c.consumer.ConsumerConfig [node1:8080] - ConsumerConfig values: 
	allow.auto.create.topics = true
	auto.commit.interval.ms = 5000
	auto.offset.reset = earliest
	bootstrap.servers = [127.0.0.1:9093]
	check.crcs = true
	client.dns.lookup = use_all_dns_ips
	client.id = consumer-order-events-consumer-4
	client.rack = 
	connections.max.idle.ms = 540000
	default.api.timeout.ms = 60000
	enable.auto.commit = false
	exclude.internal.topics = true
	fetch.max.bytes = 52428800
	fetch.max.wait.ms = 500
	fetch.min.bytes = 1
	group.id = order-events-consumer
	group.instance.id = null
	heartbeat.interval.ms = 3000
	interceptor.classes = []
	internal.leave.group.on.close = true
	internal.throw.on.fetch.stable.offset.unsupported = false
	isolation.level = read_uncommitted
	key.deserializer = class org.apache.kafka.common.serialization.StringDeserializer
	max.partition.fetch.bytes = 1048576
	max.poll.interval.ms = 300000
	max.poll.records = 500
	metadata.max.age.ms = 300000
	metric.reporters = []
	metrics.num.samples = 2
	metrics.recording.level = INFO
	metrics.sample.window.ms = 30000
	partition.assignment.strategy = [class org.apache.kafka.clients.consumer.RangeAssignor, class org.apache.kafka.clients.consumer.CooperativeStickyAssignor]
	receive.buffer.bytes = 65536
	reconnect.backoff.max.ms = 1000
	reconnect.backoff.ms = 50
	request.timeout.ms = 30000
	retry.backoff.ms = 100
	sasl.client.callback.handler.class = null
	sasl.jaas.config = null
	sasl.kerberos.kinit.cmd = /usr/bin/kinit
	sasl.kerberos.min.time.before.relogin = 60000
	sasl.kerberos.service.name = null
	sasl.kerberos.ticket.renew.jitter = 0.05
	sasl.kerberos.ticket.renew.window.factor = 0.8
	sasl.login.callback.handler.class = null
	sasl.login.class = null
	sasl.login.refresh.buffer.seconds = 300
	sasl.login.refresh.min.period.seconds = 60
	sasl.login.refresh.window.factor = 0.8
	sasl.login.refresh.window.jitter = 0.05
	sasl.mechanism = GSSAPI
	security.protocol = PLAINTEXT
	security.providers = null
	send.buffer.bytes = 131072
	session.timeout.ms = 45000
	socket.connection.setup.timeout.max.ms = 30000
	socket.connection.setup.timeout.ms = 10000
	ssl.cipher.suites = null
	ssl.enabled.protocols = [TLSv1.2, TLSv1.3]
	ssl.endpoint.identification.algorithm = https
	ssl.engine.factory.class = null
	ssl.key.password = null
	ssl.keymanager.algorithm = SunX509
	ssl.keystore.certificate.chain = null
	ssl.keystore.key = null
	ssl.keystore.location = null
	ssl.keystore.password = null
	ssl.keystore.type = JKS
	ssl.protocol = TLSv1.3
	ssl.provider = null
	ssl.secure.random.implementation = null
	ssl.trustmanager.algorithm = PKIX
	ssl.truststore.certificates = null
	ssl.truststore.location = null
	ssl.truststore.password = null
	ssl.truststore.type = JKS
	value.deserializer = class org.apache.kafka.common.serialization.StringDeserializer

2025-12-10 11:41:18.771 [main] INFO  o.a.kafka.common.utils.AppInfoParser [node1:8080] - Kafka version: 3.0.2
2025-12-10 11:41:18.771 [main] INFO  o.a.kafka.common.utils.AppInfoParser [node1:8080] - Kafka commitId: 25b1aea02e37da14
2025-12-10 11:41:18.772 [main] INFO  o.a.kafka.common.utils.AppInfoParser [node1:8080] - Kafka startTimeMs: 1765338078771
2025-12-10 11:41:18.772 [main] INFO  o.a.k.clients.consumer.KafkaConsumer [node1:8080] - [Consumer clientId=consumer-order-events-consumer-4, groupId=order-events-consumer] Subscribed to topic(s): order-events-topic
2025-12-10 11:41:18.781 [org.springframework.kafka.KafkaListenerEndpointContainer#2-0-C-1] INFO  org.apache.kafka.clients.Metadata [node1:8080] - [Consumer clientId=consumer-notification-batch-consumer-1, groupId=notification-batch-consumer] Resetting the last seen epoch of partition notification-topic-0 to 0 since the associated topicId changed from null to ijmXFJA0Rrmn4LFk4ULykA
2025-12-10 11:41:18.782 [org.springframework.kafka.KafkaListenerEndpointContainer#2-0-C-1] INFO  org.apache.kafka.clients.Metadata [node1:8080] - [Consumer clientId=consumer-notification-batch-consumer-1, groupId=notification-batch-consumer] Cluster ID: sOJBYIVSQLWpg94NPVJ1_g
2025-12-10 11:41:18.786 [org.springframework.kafka.KafkaListenerEndpointContainer#3-0-C-1] INFO  org.apache.kafka.clients.Metadata [node1:8080] - [Consumer clientId=consumer-pattern-consumer-2, groupId=pattern-consumer] Resetting the last seen epoch of partition order-events-topic-0 to 0 since the associated topicId changed from null to S-jFKcJPSjSUm6FAu4JKEQ
2025-12-10 11:41:18.787 [org.springframework.kafka.KafkaListenerEndpointContainer#3-0-C-1] INFO  org.apache.kafka.clients.Metadata [node1:8080] - [Consumer clientId=consumer-pattern-consumer-2, groupId=pattern-consumer] Resetting the last seen epoch of partition order-events-topic-4 to 0 since the associated topicId changed from null to S-jFKcJPSjSUm6FAu4JKEQ
2025-12-10 11:41:18.787 [org.springframework.kafka.KafkaListenerEndpointContainer#3-0-C-1] INFO  org.apache.kafka.clients.Metadata [node1:8080] - [Consumer clientId=consumer-pattern-consumer-2, groupId=pattern-consumer] Resetting the last seen epoch of partition order-events-topic-1 to 0 since the associated topicId changed from null to S-jFKcJPSjSUm6FAu4JKEQ
2025-12-10 11:41:18.787 [org.springframework.kafka.KafkaListenerEndpointContainer#3-0-C-1] INFO  org.apache.kafka.clients.Metadata [node1:8080] - [Consumer clientId=consumer-pattern-consumer-2, groupId=pattern-consumer] Resetting the last seen epoch of partition order-events-topic-2 to 0 since the associated topicId changed from null to S-jFKcJPSjSUm6FAu4JKEQ
2025-12-10 11:41:18.787 [org.springframework.kafka.KafkaListenerEndpointContainer#3-0-C-1] INFO  org.apache.kafka.clients.Metadata [node1:8080] - [Consumer clientId=consumer-pattern-consumer-2, groupId=pattern-consumer] Resetting the last seen epoch of partition order-events-topic-3 to 0 since the associated topicId changed from null to S-jFKcJPSjSUm6FAu4JKEQ
2025-12-10 11:41:18.787 [org.springframework.kafka.KafkaListenerEndpointContainer#3-0-C-1] INFO  org.apache.kafka.clients.Metadata [node1:8080] - [Consumer clientId=consumer-pattern-consumer-2, groupId=pattern-consumer] Resetting the last seen epoch of partition user-events-topic-0 to 0 since the associated topicId changed from null to fcT4s_ILQFSo6P7BMOCX_Q
2025-12-10 11:41:18.787 [org.springframework.kafka.KafkaListenerEndpointContainer#3-0-C-1] INFO  org.apache.kafka.clients.Metadata [node1:8080] - [Consumer clientId=consumer-pattern-consumer-2, groupId=pattern-consumer] Resetting the last seen epoch of partition user-events-topic-2 to 0 since the associated topicId changed from null to fcT4s_ILQFSo6P7BMOCX_Q
2025-12-10 11:41:18.788 [org.springframework.kafka.KafkaListenerEndpointContainer#3-0-C-1] INFO  org.apache.kafka.clients.Metadata [node1:8080] - [Consumer clientId=consumer-pattern-consumer-2, groupId=pattern-consumer] Resetting the last seen epoch of partition user-events-topic-1 to 0 since the associated topicId changed from null to fcT4s_ILQFSo6P7BMOCX_Q
2025-12-10 11:41:18.788 [org.springframework.kafka.KafkaListenerEndpointContainer#0-0-C-1] INFO  org.apache.kafka.clients.Metadata [node1:8080] - [Consumer clientId=consumer-user-events-consumer-3, groupId=user-events-consumer] Resetting the last seen epoch of partition user-events-topic-0 to 0 since the associated topicId changed from null to fcT4s_ILQFSo6P7BMOCX_Q
2025-12-10 11:41:18.788 [org.springframework.kafka.KafkaListenerEndpointContainer#0-0-C-1] INFO  org.apache.kafka.clients.Metadata [node1:8080] - [Consumer clientId=consumer-user-events-consumer-3, groupId=user-events-consumer] Resetting the last seen epoch of partition user-events-topic-2 to 0 since the associated topicId changed from null to fcT4s_ILQFSo6P7BMOCX_Q
2025-12-10 11:41:18.788 [org.springframework.kafka.KafkaListenerEndpointContainer#2-0-C-1] INFO  o.a.k.c.c.i.ConsumerCoordinator [node1:8080] - [Consumer clientId=consumer-notification-batch-consumer-1, groupId=notification-batch-consumer] Discovered group coordinator localhost:9093 (id: 2147482646 rack: null)
2025-12-10 11:41:18.788 [org.springframework.kafka.KafkaListenerEndpointContainer#0-0-C-1] INFO  org.apache.kafka.clients.Metadata [node1:8080] - [Consumer clientId=consumer-user-events-consumer-3, groupId=user-events-consumer] Resetting the last seen epoch of partition user-events-topic-1 to 0 since the associated topicId changed from null to fcT4s_ILQFSo6P7BMOCX_Q
2025-12-10 11:41:18.788 [org.springframework.kafka.KafkaListenerEndpointContainer#3-0-C-1] INFO  org.apache.kafka.clients.Metadata [node1:8080] - [Consumer clientId=consumer-pattern-consumer-2, groupId=pattern-consumer] Cluster ID: sOJBYIVSQLWpg94NPVJ1_g
2025-12-10 11:41:18.789 [org.springframework.kafka.KafkaListenerEndpointContainer#0-0-C-1] INFO  org.apache.kafka.clients.Metadata [node1:8080] - [Consumer clientId=consumer-user-events-consumer-3, groupId=user-events-consumer] Cluster ID: sOJBYIVSQLWpg94NPVJ1_g
2025-12-10 11:41:18.792 [org.springframework.kafka.KafkaListenerEndpointContainer#3-0-C-1] INFO  o.a.k.c.c.i.ConsumerCoordinator [node1:8080] - [Consumer clientId=consumer-pattern-consumer-2, groupId=pattern-consumer] Discovered group coordinator localhost:9093 (id: 2147482646 rack: null)
2025-12-10 11:41:18.792 [org.springframework.kafka.KafkaListenerEndpointContainer#2-0-C-1] INFO  o.a.k.c.c.i.ConsumerCoordinator [node1:8080] - [Consumer clientId=consumer-notification-batch-consumer-1, groupId=notification-batch-consumer] (Re-)joining group
2025-12-10 11:41:18.792 [org.springframework.kafka.KafkaListenerEndpointContainer#0-0-C-1] INFO  o.a.k.c.c.i.ConsumerCoordinator [node1:8080] - [Consumer clientId=consumer-user-events-consumer-3, groupId=user-events-consumer] Discovered group coordinator localhost:9093 (id: 2147482646 rack: null)
2025-12-10 11:41:18.792 [org.springframework.kafka.KafkaListenerEndpointContainer#0-0-C-1] INFO  o.a.k.c.c.i.ConsumerCoordinator [node1:8080] - [Consumer clientId=consumer-user-events-consumer-3, groupId=user-events-consumer] (Re-)joining group
2025-12-10 11:41:18.793 [org.springframework.kafka.KafkaListenerEndpointContainer#3-0-C-1] INFO  o.a.k.c.c.i.ConsumerCoordinator [node1:8080] - [Consumer clientId=consumer-pattern-consumer-2, groupId=pattern-consumer] (Re-)joining group
2025-12-10 11:41:18.800 [main] INFO  o.s.b.w.e.tomcat.TomcatWebServer [node1:8080] - Tomcat started on port(s): 8080 (http) with context path ''
2025-12-10 11:41:18.828 [main] INFO  c.a.n.p.a.s.c.ClientAuthPluginManager [node1:8080] - [ClientAuthPluginManager] Load ClientAuthService com.alibaba.nacos.client.auth.impl.NacosClientAuthServiceImpl success.
2025-12-10 11:41:18.829 [main] INFO  c.a.n.p.a.s.c.ClientAuthPluginManager [node1:8080] - [ClientAuthPluginManager] Load ClientAuthService com.alibaba.nacos.client.auth.ram.RamClientAuthServiceImpl success.
2025-12-10 11:41:18.832 [org.springframework.kafka.KafkaListenerEndpointContainer#1-0-C-1] INFO  org.apache.kafka.clients.Metadata [node1:8080] - [Consumer clientId=consumer-order-events-consumer-4, groupId=order-events-consumer] Resetting the last seen epoch of partition order-events-topic-0 to 0 since the associated topicId changed from null to S-jFKcJPSjSUm6FAu4JKEQ
2025-12-10 11:41:18.832 [org.springframework.kafka.KafkaListenerEndpointContainer#1-0-C-1] INFO  org.apache.kafka.clients.Metadata [node1:8080] - [Consumer clientId=consumer-order-events-consumer-4, groupId=order-events-consumer] Resetting the last seen epoch of partition order-events-topic-4 to 0 since the associated topicId changed from null to S-jFKcJPSjSUm6FAu4JKEQ
2025-12-10 11:41:18.832 [org.springframework.kafka.KafkaListenerEndpointContainer#1-0-C-1] INFO  org.apache.kafka.clients.Metadata [node1:8080] - [Consumer clientId=consumer-order-events-consumer-4, groupId=order-events-consumer] Resetting the last seen epoch of partition order-events-topic-1 to 0 since the associated topicId changed from null to S-jFKcJPSjSUm6FAu4JKEQ
2025-12-10 11:41:18.833 [org.springframework.kafka.KafkaListenerEndpointContainer#1-0-C-1] INFO  org.apache.kafka.clients.Metadata [node1:8080] - [Consumer clientId=consumer-order-events-consumer-4, groupId=order-events-consumer] Resetting the last seen epoch of partition order-events-topic-2 to 0 since the associated topicId changed from null to S-jFKcJPSjSUm6FAu4JKEQ
2025-12-10 11:41:18.833 [org.springframework.kafka.KafkaListenerEndpointContainer#1-0-C-1] INFO  org.apache.kafka.clients.Metadata [node1:8080] - [Consumer clientId=consumer-order-events-consumer-4, groupId=order-events-consumer] Resetting the last seen epoch of partition order-events-topic-3 to 0 since the associated topicId changed from null to S-jFKcJPSjSUm6FAu4JKEQ
2025-12-10 11:41:18.833 [org.springframework.kafka.KafkaListenerEndpointContainer#1-0-C-1] INFO  org.apache.kafka.clients.Metadata [node1:8080] - [Consumer clientId=consumer-order-events-consumer-4, groupId=order-events-consumer] Cluster ID: sOJBYIVSQLWpg94NPVJ1_g
2025-12-10 11:41:18.834 [org.springframework.kafka.KafkaListenerEndpointContainer#1-0-C-1] INFO  o.a.k.c.c.i.ConsumerCoordinator [node1:8080] - [Consumer clientId=consumer-order-events-consumer-4, groupId=order-events-consumer] Discovered group coordinator localhost:9093 (id: 2147482646 rack: null)
2025-12-10 11:41:18.834 [org.springframework.kafka.KafkaListenerEndpointContainer#1-0-C-1] INFO  o.a.k.c.c.i.ConsumerCoordinator [node1:8080] - [Consumer clientId=consumer-order-events-consumer-4, groupId=order-events-consumer] (Re-)joining group
2025-12-10 11:41:18.864 [org.springframework.kafka.KafkaListenerEndpointContainer#3-0-C-1] INFO  o.a.k.c.c.i.ConsumerCoordinator [node1:8080] - [Consumer clientId=consumer-pattern-consumer-2, groupId=pattern-consumer] Request joining group due to: need to re-join with the given member-id
2025-12-10 11:41:18.864 [org.springframework.kafka.KafkaListenerEndpointContainer#1-0-C-1] INFO  o.a.k.c.c.i.ConsumerCoordinator [node1:8080] - [Consumer clientId=consumer-order-events-consumer-4, groupId=order-events-consumer] Request joining group due to: need to re-join with the given member-id
2025-12-10 11:41:18.864 [org.springframework.kafka.KafkaListenerEndpointContainer#2-0-C-1] INFO  o.a.k.c.c.i.ConsumerCoordinator [node1:8080] - [Consumer clientId=consumer-notification-batch-consumer-1, groupId=notification-batch-consumer] Request joining group due to: need to re-join with the given member-id
2025-12-10 11:41:18.865 [org.springframework.kafka.KafkaListenerEndpointContainer#1-0-C-1] INFO  o.a.k.c.c.i.ConsumerCoordinator [node1:8080] - [Consumer clientId=consumer-order-events-consumer-4, groupId=order-events-consumer] (Re-)joining group
2025-12-10 11:41:18.865 [org.springframework.kafka.KafkaListenerEndpointContainer#2-0-C-1] INFO  o.a.k.c.c.i.ConsumerCoordinator [node1:8080] - [Consumer clientId=consumer-notification-batch-consumer-1, groupId=notification-batch-consumer] (Re-)joining group
2025-12-10 11:41:18.865 [org.springframework.kafka.KafkaListenerEndpointContainer#3-0-C-1] INFO  o.a.k.c.c.i.ConsumerCoordinator [node1:8080] - [Consumer clientId=consumer-pattern-consumer-2, groupId=pattern-consumer] (Re-)joining group
2025-12-10 11:41:18.885 [org.springframework.kafka.KafkaListenerEndpointContainer#0-0-C-1] INFO  o.a.k.c.c.i.ConsumerCoordinator [node1:8080] - [Consumer clientId=consumer-user-events-consumer-3, groupId=user-events-consumer] Request joining group due to: need to re-join with the given member-id
2025-12-10 11:41:18.885 [org.springframework.kafka.KafkaListenerEndpointContainer#0-0-C-1] INFO  o.a.k.c.c.i.ConsumerCoordinator [node1:8080] - [Consumer clientId=consumer-user-events-consumer-3, groupId=user-events-consumer] (Re-)joining group
2025-12-10 11:41:19.026 [main] INFO  c.a.c.n.r.NacosServiceRegistry [node1:8080] - nacos registry, DEFAULT_GROUP nacos-demo-service 192.168.31.227:8080 register finished
2025-12-10 11:41:19.046 [main] INFO  com.example.demo.DemoApplication [node1:8080] - Started DemoApplication in 12.323 seconds (JVM running for 13.447)
2025-12-10 11:41:19.066 [main] INFO  c.a.c.n.r.NacosContextRefresher [node1:8080] - [Nacos Config] Listening config: dataId=nacos-demo-service-local.properties, group=DEFAULT_GROUP
2025-12-10 11:41:19.067 [main] INFO  com.example.demo.DemoApplication [node1:8080] - 应用启动完成，开始测试日志输出
2025-12-10 11:41:21.917 [org.springframework.kafka.KafkaListenerEndpointContainer#0-0-C-1] INFO  o.a.k.c.c.i.ConsumerCoordinator [node1:8080] - [Consumer clientId=consumer-user-events-consumer-3, groupId=user-events-consumer] Successfully joined group with generation Generation{generationId=31, memberId='consumer-user-events-consumer-3-bb70b033-5557-4875-a023-6b54c92e26bc', protocol='range'}
2025-12-10 11:41:21.920 [org.springframework.kafka.KafkaListenerEndpointContainer#0-0-C-1] INFO  o.a.k.c.c.i.ConsumerCoordinator [node1:8080] - [Consumer clientId=consumer-user-events-consumer-3, groupId=user-events-consumer] Finished assignment for group at generation 31: {consumer-user-events-consumer-3-bb70b033-5557-4875-a023-6b54c92e26bc=Assignment(partitions=[user-events-topic-0, user-events-topic-1, user-events-topic-2])}
2025-12-10 11:41:21.957 [org.springframework.kafka.KafkaListenerEndpointContainer#0-0-C-1] INFO  o.a.k.c.c.i.ConsumerCoordinator [node1:8080] - [Consumer clientId=consumer-user-events-consumer-3, groupId=user-events-consumer] Successfully synced group in generation Generation{generationId=31, memberId='consumer-user-events-consumer-3-bb70b033-5557-4875-a023-6b54c92e26bc', protocol='range'}
2025-12-10 11:41:21.958 [org.springframework.kafka.KafkaListenerEndpointContainer#0-0-C-1] INFO  o.a.k.c.c.i.ConsumerCoordinator [node1:8080] - [Consumer clientId=consumer-user-events-consumer-3, groupId=user-events-consumer] Notifying assignor about the new Assignment(partitions=[user-events-topic-0, user-events-topic-1, user-events-topic-2])
2025-12-10 11:41:21.960 [org.springframework.kafka.KafkaListenerEndpointContainer#0-0-C-1] INFO  o.a.k.c.c.i.ConsumerCoordinator [node1:8080] - [Consumer clientId=consumer-user-events-consumer-3, groupId=user-events-consumer] Adding newly assigned partitions: user-events-topic-1, user-events-topic-2, user-events-topic-0
2025-12-10 11:41:22.081 [org.springframework.kafka.KafkaListenerEndpointContainer#1-0-C-1] INFO  o.a.k.c.c.i.ConsumerCoordinator [node1:8080] - [Consumer clientId=consumer-order-events-consumer-4, groupId=order-events-consumer] Successfully joined group with generation Generation{generationId=29, memberId='consumer-order-events-consumer-4-37eaffb7-6e7f-4b83-8170-051531f9f74c', protocol='range'}
2025-12-10 11:41:22.081 [org.springframework.kafka.KafkaListenerEndpointContainer#1-0-C-1] INFO  o.a.k.c.c.i.ConsumerCoordinator [node1:8080] - [Consumer clientId=consumer-order-events-consumer-4, groupId=order-events-consumer] Finished assignment for group at generation 29: {consumer-order-events-consumer-4-37eaffb7-6e7f-4b83-8170-051531f9f74c=Assignment(partitions=[order-events-topic-0, order-events-topic-1, order-events-topic-2, order-events-topic-3, order-events-topic-4])}
2025-12-10 11:41:22.084 [org.springframework.kafka.KafkaListenerEndpointContainer#0-0-C-1] INFO  o.a.k.c.c.i.ConsumerCoordinator [node1:8080] - [Consumer clientId=consumer-user-events-consumer-3, groupId=user-events-consumer] Setting offset for partition user-events-topic-1 to the committed offset FetchPosition{offset=4, offsetEpoch=Optional.empty, currentLeader=LeaderAndEpoch{leader=Optional[localhost:9093 (id: 1001 rack: null)], epoch=0}}
2025-12-10 11:41:22.085 [org.springframework.kafka.KafkaListenerEndpointContainer#0-0-C-1] INFO  o.a.k.c.c.i.ConsumerCoordinator [node1:8080] - [Consumer clientId=consumer-user-events-consumer-3, groupId=user-events-consumer] Setting offset for partition user-events-topic-2 to the committed offset FetchPosition{offset=4, offsetEpoch=Optional.empty, currentLeader=LeaderAndEpoch{leader=Optional[localhost:9093 (id: 1001 rack: null)], epoch=0}}
2025-12-10 11:41:22.085 [org.springframework.kafka.KafkaListenerEndpointContainer#0-0-C-1] INFO  o.a.k.c.c.i.ConsumerCoordinator [node1:8080] - [Consumer clientId=consumer-user-events-consumer-3, groupId=user-events-consumer] Setting offset for partition user-events-topic-0 to the committed offset FetchPosition{offset=7, offsetEpoch=Optional.empty, currentLeader=LeaderAndEpoch{leader=Optional[localhost:9093 (id: 1001 rack: null)], epoch=0}}
2025-12-10 11:41:22.086 [org.springframework.kafka.KafkaListenerEndpointContainer#0-0-C-1] INFO  o.s.k.l.KafkaMessageListenerContainer [node1:8080] - user-events-consumer: partitions assigned: [user-events-topic-1, user-events-topic-2, user-events-topic-0]
2025-12-10 11:41:22.093 [org.springframework.kafka.KafkaListenerEndpointContainer#2-0-C-1] INFO  o.a.k.c.c.i.ConsumerCoordinator [node1:8080] - [Consumer clientId=consumer-notification-batch-consumer-1, groupId=notification-batch-consumer] Successfully joined group with generation Generation{generationId=31, memberId='consumer-notification-batch-consumer-1-3f1a4d13-ab4b-4f72-a784-6c584b751ff1', protocol='range'}
2025-12-10 11:41:22.093 [org.springframework.kafka.KafkaListenerEndpointContainer#2-0-C-1] INFO  o.a.k.c.c.i.ConsumerCoordinator [node1:8080] - [Consumer clientId=consumer-notification-batch-consumer-1, groupId=notification-batch-consumer] Finished assignment for group at generation 31: {consumer-notification-batch-consumer-1-3f1a4d13-ab4b-4f72-a784-6c584b751ff1=Assignment(partitions=[notification-topic-0])}
2025-12-10 11:41:22.160 [org.springframework.kafka.KafkaListenerEndpointContainer#1-0-C-1] INFO  o.a.k.c.c.i.ConsumerCoordinator [node1:8080] - [Consumer clientId=consumer-order-events-consumer-4, groupId=order-events-consumer] Successfully synced group in generation Generation{generationId=29, memberId='consumer-order-events-consumer-4-37eaffb7-6e7f-4b83-8170-051531f9f74c', protocol='range'}
2025-12-10 11:41:22.162 [org.springframework.kafka.KafkaListenerEndpointContainer#2-0-C-1] INFO  o.a.k.c.c.i.ConsumerCoordinator [node1:8080] - [Consumer clientId=consumer-notification-batch-consumer-1, groupId=notification-batch-consumer] Successfully synced group in generation Generation{generationId=31, memberId='consumer-notification-batch-consumer-1-3f1a4d13-ab4b-4f72-a784-6c584b751ff1', protocol='range'}
2025-12-10 11:41:22.162 [org.springframework.kafka.KafkaListenerEndpointContainer#1-0-C-1] INFO  o.a.k.c.c.i.ConsumerCoordinator [node1:8080] - [Consumer clientId=consumer-order-events-consumer-4, groupId=order-events-consumer] Notifying assignor about the new Assignment(partitions=[order-events-topic-0, order-events-topic-1, order-events-topic-2, order-events-topic-3, order-events-topic-4])
2025-12-10 11:41:22.163 [org.springframework.kafka.KafkaListenerEndpointContainer#1-0-C-1] INFO  o.a.k.c.c.i.ConsumerCoordinator [node1:8080] - [Consumer clientId=consumer-order-events-consumer-4, groupId=order-events-consumer] Adding newly assigned partitions: order-events-topic-4, order-events-topic-2, order-events-topic-3, order-events-topic-0, order-events-topic-1
2025-12-10 11:41:22.162 [org.springframework.kafka.KafkaListenerEndpointContainer#2-0-C-1] INFO  o.a.k.c.c.i.ConsumerCoordinator [node1:8080] - [Consumer clientId=consumer-notification-batch-consumer-1, groupId=notification-batch-consumer] Notifying assignor about the new Assignment(partitions=[notification-topic-0])
2025-12-10 11:41:22.164 [org.springframework.kafka.KafkaListenerEndpointContainer#2-0-C-1] INFO  o.a.k.c.c.i.ConsumerCoordinator [node1:8080] - [Consumer clientId=consumer-notification-batch-consumer-1, groupId=notification-batch-consumer] Adding newly assigned partitions: notification-topic-0
2025-12-10 11:41:22.169 [org.springframework.kafka.KafkaListenerEndpointContainer#3-0-C-1] INFO  o.a.k.c.c.i.ConsumerCoordinator [node1:8080] - [Consumer clientId=consumer-pattern-consumer-2, groupId=pattern-consumer] Successfully joined group with generation Generation{generationId=29, memberId='consumer-pattern-consumer-2-c2c8d7ca-95a6-4006-821c-25bfbdd831ad', protocol='range'}
2025-12-10 11:41:22.177 [org.springframework.kafka.KafkaListenerEndpointContainer#1-0-C-1] INFO  o.a.k.c.c.i.ConsumerCoordinator [node1:8080] - [Consumer clientId=consumer-order-events-consumer-4, groupId=order-events-consumer] Setting offset for partition order-events-topic-4 to the committed offset FetchPosition{offset=0, offsetEpoch=Optional.empty, currentLeader=LeaderAndEpoch{leader=Optional[localhost:9093 (id: 1001 rack: null)], epoch=0}}
2025-12-10 11:41:22.177 [org.springframework.kafka.KafkaListenerEndpointContainer#3-0-C-1] INFO  o.a.k.c.c.i.ConsumerCoordinator [node1:8080] - [Consumer clientId=consumer-pattern-consumer-2, groupId=pattern-consumer] Finished assignment for group at generation 29: {consumer-pattern-consumer-2-c2c8d7ca-95a6-4006-821c-25bfbdd831ad=Assignment(partitions=[user-events-topic-0, user-events-topic-1, user-events-topic-2, order-events-topic-0, order-events-topic-1, order-events-topic-2, order-events-topic-3, order-events-topic-4])}
2025-12-10 11:41:22.178 [org.springframework.kafka.KafkaListenerEndpointContainer#1-0-C-1] INFO  o.a.k.c.c.i.ConsumerCoordinator [node1:8080] - [Consumer clientId=consumer-order-events-consumer-4, groupId=order-events-consumer] Setting offset for partition order-events-topic-2 to the committed offset FetchPosition{offset=0, offsetEpoch=Optional.empty, currentLeader=LeaderAndEpoch{leader=Optional[localhost:9093 (id: 1001 rack: null)], epoch=0}}
2025-12-10 11:41:22.178 [org.springframework.kafka.KafkaListenerEndpointContainer#1-0-C-1] INFO  o.a.k.c.c.i.ConsumerCoordinator [node1:8080] - [Consumer clientId=consumer-order-events-consumer-4, groupId=order-events-consumer] Setting offset for partition order-events-topic-3 to the committed offset FetchPosition{offset=0, offsetEpoch=Optional.empty, currentLeader=LeaderAndEpoch{leader=Optional[localhost:9093 (id: 1001 rack: null)], epoch=0}}
2025-12-10 11:41:22.178 [org.springframework.kafka.KafkaListenerEndpointContainer#1-0-C-1] INFO  o.a.k.c.c.i.ConsumerCoordinator [node1:8080] - [Consumer clientId=consumer-order-events-consumer-4, groupId=order-events-consumer] Setting offset for partition order-events-topic-0 to the committed offset FetchPosition{offset=0, offsetEpoch=Optional.empty, currentLeader=LeaderAndEpoch{leader=Optional[localhost:9093 (id: 1001 rack: null)], epoch=0}}
2025-12-10 11:41:22.178 [org.springframework.kafka.KafkaListenerEndpointContainer#1-0-C-1] INFO  o.a.k.c.c.i.ConsumerCoordinator [node1:8080] - [Consumer clientId=consumer-order-events-consumer-4, groupId=order-events-consumer] Setting offset for partition order-events-topic-1 to the committed offset FetchPosition{offset=0, offsetEpoch=Optional.empty, currentLeader=LeaderAndEpoch{leader=Optional[localhost:9093 (id: 1001 rack: null)], epoch=0}}
2025-12-10 11:41:22.179 [org.springframework.kafka.KafkaListenerEndpointContainer#1-0-C-1] INFO  o.s.k.l.KafkaMessageListenerContainer [node1:8080] - order-events-consumer: partitions assigned: [order-events-topic-4, order-events-topic-2, order-events-topic-3, order-events-topic-0, order-events-topic-1]
2025-12-10 11:41:22.202 [org.springframework.kafka.KafkaListenerEndpointContainer#2-0-C-1] INFO  o.a.k.c.c.i.ConsumerCoordinator [node1:8080] - [Consumer clientId=consumer-notification-batch-consumer-1, groupId=notification-batch-consumer] Setting offset for partition notification-topic-0 to the committed offset FetchPosition{offset=0, offsetEpoch=Optional.empty, currentLeader=LeaderAndEpoch{leader=Optional[localhost:9093 (id: 1001 rack: null)], epoch=0}}
2025-12-10 11:41:22.202 [org.springframework.kafka.KafkaListenerEndpointContainer#2-0-C-1] INFO  o.s.k.l.KafkaMessageListenerContainer [node1:8080] - notification-batch-consumer: partitions assigned: [notification-topic-0]
2025-12-10 11:41:22.204 [org.springframework.kafka.KafkaListenerEndpointContainer#3-0-C-1] INFO  o.a.k.c.c.i.ConsumerCoordinator [node1:8080] - [Consumer clientId=consumer-pattern-consumer-2, groupId=pattern-consumer] Successfully synced group in generation Generation{generationId=29, memberId='consumer-pattern-consumer-2-c2c8d7ca-95a6-4006-821c-25bfbdd831ad', protocol='range'}
2025-12-10 11:41:22.205 [org.springframework.kafka.KafkaListenerEndpointContainer#3-0-C-1] INFO  o.a.k.c.c.i.ConsumerCoordinator [node1:8080] - [Consumer clientId=consumer-pattern-consumer-2, groupId=pattern-consumer] Notifying assignor about the new Assignment(partitions=[user-events-topic-0, user-events-topic-1, user-events-topic-2, order-events-topic-0, order-events-topic-1, order-events-topic-2, order-events-topic-3, order-events-topic-4])
2025-12-10 11:41:22.205 [org.springframework.kafka.KafkaListenerEndpointContainer#3-0-C-1] INFO  o.a.k.c.c.i.ConsumerCoordinator [node1:8080] - [Consumer clientId=consumer-pattern-consumer-2, groupId=pattern-consumer] Adding newly assigned partitions: user-events-topic-1, user-events-topic-2, order-events-topic-4, user-events-topic-0, order-events-topic-2, order-events-topic-3, order-events-topic-0, order-events-topic-1
2025-12-10 11:41:22.213 [org.springframework.kafka.KafkaListenerEndpointContainer#3-0-C-1] INFO  o.a.k.c.c.i.ConsumerCoordinator [node1:8080] - [Consumer clientId=consumer-pattern-consumer-2, groupId=pattern-consumer] Setting offset for partition user-events-topic-1 to the committed offset FetchPosition{offset=4, offsetEpoch=Optional.empty, currentLeader=LeaderAndEpoch{leader=Optional[localhost:9093 (id: 1001 rack: null)], epoch=0}}
2025-12-10 11:41:22.213 [org.springframework.kafka.KafkaListenerEndpointContainer#3-0-C-1] INFO  o.a.k.c.c.i.ConsumerCoordinator [node1:8080] - [Consumer clientId=consumer-pattern-consumer-2, groupId=pattern-consumer] Setting offset for partition user-events-topic-2 to the committed offset FetchPosition{offset=4, offsetEpoch=Optional.empty, currentLeader=LeaderAndEpoch{leader=Optional[localhost:9093 (id: 1001 rack: null)], epoch=0}}
2025-12-10 11:41:22.214 [org.springframework.kafka.KafkaListenerEndpointContainer#3-0-C-1] INFO  o.a.k.c.c.i.ConsumerCoordinator [node1:8080] - [Consumer clientId=consumer-pattern-consumer-2, groupId=pattern-consumer] Setting offset for partition order-events-topic-4 to the committed offset FetchPosition{offset=0, offsetEpoch=Optional.empty, currentLeader=LeaderAndEpoch{leader=Optional[localhost:9093 (id: 1001 rack: null)], epoch=0}}
2025-12-10 11:41:22.214 [org.springframework.kafka.KafkaListenerEndpointContainer#3-0-C-1] INFO  o.a.k.c.c.i.ConsumerCoordinator [node1:8080] - [Consumer clientId=consumer-pattern-consumer-2, groupId=pattern-consumer] Setting offset for partition user-events-topic-0 to the committed offset FetchPosition{offset=7, offsetEpoch=Optional.empty, currentLeader=LeaderAndEpoch{leader=Optional[localhost:9093 (id: 1001 rack: null)], epoch=0}}
2025-12-10 11:41:22.214 [org.springframework.kafka.KafkaListenerEndpointContainer#3-0-C-1] INFO  o.a.k.c.c.i.ConsumerCoordinator [node1:8080] - [Consumer clientId=consumer-pattern-consumer-2, groupId=pattern-consumer] Setting offset for partition order-events-topic-2 to the committed offset FetchPosition{offset=0, offsetEpoch=Optional.empty, currentLeader=LeaderAndEpoch{leader=Optional[localhost:9093 (id: 1001 rack: null)], epoch=0}}
2025-12-10 11:41:22.214 [org.springframework.kafka.KafkaListenerEndpointContainer#3-0-C-1] INFO  o.a.k.c.c.i.ConsumerCoordinator [node1:8080] - [Consumer clientId=consumer-pattern-consumer-2, groupId=pattern-consumer] Setting offset for partition order-events-topic-3 to the committed offset FetchPosition{offset=0, offsetEpoch=Optional.empty, currentLeader=LeaderAndEpoch{leader=Optional[localhost:9093 (id: 1001 rack: null)], epoch=0}}
2025-12-10 11:41:22.214 [org.springframework.kafka.KafkaListenerEndpointContainer#3-0-C-1] INFO  o.a.k.c.c.i.ConsumerCoordinator [node1:8080] - [Consumer clientId=consumer-pattern-consumer-2, groupId=pattern-consumer] Setting offset for partition order-events-topic-0 to the committed offset FetchPosition{offset=0, offsetEpoch=Optional.empty, currentLeader=LeaderAndEpoch{leader=Optional[localhost:9093 (id: 1001 rack: null)], epoch=0}}
2025-12-10 11:41:22.214 [org.springframework.kafka.KafkaListenerEndpointContainer#3-0-C-1] INFO  o.a.k.c.c.i.ConsumerCoordinator [node1:8080] - [Consumer clientId=consumer-pattern-consumer-2, groupId=pattern-consumer] Setting offset for partition order-events-topic-1 to the committed offset FetchPosition{offset=0, offsetEpoch=Optional.empty, currentLeader=LeaderAndEpoch{leader=Optional[localhost:9093 (id: 1001 rack: null)], epoch=0}}
2025-12-10 11:41:22.215 [org.springframework.kafka.KafkaListenerEndpointContainer#3-0-C-1] INFO  o.s.k.l.KafkaMessageListenerContainer [node1:8080] - pattern-consumer: partitions assigned: [user-events-topic-1, user-events-topic-2, order-events-topic-4, user-events-topic-0, order-events-topic-2, order-events-topic-3, order-events-topic-0, order-events-topic-1]
2025-12-10 11:44:29.687 [http-nio-8080-exec-3] INFO  o.a.c.c.C.[Tomcat].[localhost].[/] [node1:8080] - Initializing Spring DispatcherServlet 'dispatcherServlet'
2025-12-10 11:44:29.687 [http-nio-8080-exec-3] INFO  o.s.web.servlet.DispatcherServlet [node1:8080] - Initializing Servlet 'dispatcherServlet'
2025-12-10 11:44:29.689 [http-nio-8080-exec-3] INFO  o.s.web.servlet.DispatcherServlet [node1:8080] - Completed initialization in 2 ms
2025-12-10 11:44:51.887 [http-nio-8080-exec-5] INFO  c.example.demo.aop.WebControllerAOP [node1:8080] - [请求开始] ID: 1dc3cc58
2025-12-10 11:44:51.887 [http-nio-8080-exec-5] INFO  c.example.demo.aop.WebControllerAOP [node1:8080] - 请求路径: /api/products/search
2025-12-10 11:44:51.888 [http-nio-8080-exec-5] INFO  c.example.demo.aop.WebControllerAOP [node1:8080] - 客户端IP: 0:0:0:0:0:0:0:1
2025-12-10 11:44:51.888 [http-nio-8080-exec-5] INFO  c.example.demo.aop.WebControllerAOP [node1:8080] - 方法: ProductController.searchProducts
2025-12-10 11:44:51.945 [http-nio-8080-exec-5] INFO  c.example.demo.aop.WebControllerAOP [node1:8080] - 参数: {"name":["三星"]}
2025-12-10 11:44:53.697 [http-nio-8080-exec-5] WARN  org.elasticsearch.client.RestClient [node1:8080] - request [POST http://localhost:9200/products/_search?typed_keys=true&max_concurrent_shard_requests=5&ignore_unavailable=false&expand_wildcards=open&allow_no_indices=true&ignore_throttled=true&search_type=query_then_fetch&batched_reduce_size=512] returned 1 warnings: [299 Elasticsearch-7.17.0-bee86328705acaa9a6daede7140defd4d9ec56bd "[ignore_throttled] parameter is deprecated because frozen indices have been deprecated. Consider cold or frozen tiers in place of frozen indices."]
2025-12-10 11:44:53.714 [http-nio-8080-exec-5] INFO  c.example.demo.aop.WebControllerAOP [node1:8080] - 响应状态: 200
2025-12-10 11:44:53.746 [http-nio-8080-exec-5] INFO  c.example.demo.aop.WebControllerAOP [node1:8080] - 响应内容: {"body":[],"headers":{},"statusCode":"OK","statusCodeValue":200}
2025-12-10 11:44:53.746 [http-nio-8080-exec-5] INFO  c.example.demo.aop.WebControllerAOP [node1:8080] - 响应大小: 64 字符
2025-12-10 11:44:53.746 [http-nio-8080-exec-5] INFO  c.example.demo.aop.WebControllerAOP [node1:8080] - [请求完成] ID: 1dc3cc58, 耗时: 1768ms
2025-12-10 11:45:05.795 [http-nio-8080-exec-6] INFO  c.example.demo.aop.WebControllerAOP [node1:8080] - [请求开始] ID: 41c2c1a0
2025-12-10 11:45:05.795 [http-nio-8080-exec-6] INFO  c.example.demo.aop.WebControllerAOP [node1:8080] - 请求路径: /api/products/search
2025-12-10 11:45:05.796 [http-nio-8080-exec-6] INFO  c.example.demo.aop.WebControllerAOP [node1:8080] - 客户端IP: 0:0:0:0:0:0:0:1
2025-12-10 11:45:05.796 [http-nio-8080-exec-6] INFO  c.example.demo.aop.WebControllerAOP [node1:8080] - 方法: ProductController.searchProducts
2025-12-10 11:45:05.796 [http-nio-8080-exec-6] INFO  c.example.demo.aop.WebControllerAOP [node1:8080] - 参数: {"name":["笔记本电脑"]}
2025-12-10 11:45:05.838 [http-nio-8080-exec-6] WARN  org.elasticsearch.client.RestClient [node1:8080] - request [POST http://localhost:9200/products/_search?typed_keys=true&max_concurrent_shard_requests=5&ignore_unavailable=false&expand_wildcards=open&allow_no_indices=true&ignore_throttled=true&search_type=query_then_fetch&batched_reduce_size=512] returned 1 warnings: [299 Elasticsearch-7.17.0-bee86328705acaa9a6daede7140defd4d9ec56bd "[ignore_throttled] parameter is deprecated because frozen indices have been deprecated. Consider cold or frozen tiers in place of frozen indices."]
2025-12-10 11:45:05.838 [http-nio-8080-exec-6] INFO  c.example.demo.aop.WebControllerAOP [node1:8080] - 响应状态: 200
2025-12-10 11:45:05.839 [http-nio-8080-exec-6] INFO  c.example.demo.aop.WebControllerAOP [node1:8080] - 响应内容: {"body":[],"headers":{},"statusCode":"OK","statusCodeValue":200}
2025-12-10 11:45:05.839 [http-nio-8080-exec-6] INFO  c.example.demo.aop.WebControllerAOP [node1:8080] - 响应大小: 64 字符
2025-12-10 11:45:05.839 [http-nio-8080-exec-6] INFO  c.example.demo.aop.WebControllerAOP [node1:8080] - [请求完成] ID: 41c2c1a0, 耗时: 42ms
2025-12-10 11:45:15.275 [http-nio-8080-exec-7] INFO  c.example.demo.aop.WebControllerAOP [node1:8080] - [请求开始] ID: b7497236
2025-12-10 11:45:15.275 [http-nio-8080-exec-7] INFO  c.example.demo.aop.WebControllerAOP [node1:8080] - 请求路径: /api/products
2025-12-10 11:45:15.275 [http-nio-8080-exec-7] INFO  c.example.demo.aop.WebControllerAOP [node1:8080] - 客户端IP: 0:0:0:0:0:0:0:1
2025-12-10 11:45:15.275 [http-nio-8080-exec-7] INFO  c.example.demo.aop.WebControllerAOP [node1:8080] - 方法: ProductController.getAllProducts
2025-12-10 11:45:15.276 [http-nio-8080-exec-7] INFO  c.example.demo.aop.WebControllerAOP [node1:8080] - 参数: {}
2025-12-10 11:45:15.319 [http-nio-8080-exec-7] WARN  org.elasticsearch.client.RestClient [node1:8080] - request [POST http://localhost:9200/products/_search?typed_keys=true&max_concurrent_shard_requests=5&ignore_unavailable=false&expand_wildcards=open&allow_no_indices=true&ignore_throttled=true&search_type=query_then_fetch&batched_reduce_size=512] returned 1 warnings: [299 Elasticsearch-7.17.0-bee86328705acaa9a6daede7140defd4d9ec56bd "[ignore_throttled] parameter is deprecated because frozen indices have been deprecated. Consider cold or frozen tiers in place of frozen indices."]
2025-12-10 11:45:15.441 [http-nio-8080-exec-7] WARN  org.elasticsearch.client.RestClient [node1:8080] - request [POST http://localhost:9200/products/_search?typed_keys=true&max_concurrent_shard_requests=5&ignore_unavailable=false&expand_wildcards=open&allow_no_indices=true&ignore_throttled=true&search_type=query_then_fetch&batched_reduce_size=512] returned 1 warnings: [299 Elasticsearch-7.17.0-bee86328705acaa9a6daede7140defd4d9ec56bd "[ignore_throttled] parameter is deprecated because frozen indices have been deprecated. Consider cold or frozen tiers in place of frozen indices."]
2025-12-10 11:45:15.522 [http-nio-8080-exec-7] INFO  c.example.demo.aop.WebControllerAOP [node1:8080] - 响应状态: 200
2025-12-10 11:45:15.553 [http-nio-8080-exec-7] INFO  c.example.demo.aop.WebControllerAOP [node1:8080] - 响应内容: {"body":{"content":[{"category":"电子产品","description":"这是一款最新款的智能手机","id":"tHeH3JoBizKKqzgbMUCa","name":"智能手机11","price":2999.99},{"category":"电子产品","description":"这是一款最新款的智能手机","id":"uneI3JoBizKKqzgbz0Dm","name":"智能手机11","price":2999.99},{"category":"电子产品","description":"这是一款最新款的智能手机","id":"xXeI3JoBizKKqzgb1EDQ","name":"智能手机11","price":2999.99},{"category":"电子产品","description":"这是一款最新款的智能手机","id":"0HeI3JoBizKKqzgb2EAK","name":"智能手机11","price":2999.99},{"category":"电子产品","description":"这是一款最新款的智能手机","id":"mXcJ2JoBizKKqzgbYT4r","name":"智能手机1","price":2999.99},{"category":"电子产品","description":"这是一款最新款的智能手机","id":"OHci2JoBizKKqzgbmj9v","name":"智能手机1","price":2999.99},{"category":"电子产品","description":"这是一款最新款的智能手机","id":"1ncn2JoBizKKqzgb7z_m","name":"智能手机1","price":2999.99},{"category":"Electronics","description":"Noise-cancelling Bluetooth headphones","id":"xKn0tJoBYZ_2Un135xJ0","name":"Wireless Headphones","price":129.99},{"category":"电子产品","description":"这是一款最新款的智能手机","id":"dnfm15oBizKKqzgbzDxO","name":"智能手机","price":2999.99},{"category":"电子产品","description":"这是一款最新款的智能手机","id":"fnfn15oBizKKqzgbGzxE","name":"智能手机","price":2999.99},{"category":"电子产品","description":"这是一款最新款的智能手机","id":"23eI3JoBizKKqzgb60B5","name":"智能手机11","price":2999.99},{"category":"电子产品","description":"这是一款最新款的智能手机","id":"H3eM3JoBizKKqzgbU0Fi","name":"智能手机11","price":2999.99},{"category":"电子产品","description":"这是一款最新款的智能手机","id":"J3eN3JoBizKKqzgb0UEB","name":"智能手机11","price":2999.99},{"category":"电子产品","description":"这是一款最新款的智能手机","id":"MneN3JoBizKKqzgb1EH8","name":"智能手机11","price":2999.99},{"category":"电子产品","description":"这是一款最新款的智能手机","id":"PXeN3JoBizKKqzgb10H6","name":"智能手机11","price":2999.99},{"category":"电子产品","description":"这是一款最新款的智能手机","id":"gneW3JoBizKKqzgbfUFC","name":"智能手机11","price":2999.99},{"category":"电子产品","description":"这是一款最新款的智能手机","id":"iXeX3JoBizKKqzgb7EE3","name":"智能手机11","price":2999.99},{"category":"电子产品","description":"这是一款最新款的智能手机","id":"oHeX3JoBizKKqzgb8EGA","name":"智能手机11","price":2999.99},{"category":"电子产品","description":"这是一款最新款的智能手机","id":"q3eX3JoBizKKqzgb80Gk","name":"智能手机11","price":2999.99},{"category":"Electronics","description":"Health tracking smart watch with OLED display","id":"xqn0tJoBYZ_2Un136BIT","name":"Smart Watch","price":299.99},{"category":"Home & Kitchen","description":"3-piece non-stick cookware set","id":"0Kn0tJoBYZ_2Un136RJF","name":"Non-Stick Pan Set","price":79.99},{"category":"Home & Kitchen","description":"Programmable drip coffee maker","id":"0an0tJoBYZ_2Un136RKD","name":"Coffee Maker","price":89.99},{"category":"Sports & Outdoors","description":"Eco-friendly non-slip yoga mat","id":"0qn0tJoBYZ_2Un136RLP","name":"Yoga Mat","price":29.99},{"category":"Sports & Outdoors","description":"4-person waterproof tent","id":"I6n0tJoBYZ_2Un138BNZ","name":"Camping Tent","price":199.99},{"category":"Books","description":"Comprehensive guide to modern programming","id":"zqn0tJoBYZ_2Un136BLd","name":"Programming Guide","price":49.99},{"category":"Clothing","description":"Waterproof winter jacket with insulation","id":"zan0tJoBYZ_2Un136BKa","name":"Winter Jacket","price":149.99},{"category":"Books","description":"Bestselling sci-fi novel","id":"z6n0tJoBYZ_2Un136RIS","name":"Science Fiction Novel","price":14.99},{"category":"Clothing","description":"100% cotton unisex t-shirt","id":"zKn0tJoBYZ_2Un136BJY","name":"Cotton T-Shirt","price":24.99},{"category":"dianzi","description":"shouji","id":"JnfH15oBizKKqzgbuDm2","name":"shouji","price":1000.0},{"category":"电子产品","description":"这是一款最新款的智能手机","id":"n3cs3ZoBizKKqzgbB0PI","name":"智能手机1199","price":2999.99},{"category":"电子产品","description":"这是一款最新款的智能手机","id":"OXeS3ZoBizKKqzgbxkQy","name":"智能手机1199","price":2999.99},{"category":"电子产品","description":"这是一款最新款的智能手机","id":"QHeS3ZoBizKKqzgbykRu","name":"智能手机1199","price":2999.99},{"category":"电子产品","description":"这是一款最新款的智能手机","id":"AXev3JoBizKKqzgbnkJe","name":"智能手机11","price":2999.99},{"category":"电子产品","description":"这是一款最新款的智能手机","id":"DHev3JoBizKKqzgboUK0","name":"智能手机11","price":2999.99},{"category":"电子产品","description":"这是一款最新款的智能手机","id":"vHeY3JoBizKKqzgbA0FC","name":"智能手机11","price":2999.99},{"category":"电子产品","description":"这是一款最新款的智能手机","id":"x3eY3JoBizKKqzgbBkGR","name":"智能手机11","price":2999.99},{"category":"电子产品","description":"这是一款最新款的智能手机","id":"3neY3JoBizKKqzgbDEED","name":"智能手机11","price":2999.99},{"category":"电子产品","description":"这是一款最新款的智能手机","id":"73eY3JoBizKKqzgbD0EE","name":"智能手机11","price":2999.99},{"category":"电子产品","description":"这是一款最新款的智能手机","id":"T3eS3ZoBizKKqzgb0ETD","name":"智能手机1199","price":2999.99},{"category":"电子产品","description":"这是一款最新款的智能手机","id":"dnee3ZoBizKKqzgbhkRp","name":"智能手机1199","price":2999.99},{"category":"电子产品","description":"这是一款最新款的智能手机","id":"gXee3ZoBizKKqzgbiUTF","name":"智能手机1199","price":2999.99}],"empty":false,"first":true,"last":true,"number":0,"numberOfElements":41,"pageable":{"offset":0,"pageNumber":0,"pageSize":41,"paged":true,"sort":{"empty":true,"sorted":false,"unsorted":true},"unpaged":false},"size":41,"sort":{"$ref":"$.body.pageable.sort"},"totalElements":41,"totalPages":1},"headers":{},"statusCode":"OK","statusCodeValue":200}
2025-12-10 11:45:15.555 [http-nio-8080-exec-7] INFO  c.example.demo.aop.WebControllerAOP [node1:8080] - 响应大小: 5179 字符
2025-12-10 11:45:15.555 [http-nio-8080-exec-7] INFO  c.example.demo.aop.WebControllerAOP [node1:8080] - [请求完成] ID: b7497236, 耗时: 246ms
2025-12-10 11:45:35.252 [http-nio-8080-exec-9] INFO  c.example.demo.aop.WebControllerAOP [node1:8080] - [请求开始] ID: e4c62e8d
2025-12-10 11:45:35.253 [http-nio-8080-exec-9] INFO  c.example.demo.aop.WebControllerAOP [node1:8080] - 请求路径: /api/products
2025-12-10 11:45:35.253 [http-nio-8080-exec-9] INFO  c.example.demo.aop.WebControllerAOP [node1:8080] - 客户端IP: 0:0:0:0:0:0:0:1
2025-12-10 11:45:35.253 [http-nio-8080-exec-9] INFO  c.example.demo.aop.WebControllerAOP [node1:8080] - 方法: ProductController.getAllProducts
2025-12-10 11:45:35.253 [http-nio-8080-exec-9] INFO  c.example.demo.aop.WebControllerAOP [node1:8080] - 参数: {"name":["\"智能手机11\""]}
2025-12-10 11:45:35.278 [http-nio-8080-exec-9] WARN  org.elasticsearch.client.RestClient [node1:8080] - request [POST http://localhost:9200/products/_search?typed_keys=true&max_concurrent_shard_requests=5&ignore_unavailable=false&expand_wildcards=open&allow_no_indices=true&ignore_throttled=true&search_type=query_then_fetch&batched_reduce_size=512] returned 1 warnings: [299 Elasticsearch-7.17.0-bee86328705acaa9a6daede7140defd4d9ec56bd "[ignore_throttled] parameter is deprecated because frozen indices have been deprecated. Consider cold or frozen tiers in place of frozen indices."]
2025-12-10 11:45:35.293 [http-nio-8080-exec-9] WARN  org.elasticsearch.client.RestClient [node1:8080] - request [POST http://localhost:9200/products/_search?typed_keys=true&max_concurrent_shard_requests=5&ignore_unavailable=false&expand_wildcards=open&allow_no_indices=true&ignore_throttled=true&search_type=query_then_fetch&batched_reduce_size=512] returned 1 warnings: [299 Elasticsearch-7.17.0-bee86328705acaa9a6daede7140defd4d9ec56bd "[ignore_throttled] parameter is deprecated because frozen indices have been deprecated. Consider cold or frozen tiers in place of frozen indices."]
2025-12-10 11:45:35.308 [http-nio-8080-exec-9] INFO  c.example.demo.aop.WebControllerAOP [node1:8080] - 响应状态: 200
2025-12-10 11:45:35.310 [http-nio-8080-exec-9] INFO  c.example.demo.aop.WebControllerAOP [node1:8080] - 响应内容: {"body":{"content":[{"category":"电子产品","description":"这是一款最新款的智能手机","id":"tHeH3JoBizKKqzgbMUCa","name":"智能手机11","price":2999.99},{"category":"电子产品","description":"这是一款最新款的智能手机","id":"uneI3JoBizKKqzgbz0Dm","name":"智能手机11","price":2999.99},{"category":"电子产品","description":"这是一款最新款的智能手机","id":"xXeI3JoBizKKqzgb1EDQ","name":"智能手机11","price":2999.99},{"category":"电子产品","description":"这是一款最新款的智能手机","id":"0HeI3JoBizKKqzgb2EAK","name":"智能手机11","price":2999.99},{"category":"电子产品","description":"这是一款最新款的智能手机","id":"mXcJ2JoBizKKqzgbYT4r","name":"智能手机1","price":2999.99},{"category":"电子产品","description":"这是一款最新款的智能手机","id":"OHci2JoBizKKqzgbmj9v","name":"智能手机1","price":2999.99},{"category":"电子产品","description":"这是一款最新款的智能手机","id":"1ncn2JoBizKKqzgb7z_m","name":"智能手机1","price":2999.99},{"category":"Electronics","description":"Noise-cancelling Bluetooth headphones","id":"xKn0tJoBYZ_2Un135xJ0","name":"Wireless Headphones","price":129.99},{"category":"电子产品","description":"这是一款最新款的智能手机","id":"dnfm15oBizKKqzgbzDxO","name":"智能手机","price":2999.99},{"category":"电子产品","description":"这是一款最新款的智能手机","id":"fnfn15oBizKKqzgbGzxE","name":"智能手机","price":2999.99},{"category":"电子产品","description":"这是一款最新款的智能手机","id":"23eI3JoBizKKqzgb60B5","name":"智能手机11","price":2999.99},{"category":"电子产品","description":"这是一款最新款的智能手机","id":"H3eM3JoBizKKqzgbU0Fi","name":"智能手机11","price":2999.99},{"category":"电子产品","description":"这是一款最新款的智能手机","id":"J3eN3JoBizKKqzgb0UEB","name":"智能手机11","price":2999.99},{"category":"电子产品","description":"这是一款最新款的智能手机","id":"MneN3JoBizKKqzgb1EH8","name":"智能手机11","price":2999.99},{"category":"电子产品","description":"这是一款最新款的智能手机","id":"PXeN3JoBizKKqzgb10H6","name":"智能手机11","price":2999.99},{"category":"电子产品","description":"这是一款最新款的智能手机","id":"gneW3JoBizKKqzgbfUFC","name":"智能手机11","price":2999.99},{"category":"电子产品","description":"这是一款最新款的智能手机","id":"iXeX3JoBizKKqzgb7EE3","name":"智能手机11","price":2999.99},{"category":"电子产品","description":"这是一款最新款的智能手机","id":"oHeX3JoBizKKqzgb8EGA","name":"智能手机11","price":2999.99},{"category":"电子产品","description":"这是一款最新款的智能手机","id":"q3eX3JoBizKKqzgb80Gk","name":"智能手机11","price":2999.99},{"category":"Electronics","description":"Health tracking smart watch with OLED display","id":"xqn0tJoBYZ_2Un136BIT","name":"Smart Watch","price":299.99},{"category":"Home & Kitchen","description":"3-piece non-stick cookware set","id":"0Kn0tJoBYZ_2Un136RJF","name":"Non-Stick Pan Set","price":79.99},{"category":"Home & Kitchen","description":"Programmable drip coffee maker","id":"0an0tJoBYZ_2Un136RKD","name":"Coffee Maker","price":89.99},{"category":"Sports & Outdoors","description":"Eco-friendly non-slip yoga mat","id":"0qn0tJoBYZ_2Un136RLP","name":"Yoga Mat","price":29.99},{"category":"Sports & Outdoors","description":"4-person waterproof tent","id":"I6n0tJoBYZ_2Un138BNZ","name":"Camping Tent","price":199.99},{"category":"Books","description":"Comprehensive guide to modern programming","id":"zqn0tJoBYZ_2Un136BLd","name":"Programming Guide","price":49.99},{"category":"Clothing","description":"Waterproof winter jacket with insulation","id":"zan0tJoBYZ_2Un136BKa","name":"Winter Jacket","price":149.99},{"category":"Books","description":"Bestselling sci-fi novel","id":"z6n0tJoBYZ_2Un136RIS","name":"Science Fiction Novel","price":14.99},{"category":"Clothing","description":"100% cotton unisex t-shirt","id":"zKn0tJoBYZ_2Un136BJY","name":"Cotton T-Shirt","price":24.99},{"category":"dianzi","description":"shouji","id":"JnfH15oBizKKqzgbuDm2","name":"shouji","price":1000.0},{"category":"电子产品","description":"这是一款最新款的智能手机","id":"n3cs3ZoBizKKqzgbB0PI","name":"智能手机1199","price":2999.99},{"category":"电子产品","description":"这是一款最新款的智能手机","id":"OXeS3ZoBizKKqzgbxkQy","name":"智能手机1199","price":2999.99},{"category":"电子产品","description":"这是一款最新款的智能手机","id":"QHeS3ZoBizKKqzgbykRu","name":"智能手机1199","price":2999.99},{"category":"电子产品","description":"这是一款最新款的智能手机","id":"AXev3JoBizKKqzgbnkJe","name":"智能手机11","price":2999.99},{"category":"电子产品","description":"这是一款最新款的智能手机","id":"DHev3JoBizKKqzgboUK0","name":"智能手机11","price":2999.99},{"category":"电子产品","description":"这是一款最新款的智能手机","id":"vHeY3JoBizKKqzgbA0FC","name":"智能手机11","price":2999.99},{"category":"电子产品","description":"这是一款最新款的智能手机","id":"x3eY3JoBizKKqzgbBkGR","name":"智能手机11","price":2999.99},{"category":"电子产品","description":"这是一款最新款的智能手机","id":"3neY3JoBizKKqzgbDEED","name":"智能手机11","price":2999.99},{"category":"电子产品","description":"这是一款最新款的智能手机","id":"73eY3JoBizKKqzgbD0EE","name":"智能手机11","price":2999.99},{"category":"电子产品","description":"这是一款最新款的智能手机","id":"T3eS3ZoBizKKqzgb0ETD","name":"智能手机1199","price":2999.99},{"category":"电子产品","description":"这是一款最新款的智能手机","id":"dnee3ZoBizKKqzgbhkRp","name":"智能手机1199","price":2999.99},{"category":"电子产品","description":"这是一款最新款的智能手机","id":"gXee3ZoBizKKqzgbiUTF","name":"智能手机1199","price":2999.99}],"empty":false,"first":true,"last":true,"number":0,"numberOfElements":41,"pageable":{"offset":0,"pageNumber":0,"pageSize":41,"paged":true,"sort":{"empty":true,"sorted":false,"unsorted":true},"unpaged":false},"size":41,"sort":{"$ref":"$.body.pageable.sort"},"totalElements":41,"totalPages":1},"headers":{},"statusCode":"OK","statusCodeValue":200}
2025-12-10 11:45:35.311 [http-nio-8080-exec-9] INFO  c.example.demo.aop.WebControllerAOP [node1:8080] - 响应大小: 5179 字符
2025-12-10 11:45:35.311 [http-nio-8080-exec-9] INFO  c.example.demo.aop.WebControllerAOP [node1:8080] - [请求完成] ID: e4c62e8d, 耗时: 55ms
2025-12-10 11:45:44.202 [http-nio-8080-exec-10] INFO  c.example.demo.aop.WebControllerAOP [node1:8080] - [请求开始] ID: 64a64cac
2025-12-10 11:45:44.202 [http-nio-8080-exec-10] INFO  c.example.demo.aop.WebControllerAOP [node1:8080] - 请求路径: /api/products
2025-12-10 11:45:44.202 [http-nio-8080-exec-10] INFO  c.example.demo.aop.WebControllerAOP [node1:8080] - 客户端IP: 0:0:0:0:0:0:0:1
2025-12-10 11:45:44.203 [http-nio-8080-exec-10] INFO  c.example.demo.aop.WebControllerAOP [node1:8080] - 方法: ProductController.getAllProducts
2025-12-10 11:45:44.203 [http-nio-8080-exec-10] INFO  c.example.demo.aop.WebControllerAOP [node1:8080] - 参数: {"name":["\"智能手机11\""]}
2025-12-10 11:45:44.213 [http-nio-8080-exec-10] WARN  org.elasticsearch.client.RestClient [node1:8080] - request [POST http://localhost:9200/products/_search?typed_keys=true&max_concurrent_shard_requests=5&ignore_unavailable=false&expand_wildcards=open&allow_no_indices=true&ignore_throttled=true&search_type=query_then_fetch&batched_reduce_size=512] returned 1 warnings: [299 Elasticsearch-7.17.0-bee86328705acaa9a6daede7140defd4d9ec56bd "[ignore_throttled] parameter is deprecated because frozen indices have been deprecated. Consider cold or frozen tiers in place of frozen indices."]
2025-12-10 11:45:44.221 [http-nio-8080-exec-10] WARN  org.elasticsearch.client.RestClient [node1:8080] - request [POST http://localhost:9200/products/_search?typed_keys=true&max_concurrent_shard_requests=5&ignore_unavailable=false&expand_wildcards=open&allow_no_indices=true&ignore_throttled=true&search_type=query_then_fetch&batched_reduce_size=512] returned 1 warnings: [299 Elasticsearch-7.17.0-bee86328705acaa9a6daede7140defd4d9ec56bd "[ignore_throttled] parameter is deprecated because frozen indices have been deprecated. Consider cold or frozen tiers in place of frozen indices."]
2025-12-10 11:45:44.233 [http-nio-8080-exec-10] INFO  c.example.demo.aop.WebControllerAOP [node1:8080] - 响应状态: 200
2025-12-10 11:45:44.233 [http-nio-8080-exec-10] INFO  c.example.demo.aop.WebControllerAOP [node1:8080] - 响应内容: {"body":{"content":[{"category":"电子产品","description":"这是一款最新款的智能手机","id":"tHeH3JoBizKKqzgbMUCa","name":"智能手机11","price":2999.99},{"category":"电子产品","description":"这是一款最新款的智能手机","id":"uneI3JoBizKKqzgbz0Dm","name":"智能手机11","price":2999.99},{"category":"电子产品","description":"这是一款最新款的智能手机","id":"xXeI3JoBizKKqzgb1EDQ","name":"智能手机11","price":2999.99},{"category":"电子产品","description":"这是一款最新款的智能手机","id":"0HeI3JoBizKKqzgb2EAK","name":"智能手机11","price":2999.99},{"category":"电子产品","description":"这是一款最新款的智能手机","id":"mXcJ2JoBizKKqzgbYT4r","name":"智能手机1","price":2999.99},{"category":"电子产品","description":"这是一款最新款的智能手机","id":"OHci2JoBizKKqzgbmj9v","name":"智能手机1","price":2999.99},{"category":"电子产品","description":"这是一款最新款的智能手机","id":"1ncn2JoBizKKqzgb7z_m","name":"智能手机1","price":2999.99},{"category":"Electronics","description":"Noise-cancelling Bluetooth headphones","id":"xKn0tJoBYZ_2Un135xJ0","name":"Wireless Headphones","price":129.99},{"category":"电子产品","description":"这是一款最新款的智能手机","id":"dnfm15oBizKKqzgbzDxO","name":"智能手机","price":2999.99},{"category":"电子产品","description":"这是一款最新款的智能手机","id":"fnfn15oBizKKqzgbGzxE","name":"智能手机","price":2999.99},{"category":"电子产品","description":"这是一款最新款的智能手机","id":"23eI3JoBizKKqzgb60B5","name":"智能手机11","price":2999.99},{"category":"电子产品","description":"这是一款最新款的智能手机","id":"H3eM3JoBizKKqzgbU0Fi","name":"智能手机11","price":2999.99},{"category":"电子产品","description":"这是一款最新款的智能手机","id":"J3eN3JoBizKKqzgb0UEB","name":"智能手机11","price":2999.99},{"category":"电子产品","description":"这是一款最新款的智能手机","id":"MneN3JoBizKKqzgb1EH8","name":"智能手机11","price":2999.99},{"category":"电子产品","description":"这是一款最新款的智能手机","id":"PXeN3JoBizKKqzgb10H6","name":"智能手机11","price":2999.99},{"category":"电子产品","description":"这是一款最新款的智能手机","id":"gneW3JoBizKKqzgbfUFC","name":"智能手机11","price":2999.99},{"category":"电子产品","description":"这是一款最新款的智能手机","id":"iXeX3JoBizKKqzgb7EE3","name":"智能手机11","price":2999.99},{"category":"电子产品","description":"这是一款最新款的智能手机","id":"oHeX3JoBizKKqzgb8EGA","name":"智能手机11","price":2999.99},{"category":"电子产品","description":"这是一款最新款的智能手机","id":"q3eX3JoBizKKqzgb80Gk","name":"智能手机11","price":2999.99},{"category":"Electronics","description":"Health tracking smart watch with OLED display","id":"xqn0tJoBYZ_2Un136BIT","name":"Smart Watch","price":299.99},{"category":"Home & Kitchen","description":"3-piece non-stick cookware set","id":"0Kn0tJoBYZ_2Un136RJF","name":"Non-Stick Pan Set","price":79.99},{"category":"Home & Kitchen","description":"Programmable drip coffee maker","id":"0an0tJoBYZ_2Un136RKD","name":"Coffee Maker","price":89.99},{"category":"Sports & Outdoors","description":"Eco-friendly non-slip yoga mat","id":"0qn0tJoBYZ_2Un136RLP","name":"Yoga Mat","price":29.99},{"category":"Sports & Outdoors","description":"4-person waterproof tent","id":"I6n0tJoBYZ_2Un138BNZ","name":"Camping Tent","price":199.99},{"category":"Books","description":"Comprehensive guide to modern programming","id":"zqn0tJoBYZ_2Un136BLd","name":"Programming Guide","price":49.99},{"category":"Clothing","description":"Waterproof winter jacket with insulation","id":"zan0tJoBYZ_2Un136BKa","name":"Winter Jacket","price":149.99},{"category":"Books","description":"Bestselling sci-fi novel","id":"z6n0tJoBYZ_2Un136RIS","name":"Science Fiction Novel","price":14.99},{"category":"Clothing","description":"100% cotton unisex t-shirt","id":"zKn0tJoBYZ_2Un136BJY","name":"Cotton T-Shirt","price":24.99},{"category":"dianzi","description":"shouji","id":"JnfH15oBizKKqzgbuDm2","name":"shouji","price":1000.0},{"category":"电子产品","description":"这是一款最新款的智能手机","id":"n3cs3ZoBizKKqzgbB0PI","name":"智能手机1199","price":2999.99},{"category":"电子产品","description":"这是一款最新款的智能手机","id":"OXeS3ZoBizKKqzgbxkQy","name":"智能手机1199","price":2999.99},{"category":"电子产品","description":"这是一款最新款的智能手机","id":"QHeS3ZoBizKKqzgbykRu","name":"智能手机1199","price":2999.99},{"category":"电子产品","description":"这是一款最新款的智能手机","id":"AXev3JoBizKKqzgbnkJe","name":"智能手机11","price":2999.99},{"category":"电子产品","description":"这是一款最新款的智能手机","id":"DHev3JoBizKKqzgboUK0","name":"智能手机11","price":2999.99},{"category":"电子产品","description":"这是一款最新款的智能手机","id":"vHeY3JoBizKKqzgbA0FC","name":"智能手机11","price":2999.99},{"category":"电子产品","description":"这是一款最新款的智能手机","id":"x3eY3JoBizKKqzgbBkGR","name":"智能手机11","price":2999.99},{"category":"电子产品","description":"这是一款最新款的智能手机","id":"3neY3JoBizKKqzgbDEED","name":"智能手机11","price":2999.99},{"category":"电子产品","description":"这是一款最新款的智能手机","id":"73eY3JoBizKKqzgbD0EE","name":"智能手机11","price":2999.99},{"category":"电子产品","description":"这是一款最新款的智能手机","id":"T3eS3ZoBizKKqzgb0ETD","name":"智能手机1199","price":2999.99},{"category":"电子产品","description":"这是一款最新款的智能手机","id":"dnee3ZoBizKKqzgbhkRp","name":"智能手机1199","price":2999.99},{"category":"电子产品","description":"这是一款最新款的智能手机","id":"gXee3ZoBizKKqzgbiUTF","name":"智能手机1199","price":2999.99}],"empty":false,"first":true,"last":true,"number":0,"numberOfElements":41,"pageable":{"offset":0,"pageNumber":0,"pageSize":41,"paged":true,"sort":{"empty":true,"sorted":false,"unsorted":true},"unpaged":false},"size":41,"sort":{"$ref":"$.body.pageable.sort"},"totalElements":41,"totalPages":1},"headers":{},"statusCode":"OK","statusCodeValue":200}
2025-12-10 11:45:44.234 [http-nio-8080-exec-10] INFO  c.example.demo.aop.WebControllerAOP [node1:8080] - 响应大小: 5179 字符
2025-12-10 11:45:44.234 [http-nio-8080-exec-10] INFO  c.example.demo.aop.WebControllerAOP [node1:8080] - [请求完成] ID: 64a64cac, 耗时: 30ms
2025-12-10 11:46:04.301 [http-nio-8080-exec-1] INFO  c.example.demo.aop.WebControllerAOP [node1:8080] - [请求开始] ID: 1cc72eb3
2025-12-10 11:46:04.301 [http-nio-8080-exec-1] INFO  c.example.demo.aop.WebControllerAOP [node1:8080] - 请求路径: /api/products
2025-12-10 11:46:04.302 [http-nio-8080-exec-1] INFO  c.example.demo.aop.WebControllerAOP [node1:8080] - 客户端IP: 0:0:0:0:0:0:0:1
2025-12-10 11:46:04.302 [http-nio-8080-exec-1] INFO  c.example.demo.aop.WebControllerAOP [node1:8080] - 方法: ProductController.getAllProducts
2025-12-10 11:46:04.302 [http-nio-8080-exec-1] INFO  c.example.demo.aop.WebControllerAOP [node1:8080] - 参数: {"id":["\"H3eM3JoBizKKqzgbU0Fi\""]}
2025-12-10 11:46:04.324 [http-nio-8080-exec-1] WARN  org.elasticsearch.client.RestClient [node1:8080] - request [POST http://localhost:9200/products/_search?typed_keys=true&max_concurrent_shard_requests=5&ignore_unavailable=false&expand_wildcards=open&allow_no_indices=true&ignore_throttled=true&search_type=query_then_fetch&batched_reduce_size=512] returned 1 warnings: [299 Elasticsearch-7.17.0-bee86328705acaa9a6daede7140defd4d9ec56bd "[ignore_throttled] parameter is deprecated because frozen indices have been deprecated. Consider cold or frozen tiers in place of frozen indices."]
2025-12-10 11:46:04.354 [http-nio-8080-exec-1] WARN  org.elasticsearch.client.RestClient [node1:8080] - request [POST http://localhost:9200/products/_search?typed_keys=true&max_concurrent_shard_requests=5&ignore_unavailable=false&expand_wildcards=open&allow_no_indices=true&ignore_throttled=true&search_type=query_then_fetch&batched_reduce_size=512] returned 1 warnings: [299 Elasticsearch-7.17.0-bee86328705acaa9a6daede7140defd4d9ec56bd "[ignore_throttled] parameter is deprecated because frozen indices have been deprecated. Consider cold or frozen tiers in place of frozen indices."]
2025-12-10 11:46:04.368 [http-nio-8080-exec-1] INFO  c.example.demo.aop.WebControllerAOP [node1:8080] - 响应状态: 200
2025-12-10 11:46:04.370 [http-nio-8080-exec-1] INFO  c.example.demo.aop.WebControllerAOP [node1:8080] - 响应内容: {"body":{"content":[{"category":"电子产品","description":"这是一款最新款的智能手机","id":"tHeH3JoBizKKqzgbMUCa","name":"智能手机11","price":2999.99},{"category":"电子产品","description":"这是一款最新款的智能手机","id":"uneI3JoBizKKqzgbz0Dm","name":"智能手机11","price":2999.99},{"category":"电子产品","description":"这是一款最新款的智能手机","id":"xXeI3JoBizKKqzgb1EDQ","name":"智能手机11","price":2999.99},{"category":"电子产品","description":"这是一款最新款的智能手机","id":"0HeI3JoBizKKqzgb2EAK","name":"智能手机11","price":2999.99},{"category":"电子产品","description":"这是一款最新款的智能手机","id":"mXcJ2JoBizKKqzgbYT4r","name":"智能手机1","price":2999.99},{"category":"电子产品","description":"这是一款最新款的智能手机","id":"OHci2JoBizKKqzgbmj9v","name":"智能手机1","price":2999.99},{"category":"电子产品","description":"这是一款最新款的智能手机","id":"1ncn2JoBizKKqzgb7z_m","name":"智能手机1","price":2999.99},{"category":"Electronics","description":"Noise-cancelling Bluetooth headphones","id":"xKn0tJoBYZ_2Un135xJ0","name":"Wireless Headphones","price":129.99},{"category":"电子产品","description":"这是一款最新款的智能手机","id":"dnfm15oBizKKqzgbzDxO","name":"智能手机","price":2999.99},{"category":"电子产品","description":"这是一款最新款的智能手机","id":"fnfn15oBizKKqzgbGzxE","name":"智能手机","price":2999.99},{"category":"电子产品","description":"这是一款最新款的智能手机","id":"23eI3JoBizKKqzgb60B5","name":"智能手机11","price":2999.99},{"category":"电子产品","description":"这是一款最新款的智能手机","id":"H3eM3JoBizKKqzgbU0Fi","name":"智能手机11","price":2999.99},{"category":"电子产品","description":"这是一款最新款的智能手机","id":"J3eN3JoBizKKqzgb0UEB","name":"智能手机11","price":2999.99},{"category":"电子产品","description":"这是一款最新款的智能手机","id":"MneN3JoBizKKqzgb1EH8","name":"智能手机11","price":2999.99},{"category":"电子产品","description":"这是一款最新款的智能手机","id":"PXeN3JoBizKKqzgb10H6","name":"智能手机11","price":2999.99},{"category":"电子产品","description":"这是一款最新款的智能手机","id":"gneW3JoBizKKqzgbfUFC","name":"智能手机11","price":2999.99},{"category":"电子产品","description":"这是一款最新款的智能手机","id":"iXeX3JoBizKKqzgb7EE3","name":"智能手机11","price":2999.99},{"category":"电子产品","description":"这是一款最新款的智能手机","id":"oHeX3JoBizKKqzgb8EGA","name":"智能手机11","price":2999.99},{"category":"电子产品","description":"这是一款最新款的智能手机","id":"q3eX3JoBizKKqzgb80Gk","name":"智能手机11","price":2999.99},{"category":"Electronics","description":"Health tracking smart watch with OLED display","id":"xqn0tJoBYZ_2Un136BIT","name":"Smart Watch","price":299.99},{"category":"Home & Kitchen","description":"3-piece non-stick cookware set","id":"0Kn0tJoBYZ_2Un136RJF","name":"Non-Stick Pan Set","price":79.99},{"category":"Home & Kitchen","description":"Programmable drip coffee maker","id":"0an0tJoBYZ_2Un136RKD","name":"Coffee Maker","price":89.99},{"category":"Sports & Outdoors","description":"Eco-friendly non-slip yoga mat","id":"0qn0tJoBYZ_2Un136RLP","name":"Yoga Mat","price":29.99},{"category":"Sports & Outdoors","description":"4-person waterproof tent","id":"I6n0tJoBYZ_2Un138BNZ","name":"Camping Tent","price":199.99},{"category":"Books","description":"Comprehensive guide to modern programming","id":"zqn0tJoBYZ_2Un136BLd","name":"Programming Guide","price":49.99},{"category":"Clothing","description":"Waterproof winter jacket with insulation","id":"zan0tJoBYZ_2Un136BKa","name":"Winter Jacket","price":149.99},{"category":"Books","description":"Bestselling sci-fi novel","id":"z6n0tJoBYZ_2Un136RIS","name":"Science Fiction Novel","price":14.99},{"category":"Clothing","description":"100% cotton unisex t-shirt","id":"zKn0tJoBYZ_2Un136BJY","name":"Cotton T-Shirt","price":24.99},{"category":"dianzi","description":"shouji","id":"JnfH15oBizKKqzgbuDm2","name":"shouji","price":1000.0},{"category":"电子产品","description":"这是一款最新款的智能手机","id":"n3cs3ZoBizKKqzgbB0PI","name":"智能手机1199","price":2999.99},{"category":"电子产品","description":"这是一款最新款的智能手机","id":"OXeS3ZoBizKKqzgbxkQy","name":"智能手机1199","price":2999.99},{"category":"电子产品","description":"这是一款最新款的智能手机","id":"QHeS3ZoBizKKqzgbykRu","name":"智能手机1199","price":2999.99},{"category":"电子产品","description":"这是一款最新款的智能手机","id":"AXev3JoBizKKqzgbnkJe","name":"智能手机11","price":2999.99},{"category":"电子产品","description":"这是一款最新款的智能手机","id":"DHev3JoBizKKqzgboUK0","name":"智能手机11","price":2999.99},{"category":"电子产品","description":"这是一款最新款的智能手机","id":"vHeY3JoBizKKqzgbA0FC","name":"智能手机11","price":2999.99},{"category":"电子产品","description":"这是一款最新款的智能手机","id":"x3eY3JoBizKKqzgbBkGR","name":"智能手机11","price":2999.99},{"category":"电子产品","description":"这是一款最新款的智能手机","id":"3neY3JoBizKKqzgbDEED","name":"智能手机11","price":2999.99},{"category":"电子产品","description":"这是一款最新款的智能手机","id":"73eY3JoBizKKqzgbD0EE","name":"智能手机11","price":2999.99},{"category":"电子产品","description":"这是一款最新款的智能手机","id":"T3eS3ZoBizKKqzgb0ETD","name":"智能手机1199","price":2999.99},{"category":"电子产品","description":"这是一款最新款的智能手机","id":"dnee3ZoBizKKqzgbhkRp","name":"智能手机1199","price":2999.99},{"category":"电子产品","description":"这是一款最新款的智能手机","id":"gXee3ZoBizKKqzgbiUTF","name":"智能手机1199","price":2999.99}],"empty":false,"first":true,"last":true,"number":0,"numberOfElements":41,"pageable":{"offset":0,"pageNumber":0,"pageSize":41,"paged":true,"sort":{"empty":true,"sorted":false,"unsorted":true},"unpaged":false},"size":41,"sort":{"$ref":"$.body.pageable.sort"},"totalElements":41,"totalPages":1},"headers":{},"statusCode":"OK","statusCodeValue":200}
2025-12-10 11:46:04.371 [http-nio-8080-exec-1] INFO  c.example.demo.aop.WebControllerAOP [node1:8080] - 响应大小: 5179 字符
2025-12-10 11:46:04.371 [http-nio-8080-exec-1] INFO  c.example.demo.aop.WebControllerAOP [node1:8080] - [请求完成] ID: 1cc72eb3, 耗时: 66ms
2025-12-10 11:46:11.488 [http-nio-8080-exec-2] INFO  c.example.demo.aop.WebControllerAOP [node1:8080] - [请求开始] ID: 3e8bdb0f
2025-12-10 11:46:11.488 [http-nio-8080-exec-2] INFO  c.example.demo.aop.WebControllerAOP [node1:8080] - 请求路径: /api/products
2025-12-10 11:46:11.488 [http-nio-8080-exec-2] INFO  c.example.demo.aop.WebControllerAOP [node1:8080] - 客户端IP: 0:0:0:0:0:0:0:1
2025-12-10 11:46:11.488 [http-nio-8080-exec-2] INFO  c.example.demo.aop.WebControllerAOP [node1:8080] - 方法: ProductController.getAllProducts
2025-12-10 11:46:11.489 [http-nio-8080-exec-2] INFO  c.example.demo.aop.WebControllerAOP [node1:8080] - 参数: {"id":["\"H3eM3JoBizKKqzgbU0Fi\""]}
2025-12-10 11:46:11.503 [http-nio-8080-exec-2] WARN  org.elasticsearch.client.RestClient [node1:8080] - request [POST http://localhost:9200/products/_search?typed_keys=true&max_concurrent_shard_requests=5&ignore_unavailable=false&expand_wildcards=open&allow_no_indices=true&ignore_throttled=true&search_type=query_then_fetch&batched_reduce_size=512] returned 1 warnings: [299 Elasticsearch-7.17.0-bee86328705acaa9a6daede7140defd4d9ec56bd "[ignore_throttled] parameter is deprecated because frozen indices have been deprecated. Consider cold or frozen tiers in place of frozen indices."]
2025-12-10 11:46:11.515 [http-nio-8080-exec-2] WARN  org.elasticsearch.client.RestClient [node1:8080] - request [POST http://localhost:9200/products/_search?typed_keys=true&max_concurrent_shard_requests=5&ignore_unavailable=false&expand_wildcards=open&allow_no_indices=true&ignore_throttled=true&search_type=query_then_fetch&batched_reduce_size=512] returned 1 warnings: [299 Elasticsearch-7.17.0-bee86328705acaa9a6daede7140defd4d9ec56bd "[ignore_throttled] parameter is deprecated because frozen indices have been deprecated. Consider cold or frozen tiers in place of frozen indices."]
2025-12-10 11:46:11.521 [http-nio-8080-exec-2] INFO  c.example.demo.aop.WebControllerAOP [node1:8080] - 响应状态: 200
2025-12-10 11:46:11.522 [http-nio-8080-exec-2] INFO  c.example.demo.aop.WebControllerAOP [node1:8080] - 响应内容: {"body":{"content":[{"category":"电子产品","description":"这是一款最新款的智能手机","id":"tHeH3JoBizKKqzgbMUCa","name":"智能手机11","price":2999.99},{"category":"电子产品","description":"这是一款最新款的智能手机","id":"uneI3JoBizKKqzgbz0Dm","name":"智能手机11","price":2999.99},{"category":"电子产品","description":"这是一款最新款的智能手机","id":"xXeI3JoBizKKqzgb1EDQ","name":"智能手机11","price":2999.99},{"category":"电子产品","description":"这是一款最新款的智能手机","id":"0HeI3JoBizKKqzgb2EAK","name":"智能手机11","price":2999.99},{"category":"电子产品","description":"这是一款最新款的智能手机","id":"mXcJ2JoBizKKqzgbYT4r","name":"智能手机1","price":2999.99},{"category":"电子产品","description":"这是一款最新款的智能手机","id":"OHci2JoBizKKqzgbmj9v","name":"智能手机1","price":2999.99},{"category":"电子产品","description":"这是一款最新款的智能手机","id":"1ncn2JoBizKKqzgb7z_m","name":"智能手机1","price":2999.99},{"category":"Electronics","description":"Noise-cancelling Bluetooth headphones","id":"xKn0tJoBYZ_2Un135xJ0","name":"Wireless Headphones","price":129.99},{"category":"电子产品","description":"这是一款最新款的智能手机","id":"dnfm15oBizKKqzgbzDxO","name":"智能手机","price":2999.99},{"category":"电子产品","description":"这是一款最新款的智能手机","id":"fnfn15oBizKKqzgbGzxE","name":"智能手机","price":2999.99},{"category":"电子产品","description":"这是一款最新款的智能手机","id":"23eI3JoBizKKqzgb60B5","name":"智能手机11","price":2999.99},{"category":"电子产品","description":"这是一款最新款的智能手机","id":"H3eM3JoBizKKqzgbU0Fi","name":"智能手机11","price":2999.99},{"category":"电子产品","description":"这是一款最新款的智能手机","id":"J3eN3JoBizKKqzgb0UEB","name":"智能手机11","price":2999.99},{"category":"电子产品","description":"这是一款最新款的智能手机","id":"MneN3JoBizKKqzgb1EH8","name":"智能手机11","price":2999.99},{"category":"电子产品","description":"这是一款最新款的智能手机","id":"PXeN3JoBizKKqzgb10H6","name":"智能手机11","price":2999.99},{"category":"电子产品","description":"这是一款最新款的智能手机","id":"gneW3JoBizKKqzgbfUFC","name":"智能手机11","price":2999.99},{"category":"电子产品","description":"这是一款最新款的智能手机","id":"iXeX3JoBizKKqzgb7EE3","name":"智能手机11","price":2999.99},{"category":"电子产品","description":"这是一款最新款的智能手机","id":"oHeX3JoBizKKqzgb8EGA","name":"智能手机11","price":2999.99},{"category":"电子产品","description":"这是一款最新款的智能手机","id":"q3eX3JoBizKKqzgb80Gk","name":"智能手机11","price":2999.99},{"category":"Electronics","description":"Health tracking smart watch with OLED display","id":"xqn0tJoBYZ_2Un136BIT","name":"Smart Watch","price":299.99},{"category":"Home & Kitchen","description":"3-piece non-stick cookware set","id":"0Kn0tJoBYZ_2Un136RJF","name":"Non-Stick Pan Set","price":79.99},{"category":"Home & Kitchen","description":"Programmable drip coffee maker","id":"0an0tJoBYZ_2Un136RKD","name":"Coffee Maker","price":89.99},{"category":"Sports & Outdoors","description":"Eco-friendly non-slip yoga mat","id":"0qn0tJoBYZ_2Un136RLP","name":"Yoga Mat","price":29.99},{"category":"Sports & Outdoors","description":"4-person waterproof tent","id":"I6n0tJoBYZ_2Un138BNZ","name":"Camping Tent","price":199.99},{"category":"Books","description":"Comprehensive guide to modern programming","id":"zqn0tJoBYZ_2Un136BLd","name":"Programming Guide","price":49.99},{"category":"Clothing","description":"Waterproof winter jacket with insulation","id":"zan0tJoBYZ_2Un136BKa","name":"Winter Jacket","price":149.99},{"category":"Books","description":"Bestselling sci-fi novel","id":"z6n0tJoBYZ_2Un136RIS","name":"Science Fiction Novel","price":14.99},{"category":"Clothing","description":"100% cotton unisex t-shirt","id":"zKn0tJoBYZ_2Un136BJY","name":"Cotton T-Shirt","price":24.99},{"category":"dianzi","description":"shouji","id":"JnfH15oBizKKqzgbuDm2","name":"shouji","price":1000.0},{"category":"电子产品","description":"这是一款最新款的智能手机","id":"n3cs3ZoBizKKqzgbB0PI","name":"智能手机1199","price":2999.99},{"category":"电子产品","description":"这是一款最新款的智能手机","id":"OXeS3ZoBizKKqzgbxkQy","name":"智能手机1199","price":2999.99},{"category":"电子产品","description":"这是一款最新款的智能手机","id":"QHeS3ZoBizKKqzgbykRu","name":"智能手机1199","price":2999.99},{"category":"电子产品","description":"这是一款最新款的智能手机","id":"AXev3JoBizKKqzgbnkJe","name":"智能手机11","price":2999.99},{"category":"电子产品","description":"这是一款最新款的智能手机","id":"DHev3JoBizKKqzgboUK0","name":"智能手机11","price":2999.99},{"category":"电子产品","description":"这是一款最新款的智能手机","id":"vHeY3JoBizKKqzgbA0FC","name":"智能手机11","price":2999.99},{"category":"电子产品","description":"这是一款最新款的智能手机","id":"x3eY3JoBizKKqzgbBkGR","name":"智能手机11","price":2999.99},{"category":"电子产品","description":"这是一款最新款的智能手机","id":"3neY3JoBizKKqzgbDEED","name":"智能手机11","price":2999.99},{"category":"电子产品","description":"这是一款最新款的智能手机","id":"73eY3JoBizKKqzgbD0EE","name":"智能手机11","price":2999.99},{"category":"电子产品","description":"这是一款最新款的智能手机","id":"T3eS3ZoBizKKqzgb0ETD","name":"智能手机1199","price":2999.99},{"category":"电子产品","description":"这是一款最新款的智能手机","id":"dnee3ZoBizKKqzgbhkRp","name":"智能手机1199","price":2999.99},{"category":"电子产品","description":"这是一款最新款的智能手机","id":"gXee3ZoBizKKqzgbiUTF","name":"智能手机1199","price":2999.99}],"empty":false,"first":true,"last":true,"number":0,"numberOfElements":41,"pageable":{"offset":0,"pageNumber":0,"pageSize":41,"paged":true,"sort":{"empty":true,"sorted":false,"unsorted":true},"unpaged":false},"size":41,"sort":{"$ref":"$.body.pageable.sort"},"totalElements":41,"totalPages":1},"headers":{},"statusCode":"OK","statusCodeValue":200}
2025-12-10 11:46:11.522 [http-nio-8080-exec-2] INFO  c.example.demo.aop.WebControllerAOP [node1:8080] - 响应大小: 5179 字符
2025-12-10 11:46:11.522 [http-nio-8080-exec-2] INFO  c.example.demo.aop.WebControllerAOP [node1:8080] - [请求完成] ID: 3e8bdb0f, 耗时: 32ms
2025-12-10 11:49:49.998 [http-nio-8080-exec-5] INFO  c.example.demo.aop.WebControllerAOP [node1:8080] - [请求开始] ID: a47e23d5
2025-12-10 11:49:49.998 [http-nio-8080-exec-5] INFO  c.example.demo.aop.WebControllerAOP [node1:8080] - 请求路径: /api/products
2025-12-10 11:49:49.998 [http-nio-8080-exec-5] INFO  c.example.demo.aop.WebControllerAOP [node1:8080] - 客户端IP: 0:0:0:0:0:0:0:1
2025-12-10 11:49:49.998 [http-nio-8080-exec-5] INFO  c.example.demo.aop.WebControllerAOP [node1:8080] - 方法: ProductController.getAllProducts
2025-12-10 11:49:49.999 [http-nio-8080-exec-5] INFO  c.example.demo.aop.WebControllerAOP [node1:8080] - 参数: {"id":["\"H3eM3JoBizKKqzgbU0Fi\""]}
2025-12-10 11:49:50.008 [http-nio-8080-exec-5] WARN  org.elasticsearch.client.RestClient [node1:8080] - request [POST http://localhost:9200/products/_search?typed_keys=true&max_concurrent_shard_requests=5&ignore_unavailable=false&expand_wildcards=open&allow_no_indices=true&ignore_throttled=true&search_type=query_then_fetch&batched_reduce_size=512] returned 1 warnings: [299 Elasticsearch-7.17.0-bee86328705acaa9a6daede7140defd4d9ec56bd "[ignore_throttled] parameter is deprecated because frozen indices have been deprecated. Consider cold or frozen tiers in place of frozen indices."]
2025-12-10 11:49:50.017 [http-nio-8080-exec-5] WARN  org.elasticsearch.client.RestClient [node1:8080] - request [POST http://localhost:9200/products/_search?typed_keys=true&max_concurrent_shard_requests=5&ignore_unavailable=false&expand_wildcards=open&allow_no_indices=true&ignore_throttled=true&search_type=query_then_fetch&batched_reduce_size=512] returned 1 warnings: [299 Elasticsearch-7.17.0-bee86328705acaa9a6daede7140defd4d9ec56bd "[ignore_throttled] parameter is deprecated because frozen indices have been deprecated. Consider cold or frozen tiers in place of frozen indices."]
2025-12-10 11:49:50.023 [http-nio-8080-exec-5] INFO  c.example.demo.aop.WebControllerAOP [node1:8080] - 响应状态: 200
2025-12-10 11:49:50.024 [http-nio-8080-exec-5] INFO  c.example.demo.aop.WebControllerAOP [node1:8080] - 响应内容: {"body":{"content":[{"category":"电子产品","description":"这是一款最新款的智能手机","id":"tHeH3JoBizKKqzgbMUCa","name":"智能手机11","price":2999.99},{"category":"电子产品","description":"这是一款最新款的智能手机","id":"uneI3JoBizKKqzgbz0Dm","name":"智能手机11","price":2999.99},{"category":"电子产品","description":"这是一款最新款的智能手机","id":"xXeI3JoBizKKqzgb1EDQ","name":"智能手机11","price":2999.99},{"category":"电子产品","description":"这是一款最新款的智能手机","id":"0HeI3JoBizKKqzgb2EAK","name":"智能手机11","price":2999.99},{"category":"电子产品","description":"这是一款最新款的智能手机","id":"mXcJ2JoBizKKqzgbYT4r","name":"智能手机1","price":2999.99},{"category":"电子产品","description":"这是一款最新款的智能手机","id":"OHci2JoBizKKqzgbmj9v","name":"智能手机1","price":2999.99},{"category":"电子产品","description":"这是一款最新款的智能手机","id":"1ncn2JoBizKKqzgb7z_m","name":"智能手机1","price":2999.99},{"category":"Electronics","description":"Noise-cancelling Bluetooth headphones","id":"xKn0tJoBYZ_2Un135xJ0","name":"Wireless Headphones","price":129.99},{"category":"电子产品","description":"这是一款最新款的智能手机","id":"dnfm15oBizKKqzgbzDxO","name":"智能手机","price":2999.99},{"category":"电子产品","description":"这是一款最新款的智能手机","id":"fnfn15oBizKKqzgbGzxE","name":"智能手机","price":2999.99},{"category":"电子产品","description":"这是一款最新款的智能手机","id":"23eI3JoBizKKqzgb60B5","name":"智能手机11","price":2999.99},{"category":"电子产品","description":"这是一款最新款的智能手机","id":"H3eM3JoBizKKqzgbU0Fi","name":"智能手机11","price":2999.99},{"category":"电子产品","description":"这是一款最新款的智能手机","id":"J3eN3JoBizKKqzgb0UEB","name":"智能手机11","price":2999.99},{"category":"电子产品","description":"这是一款最新款的智能手机","id":"MneN3JoBizKKqzgb1EH8","name":"智能手机11","price":2999.99},{"category":"电子产品","description":"这是一款最新款的智能手机","id":"PXeN3JoBizKKqzgb10H6","name":"智能手机11","price":2999.99},{"category":"电子产品","description":"这是一款最新款的智能手机","id":"gneW3JoBizKKqzgbfUFC","name":"智能手机11","price":2999.99},{"category":"电子产品","description":"这是一款最新款的智能手机","id":"iXeX3JoBizKKqzgb7EE3","name":"智能手机11","price":2999.99},{"category":"电子产品","description":"这是一款最新款的智能手机","id":"oHeX3JoBizKKqzgb8EGA","name":"智能手机11","price":2999.99},{"category":"电子产品","description":"这是一款最新款的智能手机","id":"q3eX3JoBizKKqzgb80Gk","name":"智能手机11","price":2999.99},{"category":"Electronics","description":"Health tracking smart watch with OLED display","id":"xqn0tJoBYZ_2Un136BIT","name":"Smart Watch","price":299.99},{"category":"Home & Kitchen","description":"3-piece non-stick cookware set","id":"0Kn0tJoBYZ_2Un136RJF","name":"Non-Stick Pan Set","price":79.99},{"category":"Home & Kitchen","description":"Programmable drip coffee maker","id":"0an0tJoBYZ_2Un136RKD","name":"Coffee Maker","price":89.99},{"category":"Sports & Outdoors","description":"Eco-friendly non-slip yoga mat","id":"0qn0tJoBYZ_2Un136RLP","name":"Yoga Mat","price":29.99},{"category":"Sports & Outdoors","description":"4-person waterproof tent","id":"I6n0tJoBYZ_2Un138BNZ","name":"Camping Tent","price":199.99},{"category":"Books","description":"Comprehensive guide to modern programming","id":"zqn0tJoBYZ_2Un136BLd","name":"Programming Guide","price":49.99},{"category":"Clothing","description":"Waterproof winter jacket with insulation","id":"zan0tJoBYZ_2Un136BKa","name":"Winter Jacket","price":149.99},{"category":"Books","description":"Bestselling sci-fi novel","id":"z6n0tJoBYZ_2Un136RIS","name":"Science Fiction Novel","price":14.99},{"category":"Clothing","description":"100% cotton unisex t-shirt","id":"zKn0tJoBYZ_2Un136BJY","name":"Cotton T-Shirt","price":24.99},{"category":"dianzi","description":"shouji","id":"JnfH15oBizKKqzgbuDm2","name":"shouji","price":1000.0},{"category":"电子产品","description":"这是一款最新款的智能手机","id":"n3cs3ZoBizKKqzgbB0PI","name":"智能手机1199","price":2999.99},{"category":"电子产品","description":"这是一款最新款的智能手机","id":"OXeS3ZoBizKKqzgbxkQy","name":"智能手机1199","price":2999.99},{"category":"电子产品","description":"这是一款最新款的智能手机","id":"QHeS3ZoBizKKqzgbykRu","name":"智能手机1199","price":2999.99},{"category":"电子产品","description":"这是一款最新款的智能手机","id":"AXev3JoBizKKqzgbnkJe","name":"智能手机11","price":2999.99},{"category":"电子产品","description":"这是一款最新款的智能手机","id":"DHev3JoBizKKqzgboUK0","name":"智能手机11","price":2999.99},{"category":"电子产品","description":"这是一款最新款的智能手机","id":"vHeY3JoBizKKqzgbA0FC","name":"智能手机11","price":2999.99},{"category":"电子产品","description":"这是一款最新款的智能手机","id":"x3eY3JoBizKKqzgbBkGR","name":"智能手机11","price":2999.99},{"category":"电子产品","description":"这是一款最新款的智能手机","id":"3neY3JoBizKKqzgbDEED","name":"智能手机11","price":2999.99},{"category":"电子产品","description":"这是一款最新款的智能手机","id":"73eY3JoBizKKqzgbD0EE","name":"智能手机11","price":2999.99},{"category":"电子产品","description":"这是一款最新款的智能手机","id":"T3eS3ZoBizKKqzgb0ETD","name":"智能手机1199","price":2999.99},{"category":"电子产品","description":"这是一款最新款的智能手机","id":"dnee3ZoBizKKqzgbhkRp","name":"智能手机1199","price":2999.99},{"category":"电子产品","description":"这是一款最新款的智能手机","id":"gXee3ZoBizKKqzgbiUTF","name":"智能手机1199","price":2999.99}],"empty":false,"first":true,"last":true,"number":0,"numberOfElements":41,"pageable":{"offset":0,"pageNumber":0,"pageSize":41,"paged":true,"sort":{"empty":true,"sorted":false,"unsorted":true},"unpaged":false},"size":41,"sort":{"$ref":"$.body.pageable.sort"},"totalElements":41,"totalPages":1},"headers":{},"statusCode":"OK","statusCodeValue":200}
2025-12-10 11:49:50.024 [http-nio-8080-exec-5] INFO  c.example.demo.aop.WebControllerAOP [node1:8080] - 响应大小: 5179 字符
2025-12-10 11:49:50.024 [http-nio-8080-exec-5] INFO  c.example.demo.aop.WebControllerAOP [node1:8080] - [请求完成] ID: a47e23d5, 耗时: 24ms
2025-12-10 13:11:44.202 [HikariPool-1 housekeeper] WARN  com.zaxxer.hikari.pool.HikariPool [node1:8080] - HikariPool-1 - Retrograde clock change detected (housekeeper delta=29s852ms), soft-evicting connections from pool.
2025-12-10 13:48:50.335 [kafka-coordinator-heartbeat-thread | order-events-consumer] INFO  o.a.k.c.c.i.ConsumerCoordinator [node1:8080] - [Consumer clientId=consumer-order-events-consumer-4, groupId=order-events-consumer] Group coordinator localhost:9093 (id: 2147482646 rack: null) is unavailable or invalid due to cause: session timed out without receiving a heartbeat response.isDisconnected: false. Rediscovery will be attempted.
2025-12-10 13:48:50.335 [kafka-coordinator-heartbeat-thread | user-events-consumer] INFO  o.a.k.c.c.i.ConsumerCoordinator [node1:8080] - [Consumer clientId=consumer-user-events-consumer-3, groupId=user-events-consumer] Group coordinator localhost:9093 (id: 2147482646 rack: null) is unavailable or invalid due to cause: session timed out without receiving a heartbeat response.isDisconnected: false. Rediscovery will be attempted.
2025-12-10 13:48:50.335 [kafka-coordinator-heartbeat-thread | notification-batch-consumer] INFO  o.a.k.c.c.i.ConsumerCoordinator [node1:8080] - [Consumer clientId=consumer-notification-batch-consumer-1, groupId=notification-batch-consumer] Group coordinator localhost:9093 (id: 2147482646 rack: null) is unavailable or invalid due to cause: session timed out without receiving a heartbeat response.isDisconnected: false. Rediscovery will be attempted.
2025-12-10 13:48:50.335 [kafka-coordinator-heartbeat-thread | pattern-consumer] INFO  o.a.k.c.c.i.ConsumerCoordinator [node1:8080] - [Consumer clientId=consumer-pattern-consumer-2, groupId=pattern-consumer] Group coordinator localhost:9093 (id: 2147482646 rack: null) is unavailable or invalid due to cause: session timed out without receiving a heartbeat response.isDisconnected: false. Rediscovery will be attempted.
2025-12-10 13:48:50.717 [org.springframework.kafka.KafkaListenerEndpointContainer#0-0-C-1] INFO  o.a.k.clients.FetchSessionHandler [node1:8080] - [Consumer clientId=consumer-user-events-consumer-3, groupId=user-events-consumer] Error sending fetch request (sessionId=1980356951, epoch=14037) to node 1001:
org.apache.kafka.common.errors.DisconnectException: null
2025-12-10 13:48:50.717 [org.springframework.kafka.KafkaListenerEndpointContainer#3-0-C-1] INFO  o.a.k.clients.FetchSessionHandler [node1:8080] - [Consumer clientId=consumer-pattern-consumer-2, groupId=pattern-consumer] Error sending fetch request (sessionId=22740251, epoch=14032) to node 1001:
org.apache.kafka.common.errors.DisconnectException: null
2025-12-10 13:48:50.717 [org.springframework.kafka.KafkaListenerEndpointContainer#1-0-C-1] INFO  o.a.k.clients.FetchSessionHandler [node1:8080] - [Consumer clientId=consumer-order-events-consumer-4, groupId=order-events-consumer] Error sending fetch request (sessionId=1411813210, epoch=14032) to node 1001:
org.apache.kafka.common.errors.DisconnectException: null
2025-12-10 13:48:50.717 [org.springframework.kafka.KafkaListenerEndpointContainer#2-0-C-1] INFO  o.a.k.clients.FetchSessionHandler [node1:8080] - [Consumer clientId=consumer-notification-batch-consumer-1, groupId=notification-batch-consumer] Error sending fetch request (sessionId=1761275427, epoch=14040) to node 1001:
org.apache.kafka.common.errors.DisconnectException: null
2025-12-10 13:48:50.820 [org.springframework.kafka.KafkaListenerEndpointContainer#2-0-C-1] INFO  o.a.k.c.c.i.ConsumerCoordinator [node1:8080] - [Consumer clientId=consumer-notification-batch-consumer-1, groupId=notification-batch-consumer] Discovered group coordinator localhost:9093 (id: 2147482646 rack: null)
2025-12-10 13:48:50.820 [org.springframework.kafka.KafkaListenerEndpointContainer#1-0-C-1] INFO  o.a.k.c.c.i.ConsumerCoordinator [node1:8080] - [Consumer clientId=consumer-order-events-consumer-4, groupId=order-events-consumer] Discovered group coordinator localhost:9093 (id: 2147482646 rack: null)
2025-12-10 13:48:50.821 [org.springframework.kafka.KafkaListenerEndpointContainer#2-0-C-1] INFO  o.a.k.c.c.i.ConsumerCoordinator [node1:8080] - [Consumer clientId=consumer-notification-batch-consumer-1, groupId=notification-batch-consumer] Discovered group coordinator localhost:9093 (id: 2147482646 rack: null)
2025-12-10 13:48:50.821 [org.springframework.kafka.KafkaListenerEndpointContainer#1-0-C-1] INFO  o.a.k.c.c.i.ConsumerCoordinator [node1:8080] - [Consumer clientId=consumer-order-events-consumer-4, groupId=order-events-consumer] Discovered group coordinator localhost:9093 (id: 2147482646 rack: null)
2025-12-10 13:48:50.826 [org.springframework.kafka.KafkaListenerEndpointContainer#3-0-C-1] INFO  o.a.k.c.c.i.ConsumerCoordinator [node1:8080] - [Consumer clientId=consumer-pattern-consumer-2, groupId=pattern-consumer] Discovered group coordinator localhost:9093 (id: 2147482646 rack: null)
2025-12-10 13:48:50.834 [org.springframework.kafka.KafkaListenerEndpointContainer#2-0-C-1] INFO  o.a.k.c.c.i.ConsumerCoordinator [node1:8080] - [Consumer clientId=consumer-notification-batch-consumer-1, groupId=notification-batch-consumer] Discovered group coordinator localhost:9093 (id: 2147482646 rack: null)
2025-12-10 13:48:50.886 [org.springframework.kafka.KafkaListenerEndpointContainer#0-0-C-1] INFO  o.a.k.c.c.i.ConsumerCoordinator [node1:8080] - [Consumer clientId=consumer-user-events-consumer-3, groupId=user-events-consumer] Discovered group coordinator localhost:9093 (id: 2147482646 rack: null)
2025-12-10 13:48:50.982 [org.springframework.kafka.KafkaListenerEndpointContainer#1-0-C-1] INFO  o.a.k.c.c.i.ConsumerCoordinator [node1:8080] - [Consumer clientId=consumer-order-events-consumer-4, groupId=order-events-consumer] Discovered group coordinator localhost:9093 (id: 2147482646 rack: null)
2025-12-10 13:48:50.982 [org.springframework.kafka.KafkaListenerEndpointContainer#3-0-C-1] INFO  o.a.k.c.c.i.ConsumerCoordinator [node1:8080] - [Consumer clientId=consumer-pattern-consumer-2, groupId=pattern-consumer] Discovered group coordinator localhost:9093 (id: 2147482646 rack: null)
2025-12-10 13:48:51.000 [org.springframework.kafka.KafkaListenerEndpointContainer#3-0-C-1] INFO  o.a.k.c.c.i.ConsumerCoordinator [node1:8080] - [Consumer clientId=consumer-pattern-consumer-2, groupId=pattern-consumer] Discovered group coordinator localhost:9093 (id: 2147482646 rack: null)
2025-12-10 13:48:51.023 [org.springframework.kafka.KafkaListenerEndpointContainer#0-0-C-1] INFO  o.a.k.c.c.i.ConsumerCoordinator [node1:8080] - [Consumer clientId=consumer-user-events-consumer-3, groupId=user-events-consumer] Discovered group coordinator localhost:9093 (id: 2147482646 rack: null)
2025-12-10 13:48:51.033 [org.springframework.kafka.KafkaListenerEndpointContainer#0-0-C-1] INFO  o.a.k.c.c.i.ConsumerCoordinator [node1:8080] - [Consumer clientId=consumer-user-events-consumer-3, groupId=user-events-consumer] Discovered group coordinator localhost:9093 (id: 2147482646 rack: null)
2025-12-10 13:48:59.134 [HikariPool-1 housekeeper] WARN  com.zaxxer.hikari.pool.HikariPool [node1:8080] - HikariPool-1 - Thread starvation or clock leap detected (housekeeper delta=9m44s574ms).
2025-12-10 13:58:27.005 [org.springframework.kafka.KafkaListenerEndpointContainer#3-0-C-1] INFO  o.a.k.clients.FetchSessionHandler [node1:8080] - [Consumer clientId=consumer-pattern-consumer-2, groupId=pattern-consumer] Error sending fetch request (sessionId=839457092, epoch=83) to node 1001:
org.apache.kafka.common.errors.DisconnectException: null
2025-12-10 13:58:27.008 [kafka-coordinator-heartbeat-thread | pattern-consumer] INFO  o.a.k.c.c.i.ConsumerCoordinator [node1:8080] - [Consumer clientId=consumer-pattern-consumer-2, groupId=pattern-consumer] Group coordinator localhost:9093 (id: 2147482646 rack: null) is unavailable or invalid due to cause: session timed out without receiving a heartbeat response.isDisconnected: false. Rediscovery will be attempted.
2025-12-10 13:58:27.005 [org.springframework.kafka.KafkaListenerEndpointContainer#2-0-C-1] INFO  o.a.k.clients.FetchSessionHandler [node1:8080] - [Consumer clientId=consumer-notification-batch-consumer-1, groupId=notification-batch-consumer] Error sending fetch request (sessionId=1897593241, epoch=86) to node 1001:
org.apache.kafka.common.errors.DisconnectException: null
2025-12-10 13:58:27.011 [kafka-coordinator-heartbeat-thread | notification-batch-consumer] INFO  o.a.k.c.c.i.ConsumerCoordinator [node1:8080] - [Consumer clientId=consumer-notification-batch-consumer-1, groupId=notification-batch-consumer] Group coordinator localhost:9093 (id: 2147482646 rack: null) is unavailable or invalid due to cause: session timed out without receiving a heartbeat response.isDisconnected: false. Rediscovery will be attempted.
2025-12-10 13:58:27.005 [org.springframework.kafka.KafkaListenerEndpointContainer#1-0-C-1] INFO  o.a.k.clients.FetchSessionHandler [node1:8080] - [Consumer clientId=consumer-order-events-consumer-4, groupId=order-events-consumer] Error sending fetch request (sessionId=1839459161, epoch=85) to node 1001:
org.apache.kafka.common.errors.DisconnectException: null
2025-12-10 13:58:27.008 [org.springframework.kafka.KafkaListenerEndpointContainer#0-0-C-1] INFO  o.a.k.clients.FetchSessionHandler [node1:8080] - [Consumer clientId=consumer-user-events-consumer-3, groupId=user-events-consumer] Error sending fetch request (sessionId=1445576391, epoch=84) to node 1001:
org.apache.kafka.common.errors.DisconnectException: null
2025-12-10 13:58:27.011 [kafka-coordinator-heartbeat-thread | order-events-consumer] INFO  o.a.k.c.c.i.ConsumerCoordinator [node1:8080] - [Consumer clientId=consumer-order-events-consumer-4, groupId=order-events-consumer] Group coordinator localhost:9093 (id: 2147482646 rack: null) is unavailable or invalid due to cause: session timed out without receiving a heartbeat response.isDisconnected: false. Rediscovery will be attempted.
2025-12-10 13:58:28.193 [kafka-coordinator-heartbeat-thread | user-events-consumer] INFO  o.a.k.c.c.i.ConsumerCoordinator [node1:8080] - [Consumer clientId=consumer-user-events-consumer-3, groupId=user-events-consumer] Group coordinator localhost:9093 (id: 2147482646 rack: null) is unavailable or invalid due to cause: session timed out without receiving a heartbeat response.isDisconnected: false. Rediscovery will be attempted.
2025-12-10 13:58:28.525 [org.springframework.kafka.KafkaListenerEndpointContainer#1-0-C-1] INFO  o.a.k.c.c.i.ConsumerCoordinator [node1:8080] - [Consumer clientId=consumer-order-events-consumer-4, groupId=order-events-consumer] Discovered group coordinator localhost:9093 (id: 2147482646 rack: null)
2025-12-10 13:58:28.567 [org.springframework.kafka.KafkaListenerEndpointContainer#0-0-C-1] INFO  o.a.k.c.c.i.ConsumerCoordinator [node1:8080] - [Consumer clientId=consumer-user-events-consumer-3, groupId=user-events-consumer] Discovered group coordinator localhost:9093 (id: 2147482646 rack: null)
2025-12-10 13:58:28.571 [org.springframework.kafka.KafkaListenerEndpointContainer#0-0-C-1] INFO  o.a.k.c.c.i.ConsumerCoordinator [node1:8080] - [Consumer clientId=consumer-user-events-consumer-3, groupId=user-events-consumer] Discovered group coordinator localhost:9093 (id: 2147482646 rack: null)
2025-12-10 13:58:28.571 [org.springframework.kafka.KafkaListenerEndpointContainer#1-0-C-1] INFO  o.a.k.c.c.i.ConsumerCoordinator [node1:8080] - [Consumer clientId=consumer-order-events-consumer-4, groupId=order-events-consumer] Discovered group coordinator localhost:9093 (id: 2147482646 rack: null)
2025-12-10 13:58:28.672 [org.springframework.kafka.KafkaListenerEndpointContainer#3-0-C-1] INFO  o.a.k.c.c.i.ConsumerCoordinator [node1:8080] - [Consumer clientId=consumer-pattern-consumer-2, groupId=pattern-consumer] Discovered group coordinator localhost:9093 (id: 2147482646 rack: null)
2025-12-10 13:58:28.680 [org.springframework.kafka.KafkaListenerEndpointContainer#2-0-C-1] INFO  o.a.k.c.c.i.ConsumerCoordinator [node1:8080] - [Consumer clientId=consumer-notification-batch-consumer-1, groupId=notification-batch-consumer] Discovered group coordinator localhost:9093 (id: 2147482646 rack: null)
2025-12-10 13:58:46.129 [HikariPool-1 housekeeper] WARN  com.zaxxer.hikari.pool.HikariPool [node1:8080] - HikariPool-1 - Thread starvation or clock leap detected (housekeeper delta=9m16s987ms).
2025-12-10 15:06:44.368 [HikariPool-1 housekeeper] WARN  com.zaxxer.hikari.pool.HikariPool [node1:8080] - HikariPool-1 - Retrograde clock change detected (housekeeper delta=28s81ms), soft-evicting connections from pool.
2025-12-10 16:33:59.228 [kafka-coordinator-heartbeat-thread | user-events-consumer] INFO  o.a.k.c.c.i.ConsumerCoordinator [node1:8080] - [Consumer clientId=consumer-user-events-consumer-3, groupId=user-events-consumer] Group coordinator localhost:9093 (id: 2147482646 rack: null) is unavailable or invalid due to cause: session timed out without receiving a heartbeat response.isDisconnected: false. Rediscovery will be attempted.
2025-12-10 16:33:59.772 [kafka-coordinator-heartbeat-thread | pattern-consumer] INFO  o.a.k.c.c.i.ConsumerCoordinator [node1:8080] - [Consumer clientId=consumer-pattern-consumer-2, groupId=pattern-consumer] Group coordinator localhost:9093 (id: 2147482646 rack: null) is unavailable or invalid due to cause: session timed out without receiving a heartbeat response.isDisconnected: false. Rediscovery will be attempted.
2025-12-10 16:33:59.790 [kafka-coordinator-heartbeat-thread | order-events-consumer] INFO  o.a.k.c.c.i.ConsumerCoordinator [node1:8080] - [Consumer clientId=consumer-order-events-consumer-4, groupId=order-events-consumer] Group coordinator localhost:9093 (id: 2147482646 rack: null) is unavailable or invalid due to cause: session timed out without receiving a heartbeat response.isDisconnected: false. Rediscovery will be attempted.
2025-12-10 16:33:59.799 [kafka-coordinator-heartbeat-thread | notification-batch-consumer] INFO  o.a.k.c.c.i.ConsumerCoordinator [node1:8080] - [Consumer clientId=consumer-notification-batch-consumer-1, groupId=notification-batch-consumer] Group coordinator localhost:9093 (id: 2147482646 rack: null) is unavailable or invalid due to cause: session timed out without receiving a heartbeat response.isDisconnected: false. Rediscovery will be attempted.
2025-12-10 16:33:59.905 [org.springframework.kafka.KafkaListenerEndpointContainer#3-0-C-1] INFO  o.a.k.clients.FetchSessionHandler [node1:8080] - [Consumer clientId=consumer-pattern-consumer-2, groupId=pattern-consumer] Error sending fetch request (sessionId=462130449, epoch=17329) to node 1001:
org.apache.kafka.common.errors.DisconnectException: null
2025-12-10 16:33:59.905 [org.springframework.kafka.KafkaListenerEndpointContainer#1-0-C-1] INFO  o.a.k.clients.FetchSessionHandler [node1:8080] - [Consumer clientId=consumer-order-events-consumer-4, groupId=order-events-consumer] Error sending fetch request (sessionId=2024257351, epoch=17333) to node 1001:
org.apache.kafka.common.errors.DisconnectException: null
2025-12-10 16:33:59.905 [org.springframework.kafka.KafkaListenerEndpointContainer#2-0-C-1] INFO  o.a.k.clients.FetchSessionHandler [node1:8080] - [Consumer clientId=consumer-notification-batch-consumer-1, groupId=notification-batch-consumer] Error sending fetch request (sessionId=1383652403, epoch=17332) to node 1001:
org.apache.kafka.common.errors.DisconnectException: null
2025-12-10 16:34:00.044 [org.springframework.kafka.KafkaListenerEndpointContainer#0-0-C-1] INFO  o.a.k.c.c.i.ConsumerCoordinator [node1:8080] - [Consumer clientId=consumer-user-events-consumer-3, groupId=user-events-consumer] Discovered group coordinator localhost:9093 (id: 2147482646 rack: null)
2025-12-10 16:34:00.072 [org.springframework.kafka.KafkaListenerEndpointContainer#0-0-C-1] INFO  o.a.k.c.c.i.ConsumerCoordinator [node1:8080] - [Consumer clientId=consumer-user-events-consumer-3, groupId=user-events-consumer] Discovered group coordinator localhost:9093 (id: 2147482646 rack: null)
2025-12-10 16:34:00.095 [org.springframework.kafka.KafkaListenerEndpointContainer#1-0-C-1] INFO  o.a.k.c.c.i.ConsumerCoordinator [node1:8080] - [Consumer clientId=consumer-order-events-consumer-4, groupId=order-events-consumer] Discovered group coordinator localhost:9093 (id: 2147482646 rack: null)
2025-12-10 16:34:00.095 [org.springframework.kafka.KafkaListenerEndpointContainer#2-0-C-1] INFO  o.a.k.c.c.i.ConsumerCoordinator [node1:8080] - [Consumer clientId=consumer-notification-batch-consumer-1, groupId=notification-batch-consumer] Discovered group coordinator localhost:9093 (id: 2147482646 rack: null)
2025-12-10 16:34:00.103 [org.springframework.kafka.KafkaListenerEndpointContainer#1-0-C-1] INFO  o.a.k.c.c.i.ConsumerCoordinator [node1:8080] - [Consumer clientId=consumer-order-events-consumer-4, groupId=order-events-consumer] Discovered group coordinator localhost:9093 (id: 2147482646 rack: null)
2025-12-10 16:34:00.103 [org.springframework.kafka.KafkaListenerEndpointContainer#2-0-C-1] INFO  o.a.k.c.c.i.ConsumerCoordinator [node1:8080] - [Consumer clientId=consumer-notification-batch-consumer-1, groupId=notification-batch-consumer] Discovered group coordinator localhost:9093 (id: 2147482646 rack: null)
2025-12-10 16:34:00.106 [org.springframework.kafka.KafkaListenerEndpointContainer#2-0-C-1] INFO  o.a.k.c.c.i.ConsumerCoordinator [node1:8080] - [Consumer clientId=consumer-notification-batch-consumer-1, groupId=notification-batch-consumer] Discovered group coordinator localhost:9093 (id: 2147482646 rack: null)
2025-12-10 16:34:00.108 [org.springframework.kafka.KafkaListenerEndpointContainer#1-0-C-1] INFO  o.a.k.c.c.i.ConsumerCoordinator [node1:8080] - [Consumer clientId=consumer-order-events-consumer-4, groupId=order-events-consumer] Discovered group coordinator localhost:9093 (id: 2147482646 rack: null)
2025-12-10 16:34:00.113 [org.springframework.kafka.KafkaListenerEndpointContainer#3-0-C-1] INFO  o.a.k.c.c.i.ConsumerCoordinator [node1:8080] - [Consumer clientId=consumer-pattern-consumer-2, groupId=pattern-consumer] Discovered group coordinator localhost:9093 (id: 2147482646 rack: null)
2025-12-10 16:34:00.124 [org.springframework.kafka.KafkaListenerEndpointContainer#3-0-C-1] INFO  o.a.k.c.c.i.ConsumerCoordinator [node1:8080] - [Consumer clientId=consumer-pattern-consumer-2, groupId=pattern-consumer] Discovered group coordinator localhost:9093 (id: 2147482646 rack: null)
2025-12-10 16:34:01.849 [HikariPool-1 housekeeper] WARN  com.zaxxer.hikari.pool.HikariPool [node1:8080] - HikariPool-1 - Thread starvation or clock leap detected (housekeeper delta=9m45s39ms).
2025-12-10 16:44:03.006 [org.springframework.kafka.KafkaListenerEndpointContainer#0-0-C-1] INFO  o.a.k.clients.FetchSessionHandler [node1:8080] - [Consumer clientId=consumer-user-events-consumer-3, groupId=user-events-consumer] Error sending fetch request (sessionId=431149506, epoch=17430) to node 1001:
org.apache.kafka.common.errors.DisconnectException: null
2025-12-10 16:44:03.006 [org.springframework.kafka.KafkaListenerEndpointContainer#1-0-C-1] INFO  o.a.k.clients.FetchSessionHandler [node1:8080] - [Consumer clientId=consumer-order-events-consumer-4, groupId=order-events-consumer] Error sending fetch request (sessionId=195084440, epoch=91) to node 1001:
org.apache.kafka.common.errors.DisconnectException: null
2025-12-10 16:44:03.006 [org.springframework.kafka.KafkaListenerEndpointContainer#3-0-C-1] INFO  o.a.k.clients.FetchSessionHandler [node1:8080] - [Consumer clientId=consumer-pattern-consumer-2, groupId=pattern-consumer] Error sending fetch request (sessionId=618139642, epoch=91) to node 1001:
org.apache.kafka.common.errors.DisconnectException: null
2025-12-10 16:44:03.009 [kafka-coordinator-heartbeat-thread | order-events-consumer] INFO  o.a.k.c.c.i.ConsumerCoordinator [node1:8080] - [Consumer clientId=consumer-order-events-consumer-4, groupId=order-events-consumer] Group coordinator localhost:9093 (id: 2147482646 rack: null) is unavailable or invalid due to cause: session timed out without receiving a heartbeat response.isDisconnected: false. Rediscovery will be attempted.
2025-12-10 16:44:03.009 [kafka-coordinator-heartbeat-thread | pattern-consumer] INFO  o.a.k.c.c.i.ConsumerCoordinator [node1:8080] - [Consumer clientId=consumer-pattern-consumer-2, groupId=pattern-consumer] Group coordinator localhost:9093 (id: 2147482646 rack: null) is unavailable or invalid due to cause: session timed out without receiving a heartbeat response.isDisconnected: false. Rediscovery will be attempted.
2025-12-10 16:44:03.009 [kafka-coordinator-heartbeat-thread | user-events-consumer] INFO  o.a.k.c.c.i.ConsumerCoordinator [node1:8080] - [Consumer clientId=consumer-user-events-consumer-3, groupId=user-events-consumer] Group coordinator localhost:9093 (id: 2147482646 rack: null) is unavailable or invalid due to cause: session timed out without receiving a heartbeat response.isDisconnected: false. Rediscovery will be attempted.
2025-12-10 16:44:03.009 [kafka-coordinator-heartbeat-thread | notification-batch-consumer] INFO  o.a.k.c.c.i.ConsumerCoordinator [node1:8080] - [Consumer clientId=consumer-notification-batch-consumer-1, groupId=notification-batch-consumer] Group coordinator localhost:9093 (id: 2147482646 rack: null) is unavailable or invalid due to cause: session timed out without receiving a heartbeat response.isDisconnected: false. Rediscovery will be attempted.
2025-12-10 16:44:03.006 [org.springframework.kafka.KafkaListenerEndpointContainer#2-0-C-1] INFO  o.a.k.clients.FetchSessionHandler [node1:8080] - [Consumer clientId=consumer-notification-batch-consumer-1, groupId=notification-batch-consumer] Error sending fetch request (sessionId=2072600130, epoch=91) to node 1001:
org.apache.kafka.common.errors.DisconnectException: null
2025-12-10 16:44:04.277 [org.springframework.kafka.KafkaListenerEndpointContainer#2-0-C-1] INFO  o.a.k.c.c.i.ConsumerCoordinator [node1:8080] - [Consumer clientId=consumer-notification-batch-consumer-1, groupId=notification-batch-consumer] Discovered group coordinator localhost:9093 (id: 2147482646 rack: null)
2025-12-10 16:44:04.283 [org.springframework.kafka.KafkaListenerEndpointContainer#2-0-C-1] INFO  o.a.k.c.c.i.ConsumerCoordinator [node1:8080] - [Consumer clientId=consumer-notification-batch-consumer-1, groupId=notification-batch-consumer] Discovered group coordinator localhost:9093 (id: 2147482646 rack: null)
2025-12-10 16:44:04.289 [org.springframework.kafka.KafkaListenerEndpointContainer#1-0-C-1] INFO  o.a.k.c.c.i.ConsumerCoordinator [node1:8080] - [Consumer clientId=consumer-order-events-consumer-4, groupId=order-events-consumer] Discovered group coordinator localhost:9093 (id: 2147482646 rack: null)
2025-12-10 16:44:04.303 [org.springframework.kafka.KafkaListenerEndpointContainer#0-0-C-1] INFO  o.a.k.c.c.i.ConsumerCoordinator [node1:8080] - [Consumer clientId=consumer-user-events-consumer-3, groupId=user-events-consumer] Discovered group coordinator localhost:9093 (id: 2147482646 rack: null)
2025-12-10 16:44:04.314 [org.springframework.kafka.KafkaListenerEndpointContainer#1-0-C-1] INFO  o.a.k.c.c.i.ConsumerCoordinator [node1:8080] - [Consumer clientId=consumer-order-events-consumer-4, groupId=order-events-consumer] Discovered group coordinator localhost:9093 (id: 2147482646 rack: null)
2025-12-10 16:44:04.317 [org.springframework.kafka.KafkaListenerEndpointContainer#0-0-C-1] INFO  o.a.k.c.c.i.ConsumerCoordinator [node1:8080] - [Consumer clientId=consumer-user-events-consumer-3, groupId=user-events-consumer] Discovered group coordinator localhost:9093 (id: 2147482646 rack: null)
2025-12-10 16:44:04.322 [org.springframework.kafka.KafkaListenerEndpointContainer#3-0-C-1] INFO  o.a.k.c.c.i.ConsumerCoordinator [node1:8080] - [Consumer clientId=consumer-pattern-consumer-2, groupId=pattern-consumer] Discovered group coordinator localhost:9093 (id: 2147482646 rack: null)
2025-12-10 16:44:04.328 [org.springframework.kafka.KafkaListenerEndpointContainer#3-0-C-1] INFO  o.a.k.c.c.i.ConsumerCoordinator [node1:8080] - [Consumer clientId=consumer-pattern-consumer-2, groupId=pattern-consumer] Discovered group coordinator localhost:9093 (id: 2147482646 rack: null)
2025-12-10 16:44:17.179 [HikariPool-1 housekeeper] WARN  com.zaxxer.hikari.pool.HikariPool [node1:8080] - HikariPool-1 - Thread starvation or clock leap detected (housekeeper delta=9m45s321ms).
2025-12-10 16:54:09.007 [org.springframework.kafka.KafkaListenerEndpointContainer#2-0-C-1] INFO  o.a.k.clients.FetchSessionHandler [node1:8080] - [Consumer clientId=consumer-notification-batch-consumer-1, groupId=notification-batch-consumer] Error sending fetch request (sessionId=1955873869, epoch=84) to node 1001:
org.apache.kafka.common.errors.DisconnectException: null
2025-12-10 16:54:10.094 [kafka-coordinator-heartbeat-thread | order-events-consumer] INFO  o.a.k.c.c.i.ConsumerCoordinator [node1:8080] - [Consumer clientId=consumer-order-events-consumer-4, groupId=order-events-consumer] Group coordinator localhost:9093 (id: 2147482646 rack: null) is unavailable or invalid due to cause: session timed out without receiving a heartbeat response.isDisconnected: false. Rediscovery will be attempted.
2025-12-10 16:54:10.094 [kafka-coordinator-heartbeat-thread | notification-batch-consumer] INFO  o.a.k.c.c.i.ConsumerCoordinator [node1:8080] - [Consumer clientId=consumer-notification-batch-consumer-1, groupId=notification-batch-consumer] Group coordinator localhost:9093 (id: 2147482646 rack: null) is unavailable or invalid due to cause: session timed out without receiving a heartbeat response.isDisconnected: false. Rediscovery will be attempted.
2025-12-10 16:54:10.104 [kafka-coordinator-heartbeat-thread | user-events-consumer] INFO  o.a.k.c.c.i.ConsumerCoordinator [node1:8080] - [Consumer clientId=consumer-user-events-consumer-3, groupId=user-events-consumer] Group coordinator localhost:9093 (id: 2147482646 rack: null) is unavailable or invalid due to cause: session timed out without receiving a heartbeat response.isDisconnected: false. Rediscovery will be attempted.
2025-12-10 16:54:10.094 [kafka-coordinator-heartbeat-thread | pattern-consumer] INFO  o.a.k.c.c.i.ConsumerCoordinator [node1:8080] - [Consumer clientId=consumer-pattern-consumer-2, groupId=pattern-consumer] Group coordinator localhost:9093 (id: 2147482646 rack: null) is unavailable or invalid due to cause: session timed out without receiving a heartbeat response.isDisconnected: false. Rediscovery will be attempted.
2025-12-10 16:54:11.426 [org.springframework.kafka.KafkaListenerEndpointContainer#1-0-C-1] INFO  o.a.k.c.c.i.ConsumerCoordinator [node1:8080] - [Consumer clientId=consumer-order-events-consumer-4, groupId=order-events-consumer] Discovered group coordinator localhost:9093 (id: 2147482646 rack: null)
2025-12-10 16:54:11.454 [org.springframework.kafka.KafkaListenerEndpointContainer#0-0-C-1] INFO  o.a.k.c.c.i.ConsumerCoordinator [node1:8080] - [Consumer clientId=consumer-user-events-consumer-3, groupId=user-events-consumer] Discovered group coordinator localhost:9093 (id: 2147482646 rack: null)
2025-12-10 16:54:11.454 [org.springframework.kafka.KafkaListenerEndpointContainer#0-0-C-1] INFO  o.a.k.c.c.i.ConsumerCoordinator [node1:8080] - [Consumer clientId=consumer-user-events-consumer-3, groupId=user-events-consumer] Discovered group coordinator localhost:9093 (id: 2147482646 rack: null)
2025-12-10 16:54:11.482 [org.springframework.kafka.KafkaListenerEndpointContainer#1-0-C-1] INFO  o.a.k.c.c.i.ConsumerCoordinator [node1:8080] - [Consumer clientId=consumer-order-events-consumer-4, groupId=order-events-consumer] Discovered group coordinator localhost:9093 (id: 2147482646 rack: null)
2025-12-10 16:54:11.486 [org.springframework.kafka.KafkaListenerEndpointContainer#2-0-C-1] INFO  o.a.k.c.c.i.ConsumerCoordinator [node1:8080] - [Consumer clientId=consumer-notification-batch-consumer-1, groupId=notification-batch-consumer] Discovered group coordinator localhost:9093 (id: 2147482646 rack: null)
2025-12-10 16:54:11.491 [org.springframework.kafka.KafkaListenerEndpointContainer#2-0-C-1] INFO  o.a.k.c.c.i.ConsumerCoordinator [node1:8080] - [Consumer clientId=consumer-notification-batch-consumer-1, groupId=notification-batch-consumer] Discovered group coordinator localhost:9093 (id: 2147482646 rack: null)
2025-12-10 16:54:11.491 [org.springframework.kafka.KafkaListenerEndpointContainer#3-0-C-1] INFO  o.a.k.c.c.i.ConsumerCoordinator [node1:8080] - [Consumer clientId=consumer-pattern-consumer-2, groupId=pattern-consumer] Discovered group coordinator localhost:9093 (id: 2147482646 rack: null)
2025-12-10 16:54:11.511 [org.springframework.kafka.KafkaListenerEndpointContainer#3-0-C-1] INFO  o.a.k.c.c.i.ConsumerCoordinator [node1:8080] - [Consumer clientId=consumer-pattern-consumer-2, groupId=pattern-consumer] Discovered group coordinator localhost:9093 (id: 2147482646 rack: null)
2025-12-10 16:54:32.647 [HikariPool-1 housekeeper] WARN  com.zaxxer.hikari.pool.HikariPool [node1:8080] - HikariPool-1 - Thread starvation or clock leap detected (housekeeper delta=9m45s456ms).
2025-12-10 17:04:16.011 [org.springframework.kafka.KafkaListenerEndpointContainer#0-0-C-1] INFO  o.a.k.clients.FetchSessionHandler [node1:8080] - [Consumer clientId=consumer-user-events-consumer-3, groupId=user-events-consumer] Error sending fetch request (sessionId=811394640, epoch=166) to node 1001:
org.apache.kafka.common.errors.DisconnectException: null
2025-12-10 17:04:16.011 [org.springframework.kafka.KafkaListenerEndpointContainer#2-0-C-1] INFO  o.a.k.clients.FetchSessionHandler [node1:8080] - [Consumer clientId=consumer-notification-batch-consumer-1, groupId=notification-batch-consumer] Error sending fetch request (sessionId=174375178, epoch=83) to node 1001:
org.apache.kafka.common.errors.DisconnectException: null
2025-12-10 17:04:16.015 [kafka-coordinator-heartbeat-thread | user-events-consumer] INFO  o.a.k.c.c.i.ConsumerCoordinator [node1:8080] - [Consumer clientId=consumer-user-events-consumer-3, groupId=user-events-consumer] Group coordinator localhost:9093 (id: 2147482646 rack: null) is unavailable or invalid due to cause: session timed out without receiving a heartbeat response.isDisconnected: false. Rediscovery will be attempted.
2025-12-10 17:04:16.016 [kafka-coordinator-heartbeat-thread | notification-batch-consumer] INFO  o.a.k.c.c.i.ConsumerCoordinator [node1:8080] - [Consumer clientId=consumer-notification-batch-consumer-1, groupId=notification-batch-consumer] Group coordinator localhost:9093 (id: 2147482646 rack: null) is unavailable or invalid due to cause: session timed out without receiving a heartbeat response.isDisconnected: false. Rediscovery will be attempted.
2025-12-10 17:04:16.016 [kafka-coordinator-heartbeat-thread | order-events-consumer] INFO  o.a.k.c.c.i.ConsumerCoordinator [node1:8080] - [Consumer clientId=consumer-order-events-consumer-4, groupId=order-events-consumer] Group coordinator localhost:9093 (id: 2147482646 rack: null) is unavailable or invalid due to cause: session timed out without receiving a heartbeat response.isDisconnected: false. Rediscovery will be attempted.
2025-12-10 17:04:16.016 [kafka-coordinator-heartbeat-thread | pattern-consumer] INFO  o.a.k.c.c.i.ConsumerCoordinator [node1:8080] - [Consumer clientId=consumer-pattern-consumer-2, groupId=pattern-consumer] Group coordinator localhost:9093 (id: 2147482646 rack: null) is unavailable or invalid due to cause: session timed out without receiving a heartbeat response.isDisconnected: false. Rediscovery will be attempted.
2025-12-10 17:04:17.153 [org.springframework.kafka.KafkaListenerEndpointContainer#1-0-C-1] INFO  o.a.k.clients.FetchSessionHandler [node1:8080] - [Consumer clientId=consumer-order-events-consumer-4, groupId=order-events-consumer] Error sending fetch request (sessionId=934250808, epoch=167) to node 1001:
org.apache.kafka.common.errors.DisconnectException: null
2025-12-10 17:04:17.161 [org.springframework.kafka.KafkaListenerEndpointContainer#3-0-C-1] INFO  o.a.k.clients.FetchSessionHandler [node1:8080] - [Consumer clientId=consumer-pattern-consumer-2, groupId=pattern-consumer] Error sending fetch request (sessionId=517872174, epoch=165) to node 1001:
org.apache.kafka.common.errors.DisconnectException: null
2025-12-10 17:04:17.355 [org.springframework.kafka.KafkaListenerEndpointContainer#1-0-C-1] INFO  o.a.k.c.c.i.ConsumerCoordinator [node1:8080] - [Consumer clientId=consumer-order-events-consumer-4, groupId=order-events-consumer] Discovered group coordinator localhost:9093 (id: 2147482646 rack: null)
2025-12-10 17:04:17.355 [org.springframework.kafka.KafkaListenerEndpointContainer#0-0-C-1] INFO  o.a.k.c.c.i.ConsumerCoordinator [node1:8080] - [Consumer clientId=consumer-user-events-consumer-3, groupId=user-events-consumer] Discovered group coordinator localhost:9093 (id: 2147482646 rack: null)
2025-12-10 17:04:17.390 [org.springframework.kafka.KafkaListenerEndpointContainer#0-0-C-1] INFO  o.a.k.c.c.i.ConsumerCoordinator [node1:8080] - [Consumer clientId=consumer-user-events-consumer-3, groupId=user-events-consumer] Discovered group coordinator localhost:9093 (id: 2147482646 rack: null)
2025-12-10 17:04:17.390 [org.springframework.kafka.KafkaListenerEndpointContainer#1-0-C-1] INFO  o.a.k.c.c.i.ConsumerCoordinator [node1:8080] - [Consumer clientId=consumer-order-events-consumer-4, groupId=order-events-consumer] Discovered group coordinator localhost:9093 (id: 2147482646 rack: null)
2025-12-10 17:04:17.399 [org.springframework.kafka.KafkaListenerEndpointContainer#2-0-C-1] INFO  o.a.k.c.c.i.ConsumerCoordinator [node1:8080] - [Consumer clientId=consumer-notification-batch-consumer-1, groupId=notification-batch-consumer] Discovered group coordinator localhost:9093 (id: 2147482646 rack: null)
2025-12-10 17:04:17.445 [org.springframework.kafka.KafkaListenerEndpointContainer#3-0-C-1] INFO  o.a.k.c.c.i.ConsumerCoordinator [node1:8080] - [Consumer clientId=consumer-pattern-consumer-2, groupId=pattern-consumer] Discovered group coordinator localhost:9093 (id: 2147482646 rack: null)
2025-12-10 17:04:17.446 [org.springframework.kafka.KafkaListenerEndpointContainer#3-0-C-1] INFO  o.a.k.c.c.i.ConsumerCoordinator [node1:8080] - [Consumer clientId=consumer-pattern-consumer-2, groupId=pattern-consumer] Discovered group coordinator localhost:9093 (id: 2147482646 rack: null)
2025-12-10 17:04:18.360 [HikariPool-1 housekeeper] WARN  com.zaxxer.hikari.pool.HikariPool [node1:8080] - HikariPool-1 - Thread starvation or clock leap detected (housekeeper delta=9m45s713ms).
2025-12-10 17:04:48.151 [HikariPool-1 housekeeper] WARN  com.zaxxer.hikari.pool.HikariPool [node1:8080] - HikariPool-1 - Retrograde clock change detected (housekeeper delta=29s790ms), soft-evicting connections from pool.
2025-12-10 17:14:22.012 [kafka-coordinator-heartbeat-thread | pattern-consumer] INFO  o.a.k.c.c.i.ConsumerCoordinator [node1:8080] - [Consumer clientId=consumer-pattern-consumer-2, groupId=pattern-consumer] Group coordinator localhost:9093 (id: 2147482646 rack: null) is unavailable or invalid due to cause: session timed out without receiving a heartbeat response.isDisconnected: false. Rediscovery will be attempted.
2025-12-10 17:14:22.012 [kafka-coordinator-heartbeat-thread | user-events-consumer] INFO  o.a.k.c.c.i.ConsumerCoordinator [node1:8080] - [Consumer clientId=consumer-user-events-consumer-3, groupId=user-events-consumer] Group coordinator localhost:9093 (id: 2147482646 rack: null) is unavailable or invalid due to cause: session timed out without receiving a heartbeat response.isDisconnected: false. Rediscovery will be attempted.
2025-12-10 17:14:22.013 [kafka-coordinator-heartbeat-thread | notification-batch-consumer] INFO  o.a.k.c.c.i.ConsumerCoordinator [node1:8080] - [Consumer clientId=consumer-notification-batch-consumer-1, groupId=notification-batch-consumer] Group coordinator localhost:9093 (id: 2147482646 rack: null) is unavailable or invalid due to cause: session timed out without receiving a heartbeat response.isDisconnected: false. Rediscovery will be attempted.
2025-12-10 17:14:22.013 [kafka-coordinator-heartbeat-thread | order-events-consumer] INFO  o.a.k.c.c.i.ConsumerCoordinator [node1:8080] - [Consumer clientId=consumer-order-events-consumer-4, groupId=order-events-consumer] Group coordinator localhost:9093 (id: 2147482646 rack: null) is unavailable or invalid due to cause: session timed out without receiving a heartbeat response.isDisconnected: false. Rediscovery will be attempted.
2025-12-10 17:14:23.148 [org.springframework.kafka.KafkaListenerEndpointContainer#3-0-C-1] INFO  o.a.k.clients.FetchSessionHandler [node1:8080] - [Consumer clientId=consumer-pattern-consumer-2, groupId=pattern-consumer] Error sending fetch request (sessionId=1822685941, epoch=83) to node 1001:
org.apache.kafka.common.errors.DisconnectException: null
2025-12-10 17:14:23.149 [org.springframework.kafka.KafkaListenerEndpointContainer#1-0-C-1] INFO  o.a.k.clients.FetchSessionHandler [node1:8080] - [Consumer clientId=consumer-order-events-consumer-4, groupId=order-events-consumer] Error sending fetch request (sessionId=765523357, epoch=80) to node 1001:
org.apache.kafka.common.errors.DisconnectException: null
2025-12-10 17:14:23.150 [org.springframework.kafka.KafkaListenerEndpointContainer#0-0-C-1] INFO  o.a.k.clients.FetchSessionHandler [node1:8080] - [Consumer clientId=consumer-user-events-consumer-3, groupId=user-events-consumer] Error sending fetch request (sessionId=1610283971, epoch=83) to node 1001:
org.apache.kafka.common.errors.DisconnectException: null
2025-12-10 17:14:23.150 [org.springframework.kafka.KafkaListenerEndpointContainer#2-0-C-1] INFO  o.a.k.clients.FetchSessionHandler [node1:8080] - [Consumer clientId=consumer-notification-batch-consumer-1, groupId=notification-batch-consumer] Error sending fetch request (sessionId=4878048, epoch=81) to node 1001:
org.apache.kafka.common.errors.DisconnectException: null
2025-12-10 17:14:23.238 [org.springframework.kafka.KafkaListenerEndpointContainer#2-0-C-1] INFO  o.a.k.c.c.i.ConsumerCoordinator [node1:8080] - [Consumer clientId=consumer-notification-batch-consumer-1, groupId=notification-batch-consumer] Discovered group coordinator localhost:9093 (id: 2147482646 rack: null)
2025-12-10 17:14:23.240 [org.springframework.kafka.KafkaListenerEndpointContainer#1-0-C-1] INFO  o.a.k.c.c.i.ConsumerCoordinator [node1:8080] - [Consumer clientId=consumer-order-events-consumer-4, groupId=order-events-consumer] Discovered group coordinator localhost:9093 (id: 2147482646 rack: null)
2025-12-10 17:14:23.244 [org.springframework.kafka.KafkaListenerEndpointContainer#3-0-C-1] INFO  o.a.k.c.c.i.ConsumerCoordinator [node1:8080] - [Consumer clientId=consumer-pattern-consumer-2, groupId=pattern-consumer] Discovered group coordinator localhost:9093 (id: 2147482646 rack: null)
2025-12-10 17:14:23.254 [org.springframework.kafka.KafkaListenerEndpointContainer#0-0-C-1] INFO  o.a.k.c.c.i.ConsumerCoordinator [node1:8080] - [Consumer clientId=consumer-user-events-consumer-3, groupId=user-events-consumer] Discovered group coordinator localhost:9093 (id: 2147482646 rack: null)
2025-12-10 17:14:23.257 [org.springframework.kafka.KafkaListenerEndpointContainer#3-0-C-1] INFO  o.a.k.c.c.i.ConsumerCoordinator [node1:8080] - [Consumer clientId=consumer-pattern-consumer-2, groupId=pattern-consumer] Discovered group coordinator localhost:9093 (id: 2147482646 rack: null)
2025-12-10 17:14:23.265 [org.springframework.kafka.KafkaListenerEndpointContainer#2-0-C-1] INFO  o.a.k.c.c.i.ConsumerCoordinator [node1:8080] - [Consumer clientId=consumer-notification-batch-consumer-1, groupId=notification-batch-consumer] Discovered group coordinator localhost:9093 (id: 2147482646 rack: null)
2025-12-10 17:14:23.042 [org.springframework.kafka.KafkaListenerEndpointContainer#0-0-C-1] INFO  o.a.k.c.c.i.ConsumerCoordinator [node1:8080] - [Consumer clientId=consumer-user-events-consumer-3, groupId=user-events-consumer] Discovered group coordinator localhost:9093 (id: 2147482646 rack: null)
2025-12-10 17:14:23.068 [org.springframework.kafka.KafkaListenerEndpointContainer#1-0-C-1] INFO  o.a.k.c.c.i.ConsumerCoordinator [node1:8080] - [Consumer clientId=consumer-order-events-consumer-4, groupId=order-events-consumer] Discovered group coordinator localhost:9093 (id: 2147482646 rack: null)
2025-12-10 17:14:33.744 [HikariPool-1 housekeeper] WARN  com.zaxxer.hikari.pool.HikariPool [node1:8080] - HikariPool-1 - Thread starvation or clock leap detected (housekeeper delta=9m45s594ms).
2025-12-10 17:24:28.008 [org.springframework.kafka.KafkaListenerEndpointContainer#0-0-C-1] INFO  o.a.k.clients.FetchSessionHandler [node1:8080] - [Consumer clientId=consumer-user-events-consumer-3, groupId=user-events-consumer] Error sending fetch request (sessionId=112460704, epoch=87) to node 1001:
org.apache.kafka.common.errors.DisconnectException: null
2025-12-10 17:24:28.008 [org.springframework.kafka.KafkaListenerEndpointContainer#3-0-C-1] INFO  o.a.k.clients.FetchSessionHandler [node1:8080] - [Consumer clientId=consumer-pattern-consumer-2, groupId=pattern-consumer] Error sending fetch request (sessionId=118934689, epoch=85) to node 1001:
org.apache.kafka.common.errors.DisconnectException: null
2025-12-10 17:24:28.012 [org.springframework.kafka.KafkaListenerEndpointContainer#2-0-C-1] INFO  o.a.k.clients.FetchSessionHandler [node1:8080] - [Consumer clientId=consumer-notification-batch-consumer-1, groupId=notification-batch-consumer] Error sending fetch request (sessionId=552537473, epoch=83) to node 1001:
org.apache.kafka.common.errors.DisconnectException: null
2025-12-10 17:24:28.012 [kafka-coordinator-heartbeat-thread | user-events-consumer] INFO  o.a.k.c.c.i.ConsumerCoordinator [node1:8080] - [Consumer clientId=consumer-user-events-consumer-3, groupId=user-events-consumer] Group coordinator localhost:9093 (id: 2147482646 rack: null) is unavailable or invalid due to cause: session timed out without receiving a heartbeat response.isDisconnected: false. Rediscovery will be attempted.
2025-12-10 17:24:28.008 [org.springframework.kafka.KafkaListenerEndpointContainer#1-0-C-1] INFO  o.a.k.clients.FetchSessionHandler [node1:8080] - [Consumer clientId=consumer-order-events-consumer-4, groupId=order-events-consumer] Error sending fetch request (sessionId=1443011708, epoch=86) to node 1001:
org.apache.kafka.common.errors.DisconnectException: null
2025-12-10 17:24:28.014 [kafka-coordinator-heartbeat-thread | notification-batch-consumer] INFO  o.a.k.c.c.i.ConsumerCoordinator [node1:8080] - [Consumer clientId=consumer-notification-batch-consumer-1, groupId=notification-batch-consumer] Group coordinator localhost:9093 (id: 2147482646 rack: null) is unavailable or invalid due to cause: session timed out without receiving a heartbeat response.isDisconnected: false. Rediscovery will be attempted.
2025-12-10 17:24:28.012 [kafka-coordinator-heartbeat-thread | pattern-consumer] INFO  o.a.k.c.c.i.ConsumerCoordinator [node1:8080] - [Consumer clientId=consumer-pattern-consumer-2, groupId=pattern-consumer] Group coordinator localhost:9093 (id: 2147482646 rack: null) is unavailable or invalid due to cause: session timed out without receiving a heartbeat response.isDisconnected: false. Rediscovery will be attempted.
2025-12-10 17:24:28.013 [kafka-coordinator-heartbeat-thread | order-events-consumer] INFO  o.a.k.c.c.i.ConsumerCoordinator [node1:8080] - [Consumer clientId=consumer-order-events-consumer-4, groupId=order-events-consumer] Group coordinator localhost:9093 (id: 2147482646 rack: null) is unavailable or invalid due to cause: session timed out without receiving a heartbeat response.isDisconnected: false. Rediscovery will be attempted.
2025-12-10 17:24:29.260 [org.springframework.kafka.KafkaListenerEndpointContainer#2-0-C-1] INFO  o.a.k.c.c.i.ConsumerCoordinator [node1:8080] - [Consumer clientId=consumer-notification-batch-consumer-1, groupId=notification-batch-consumer] Discovered group coordinator localhost:9093 (id: 2147482646 rack: null)
2025-12-10 17:24:29.262 [org.springframework.kafka.KafkaListenerEndpointContainer#1-0-C-1] INFO  o.a.k.c.c.i.ConsumerCoordinator [node1:8080] - [Consumer clientId=consumer-order-events-consumer-4, groupId=order-events-consumer] Discovered group coordinator localhost:9093 (id: 2147482646 rack: null)
2025-12-10 17:24:29.268 [org.springframework.kafka.KafkaListenerEndpointContainer#3-0-C-1] INFO  o.a.k.c.c.i.ConsumerCoordinator [node1:8080] - [Consumer clientId=consumer-pattern-consumer-2, groupId=pattern-consumer] Discovered group coordinator localhost:9093 (id: 2147482646 rack: null)
2025-12-10 17:24:29.282 [org.springframework.kafka.KafkaListenerEndpointContainer#3-0-C-1] INFO  o.a.k.c.c.i.ConsumerCoordinator [node1:8080] - [Consumer clientId=consumer-pattern-consumer-2, groupId=pattern-consumer] Discovered group coordinator localhost:9093 (id: 2147482646 rack: null)
2025-12-10 17:24:29.305 [org.springframework.kafka.KafkaListenerEndpointContainer#2-0-C-1] INFO  o.a.k.c.c.i.ConsumerCoordinator [node1:8080] - [Consumer clientId=consumer-notification-batch-consumer-1, groupId=notification-batch-consumer] Discovered group coordinator localhost:9093 (id: 2147482646 rack: null)
2025-12-10 17:24:29.315 [org.springframework.kafka.KafkaListenerEndpointContainer#0-0-C-1] INFO  o.a.k.c.c.i.ConsumerCoordinator [node1:8080] - [Consumer clientId=consumer-user-events-consumer-3, groupId=user-events-consumer] Discovered group coordinator localhost:9093 (id: 2147482646 rack: null)
2025-12-10 17:24:28.686 [org.springframework.kafka.KafkaListenerEndpointContainer#0-0-C-1] INFO  o.a.k.c.c.i.ConsumerCoordinator [node1:8080] - [Consumer clientId=consumer-user-events-consumer-3, groupId=user-events-consumer] Discovered group coordinator localhost:9093 (id: 2147482646 rack: null)
2025-12-10 17:24:28.686 [org.springframework.kafka.KafkaListenerEndpointContainer#1-0-C-1] INFO  o.a.k.c.c.i.ConsumerCoordinator [node1:8080] - [Consumer clientId=consumer-order-events-consumer-4, groupId=order-events-consumer] Discovered group coordinator localhost:9093 (id: 2147482646 rack: null)
2025-12-10 17:24:49.090 [HikariPool-1 housekeeper] WARN  com.zaxxer.hikari.pool.HikariPool [node1:8080] - HikariPool-1 - Thread starvation or clock leap detected (housekeeper delta=9m45s339ms).
2025-12-10 17:34:35.008 [org.springframework.kafka.KafkaListenerEndpointContainer#0-0-C-1] INFO  o.a.k.clients.FetchSessionHandler [node1:8080] - [Consumer clientId=consumer-user-events-consumer-3, groupId=user-events-consumer] Error sending fetch request (sessionId=1724738952, epoch=84) to node 1001:
org.apache.kafka.common.errors.DisconnectException: null
2025-12-10 17:34:35.008 [org.springframework.kafka.KafkaListenerEndpointContainer#3-0-C-1] INFO  o.a.k.clients.FetchSessionHandler [node1:8080] - [Consumer clientId=consumer-pattern-consumer-2, groupId=pattern-consumer] Error sending fetch request (sessionId=430226616, epoch=84) to node 1001:
org.apache.kafka.common.errors.DisconnectException: null
2025-12-10 17:34:36.105 [HikariPool-1 housekeeper] WARN  com.zaxxer.hikari.pool.HikariPool [node1:8080] - HikariPool-1 - Thread starvation or clock leap detected (housekeeper delta=9m47s15ms).
2025-12-10 17:34:35.008 [org.springframework.kafka.KafkaListenerEndpointContainer#1-0-C-1] INFO  o.a.k.clients.FetchSessionHandler [node1:8080] - [Consumer clientId=consumer-order-events-consumer-4, groupId=order-events-consumer] Error sending fetch request (sessionId=267667812, epoch=85) to node 1001:
org.apache.kafka.common.errors.DisconnectException: null
2025-12-10 17:34:35.014 [kafka-coordinator-heartbeat-thread | user-events-consumer] INFO  o.a.k.c.c.i.ConsumerCoordinator [node1:8080] - [Consumer clientId=consumer-user-events-consumer-3, groupId=user-events-consumer] Group coordinator localhost:9093 (id: 2147482646 rack: null) is unavailable or invalid due to cause: session timed out without receiving a heartbeat response.isDisconnected: false. Rediscovery will be attempted.
2025-12-10 17:34:35.014 [kafka-coordinator-heartbeat-thread | pattern-consumer] INFO  o.a.k.c.c.i.ConsumerCoordinator [node1:8080] - [Consumer clientId=consumer-pattern-consumer-2, groupId=pattern-consumer] Group coordinator localhost:9093 (id: 2147482646 rack: null) is unavailable or invalid due to cause: session timed out without receiving a heartbeat response.isDisconnected: false. Rediscovery will be attempted.
2025-12-10 17:34:35.014 [kafka-coordinator-heartbeat-thread | order-events-consumer] INFO  o.a.k.c.c.i.ConsumerCoordinator [node1:8080] - [Consumer clientId=consumer-order-events-consumer-4, groupId=order-events-consumer] Group coordinator localhost:9093 (id: 2147482646 rack: null) is unavailable or invalid due to cause: session timed out without receiving a heartbeat response.isDisconnected: false. Rediscovery will be attempted.
2025-12-10 17:34:35.014 [kafka-coordinator-heartbeat-thread | notification-batch-consumer] INFO  o.a.k.c.c.i.ConsumerCoordinator [node1:8080] - [Consumer clientId=consumer-notification-batch-consumer-1, groupId=notification-batch-consumer] Group coordinator localhost:9093 (id: 2147482646 rack: null) is unavailable or invalid due to cause: session timed out without receiving a heartbeat response.isDisconnected: false. Rediscovery will be attempted.
2025-12-10 17:34:36.092 [org.springframework.kafka.KafkaListenerEndpointContainer#2-0-C-1] INFO  o.a.k.clients.FetchSessionHandler [node1:8080] - [Consumer clientId=consumer-notification-batch-consumer-1, groupId=notification-batch-consumer] Error sending fetch request (sessionId=1592482949, epoch=84) to node 1001:
org.apache.kafka.common.errors.DisconnectException: null
2025-12-10 17:34:36.261 [org.springframework.kafka.KafkaListenerEndpointContainer#0-0-C-1] INFO  o.a.k.c.c.i.ConsumerCoordinator [node1:8080] - [Consumer clientId=consumer-user-events-consumer-3, groupId=user-events-consumer] Discovered group coordinator localhost:9093 (id: 2147482646 rack: null)
2025-12-10 17:34:36.288 [org.springframework.kafka.KafkaListenerEndpointContainer#0-0-C-1] INFO  o.a.k.c.c.i.ConsumerCoordinator [node1:8080] - [Consumer clientId=consumer-user-events-consumer-3, groupId=user-events-consumer] Discovered group coordinator localhost:9093 (id: 2147482646 rack: null)
2025-12-10 17:34:36.289 [org.springframework.kafka.KafkaListenerEndpointContainer#2-0-C-1] INFO  o.a.k.c.c.i.ConsumerCoordinator [node1:8080] - [Consumer clientId=consumer-notification-batch-consumer-1, groupId=notification-batch-consumer] Discovered group coordinator localhost:9093 (id: 2147482646 rack: null)
2025-12-10 17:34:36.300 [org.springframework.kafka.KafkaListenerEndpointContainer#2-0-C-1] INFO  o.a.k.c.c.i.ConsumerCoordinator [node1:8080] - [Consumer clientId=consumer-notification-batch-consumer-1, groupId=notification-batch-consumer] Discovered group coordinator localhost:9093 (id: 2147482646 rack: null)
2025-12-10 17:34:36.306 [org.springframework.kafka.KafkaListenerEndpointContainer#3-0-C-1] INFO  o.a.k.c.c.i.ConsumerCoordinator [node1:8080] - [Consumer clientId=consumer-pattern-consumer-2, groupId=pattern-consumer] Discovered group coordinator localhost:9093 (id: 2147482646 rack: null)
2025-12-10 17:34:36.312 [org.springframework.kafka.KafkaListenerEndpointContainer#3-0-C-1] INFO  o.a.k.c.c.i.ConsumerCoordinator [node1:8080] - [Consumer clientId=consumer-pattern-consumer-2, groupId=pattern-consumer] Discovered group coordinator localhost:9093 (id: 2147482646 rack: null)
2025-12-10 17:34:36.344 [org.springframework.kafka.KafkaListenerEndpointContainer#1-0-C-1] INFO  o.a.k.c.c.i.ConsumerCoordinator [node1:8080] - [Consumer clientId=consumer-order-events-consumer-4, groupId=order-events-consumer] Discovered group coordinator localhost:9093 (id: 2147482646 rack: null)
2025-12-10 17:34:36.677 [org.springframework.kafka.KafkaListenerEndpointContainer#1-0-C-1] INFO  o.a.k.c.c.i.ConsumerCoordinator [node1:8080] - [Consumer clientId=consumer-order-events-consumer-4, groupId=order-events-consumer] Discovered group coordinator localhost:9093 (id: 2147482646 rack: null)
2025-12-10 17:35:04.692 [HikariPool-1 housekeeper] WARN  com.zaxxer.hikari.pool.HikariPool [node1:8080] - HikariPool-1 - Retrograde clock change detected (housekeeper delta=28s587ms), soft-evicting connections from pool.
2025-12-10 17:44:38.032 [kafka-coordinator-heartbeat-thread | notification-batch-consumer] INFO  o.a.k.c.c.i.ConsumerCoordinator [node1:8080] - [Consumer clientId=consumer-notification-batch-consumer-1, groupId=notification-batch-consumer] Group coordinator localhost:9093 (id: 2147482646 rack: null) is unavailable or invalid due to cause: session timed out without receiving a heartbeat response.isDisconnected: false. Rediscovery will be attempted.
2025-12-10 17:44:39.088 [kafka-coordinator-heartbeat-thread | pattern-consumer] INFO  o.a.k.c.c.i.ConsumerCoordinator [node1:8080] - [Consumer clientId=consumer-pattern-consumer-2, groupId=pattern-consumer] Group coordinator localhost:9093 (id: 2147482646 rack: null) is unavailable or invalid due to cause: session timed out without receiving a heartbeat response.isDisconnected: false. Rediscovery will be attempted.
2025-12-10 17:44:38.550 [kafka-coordinator-heartbeat-thread | order-events-consumer] INFO  o.a.k.c.c.i.ConsumerCoordinator [node1:8080] - [Consumer clientId=consumer-order-events-consumer-4, groupId=order-events-consumer] Group coordinator localhost:9093 (id: 2147482646 rack: null) is unavailable or invalid due to cause: session timed out without receiving a heartbeat response.isDisconnected: false. Rediscovery will be attempted.
2025-12-10 17:44:39.088 [kafka-coordinator-heartbeat-thread | user-events-consumer] INFO  o.a.k.c.c.i.ConsumerCoordinator [node1:8080] - [Consumer clientId=consumer-user-events-consumer-3, groupId=user-events-consumer] Group coordinator localhost:9093 (id: 2147482646 rack: null) is unavailable or invalid due to cause: session timed out without receiving a heartbeat response.isDisconnected: false. Rediscovery will be attempted.
2025-12-10 17:44:39.218 [org.springframework.kafka.KafkaListenerEndpointContainer#3-0-C-1] INFO  o.a.k.c.c.i.ConsumerCoordinator [node1:8080] - [Consumer clientId=consumer-pattern-consumer-2, groupId=pattern-consumer] Discovered group coordinator localhost:9093 (id: 2147482646 rack: null)
2025-12-10 17:44:39.219 [org.springframework.kafka.KafkaListenerEndpointContainer#3-0-C-1] INFO  o.a.k.c.c.i.ConsumerCoordinator [node1:8080] - [Consumer clientId=consumer-pattern-consumer-2, groupId=pattern-consumer] Discovered group coordinator localhost:9093 (id: 2147482646 rack: null)
2025-12-10 17:44:39.241 [org.springframework.kafka.KafkaListenerEndpointContainer#1-0-C-1] INFO  o.a.k.c.c.i.ConsumerCoordinator [node1:8080] - [Consumer clientId=consumer-order-events-consumer-4, groupId=order-events-consumer] Discovered group coordinator localhost:9093 (id: 2147482646 rack: null)
2025-12-10 17:44:39.268 [org.springframework.kafka.KafkaListenerEndpointContainer#1-0-C-1] INFO  o.a.k.c.c.i.ConsumerCoordinator [node1:8080] - [Consumer clientId=consumer-order-events-consumer-4, groupId=order-events-consumer] Discovered group coordinator localhost:9093 (id: 2147482646 rack: null)
2025-12-10 17:44:39.268 [org.springframework.kafka.KafkaListenerEndpointContainer#0-0-C-1] INFO  o.a.k.c.c.i.ConsumerCoordinator [node1:8080] - [Consumer clientId=consumer-user-events-consumer-3, groupId=user-events-consumer] Discovered group coordinator localhost:9093 (id: 2147482646 rack: null)
2025-12-10 17:44:39.268 [org.springframework.kafka.KafkaListenerEndpointContainer#2-0-C-1] INFO  o.a.k.c.c.i.ConsumerCoordinator [node1:8080] - [Consumer clientId=consumer-notification-batch-consumer-1, groupId=notification-batch-consumer] Discovered group coordinator localhost:9093 (id: 2147482646 rack: null)
2025-12-10 17:44:39.273 [org.springframework.kafka.KafkaListenerEndpointContainer#0-0-C-1] INFO  o.a.k.c.c.i.ConsumerCoordinator [node1:8080] - [Consumer clientId=consumer-user-events-consumer-3, groupId=user-events-consumer] Discovered group coordinator localhost:9093 (id: 2147482646 rack: null)
2025-12-10 17:44:39.274 [org.springframework.kafka.KafkaListenerEndpointContainer#2-0-C-1] INFO  o.a.k.c.c.i.ConsumerCoordinator [node1:8080] - [Consumer clientId=consumer-notification-batch-consumer-1, groupId=notification-batch-consumer] Discovered group coordinator localhost:9093 (id: 2147482646 rack: null)
2025-12-10 17:44:52.062 [HikariPool-1 housekeeper] WARN  com.zaxxer.hikari.pool.HikariPool [node1:8080] - HikariPool-1 - Thread starvation or clock leap detected (housekeeper delta=9m47s368ms).
2025-12-10 17:54:46.007 [org.springframework.kafka.KafkaListenerEndpointContainer#0-0-C-1] INFO  o.a.k.clients.FetchSessionHandler [node1:8080] - [Consumer clientId=consumer-user-events-consumer-3, groupId=user-events-consumer] Error sending fetch request (sessionId=377334215, epoch=163) to node 1001:
org.apache.kafka.common.errors.DisconnectException: null
2025-12-10 17:54:46.007 [org.springframework.kafka.KafkaListenerEndpointContainer#2-0-C-1] INFO  o.a.k.clients.FetchSessionHandler [node1:8080] - [Consumer clientId=consumer-notification-batch-consumer-1, groupId=notification-batch-consumer] Error sending fetch request (sessionId=1634447008, epoch=165) to node 1001:
org.apache.kafka.common.errors.DisconnectException: null
2025-12-10 17:54:46.012 [kafka-coordinator-heartbeat-thread | user-events-consumer] INFO  o.a.k.c.c.i.ConsumerCoordinator [node1:8080] - [Consumer clientId=consumer-user-events-consumer-3, groupId=user-events-consumer] Group coordinator localhost:9093 (id: 2147482646 rack: null) is unavailable or invalid due to cause: session timed out without receiving a heartbeat response.isDisconnected: false. Rediscovery will be attempted.
2025-12-10 17:54:46.013 [org.springframework.kafka.KafkaListenerEndpointContainer#1-0-C-1] INFO  o.a.k.clients.FetchSessionHandler [node1:8080] - [Consumer clientId=consumer-order-events-consumer-4, groupId=order-events-consumer] Error sending fetch request (sessionId=1845124484, epoch=168) to node 1001:
org.apache.kafka.common.errors.DisconnectException: null
2025-12-10 17:54:46.014 [kafka-coordinator-heartbeat-thread | order-events-consumer] INFO  o.a.k.c.c.i.ConsumerCoordinator [node1:8080] - [Consumer clientId=consumer-order-events-consumer-4, groupId=order-events-consumer] Group coordinator localhost:9093 (id: 2147482646 rack: null) is unavailable or invalid due to cause: session timed out without receiving a heartbeat response.isDisconnected: false. Rediscovery will be attempted.
2025-12-10 17:54:46.014 [kafka-coordinator-heartbeat-thread | notification-batch-consumer] INFO  o.a.k.c.c.i.ConsumerCoordinator [node1:8080] - [Consumer clientId=consumer-notification-batch-consumer-1, groupId=notification-batch-consumer] Group coordinator localhost:9093 (id: 2147482646 rack: null) is unavailable or invalid due to cause: session timed out without receiving a heartbeat response.isDisconnected: false. Rediscovery will be attempted.
2025-12-10 17:54:47.097 [org.springframework.kafka.KafkaListenerEndpointContainer#3-0-C-1] INFO  o.a.k.clients.FetchSessionHandler [node1:8080] - [Consumer clientId=consumer-pattern-consumer-2, groupId=pattern-consumer] Error sending fetch request (sessionId=499400020, epoch=167) to node 1001:
org.apache.kafka.common.errors.DisconnectException: null
2025-12-10 17:54:47.097 [kafka-coordinator-heartbeat-thread | pattern-consumer] INFO  o.a.k.c.c.i.ConsumerCoordinator [node1:8080] - [Consumer clientId=consumer-pattern-consumer-2, groupId=pattern-consumer] Group coordinator localhost:9093 (id: 2147482646 rack: null) is unavailable or invalid due to cause: session timed out without receiving a heartbeat response.isDisconnected: false. Rediscovery will be attempted.
2025-12-10 17:54:47.288 [org.springframework.kafka.KafkaListenerEndpointContainer#2-0-C-1] INFO  o.a.k.c.c.i.ConsumerCoordinator [node1:8080] - [Consumer clientId=consumer-notification-batch-consumer-1, groupId=notification-batch-consumer] Discovered group coordinator localhost:9093 (id: 2147482646 rack: null)
2025-12-10 17:54:47.288 [org.springframework.kafka.KafkaListenerEndpointContainer#0-0-C-1] INFO  o.a.k.c.c.i.ConsumerCoordinator [node1:8080] - [Consumer clientId=consumer-user-events-consumer-3, groupId=user-events-consumer] Discovered group coordinator localhost:9093 (id: 2147482646 rack: null)
2025-12-10 17:54:47.293 [org.springframework.kafka.KafkaListenerEndpointContainer#1-0-C-1] INFO  o.a.k.c.c.i.ConsumerCoordinator [node1:8080] - [Consumer clientId=consumer-order-events-consumer-4, groupId=order-events-consumer] Discovered group coordinator localhost:9093 (id: 2147482646 rack: null)
2025-12-10 17:54:47.317 [org.springframework.kafka.KafkaListenerEndpointContainer#3-0-C-1] INFO  o.a.k.c.c.i.ConsumerCoordinator [node1:8080] - [Consumer clientId=consumer-pattern-consumer-2, groupId=pattern-consumer] Discovered group coordinator localhost:9093 (id: 2147482646 rack: null)
2025-12-10 17:54:47.325 [org.springframework.kafka.KafkaListenerEndpointContainer#1-0-C-1] INFO  o.a.k.c.c.i.ConsumerCoordinator [node1:8080] - [Consumer clientId=consumer-order-events-consumer-4, groupId=order-events-consumer] Discovered group coordinator localhost:9093 (id: 2147482646 rack: null)
2025-12-10 17:54:47.342 [org.springframework.kafka.KafkaListenerEndpointContainer#2-0-C-1] INFO  o.a.k.c.c.i.ConsumerCoordinator [node1:8080] - [Consumer clientId=consumer-notification-batch-consumer-1, groupId=notification-batch-consumer] Discovered group coordinator localhost:9093 (id: 2147482646 rack: null)
2025-12-10 17:54:47.342 [org.springframework.kafka.KafkaListenerEndpointContainer#3-0-C-1] INFO  o.a.k.c.c.i.ConsumerCoordinator [node1:8080] - [Consumer clientId=consumer-pattern-consumer-2, groupId=pattern-consumer] Discovered group coordinator localhost:9093 (id: 2147482646 rack: null)
2025-12-10 17:55:07.457 [HikariPool-1 housekeeper] WARN  com.zaxxer.hikari.pool.HikariPool [node1:8080] - HikariPool-1 - Thread starvation or clock leap detected (housekeeper delta=9m45s393ms).
2025-12-10 18:04:51.006 [org.springframework.kafka.KafkaListenerEndpointContainer#0-0-C-1] INFO  o.a.k.clients.FetchSessionHandler [node1:8080] - [Consumer clientId=consumer-user-events-consumer-3, groupId=user-events-consumer] Error sending fetch request (sessionId=1096347805, epoch=77) to node 1001:
org.apache.kafka.common.errors.DisconnectException: null
2025-12-10 18:04:51.006 [org.springframework.kafka.KafkaListenerEndpointContainer#3-0-C-1] INFO  o.a.k.clients.FetchSessionHandler [node1:8080] - [Consumer clientId=consumer-pattern-consumer-2, groupId=pattern-consumer] Error sending fetch request (sessionId=1677659343, epoch=82) to node 1001:
org.apache.kafka.common.errors.DisconnectException: null
2025-12-10 18:04:51.010 [org.springframework.kafka.KafkaListenerEndpointContainer#1-0-C-1] INFO  o.a.k.clients.FetchSessionHandler [node1:8080] - [Consumer clientId=consumer-order-events-consumer-4, groupId=order-events-consumer] Error sending fetch request (sessionId=226469526, epoch=82) to node 1001:
org.apache.kafka.common.errors.DisconnectException: null
2025-12-10 18:04:51.012 [kafka-coordinator-heartbeat-thread | order-events-consumer] INFO  o.a.k.c.c.i.ConsumerCoordinator [node1:8080] - [Consumer clientId=consumer-order-events-consumer-4, groupId=order-events-consumer] Group coordinator localhost:9093 (id: 2147482646 rack: null) is unavailable or invalid due to cause: session timed out without receiving a heartbeat response.isDisconnected: false. Rediscovery will be attempted.
2025-12-10 18:04:51.006 [org.springframework.kafka.KafkaListenerEndpointContainer#2-0-C-1] INFO  o.a.k.clients.FetchSessionHandler [node1:8080] - [Consumer clientId=consumer-notification-batch-consumer-1, groupId=notification-batch-consumer] Error sending fetch request (sessionId=1718595216, epoch=78) to node 1001:
org.apache.kafka.common.errors.DisconnectException: null
2025-12-10 18:04:51.012 [kafka-coordinator-heartbeat-thread | pattern-consumer] INFO  o.a.k.c.c.i.ConsumerCoordinator [node1:8080] - [Consumer clientId=consumer-pattern-consumer-2, groupId=pattern-consumer] Group coordinator localhost:9093 (id: 2147482646 rack: null) is unavailable or invalid due to cause: session timed out without receiving a heartbeat response.isDisconnected: false. Rediscovery will be attempted.
2025-12-10 18:04:52.118 [kafka-coordinator-heartbeat-thread | user-events-consumer] INFO  o.a.k.c.c.i.ConsumerCoordinator [node1:8080] - [Consumer clientId=consumer-user-events-consumer-3, groupId=user-events-consumer] Group coordinator localhost:9093 (id: 2147482646 rack: null) is unavailable or invalid due to cause: session timed out without receiving a heartbeat response.isDisconnected: false. Rediscovery will be attempted.
2025-12-10 18:04:52.120 [kafka-coordinator-heartbeat-thread | notification-batch-consumer] INFO  o.a.k.c.c.i.ConsumerCoordinator [node1:8080] - [Consumer clientId=consumer-notification-batch-consumer-1, groupId=notification-batch-consumer] Group coordinator localhost:9093 (id: 2147482646 rack: null) is unavailable or invalid due to cause: session timed out without receiving a heartbeat response.isDisconnected: false. Rediscovery will be attempted.
2025-12-10 18:04:52.152 [HikariPool-1 housekeeper] WARN  com.zaxxer.hikari.pool.HikariPool [node1:8080] - HikariPool-1 - Thread starvation or clock leap detected (housekeeper delta=9m44s695ms).
2025-12-10 18:04:52.215 [org.springframework.kafka.KafkaListenerEndpointContainer#3-0-C-1] INFO  o.a.k.c.c.i.ConsumerCoordinator [node1:8080] - [Consumer clientId=consumer-pattern-consumer-2, groupId=pattern-consumer] Discovered group coordinator localhost:9093 (id: 2147482646 rack: null)
2025-12-10 18:04:52.229 [org.springframework.kafka.KafkaListenerEndpointContainer#1-0-C-1] INFO  o.a.k.c.c.i.ConsumerCoordinator [node1:8080] - [Consumer clientId=consumer-order-events-consumer-4, groupId=order-events-consumer] Discovered group coordinator localhost:9093 (id: 2147482646 rack: null)
2025-12-10 18:04:52.261 [org.springframework.kafka.KafkaListenerEndpointContainer#1-0-C-1] INFO  o.a.k.c.c.i.ConsumerCoordinator [node1:8080] - [Consumer clientId=consumer-order-events-consumer-4, groupId=order-events-consumer] Discovered group coordinator localhost:9093 (id: 2147482646 rack: null)
2025-12-10 18:04:52.297 [org.springframework.kafka.KafkaListenerEndpointContainer#2-0-C-1] INFO  o.a.k.c.c.i.ConsumerCoordinator [node1:8080] - [Consumer clientId=consumer-notification-batch-consumer-1, groupId=notification-batch-consumer] Discovered group coordinator localhost:9093 (id: 2147482646 rack: null)
2025-12-10 18:04:52.307 [org.springframework.kafka.KafkaListenerEndpointContainer#0-0-C-1] INFO  o.a.k.c.c.i.ConsumerCoordinator [node1:8080] - [Consumer clientId=consumer-user-events-consumer-3, groupId=user-events-consumer] Discovered group coordinator localhost:9093 (id: 2147482646 rack: null)
2025-12-10 18:04:52.310 [org.springframework.kafka.KafkaListenerEndpointContainer#2-0-C-1] INFO  o.a.k.c.c.i.ConsumerCoordinator [node1:8080] - [Consumer clientId=consumer-notification-batch-consumer-1, groupId=notification-batch-consumer] Discovered group coordinator localhost:9093 (id: 2147482646 rack: null)
2025-12-10 18:04:52.325 [org.springframework.kafka.KafkaListenerEndpointContainer#0-0-C-1] INFO  o.a.k.c.c.i.ConsumerCoordinator [node1:8080] - [Consumer clientId=consumer-user-events-consumer-3, groupId=user-events-consumer] Discovered group coordinator localhost:9093 (id: 2147482646 rack: null)
2025-12-10 18:14:57.007 [org.springframework.kafka.KafkaListenerEndpointContainer#2-0-C-1] INFO  o.a.k.clients.FetchSessionHandler [node1:8080] - [Consumer clientId=consumer-notification-batch-consumer-1, groupId=notification-batch-consumer] Error sending fetch request (sessionId=1834016108, epoch=81) to node 1001:
org.apache.kafka.common.errors.DisconnectException: null
2025-12-10 18:14:57.007 [org.springframework.kafka.KafkaListenerEndpointContainer#1-0-C-1] INFO  o.a.k.clients.FetchSessionHandler [node1:8080] - [Consumer clientId=consumer-order-events-consumer-4, groupId=order-events-consumer] Error sending fetch request (sessionId=413954924, epoch=80) to node 1001:
org.apache.kafka.common.errors.DisconnectException: null
2025-12-10 18:14:57.012 [org.springframework.kafka.KafkaListenerEndpointContainer#0-0-C-1] INFO  o.a.k.clients.FetchSessionHandler [node1:8080] - [Consumer clientId=consumer-user-events-consumer-3, groupId=user-events-consumer] Error sending fetch request (sessionId=178133371, epoch=81) to node 1001:
org.apache.kafka.common.errors.DisconnectException: null
2025-12-10 18:14:57.014 [kafka-coordinator-heartbeat-thread | pattern-consumer] INFO  o.a.k.c.c.i.ConsumerCoordinator [node1:8080] - [Consumer clientId=consumer-pattern-consumer-2, groupId=pattern-consumer] Group coordinator localhost:9093 (id: 2147482646 rack: null) is unavailable or invalid due to cause: session timed out without receiving a heartbeat response.isDisconnected: false. Rediscovery will be attempted.
2025-12-10 18:14:57.014 [kafka-coordinator-heartbeat-thread | order-events-consumer] INFO  o.a.k.c.c.i.ConsumerCoordinator [node1:8080] - [Consumer clientId=consumer-order-events-consumer-4, groupId=order-events-consumer] Group coordinator localhost:9093 (id: 2147482646 rack: null) is unavailable or invalid due to cause: session timed out without receiving a heartbeat response.isDisconnected: false. Rediscovery will be attempted.
2025-12-10 18:14:57.007 [org.springframework.kafka.KafkaListenerEndpointContainer#3-0-C-1] INFO  o.a.k.clients.FetchSessionHandler [node1:8080] - [Consumer clientId=consumer-pattern-consumer-2, groupId=pattern-consumer] Error sending fetch request (sessionId=1439401009, epoch=79) to node 1001:
org.apache.kafka.common.errors.DisconnectException: null
2025-12-10 18:14:58.126 [kafka-coordinator-heartbeat-thread | user-events-consumer] INFO  o.a.k.c.c.i.ConsumerCoordinator [node1:8080] - [Consumer clientId=consumer-user-events-consumer-3, groupId=user-events-consumer] Group coordinator localhost:9093 (id: 2147482646 rack: null) is unavailable or invalid due to cause: session timed out without receiving a heartbeat response.isDisconnected: false. Rediscovery will be attempted.
2025-12-10 18:14:58.125 [kafka-coordinator-heartbeat-thread | notification-batch-consumer] INFO  o.a.k.c.c.i.ConsumerCoordinator [node1:8080] - [Consumer clientId=consumer-notification-batch-consumer-1, groupId=notification-batch-consumer] Group coordinator localhost:9093 (id: 2147482646 rack: null) is unavailable or invalid due to cause: session timed out without receiving a heartbeat response.isDisconnected: false. Rediscovery will be attempted.
2025-12-10 18:14:58.278 [org.springframework.kafka.KafkaListenerEndpointContainer#3-0-C-1] INFO  o.a.k.c.c.i.ConsumerCoordinator [node1:8080] - [Consumer clientId=consumer-pattern-consumer-2, groupId=pattern-consumer] Discovered group coordinator localhost:9093 (id: 2147482646 rack: null)
2025-12-10 18:14:58.278 [org.springframework.kafka.KafkaListenerEndpointContainer#1-0-C-1] INFO  o.a.k.c.c.i.ConsumerCoordinator [node1:8080] - [Consumer clientId=consumer-order-events-consumer-4, groupId=order-events-consumer] Discovered group coordinator localhost:9093 (id: 2147482646 rack: null)
2025-12-10 18:14:58.283 [org.springframework.kafka.KafkaListenerEndpointContainer#0-0-C-1] INFO  o.a.k.c.c.i.ConsumerCoordinator [node1:8080] - [Consumer clientId=consumer-user-events-consumer-3, groupId=user-events-consumer] Discovered group coordinator localhost:9093 (id: 2147482646 rack: null)
2025-12-10 18:14:58.286 [org.springframework.kafka.KafkaListenerEndpointContainer#1-0-C-1] INFO  o.a.k.c.c.i.ConsumerCoordinator [node1:8080] - [Consumer clientId=consumer-order-events-consumer-4, groupId=order-events-consumer] Discovered group coordinator localhost:9093 (id: 2147482646 rack: null)
2025-12-10 18:14:58.306 [org.springframework.kafka.KafkaListenerEndpointContainer#3-0-C-1] INFO  o.a.k.c.c.i.ConsumerCoordinator [node1:8080] - [Consumer clientId=consumer-pattern-consumer-2, groupId=pattern-consumer] Discovered group coordinator localhost:9093 (id: 2147482646 rack: null)
2025-12-10 18:14:58.321 [org.springframework.kafka.KafkaListenerEndpointContainer#0-0-C-1] INFO  o.a.k.c.c.i.ConsumerCoordinator [node1:8080] - [Consumer clientId=consumer-user-events-consumer-3, groupId=user-events-consumer] Discovered group coordinator localhost:9093 (id: 2147482646 rack: null)
2025-12-10 18:14:58.331 [org.springframework.kafka.KafkaListenerEndpointContainer#2-0-C-1] INFO  o.a.k.c.c.i.ConsumerCoordinator [node1:8080] - [Consumer clientId=consumer-notification-batch-consumer-1, groupId=notification-batch-consumer] Discovered group coordinator localhost:9093 (id: 2147482646 rack: null)
2025-12-10 18:14:59.023 [org.springframework.kafka.KafkaListenerEndpointContainer#2-0-C-1] INFO  o.a.k.c.c.i.ConsumerCoordinator [node1:8080] - [Consumer clientId=consumer-notification-batch-consumer-1, groupId=notification-batch-consumer] Discovered group coordinator localhost:9093 (id: 2147482646 rack: null)
2025-12-10 18:15:08.211 [HikariPool-1 housekeeper] WARN  com.zaxxer.hikari.pool.HikariPool [node1:8080] - HikariPool-1 - Thread starvation or clock leap detected (housekeeper delta=9m45s349ms).
2025-12-10 18:25:03.011 [org.springframework.kafka.KafkaListenerEndpointContainer#0-0-C-1] INFO  o.a.k.clients.FetchSessionHandler [node1:8080] - [Consumer clientId=consumer-user-events-consumer-3, groupId=user-events-consumer] Error sending fetch request (sessionId=2027647668, epoch=84) to node 1001:
org.apache.kafka.common.errors.DisconnectException: null
2025-12-10 18:25:03.011 [org.springframework.kafka.KafkaListenerEndpointContainer#2-0-C-1] INFO  o.a.k.clients.FetchSessionHandler [node1:8080] - [Consumer clientId=consumer-notification-batch-consumer-1, groupId=notification-batch-consumer] Error sending fetch request (sessionId=71960110, epoch=81) to node 1001:
org.apache.kafka.common.errors.DisconnectException: null
2025-12-10 18:25:03.013 [kafka-coordinator-heartbeat-thread | user-events-consumer] INFO  o.a.k.c.c.i.ConsumerCoordinator [node1:8080] - [Consumer clientId=consumer-user-events-consumer-3, groupId=user-events-consumer] Group coordinator localhost:9093 (id: 2147482646 rack: null) is unavailable or invalid due to cause: session timed out without receiving a heartbeat response.isDisconnected: false. Rediscovery will be attempted.
2025-12-10 18:25:03.014 [kafka-coordinator-heartbeat-thread | notification-batch-consumer] INFO  o.a.k.c.c.i.ConsumerCoordinator [node1:8080] - [Consumer clientId=consumer-notification-batch-consumer-1, groupId=notification-batch-consumer] Group coordinator localhost:9093 (id: 2147482646 rack: null) is unavailable or invalid due to cause: session timed out without receiving a heartbeat response.isDisconnected: false. Rediscovery will be attempted.
2025-12-10 18:25:04.117 [org.springframework.kafka.KafkaListenerEndpointContainer#3-0-C-1] INFO  o.a.k.clients.FetchSessionHandler [node1:8080] - [Consumer clientId=consumer-pattern-consumer-2, groupId=pattern-consumer] Error sending fetch request (sessionId=947682707, epoch=79) to node 1001:
org.apache.kafka.common.errors.DisconnectException: null
2025-12-10 18:25:03.007 [org.springframework.kafka.KafkaListenerEndpointContainer#1-0-C-1] INFO  o.a.k.clients.FetchSessionHandler [node1:8080] - [Consumer clientId=consumer-order-events-consumer-4, groupId=order-events-consumer] Error sending fetch request (sessionId=1229103277, epoch=81) to node 1001:
org.apache.kafka.common.errors.DisconnectException: null
2025-12-10 18:25:03.013 [kafka-coordinator-heartbeat-thread | pattern-consumer] INFO  o.a.k.c.c.i.ConsumerCoordinator [node1:8080] - [Consumer clientId=consumer-pattern-consumer-2, groupId=pattern-consumer] Group coordinator localhost:9093 (id: 2147482646 rack: null) is unavailable or invalid due to cause: session timed out without receiving a heartbeat response.isDisconnected: false. Rediscovery will be attempted.
2025-12-10 18:25:04.140 [kafka-coordinator-heartbeat-thread | order-events-consumer] INFO  o.a.k.c.c.i.ConsumerCoordinator [node1:8080] - [Consumer clientId=consumer-order-events-consumer-4, groupId=order-events-consumer] Group coordinator localhost:9093 (id: 2147482646 rack: null) is unavailable or invalid due to cause: session timed out without receiving a heartbeat response.isDisconnected: false. Rediscovery will be attempted.
2025-12-10 18:25:04.921 [org.springframework.kafka.KafkaListenerEndpointContainer#1-0-C-1] INFO  o.a.k.c.c.i.ConsumerCoordinator [node1:8080] - [Consumer clientId=consumer-order-events-consumer-4, groupId=order-events-consumer] Discovered group coordinator localhost:9093 (id: 2147482646 rack: null)
2025-12-10 18:25:04.928 [org.springframework.kafka.KafkaListenerEndpointContainer#0-0-C-1] INFO  o.a.k.c.c.i.ConsumerCoordinator [node1:8080] - [Consumer clientId=consumer-user-events-consumer-3, groupId=user-events-consumer] Discovered group coordinator localhost:9093 (id: 2147482646 rack: null)
2025-12-10 18:25:04.928 [org.springframework.kafka.KafkaListenerEndpointContainer#2-0-C-1] INFO  o.a.k.c.c.i.ConsumerCoordinator [node1:8080] - [Consumer clientId=consumer-notification-batch-consumer-1, groupId=notification-batch-consumer] Discovered group coordinator localhost:9093 (id: 2147482646 rack: null)
2025-12-10 18:25:04.964 [org.springframework.kafka.KafkaListenerEndpointContainer#1-0-C-1] INFO  o.a.k.c.c.i.ConsumerCoordinator [node1:8080] - [Consumer clientId=consumer-order-events-consumer-4, groupId=order-events-consumer] Discovered group coordinator localhost:9093 (id: 2147482646 rack: null)
2025-12-10 18:25:04.994 [org.springframework.kafka.KafkaListenerEndpointContainer#3-0-C-1] INFO  o.a.k.c.c.i.ConsumerCoordinator [node1:8080] - [Consumer clientId=consumer-pattern-consumer-2, groupId=pattern-consumer] Discovered group coordinator localhost:9093 (id: 2147482646 rack: null)
2025-12-10 18:25:05.001 [org.springframework.kafka.KafkaListenerEndpointContainer#3-0-C-1] INFO  o.a.k.c.c.i.ConsumerCoordinator [node1:8080] - [Consumer clientId=consumer-pattern-consumer-2, groupId=pattern-consumer] Discovered group coordinator localhost:9093 (id: 2147482646 rack: null)
2025-12-10 18:25:21.536 [HikariPool-1 housekeeper] WARN  com.zaxxer.hikari.pool.HikariPool [node1:8080] - HikariPool-1 - Thread starvation or clock leap detected (housekeeper delta=9m43s317ms).
2025-12-10 18:35:07.007 [HikariPool-1 housekeeper] WARN  com.zaxxer.hikari.pool.HikariPool [node1:8080] - HikariPool-1 - Thread starvation or clock leap detected (housekeeper delta=9m45s471ms).
2025-12-10 18:35:07.133 [kafka-coordinator-heartbeat-thread | pattern-consumer] INFO  o.a.k.c.c.i.ConsumerCoordinator [node1:8080] - [Consumer clientId=consumer-pattern-consumer-2, groupId=pattern-consumer] Group coordinator localhost:9093 (id: 2147482646 rack: null) is unavailable or invalid due to cause: session timed out without receiving a heartbeat response.isDisconnected: false. Rediscovery will be attempted.
2025-12-10 18:35:07.133 [kafka-coordinator-heartbeat-thread | notification-batch-consumer] INFO  o.a.k.c.c.i.ConsumerCoordinator [node1:8080] - [Consumer clientId=consumer-notification-batch-consumer-1, groupId=notification-batch-consumer] Group coordinator localhost:9093 (id: 2147482646 rack: null) is unavailable or invalid due to cause: session timed out without receiving a heartbeat response.isDisconnected: false. Rediscovery will be attempted.
2025-12-10 18:35:07.133 [kafka-coordinator-heartbeat-thread | user-events-consumer] INFO  o.a.k.c.c.i.ConsumerCoordinator [node1:8080] - [Consumer clientId=consumer-user-events-consumer-3, groupId=user-events-consumer] Group coordinator localhost:9093 (id: 2147482646 rack: null) is unavailable or invalid due to cause: session timed out without receiving a heartbeat response.isDisconnected: false. Rediscovery will be attempted.
2025-12-10 18:35:08.091 [kafka-coordinator-heartbeat-thread | order-events-consumer] INFO  o.a.k.c.c.i.ConsumerCoordinator [node1:8080] - [Consumer clientId=consumer-order-events-consumer-4, groupId=order-events-consumer] Group coordinator localhost:9093 (id: 2147482646 rack: null) is unavailable or invalid due to cause: session timed out without receiving a heartbeat response.isDisconnected: false. Rediscovery will be attempted.
2025-12-10 18:35:08.113 [org.springframework.kafka.KafkaListenerEndpointContainer#3-0-C-1] INFO  o.a.k.c.c.i.ConsumerCoordinator [node1:8080] - [Consumer clientId=consumer-pattern-consumer-2, groupId=pattern-consumer] Discovered group coordinator localhost:9093 (id: 2147482646 rack: null)
2025-12-10 18:35:08.113 [org.springframework.kafka.KafkaListenerEndpointContainer#0-0-C-1] INFO  o.a.k.c.c.i.ConsumerCoordinator [node1:8080] - [Consumer clientId=consumer-user-events-consumer-3, groupId=user-events-consumer] Discovered group coordinator localhost:9093 (id: 2147482646 rack: null)
2025-12-10 18:35:08.122 [org.springframework.kafka.KafkaListenerEndpointContainer#2-0-C-1] INFO  o.a.k.c.c.i.ConsumerCoordinator [node1:8080] - [Consumer clientId=consumer-notification-batch-consumer-1, groupId=notification-batch-consumer] Discovered group coordinator localhost:9093 (id: 2147482646 rack: null)
2025-12-10 18:35:08.128 [org.springframework.kafka.KafkaListenerEndpointContainer#3-0-C-1] INFO  o.a.k.c.c.i.ConsumerCoordinator [node1:8080] - [Consumer clientId=consumer-pattern-consumer-2, groupId=pattern-consumer] Discovered group coordinator localhost:9093 (id: 2147482646 rack: null)
2025-12-10 18:35:08.129 [org.springframework.kafka.KafkaListenerEndpointContainer#2-0-C-1] INFO  o.a.k.c.c.i.ConsumerCoordinator [node1:8080] - [Consumer clientId=consumer-notification-batch-consumer-1, groupId=notification-batch-consumer] Discovered group coordinator localhost:9093 (id: 2147482646 rack: null)
2025-12-10 18:35:08.129 [org.springframework.kafka.KafkaListenerEndpointContainer#0-0-C-1] INFO  o.a.k.c.c.i.ConsumerCoordinator [node1:8080] - [Consumer clientId=consumer-user-events-consumer-3, groupId=user-events-consumer] Discovered group coordinator localhost:9093 (id: 2147482646 rack: null)
2025-12-10 18:35:08.134 [org.springframework.kafka.KafkaListenerEndpointContainer#2-0-C-1] INFO  o.a.k.c.c.i.ConsumerCoordinator [node1:8080] - [Consumer clientId=consumer-notification-batch-consumer-1, groupId=notification-batch-consumer] Discovered group coordinator localhost:9093 (id: 2147482646 rack: null)
2025-12-10 18:35:08.141 [org.springframework.kafka.KafkaListenerEndpointContainer#2-0-C-1] INFO  o.a.k.c.c.i.ConsumerCoordinator [node1:8080] - [Consumer clientId=consumer-notification-batch-consumer-1, groupId=notification-batch-consumer] Discovered group coordinator localhost:9093 (id: 2147482646 rack: null)
2025-12-10 18:35:08.152 [org.springframework.kafka.KafkaListenerEndpointContainer#2-0-C-1] INFO  o.a.k.c.c.i.ConsumerCoordinator [node1:8080] - [Consumer clientId=consumer-notification-batch-consumer-1, groupId=notification-batch-consumer] Discovered group coordinator localhost:9093 (id: 2147482646 rack: null)
2025-12-10 18:35:08.154 [org.springframework.kafka.KafkaListenerEndpointContainer#2-0-C-1] INFO  o.a.k.c.c.i.ConsumerCoordinator [node1:8080] - [Consumer clientId=consumer-notification-batch-consumer-1, groupId=notification-batch-consumer] Discovered group coordinator localhost:9093 (id: 2147482646 rack: null)
2025-12-10 18:35:08.159 [org.springframework.kafka.KafkaListenerEndpointContainer#2-0-C-1] INFO  o.a.k.c.c.i.ConsumerCoordinator [node1:8080] - [Consumer clientId=consumer-notification-batch-consumer-1, groupId=notification-batch-consumer] Discovered group coordinator localhost:9093 (id: 2147482646 rack: null)
2025-12-10 18:35:08.167 [org.springframework.kafka.KafkaListenerEndpointContainer#2-0-C-1] INFO  o.a.k.c.c.i.ConsumerCoordinator [node1:8080] - [Consumer clientId=consumer-notification-batch-consumer-1, groupId=notification-batch-consumer] Discovered group coordinator localhost:9093 (id: 2147482646 rack: null)
2025-12-10 18:35:08.167 [org.springframework.kafka.KafkaListenerEndpointContainer#2-0-C-1] INFO  o.a.k.c.c.i.ConsumerCoordinator [node1:8080] - [Consumer clientId=consumer-notification-batch-consumer-1, groupId=notification-batch-consumer] Discovered group coordinator localhost:9093 (id: 2147482646 rack: null)
2025-12-10 18:35:08.169 [org.springframework.kafka.KafkaListenerEndpointContainer#2-0-C-1] INFO  o.a.k.c.c.i.ConsumerCoordinator [node1:8080] - [Consumer clientId=consumer-notification-batch-consumer-1, groupId=notification-batch-consumer] Discovered group coordinator localhost:9093 (id: 2147482646 rack: null)
2025-12-10 18:35:08.181 [org.springframework.kafka.KafkaListenerEndpointContainer#2-0-C-1] INFO  o.a.k.c.c.i.ConsumerCoordinator [node1:8080] - [Consumer clientId=consumer-notification-batch-consumer-1, groupId=notification-batch-consumer] Discovered group coordinator localhost:9093 (id: 2147482646 rack: null)
2025-12-10 18:35:08.187 [org.springframework.kafka.KafkaListenerEndpointContainer#1-0-C-1] INFO  o.a.k.c.c.i.ConsumerCoordinator [node1:8080] - [Consumer clientId=consumer-order-events-consumer-4, groupId=order-events-consumer] Discovered group coordinator localhost:9093 (id: 2147482646 rack: null)
2025-12-10 18:35:08.205 [org.springframework.kafka.KafkaListenerEndpointContainer#1-0-C-1] INFO  o.a.k.c.c.i.ConsumerCoordinator [node1:8080] - [Consumer clientId=consumer-order-events-consumer-4, groupId=order-events-consumer] Discovered group coordinator localhost:9093 (id: 2147482646 rack: null)
2025-12-10 18:45:15.008 [org.springframework.kafka.KafkaListenerEndpointContainer#2-0-C-1] INFO  o.a.k.clients.FetchSessionHandler [node1:8080] - [Consumer clientId=consumer-notification-batch-consumer-1, groupId=notification-batch-consumer] Error sending fetch request (sessionId=1304100657, epoch=160) to node 1001:
org.apache.kafka.common.errors.DisconnectException: null
2025-12-10 18:45:15.008 [org.springframework.kafka.KafkaListenerEndpointContainer#0-0-C-1] INFO  o.a.k.clients.FetchSessionHandler [node1:8080] - [Consumer clientId=consumer-user-events-consumer-3, groupId=user-events-consumer] Error sending fetch request (sessionId=1497618321, epoch=162) to node 1001:
org.apache.kafka.common.errors.DisconnectException: null
2025-12-10 18:45:15.011 [org.springframework.kafka.KafkaListenerEndpointContainer#1-0-C-1] INFO  o.a.k.clients.FetchSessionHandler [node1:8080] - [Consumer clientId=consumer-order-events-consumer-4, groupId=order-events-consumer] Error sending fetch request (sessionId=1979503246, epoch=164) to node 1001:
org.apache.kafka.common.errors.DisconnectException: null
2025-12-10 18:45:15.008 [org.springframework.kafka.KafkaListenerEndpointContainer#3-0-C-1] INFO  o.a.k.clients.FetchSessionHandler [node1:8080] - [Consumer clientId=consumer-pattern-consumer-2, groupId=pattern-consumer] Error sending fetch request (sessionId=92374882, epoch=161) to node 1001:
org.apache.kafka.common.errors.DisconnectException: null
2025-12-10 18:45:15.012 [kafka-coordinator-heartbeat-thread | user-events-consumer] INFO  o.a.k.c.c.i.ConsumerCoordinator [node1:8080] - [Consumer clientId=consumer-user-events-consumer-3, groupId=user-events-consumer] Group coordinator localhost:9093 (id: 2147482646 rack: null) is unavailable or invalid due to cause: session timed out without receiving a heartbeat response.isDisconnected: false. Rediscovery will be attempted.
2025-12-10 18:45:15.012 [kafka-coordinator-heartbeat-thread | pattern-consumer] INFO  o.a.k.c.c.i.ConsumerCoordinator [node1:8080] - [Consumer clientId=consumer-pattern-consumer-2, groupId=pattern-consumer] Group coordinator localhost:9093 (id: 2147482646 rack: null) is unavailable or invalid due to cause: session timed out without receiving a heartbeat response.isDisconnected: false. Rediscovery will be attempted.
2025-12-10 18:45:15.012 [kafka-coordinator-heartbeat-thread | order-events-consumer] INFO  o.a.k.c.c.i.ConsumerCoordinator [node1:8080] - [Consumer clientId=consumer-order-events-consumer-4, groupId=order-events-consumer] Group coordinator localhost:9093 (id: 2147482646 rack: null) is unavailable or invalid due to cause: session timed out without receiving a heartbeat response.isDisconnected: false. Rediscovery will be attempted.
2025-12-10 18:45:15.011 [kafka-coordinator-heartbeat-thread | notification-batch-consumer] INFO  o.a.k.c.c.i.ConsumerCoordinator [node1:8080] - [Consumer clientId=consumer-notification-batch-consumer-1, groupId=notification-batch-consumer] Group coordinator localhost:9093 (id: 2147482646 rack: null) is unavailable or invalid due to cause: session timed out without receiving a heartbeat response.isDisconnected: false. Rediscovery will be attempted.
2025-12-10 18:45:17.028 [org.springframework.kafka.KafkaListenerEndpointContainer#1-0-C-1] INFO  o.a.k.c.c.i.ConsumerCoordinator [node1:8080] - [Consumer clientId=consumer-order-events-consumer-4, groupId=order-events-consumer] Discovered group coordinator localhost:9093 (id: 2147482646 rack: null)
2025-12-10 18:45:17.051 [org.springframework.kafka.KafkaListenerEndpointContainer#2-0-C-1] INFO  o.a.k.c.c.i.ConsumerCoordinator [node1:8080] - [Consumer clientId=consumer-notification-batch-consumer-1, groupId=notification-batch-consumer] Discovered group coordinator localhost:9093 (id: 2147482646 rack: null)
2025-12-10 18:45:17.051 [org.springframework.kafka.KafkaListenerEndpointContainer#3-0-C-1] INFO  o.a.k.c.c.i.ConsumerCoordinator [node1:8080] - [Consumer clientId=consumer-pattern-consumer-2, groupId=pattern-consumer] Discovered group coordinator localhost:9093 (id: 2147482646 rack: null)
2025-12-10 18:45:17.051 [org.springframework.kafka.KafkaListenerEndpointContainer#0-0-C-1] INFO  o.a.k.c.c.i.ConsumerCoordinator [node1:8080] - [Consumer clientId=consumer-user-events-consumer-3, groupId=user-events-consumer] Discovered group coordinator localhost:9093 (id: 2147482646 rack: null)
2025-12-10 18:45:17.072 [org.springframework.kafka.KafkaListenerEndpointContainer#2-0-C-1] INFO  o.a.k.c.c.i.ConsumerCoordinator [node1:8080] - [Consumer clientId=consumer-notification-batch-consumer-1, groupId=notification-batch-consumer] Discovered group coordinator localhost:9093 (id: 2147482646 rack: null)
2025-12-10 18:45:17.073 [org.springframework.kafka.KafkaListenerEndpointContainer#3-0-C-1] INFO  o.a.k.c.c.i.ConsumerCoordinator [node1:8080] - [Consumer clientId=consumer-pattern-consumer-2, groupId=pattern-consumer] Discovered group coordinator localhost:9093 (id: 2147482646 rack: null)
2025-12-10 18:45:17.081 [org.springframework.kafka.KafkaListenerEndpointContainer#0-0-C-1] INFO  o.a.k.c.c.i.ConsumerCoordinator [node1:8080] - [Consumer clientId=consumer-user-events-consumer-3, groupId=user-events-consumer] Discovered group coordinator localhost:9093 (id: 2147482646 rack: null)
2025-12-10 18:45:25.240 [HikariPool-1 housekeeper] WARN  com.zaxxer.hikari.pool.HikariPool [node1:8080] - HikariPool-1 - Thread starvation or clock leap detected (housekeeper delta=9m45s463ms).
2025-12-10 18:55:20.007 [org.springframework.kafka.KafkaListenerEndpointContainer#2-0-C-1] INFO  o.a.k.clients.FetchSessionHandler [node1:8080] - [Consumer clientId=consumer-notification-batch-consumer-1, groupId=notification-batch-consumer] Error sending fetch request (sessionId=1433350095, epoch=80) to node 1001:
org.apache.kafka.common.errors.DisconnectException: null
2025-12-10 18:55:20.007 [org.springframework.kafka.KafkaListenerEndpointContainer#3-0-C-1] INFO  o.a.k.clients.FetchSessionHandler [node1:8080] - [Consumer clientId=consumer-pattern-consumer-2, groupId=pattern-consumer] Error sending fetch request (sessionId=1685862523, epoch=79) to node 1001:
org.apache.kafka.common.errors.DisconnectException: null
2025-12-10 18:55:20.007 [org.springframework.kafka.KafkaListenerEndpointContainer#1-0-C-1] INFO  o.a.k.clients.FetchSessionHandler [node1:8080] - [Consumer clientId=consumer-order-events-consumer-4, groupId=order-events-consumer] Error sending fetch request (sessionId=1664436946, epoch=78) to node 1001:
org.apache.kafka.common.errors.DisconnectException: null
2025-12-10 18:55:20.010 [kafka-coordinator-heartbeat-thread | notification-batch-consumer] INFO  o.a.k.c.c.i.ConsumerCoordinator [node1:8080] - [Consumer clientId=consumer-notification-batch-consumer-1, groupId=notification-batch-consumer] Group coordinator localhost:9093 (id: 2147482646 rack: null) is unavailable or invalid due to cause: session timed out without receiving a heartbeat response.isDisconnected: false. Rediscovery will be attempted.
2025-12-10 18:55:20.012 [kafka-coordinator-heartbeat-thread | user-events-consumer] INFO  o.a.k.c.c.i.ConsumerCoordinator [node1:8080] - [Consumer clientId=consumer-user-events-consumer-3, groupId=user-events-consumer] Group coordinator localhost:9093 (id: 2147482646 rack: null) is unavailable or invalid due to cause: session timed out without receiving a heartbeat response.isDisconnected: false. Rediscovery will be attempted.
2025-12-10 18:55:20.007 [org.springframework.kafka.KafkaListenerEndpointContainer#0-0-C-1] INFO  o.a.k.clients.FetchSessionHandler [node1:8080] - [Consumer clientId=consumer-user-events-consumer-3, groupId=user-events-consumer] Error sending fetch request (sessionId=453318708, epoch=79) to node 1001:
org.apache.kafka.common.errors.DisconnectException: null
2025-12-10 18:55:20.012 [kafka-coordinator-heartbeat-thread | pattern-consumer] INFO  o.a.k.c.c.i.ConsumerCoordinator [node1:8080] - [Consumer clientId=consumer-pattern-consumer-2, groupId=pattern-consumer] Group coordinator localhost:9093 (id: 2147482646 rack: null) is unavailable or invalid due to cause: session timed out without receiving a heartbeat response.isDisconnected: false. Rediscovery will be attempted.
2025-12-10 18:55:20.010 [kafka-coordinator-heartbeat-thread | order-events-consumer] INFO  o.a.k.c.c.i.ConsumerCoordinator [node1:8080] - [Consumer clientId=consumer-order-events-consumer-4, groupId=order-events-consumer] Group coordinator localhost:9093 (id: 2147482646 rack: null) is unavailable or invalid due to cause: session timed out without receiving a heartbeat response.isDisconnected: false. Rediscovery will be attempted.
2025-12-10 18:55:21.265 [org.springframework.kafka.KafkaListenerEndpointContainer#0-0-C-1] INFO  o.a.k.c.c.i.ConsumerCoordinator [node1:8080] - [Consumer clientId=consumer-user-events-consumer-3, groupId=user-events-consumer] Discovered group coordinator localhost:9093 (id: 2147482646 rack: null)
2025-12-10 18:55:21.272 [org.springframework.kafka.KafkaListenerEndpointContainer#3-0-C-1] INFO  o.a.k.c.c.i.ConsumerCoordinator [node1:8080] - [Consumer clientId=consumer-pattern-consumer-2, groupId=pattern-consumer] Discovered group coordinator localhost:9093 (id: 2147482646 rack: null)
2025-12-10 18:55:21.272 [org.springframework.kafka.KafkaListenerEndpointContainer#2-0-C-1] INFO  o.a.k.c.c.i.ConsumerCoordinator [node1:8080] - [Consumer clientId=consumer-notification-batch-consumer-1, groupId=notification-batch-consumer] Discovered group coordinator localhost:9093 (id: 2147482646 rack: null)
2025-12-10 18:55:21.272 [org.springframework.kafka.KafkaListenerEndpointContainer#0-0-C-1] INFO  o.a.k.c.c.i.ConsumerCoordinator [node1:8080] - [Consumer clientId=consumer-user-events-consumer-3, groupId=user-events-consumer] Discovered group coordinator localhost:9093 (id: 2147482646 rack: null)
2025-12-10 18:55:21.303 [org.springframework.kafka.KafkaListenerEndpointContainer#1-0-C-1] INFO  o.a.k.c.c.i.ConsumerCoordinator [node1:8080] - [Consumer clientId=consumer-order-events-consumer-4, groupId=order-events-consumer] Discovered group coordinator localhost:9093 (id: 2147482646 rack: null)
2025-12-10 18:55:21.324 [org.springframework.kafka.KafkaListenerEndpointContainer#1-0-C-1] INFO  o.a.k.c.c.i.ConsumerCoordinator [node1:8080] - [Consumer clientId=consumer-order-events-consumer-4, groupId=order-events-consumer] Discovered group coordinator localhost:9093 (id: 2147482646 rack: null)
2025-12-10 18:55:40.663 [HikariPool-1 housekeeper] WARN  com.zaxxer.hikari.pool.HikariPool [node1:8080] - HikariPool-1 - Thread starvation or clock leap detected (housekeeper delta=9m45s415ms).
2025-12-10 19:05:26.008 [HikariPool-1 housekeeper] WARN  com.zaxxer.hikari.pool.HikariPool [node1:8080] - HikariPool-1 - Thread starvation or clock leap detected (housekeeper delta=9m45s345ms).
2025-12-10 19:05:26.903 [kafka-coordinator-heartbeat-thread | pattern-consumer] INFO  o.a.k.c.c.i.ConsumerCoordinator [node1:8080] - [Consumer clientId=consumer-pattern-consumer-2, groupId=pattern-consumer] Group coordinator localhost:9093 (id: 2147482646 rack: null) is unavailable or invalid due to cause: session timed out without receiving a heartbeat response.isDisconnected: false. Rediscovery will be attempted.
2025-12-10 19:05:26.903 [org.springframework.kafka.KafkaListenerEndpointContainer#3-0-C-1] INFO  o.a.k.clients.FetchSessionHandler [node1:8080] - [Consumer clientId=consumer-pattern-consumer-2, groupId=pattern-consumer] Error sending fetch request (sessionId=1215063026, epoch=80) to node 1001:
org.apache.kafka.common.errors.DisconnectException: null
2025-12-10 19:05:26.904 [kafka-coordinator-heartbeat-thread | user-events-consumer] INFO  o.a.k.c.c.i.ConsumerCoordinator [node1:8080] - [Consumer clientId=consumer-user-events-consumer-3, groupId=user-events-consumer] Group coordinator localhost:9093 (id: 2147482646 rack: null) is unavailable or invalid due to cause: session timed out without receiving a heartbeat response.isDisconnected: false. Rediscovery will be attempted.
2025-12-10 19:05:26.905 [kafka-coordinator-heartbeat-thread | order-events-consumer] INFO  o.a.k.c.c.i.ConsumerCoordinator [node1:8080] - [Consumer clientId=consumer-order-events-consumer-4, groupId=order-events-consumer] Group coordinator localhost:9093 (id: 2147482646 rack: null) is unavailable or invalid due to cause: session timed out without receiving a heartbeat response.isDisconnected: false. Rediscovery will be attempted.
2025-12-10 19:05:26.905 [org.springframework.kafka.KafkaListenerEndpointContainer#1-0-C-1] INFO  o.a.k.clients.FetchSessionHandler [node1:8080] - [Consumer clientId=consumer-order-events-consumer-4, groupId=order-events-consumer] Error sending fetch request (sessionId=513349329, epoch=82) to node 1001:
org.apache.kafka.common.errors.DisconnectException: null
2025-12-10 19:05:26.904 [kafka-coordinator-heartbeat-thread | notification-batch-consumer] INFO  o.a.k.c.c.i.ConsumerCoordinator [node1:8080] - [Consumer clientId=consumer-notification-batch-consumer-1, groupId=notification-batch-consumer] Group coordinator localhost:9093 (id: 2147482646 rack: null) is unavailable or invalid due to cause: session timed out without receiving a heartbeat response.isDisconnected: false. Rediscovery will be attempted.
2025-12-10 19:05:26.904 [org.springframework.kafka.KafkaListenerEndpointContainer#2-0-C-1] INFO  o.a.k.clients.FetchSessionHandler [node1:8080] - [Consumer clientId=consumer-notification-batch-consumer-1, groupId=notification-batch-consumer] Error sending fetch request (sessionId=836940760, epoch=81) to node 1001:
org.apache.kafka.common.errors.DisconnectException: null
2025-12-10 19:05:26.904 [org.springframework.kafka.KafkaListenerEndpointContainer#0-0-C-1] INFO  o.a.k.clients.FetchSessionHandler [node1:8080] - [Consumer clientId=consumer-user-events-consumer-3, groupId=user-events-consumer] Error sending fetch request (sessionId=1671812665, epoch=81) to node 1001:
org.apache.kafka.common.errors.DisconnectException: null
2025-12-10 19:05:27.312 [org.springframework.kafka.KafkaListenerEndpointContainer#2-0-C-1] INFO  o.a.k.c.c.i.ConsumerCoordinator [node1:8080] - [Consumer clientId=consumer-notification-batch-consumer-1, groupId=notification-batch-consumer] Discovered group coordinator localhost:9093 (id: 2147482646 rack: null)
2025-12-10 19:05:27.317 [org.springframework.kafka.KafkaListenerEndpointContainer#2-0-C-1] INFO  o.a.k.c.c.i.ConsumerCoordinator [node1:8080] - [Consumer clientId=consumer-notification-batch-consumer-1, groupId=notification-batch-consumer] Discovered group coordinator localhost:9093 (id: 2147482646 rack: null)
2025-12-10 19:05:27.322 [org.springframework.kafka.KafkaListenerEndpointContainer#1-0-C-1] INFO  o.a.k.c.c.i.ConsumerCoordinator [node1:8080] - [Consumer clientId=consumer-order-events-consumer-4, groupId=order-events-consumer] Discovered group coordinator localhost:9093 (id: 2147482646 rack: null)
2025-12-10 19:05:27.330 [org.springframework.kafka.KafkaListenerEndpointContainer#1-0-C-1] INFO  o.a.k.c.c.i.ConsumerCoordinator [node1:8080] - [Consumer clientId=consumer-order-events-consumer-4, groupId=order-events-consumer] Discovered group coordinator localhost:9093 (id: 2147482646 rack: null)
2025-12-10 19:05:27.413 [org.springframework.kafka.KafkaListenerEndpointContainer#0-0-C-1] INFO  o.a.k.c.c.i.ConsumerCoordinator [node1:8080] - [Consumer clientId=consumer-user-events-consumer-3, groupId=user-events-consumer] Discovered group coordinator localhost:9093 (id: 2147482646 rack: null)
2025-12-10 19:05:27.458 [org.springframework.kafka.KafkaListenerEndpointContainer#0-0-C-1] INFO  o.a.k.c.c.i.ConsumerCoordinator [node1:8080] - [Consumer clientId=consumer-user-events-consumer-3, groupId=user-events-consumer] Discovered group coordinator localhost:9093 (id: 2147482646 rack: null)
2025-12-10 19:05:27.459 [org.springframework.kafka.KafkaListenerEndpointContainer#3-0-C-1] INFO  o.a.k.c.c.i.ConsumerCoordinator [node1:8080] - [Consumer clientId=consumer-pattern-consumer-2, groupId=pattern-consumer] Discovered group coordinator localhost:9093 (id: 2147482646 rack: null)
2025-12-10 19:05:27.508 [org.springframework.kafka.KafkaListenerEndpointContainer#3-0-C-1] INFO  o.a.k.c.c.i.ConsumerCoordinator [node1:8080] - [Consumer clientId=consumer-pattern-consumer-2, groupId=pattern-consumer] Discovered group coordinator localhost:9093 (id: 2147482646 rack: null)
2025-12-10 19:15:33.007 [org.springframework.kafka.KafkaListenerEndpointContainer#3-0-C-1] INFO  o.a.k.clients.FetchSessionHandler [node1:8080] - [Consumer clientId=consumer-pattern-consumer-2, groupId=pattern-consumer] Error sending fetch request (sessionId=194849563, epoch=72) to node 1001:
org.apache.kafka.common.errors.DisconnectException: null
2025-12-10 19:15:33.007 [org.springframework.kafka.KafkaListenerEndpointContainer#1-0-C-1] INFO  o.a.k.clients.FetchSessionHandler [node1:8080] - [Consumer clientId=consumer-order-events-consumer-4, groupId=order-events-consumer] Error sending fetch request (sessionId=1573604481, epoch=74) to node 1001:
org.apache.kafka.common.errors.DisconnectException: null
2025-12-10 19:15:33.007 [org.springframework.kafka.KafkaListenerEndpointContainer#0-0-C-1] INFO  o.a.k.clients.FetchSessionHandler [node1:8080] - [Consumer clientId=consumer-user-events-consumer-3, groupId=user-events-consumer] Error sending fetch request (sessionId=2102977937, epoch=72) to node 1001:
org.apache.kafka.common.errors.DisconnectException: null
2025-12-10 19:15:33.007 [org.springframework.kafka.KafkaListenerEndpointContainer#2-0-C-1] INFO  o.a.k.clients.FetchSessionHandler [node1:8080] - [Consumer clientId=consumer-notification-batch-consumer-1, groupId=notification-batch-consumer] Error sending fetch request (sessionId=1354136418, epoch=75) to node 1001:
org.apache.kafka.common.errors.DisconnectException: null
2025-12-10 19:15:33.014 [kafka-coordinator-heartbeat-thread | notification-batch-consumer] INFO  o.a.k.c.c.i.ConsumerCoordinator [node1:8080] - [Consumer clientId=consumer-notification-batch-consumer-1, groupId=notification-batch-consumer] Group coordinator localhost:9093 (id: 2147482646 rack: null) is unavailable or invalid due to cause: session timed out without receiving a heartbeat response.isDisconnected: false. Rediscovery will be attempted.
2025-12-10 19:15:33.014 [kafka-coordinator-heartbeat-thread | order-events-consumer] INFO  o.a.k.c.c.i.ConsumerCoordinator [node1:8080] - [Consumer clientId=consumer-order-events-consumer-4, groupId=order-events-consumer] Group coordinator localhost:9093 (id: 2147482646 rack: null) is unavailable or invalid due to cause: session timed out without receiving a heartbeat response.isDisconnected: false. Rediscovery will be attempted.
2025-12-10 19:15:33.014 [kafka-coordinator-heartbeat-thread | pattern-consumer] INFO  o.a.k.c.c.i.ConsumerCoordinator [node1:8080] - [Consumer clientId=consumer-pattern-consumer-2, groupId=pattern-consumer] Group coordinator localhost:9093 (id: 2147482646 rack: null) is unavailable or invalid due to cause: session timed out without receiving a heartbeat response.isDisconnected: false. Rediscovery will be attempted.
2025-12-10 19:15:33.014 [kafka-coordinator-heartbeat-thread | user-events-consumer] INFO  o.a.k.c.c.i.ConsumerCoordinator [node1:8080] - [Consumer clientId=consumer-user-events-consumer-3, groupId=user-events-consumer] Group coordinator localhost:9093 (id: 2147482646 rack: null) is unavailable or invalid due to cause: session timed out without receiving a heartbeat response.isDisconnected: false. Rediscovery will be attempted.
2025-12-10 19:15:34.238 [org.springframework.kafka.KafkaListenerEndpointContainer#0-0-C-1] INFO  o.a.k.c.c.i.ConsumerCoordinator [node1:8080] - [Consumer clientId=consumer-user-events-consumer-3, groupId=user-events-consumer] Discovered group coordinator localhost:9093 (id: 2147482646 rack: null)
2025-12-10 19:15:34.264 [org.springframework.kafka.KafkaListenerEndpointContainer#0-0-C-1] INFO  o.a.k.c.c.i.ConsumerCoordinator [node1:8080] - [Consumer clientId=consumer-user-events-consumer-3, groupId=user-events-consumer] Discovered group coordinator localhost:9093 (id: 2147482646 rack: null)
2025-12-10 19:15:34.330 [org.springframework.kafka.KafkaListenerEndpointContainer#3-0-C-1] INFO  o.a.k.c.c.i.ConsumerCoordinator [node1:8080] - [Consumer clientId=consumer-pattern-consumer-2, groupId=pattern-consumer] Discovered group coordinator localhost:9093 (id: 2147482646 rack: null)
2025-12-10 19:15:34.353 [org.springframework.kafka.KafkaListenerEndpointContainer#3-0-C-1] INFO  o.a.k.c.c.i.ConsumerCoordinator [node1:8080] - [Consumer clientId=consumer-pattern-consumer-2, groupId=pattern-consumer] Discovered group coordinator localhost:9093 (id: 2147482646 rack: null)
2025-12-10 19:15:34.374 [org.springframework.kafka.KafkaListenerEndpointContainer#2-0-C-1] INFO  o.a.k.c.c.i.ConsumerCoordinator [node1:8080] - [Consumer clientId=consumer-notification-batch-consumer-1, groupId=notification-batch-consumer] Discovered group coordinator localhost:9093 (id: 2147482646 rack: null)
2025-12-10 19:15:34.374 [org.springframework.kafka.KafkaListenerEndpointContainer#1-0-C-1] INFO  o.a.k.c.c.i.ConsumerCoordinator [node1:8080] - [Consumer clientId=consumer-order-events-consumer-4, groupId=order-events-consumer] Discovered group coordinator localhost:9093 (id: 2147482646 rack: null)
2025-12-10 19:15:34.399 [org.springframework.kafka.KafkaListenerEndpointContainer#2-0-C-1] INFO  o.a.k.c.c.i.ConsumerCoordinator [node1:8080] - [Consumer clientId=consumer-notification-batch-consumer-1, groupId=notification-batch-consumer] Discovered group coordinator localhost:9093 (id: 2147482646 rack: null)
2025-12-10 19:15:34.433 [org.springframework.kafka.KafkaListenerEndpointContainer#1-0-C-1] INFO  o.a.k.c.c.i.ConsumerCoordinator [node1:8080] - [Consumer clientId=consumer-order-events-consumer-4, groupId=order-events-consumer] Discovered group coordinator localhost:9093 (id: 2147482646 rack: null)
2025-12-10 19:15:42.118 [HikariPool-1 housekeeper] WARN  com.zaxxer.hikari.pool.HikariPool [node1:8080] - HikariPool-1 - Thread starvation or clock leap detected (housekeeper delta=9m45s363ms).
2025-12-10 19:25:38.011 [kafka-coordinator-heartbeat-thread | order-events-consumer] INFO  o.a.k.c.c.i.ConsumerCoordinator [node1:8080] - [Consumer clientId=consumer-order-events-consumer-4, groupId=order-events-consumer] Group coordinator localhost:9093 (id: 2147482646 rack: null) is unavailable or invalid due to cause: session timed out without receiving a heartbeat response.isDisconnected: false. Rediscovery will be attempted.
2025-12-10 19:25:38.012 [kafka-coordinator-heartbeat-thread | user-events-consumer] INFO  o.a.k.c.c.i.ConsumerCoordinator [node1:8080] - [Consumer clientId=consumer-user-events-consumer-3, groupId=user-events-consumer] Group coordinator localhost:9093 (id: 2147482646 rack: null) is unavailable or invalid due to cause: session timed out without receiving a heartbeat response.isDisconnected: false. Rediscovery will be attempted.
2025-12-10 19:25:38.012 [kafka-coordinator-heartbeat-thread | pattern-consumer] INFO  o.a.k.c.c.i.ConsumerCoordinator [node1:8080] - [Consumer clientId=consumer-pattern-consumer-2, groupId=pattern-consumer] Group coordinator localhost:9093 (id: 2147482646 rack: null) is unavailable or invalid due to cause: session timed out without receiving a heartbeat response.isDisconnected: false. Rediscovery will be attempted.
2025-12-10 19:25:38.007 [org.springframework.kafka.KafkaListenerEndpointContainer#3-0-C-1] INFO  o.a.k.clients.FetchSessionHandler [node1:8080] - [Consumer clientId=consumer-pattern-consumer-2, groupId=pattern-consumer] Error sending fetch request (sessionId=54604867, epoch=77) to node 1001:
org.apache.kafka.common.errors.DisconnectException: null
2025-12-10 19:25:38.011 [kafka-coordinator-heartbeat-thread | notification-batch-consumer] INFO  o.a.k.c.c.i.ConsumerCoordinator [node1:8080] - [Consumer clientId=consumer-notification-batch-consumer-1, groupId=notification-batch-consumer] Group coordinator localhost:9093 (id: 2147482646 rack: null) is unavailable or invalid due to cause: session timed out without receiving a heartbeat response.isDisconnected: false. Rediscovery will be attempted.
2025-12-10 19:25:38.007 [org.springframework.kafka.KafkaListenerEndpointContainer#1-0-C-1] INFO  o.a.k.clients.FetchSessionHandler [node1:8080] - [Consumer clientId=consumer-order-events-consumer-4, groupId=order-events-consumer] Error sending fetch request (sessionId=341536092, epoch=78) to node 1001:
org.apache.kafka.common.errors.DisconnectException: null
2025-12-10 19:25:38.007 [org.springframework.kafka.KafkaListenerEndpointContainer#0-0-C-1] INFO  o.a.k.clients.FetchSessionHandler [node1:8080] - [Consumer clientId=consumer-user-events-consumer-3, groupId=user-events-consumer] Error sending fetch request (sessionId=1094593443, epoch=77) to node 1001:
org.apache.kafka.common.errors.DisconnectException: null
2025-12-10 19:25:38.007 [org.springframework.kafka.KafkaListenerEndpointContainer#2-0-C-1] INFO  o.a.k.clients.FetchSessionHandler [node1:8080] - [Consumer clientId=consumer-notification-batch-consumer-1, groupId=notification-batch-consumer] Error sending fetch request (sessionId=2074315995, epoch=78) to node 1001:
org.apache.kafka.common.errors.DisconnectException: null
2025-12-10 19:25:39.239 [org.springframework.kafka.KafkaListenerEndpointContainer#0-0-C-1] INFO  o.a.k.c.c.i.ConsumerCoordinator [node1:8080] - [Consumer clientId=consumer-user-events-consumer-3, groupId=user-events-consumer] Discovered group coordinator localhost:9093 (id: 2147482646 rack: null)
2025-12-10 19:25:39.239 [org.springframework.kafka.KafkaListenerEndpointContainer#3-0-C-1] INFO  o.a.k.c.c.i.ConsumerCoordinator [node1:8080] - [Consumer clientId=consumer-pattern-consumer-2, groupId=pattern-consumer] Discovered group coordinator localhost:9093 (id: 2147482646 rack: null)
2025-12-10 19:25:39.241 [org.springframework.kafka.KafkaListenerEndpointContainer#3-0-C-1] INFO  o.a.k.c.c.i.ConsumerCoordinator [node1:8080] - [Consumer clientId=consumer-pattern-consumer-2, groupId=pattern-consumer] Discovered group coordinator localhost:9093 (id: 2147482646 rack: null)
2025-12-10 19:25:39.245 [org.springframework.kafka.KafkaListenerEndpointContainer#0-0-C-1] INFO  o.a.k.c.c.i.ConsumerCoordinator [node1:8080] - [Consumer clientId=consumer-user-events-consumer-3, groupId=user-events-consumer] Discovered group coordinator localhost:9093 (id: 2147482646 rack: null)
2025-12-10 19:25:39.245 [org.springframework.kafka.KafkaListenerEndpointContainer#2-0-C-1] INFO  o.a.k.c.c.i.ConsumerCoordinator [node1:8080] - [Consumer clientId=consumer-notification-batch-consumer-1, groupId=notification-batch-consumer] Discovered group coordinator localhost:9093 (id: 2147482646 rack: null)
2025-12-10 19:25:39.271 [org.springframework.kafka.KafkaListenerEndpointContainer#2-0-C-1] INFO  o.a.k.c.c.i.ConsumerCoordinator [node1:8080] - [Consumer clientId=consumer-notification-batch-consumer-1, groupId=notification-batch-consumer] Discovered group coordinator localhost:9093 (id: 2147482646 rack: null)
2025-12-10 19:25:39.282 [org.springframework.kafka.KafkaListenerEndpointContainer#1-0-C-1] INFO  o.a.k.c.c.i.ConsumerCoordinator [node1:8080] - [Consumer clientId=consumer-order-events-consumer-4, groupId=order-events-consumer] Discovered group coordinator localhost:9093 (id: 2147482646 rack: null)
2025-12-10 19:25:40.050 [org.springframework.kafka.KafkaListenerEndpointContainer#1-0-C-1] INFO  o.a.k.c.c.i.ConsumerCoordinator [node1:8080] - [Consumer clientId=consumer-order-events-consumer-4, groupId=order-events-consumer] Discovered group coordinator localhost:9093 (id: 2147482646 rack: null)
2025-12-10 19:25:57.376 [HikariPool-1 housekeeper] WARN  com.zaxxer.hikari.pool.HikariPool [node1:8080] - HikariPool-1 - Thread starvation or clock leap detected (housekeeper delta=9m45s250ms).
2025-12-10 19:35:45.007 [org.springframework.kafka.KafkaListenerEndpointContainer#1-0-C-1] INFO  o.a.k.clients.FetchSessionHandler [node1:8080] - [Consumer clientId=consumer-order-events-consumer-4, groupId=order-events-consumer] Error sending fetch request (sessionId=2092500262, epoch=83) to node 1001:
org.apache.kafka.common.errors.DisconnectException: null
2025-12-10 19:35:45.007 [org.springframework.kafka.KafkaListenerEndpointContainer#3-0-C-1] INFO  o.a.k.clients.FetchSessionHandler [node1:8080] - [Consumer clientId=consumer-pattern-consumer-2, groupId=pattern-consumer] Error sending fetch request (sessionId=1561762434, epoch=84) to node 1001:
org.apache.kafka.common.errors.DisconnectException: null
2025-12-10 19:35:45.007 [org.springframework.kafka.KafkaListenerEndpointContainer#0-0-C-1] INFO  o.a.k.clients.FetchSessionHandler [node1:8080] - [Consumer clientId=consumer-user-events-consumer-3, groupId=user-events-consumer] Error sending fetch request (sessionId=1654736938, epoch=81) to node 1001:
org.apache.kafka.common.errors.DisconnectException: null
2025-12-10 19:35:45.007 [org.springframework.kafka.KafkaListenerEndpointContainer#2-0-C-1] INFO  o.a.k.clients.FetchSessionHandler [node1:8080] - [Consumer clientId=consumer-notification-batch-consumer-1, groupId=notification-batch-consumer] Error sending fetch request (sessionId=865192666, epoch=81) to node 1001:
org.apache.kafka.common.errors.DisconnectException: null
2025-12-10 19:35:45.011 [kafka-coordinator-heartbeat-thread | order-events-consumer] INFO  o.a.k.c.c.i.ConsumerCoordinator [node1:8080] - [Consumer clientId=consumer-order-events-consumer-4, groupId=order-events-consumer] Group coordinator localhost:9093 (id: 2147482646 rack: null) is unavailable or invalid due to cause: session timed out without receiving a heartbeat response.isDisconnected: false. Rediscovery will be attempted.
2025-12-10 19:35:45.012 [kafka-coordinator-heartbeat-thread | pattern-consumer] INFO  o.a.k.c.c.i.ConsumerCoordinator [node1:8080] - [Consumer clientId=consumer-pattern-consumer-2, groupId=pattern-consumer] Group coordinator localhost:9093 (id: 2147482646 rack: null) is unavailable or invalid due to cause: session timed out without receiving a heartbeat response.isDisconnected: false. Rediscovery will be attempted.
2025-12-10 19:35:45.012 [kafka-coordinator-heartbeat-thread | user-events-consumer] INFO  o.a.k.c.c.i.ConsumerCoordinator [node1:8080] - [Consumer clientId=consumer-user-events-consumer-3, groupId=user-events-consumer] Group coordinator localhost:9093 (id: 2147482646 rack: null) is unavailable or invalid due to cause: session timed out without receiving a heartbeat response.isDisconnected: false. Rediscovery will be attempted.
2025-12-10 19:35:45.012 [kafka-coordinator-heartbeat-thread | notification-batch-consumer] INFO  o.a.k.c.c.i.ConsumerCoordinator [node1:8080] - [Consumer clientId=consumer-notification-batch-consumer-1, groupId=notification-batch-consumer] Group coordinator localhost:9093 (id: 2147482646 rack: null) is unavailable or invalid due to cause: session timed out without receiving a heartbeat response.isDisconnected: false. Rediscovery will be attempted.
2025-12-10 19:35:46.214 [org.springframework.kafka.KafkaListenerEndpointContainer#0-0-C-1] INFO  o.a.k.c.c.i.ConsumerCoordinator [node1:8080] - [Consumer clientId=consumer-user-events-consumer-3, groupId=user-events-consumer] Discovered group coordinator localhost:9093 (id: 2147482646 rack: null)
2025-12-10 19:35:46.214 [org.springframework.kafka.KafkaListenerEndpointContainer#2-0-C-1] INFO  o.a.k.c.c.i.ConsumerCoordinator [node1:8080] - [Consumer clientId=consumer-notification-batch-consumer-1, groupId=notification-batch-consumer] Discovered group coordinator localhost:9093 (id: 2147482646 rack: null)
2025-12-10 19:35:46.231 [org.springframework.kafka.KafkaListenerEndpointContainer#0-0-C-1] INFO  o.a.k.c.c.i.ConsumerCoordinator [node1:8080] - [Consumer clientId=consumer-user-events-consumer-3, groupId=user-events-consumer] Discovered group coordinator localhost:9093 (id: 2147482646 rack: null)
2025-12-10 19:35:46.287 [org.springframework.kafka.KafkaListenerEndpointContainer#1-0-C-1] INFO  o.a.k.c.c.i.ConsumerCoordinator [node1:8080] - [Consumer clientId=consumer-order-events-consumer-4, groupId=order-events-consumer] Discovered group coordinator localhost:9093 (id: 2147482646 rack: null)
2025-12-10 19:35:46.295 [org.springframework.kafka.KafkaListenerEndpointContainer#3-0-C-1] INFO  o.a.k.c.c.i.ConsumerCoordinator [node1:8080] - [Consumer clientId=consumer-pattern-consumer-2, groupId=pattern-consumer] Discovered group coordinator localhost:9093 (id: 2147482646 rack: null)
2025-12-10 19:36:12.891 [HikariPool-1 housekeeper] WARN  com.zaxxer.hikari.pool.HikariPool [node1:8080] - HikariPool-1 - Thread starvation or clock leap detected (housekeeper delta=9m45s509ms).
2025-12-10 19:45:51.007 [org.springframework.kafka.KafkaListenerEndpointContainer#2-0-C-1] INFO  o.a.k.clients.FetchSessionHandler [node1:8080] - [Consumer clientId=consumer-notification-batch-consumer-1, groupId=notification-batch-consumer] Error sending fetch request (sessionId=344546954, epoch=81) to node 1001:
org.apache.kafka.common.errors.DisconnectException: null
2025-12-10 19:45:51.008 [org.springframework.kafka.KafkaListenerEndpointContainer#1-0-C-1] INFO  o.a.k.clients.FetchSessionHandler [node1:8080] - [Consumer clientId=consumer-order-events-consumer-4, groupId=order-events-consumer] Error sending fetch request (sessionId=1131567943, epoch=80) to node 1001:
org.apache.kafka.common.errors.DisconnectException: null
2025-12-10 19:45:51.007 [org.springframework.kafka.KafkaListenerEndpointContainer#0-0-C-1] INFO  o.a.k.clients.FetchSessionHandler [node1:8080] - [Consumer clientId=consumer-user-events-consumer-3, groupId=user-events-consumer] Error sending fetch request (sessionId=451553233, epoch=81) to node 1001:
org.apache.kafka.common.errors.DisconnectException: null
2025-12-10 19:45:51.011 [kafka-coordinator-heartbeat-thread | notification-batch-consumer] INFO  o.a.k.c.c.i.ConsumerCoordinator [node1:8080] - [Consumer clientId=consumer-notification-batch-consumer-1, groupId=notification-batch-consumer] Group coordinator localhost:9093 (id: 2147482646 rack: null) is unavailable or invalid due to cause: session timed out without receiving a heartbeat response.isDisconnected: false. Rediscovery will be attempted.
2025-12-10 19:45:51.013 [kafka-coordinator-heartbeat-thread | order-events-consumer] INFO  o.a.k.c.c.i.ConsumerCoordinator [node1:8080] - [Consumer clientId=consumer-order-events-consumer-4, groupId=order-events-consumer] Group coordinator localhost:9093 (id: 2147482646 rack: null) is unavailable or invalid due to cause: session timed out without receiving a heartbeat response.isDisconnected: false. Rediscovery will be attempted.
2025-12-10 19:45:51.013 [kafka-coordinator-heartbeat-thread | pattern-consumer] INFO  o.a.k.c.c.i.ConsumerCoordinator [node1:8080] - [Consumer clientId=consumer-pattern-consumer-2, groupId=pattern-consumer] Group coordinator localhost:9093 (id: 2147482646 rack: null) is unavailable or invalid due to cause: session timed out without receiving a heartbeat response.isDisconnected: false. Rediscovery will be attempted.
2025-12-10 19:45:51.007 [org.springframework.kafka.KafkaListenerEndpointContainer#3-0-C-1] INFO  o.a.k.clients.FetchSessionHandler [node1:8080] - [Consumer clientId=consumer-pattern-consumer-2, groupId=pattern-consumer] Error sending fetch request (sessionId=869537851, epoch=81) to node 1001:
org.apache.kafka.common.errors.DisconnectException: null
2025-12-10 19:45:52.117 [kafka-coordinator-heartbeat-thread | user-events-consumer] INFO  o.a.k.c.c.i.ConsumerCoordinator [node1:8080] - [Consumer clientId=consumer-user-events-consumer-3, groupId=user-events-consumer] Group coordinator localhost:9093 (id: 2147482646 rack: null) is unavailable or invalid due to cause: session timed out without receiving a heartbeat response.isDisconnected: false. Rediscovery will be attempted.
2025-12-10 19:45:52.220 [org.springframework.kafka.KafkaListenerEndpointContainer#3-0-C-1] INFO  o.a.k.c.c.i.ConsumerCoordinator [node1:8080] - [Consumer clientId=consumer-pattern-consumer-2, groupId=pattern-consumer] Discovered group coordinator localhost:9093 (id: 2147482646 rack: null)
2025-12-10 19:45:52.228 [org.springframework.kafka.KafkaListenerEndpointContainer#2-0-C-1] INFO  o.a.k.c.c.i.ConsumerCoordinator [node1:8080] - [Consumer clientId=consumer-notification-batch-consumer-1, groupId=notification-batch-consumer] Discovered group coordinator localhost:9093 (id: 2147482646 rack: null)
2025-12-10 19:45:52.228 [org.springframework.kafka.KafkaListenerEndpointContainer#0-0-C-1] INFO  o.a.k.c.c.i.ConsumerCoordinator [node1:8080] - [Consumer clientId=consumer-user-events-consumer-3, groupId=user-events-consumer] Discovered group coordinator localhost:9093 (id: 2147482646 rack: null)
2025-12-10 19:45:52.238 [org.springframework.kafka.KafkaListenerEndpointContainer#0-0-C-1] INFO  o.a.k.c.c.i.ConsumerCoordinator [node1:8080] - [Consumer clientId=consumer-user-events-consumer-3, groupId=user-events-consumer] Discovered group coordinator localhost:9093 (id: 2147482646 rack: null)
2025-12-10 19:45:52.238 [org.springframework.kafka.KafkaListenerEndpointContainer#3-0-C-1] INFO  o.a.k.c.c.i.ConsumerCoordinator [node1:8080] - [Consumer clientId=consumer-pattern-consumer-2, groupId=pattern-consumer] Discovered group coordinator localhost:9093 (id: 2147482646 rack: null)
2025-12-10 19:45:52.238 [org.springframework.kafka.KafkaListenerEndpointContainer#1-0-C-1] INFO  o.a.k.c.c.i.ConsumerCoordinator [node1:8080] - [Consumer clientId=consumer-order-events-consumer-4, groupId=order-events-consumer] Discovered group coordinator localhost:9093 (id: 2147482646 rack: null)
2025-12-10 19:45:58.600 [HikariPool-1 housekeeper] WARN  com.zaxxer.hikari.pool.HikariPool [node1:8080] - HikariPool-1 - Thread starvation or clock leap detected (housekeeper delta=9m45s709ms).
2025-12-10 19:55:57.008 [org.springframework.kafka.KafkaListenerEndpointContainer#1-0-C-1] INFO  o.a.k.clients.FetchSessionHandler [node1:8080] - [Consumer clientId=consumer-order-events-consumer-4, groupId=order-events-consumer] Error sending fetch request (sessionId=2039217903, epoch=83) to node 1001:
org.apache.kafka.common.errors.DisconnectException: null
2025-12-10 19:55:57.010 [kafka-coordinator-heartbeat-thread | order-events-consumer] INFO  o.a.k.c.c.i.ConsumerCoordinator [node1:8080] - [Consumer clientId=consumer-order-events-consumer-4, groupId=order-events-consumer] Group coordinator localhost:9093 (id: 2147482646 rack: null) is unavailable or invalid due to cause: session timed out without receiving a heartbeat response.isDisconnected: false. Rediscovery will be attempted.
2025-12-10 19:55:57.011 [kafka-coordinator-heartbeat-thread | user-events-consumer] INFO  o.a.k.c.c.i.ConsumerCoordinator [node1:8080] - [Consumer clientId=consumer-user-events-consumer-3, groupId=user-events-consumer] Group coordinator localhost:9093 (id: 2147482646 rack: null) is unavailable or invalid due to cause: session timed out without receiving a heartbeat response.isDisconnected: false. Rediscovery will be attempted.
2025-12-10 19:55:57.011 [kafka-coordinator-heartbeat-thread | pattern-consumer] INFO  o.a.k.c.c.i.ConsumerCoordinator [node1:8080] - [Consumer clientId=consumer-pattern-consumer-2, groupId=pattern-consumer] Group coordinator localhost:9093 (id: 2147482646 rack: null) is unavailable or invalid due to cause: session timed out without receiving a heartbeat response.isDisconnected: false. Rediscovery will be attempted.
2025-12-10 19:55:57.011 [org.springframework.kafka.KafkaListenerEndpointContainer#2-0-C-1] INFO  o.a.k.clients.FetchSessionHandler [node1:8080] - [Consumer clientId=consumer-notification-batch-consumer-1, groupId=notification-batch-consumer] Error sending fetch request (sessionId=1005503384, epoch=81) to node 1001:
org.apache.kafka.common.errors.DisconnectException: null
2025-12-10 19:55:57.010 [org.springframework.kafka.KafkaListenerEndpointContainer#0-0-C-1] INFO  o.a.k.clients.FetchSessionHandler [node1:8080] - [Consumer clientId=consumer-user-events-consumer-3, groupId=user-events-consumer] Error sending fetch request (sessionId=1614172925, epoch=82) to node 1001:
org.apache.kafka.common.errors.DisconnectException: null
2025-12-10 19:55:57.008 [org.springframework.kafka.KafkaListenerEndpointContainer#3-0-C-1] INFO  o.a.k.clients.FetchSessionHandler [node1:8080] - [Consumer clientId=consumer-pattern-consumer-2, groupId=pattern-consumer] Error sending fetch request (sessionId=373333991, epoch=82) to node 1001:
org.apache.kafka.common.errors.DisconnectException: null
2025-12-10 19:55:57.012 [kafka-coordinator-heartbeat-thread | notification-batch-consumer] INFO  o.a.k.c.c.i.ConsumerCoordinator [node1:8080] - [Consumer clientId=consumer-notification-batch-consumer-1, groupId=notification-batch-consumer] Group coordinator localhost:9093 (id: 2147482646 rack: null) is unavailable or invalid due to cause: session timed out without receiving a heartbeat response.isDisconnected: false. Rediscovery will be attempted.
2025-12-10 19:55:58.284 [org.springframework.kafka.KafkaListenerEndpointContainer#0-0-C-1] INFO  o.a.k.c.c.i.ConsumerCoordinator [node1:8080] - [Consumer clientId=consumer-user-events-consumer-3, groupId=user-events-consumer] Discovered group coordinator localhost:9093 (id: 2147482646 rack: null)
2025-12-10 19:55:58.284 [org.springframework.kafka.KafkaListenerEndpointContainer#1-0-C-1] INFO  o.a.k.c.c.i.ConsumerCoordinator [node1:8080] - [Consumer clientId=consumer-order-events-consumer-4, groupId=order-events-consumer] Discovered group coordinator localhost:9093 (id: 2147482646 rack: null)
2025-12-10 19:55:58.291 [org.springframework.kafka.KafkaListenerEndpointContainer#3-0-C-1] INFO  o.a.k.c.c.i.ConsumerCoordinator [node1:8080] - [Consumer clientId=consumer-pattern-consumer-2, groupId=pattern-consumer] Discovered group coordinator localhost:9093 (id: 2147482646 rack: null)
2025-12-10 19:55:58.302 [org.springframework.kafka.KafkaListenerEndpointContainer#3-0-C-1] INFO  o.a.k.c.c.i.ConsumerCoordinator [node1:8080] - [Consumer clientId=consumer-pattern-consumer-2, groupId=pattern-consumer] Discovered group coordinator localhost:9093 (id: 2147482646 rack: null)
2025-12-10 19:55:58.345 [org.springframework.kafka.KafkaListenerEndpointContainer#2-0-C-1] INFO  o.a.k.c.c.i.ConsumerCoordinator [node1:8080] - [Consumer clientId=consumer-notification-batch-consumer-1, groupId=notification-batch-consumer] Discovered group coordinator localhost:9093 (id: 2147482646 rack: null)
2025-12-10 19:55:58.370 [org.springframework.kafka.KafkaListenerEndpointContainer#2-0-C-1] INFO  o.a.k.c.c.i.ConsumerCoordinator [node1:8080] - [Consumer clientId=consumer-notification-batch-consumer-1, groupId=notification-batch-consumer] Discovered group coordinator localhost:9093 (id: 2147482646 rack: null)
2025-12-10 19:56:13.907 [HikariPool-1 housekeeper] WARN  com.zaxxer.hikari.pool.HikariPool [node1:8080] - HikariPool-1 - Thread starvation or clock leap detected (housekeeper delta=9m45s306ms).
2025-12-10 20:06:05.007 [org.springframework.kafka.KafkaListenerEndpointContainer#3-0-C-1] INFO  o.a.k.clients.FetchSessionHandler [node1:8080] - [Consumer clientId=consumer-pattern-consumer-2, groupId=pattern-consumer] Error sending fetch request (sessionId=1297384042, epoch=74) to node 1001:
org.apache.kafka.common.errors.DisconnectException: null
2025-12-10 20:06:05.007 [org.springframework.kafka.KafkaListenerEndpointContainer#1-0-C-1] INFO  o.a.k.clients.FetchSessionHandler [node1:8080] - [Consumer clientId=consumer-order-events-consumer-4, groupId=order-events-consumer] Error sending fetch request (sessionId=780203741, epoch=77) to node 1001:
org.apache.kafka.common.errors.DisconnectException: null
2025-12-10 20:06:05.007 [org.springframework.kafka.KafkaListenerEndpointContainer#0-0-C-1] INFO  o.a.k.clients.FetchSessionHandler [node1:8080] - [Consumer clientId=consumer-user-events-consumer-3, groupId=user-events-consumer] Error sending fetch request (sessionId=2096644291, epoch=77) to node 1001:
org.apache.kafka.common.errors.DisconnectException: null
2025-12-10 20:06:05.012 [kafka-coordinator-heartbeat-thread | pattern-consumer] INFO  o.a.k.c.c.i.ConsumerCoordinator [node1:8080] - [Consumer clientId=consumer-pattern-consumer-2, groupId=pattern-consumer] Group coordinator localhost:9093 (id: 2147482646 rack: null) is unavailable or invalid due to cause: session timed out without receiving a heartbeat response.isDisconnected: false. Rediscovery will be attempted.
2025-12-10 20:06:05.012 [kafka-coordinator-heartbeat-thread | order-events-consumer] INFO  o.a.k.c.c.i.ConsumerCoordinator [node1:8080] - [Consumer clientId=consumer-order-events-consumer-4, groupId=order-events-consumer] Group coordinator localhost:9093 (id: 2147482646 rack: null) is unavailable or invalid due to cause: session timed out without receiving a heartbeat response.isDisconnected: false. Rediscovery will be attempted.
2025-12-10 20:06:05.013 [kafka-coordinator-heartbeat-thread | user-events-consumer] INFO  o.a.k.c.c.i.ConsumerCoordinator [node1:8080] - [Consumer clientId=consumer-user-events-consumer-3, groupId=user-events-consumer] Group coordinator localhost:9093 (id: 2147482646 rack: null) is unavailable or invalid due to cause: session timed out without receiving a heartbeat response.isDisconnected: false. Rediscovery will be attempted.
2025-12-10 20:06:05.014 [kafka-coordinator-heartbeat-thread | notification-batch-consumer] INFO  o.a.k.c.c.i.ConsumerCoordinator [node1:8080] - [Consumer clientId=consumer-notification-batch-consumer-1, groupId=notification-batch-consumer] Group coordinator localhost:9093 (id: 2147482646 rack: null) is unavailable or invalid due to cause: session timed out without receiving a heartbeat response.isDisconnected: false. Rediscovery will be attempted.
2025-12-10 20:06:06.116 [org.springframework.kafka.KafkaListenerEndpointContainer#2-0-C-1] INFO  o.a.k.clients.FetchSessionHandler [node1:8080] - [Consumer clientId=consumer-notification-batch-consumer-1, groupId=notification-batch-consumer] Error sending fetch request (sessionId=1071490636, epoch=78) to node 1001:
org.apache.kafka.common.errors.DisconnectException: null
2025-12-10 20:06:06.376 [org.springframework.kafka.KafkaListenerEndpointContainer#2-0-C-1] INFO  o.a.k.c.c.i.ConsumerCoordinator [node1:8080] - [Consumer clientId=consumer-notification-batch-consumer-1, groupId=notification-batch-consumer] Discovered group coordinator localhost:9093 (id: 2147482646 rack: null)
2025-12-10 20:06:06.377 [org.springframework.kafka.KafkaListenerEndpointContainer#2-0-C-1] INFO  o.a.k.c.c.i.ConsumerCoordinator [node1:8080] - [Consumer clientId=consumer-notification-batch-consumer-1, groupId=notification-batch-consumer] Discovered group coordinator localhost:9093 (id: 2147482646 rack: null)
2025-12-10 20:06:06.510 [org.springframework.kafka.KafkaListenerEndpointContainer#0-0-C-1] INFO  o.a.k.c.c.i.ConsumerCoordinator [node1:8080] - [Consumer clientId=consumer-user-events-consumer-3, groupId=user-events-consumer] Discovered group coordinator localhost:9093 (id: 2147482646 rack: null)
2025-12-10 20:06:06.527 [org.springframework.kafka.KafkaListenerEndpointContainer#1-0-C-1] INFO  o.a.k.c.c.i.ConsumerCoordinator [node1:8080] - [Consumer clientId=consumer-order-events-consumer-4, groupId=order-events-consumer] Discovered group coordinator localhost:9093 (id: 2147482646 rack: null)
2025-12-10 20:06:06.551 [org.springframework.kafka.KafkaListenerEndpointContainer#3-0-C-1] INFO  o.a.k.c.c.i.ConsumerCoordinator [node1:8080] - [Consumer clientId=consumer-pattern-consumer-2, groupId=pattern-consumer] Discovered group coordinator localhost:9093 (id: 2147482646 rack: null)
2025-12-10 20:06:31.637 [HikariPool-1 housekeeper] WARN  com.zaxxer.hikari.pool.HikariPool [node1:8080] - HikariPool-1 - Thread starvation or clock leap detected (housekeeper delta=9m47s727ms).
2025-12-10 20:11:42.014 [org.springframework.kafka.KafkaListenerEndpointContainer#1-0-C-1] INFO  o.a.k.clients.FetchSessionHandler [node1:8080] - [Consumer clientId=consumer-order-events-consumer-4, groupId=order-events-consumer] Error sending fetch request (sessionId=577545085, epoch=75) to node 1001:
org.apache.kafka.common.errors.DisconnectException: null
2025-12-10 20:11:42.014 [org.springframework.kafka.KafkaListenerEndpointContainer#0-0-C-1] INFO  o.a.k.clients.FetchSessionHandler [node1:8080] - [Consumer clientId=consumer-user-events-consumer-3, groupId=user-events-consumer] Error sending fetch request (sessionId=618987036, epoch=78) to node 1001:
org.apache.kafka.common.errors.DisconnectException: null
2025-12-10 20:11:42.014 [org.springframework.kafka.KafkaListenerEndpointContainer#2-0-C-1] INFO  o.a.k.clients.FetchSessionHandler [node1:8080] - [Consumer clientId=consumer-notification-batch-consumer-1, groupId=notification-batch-consumer] Error sending fetch request (sessionId=885543660, epoch=80) to node 1001:
org.apache.kafka.common.errors.DisconnectException: null
2025-12-10 20:11:42.026 [kafka-coordinator-heartbeat-thread | pattern-consumer] INFO  o.a.k.c.c.i.ConsumerCoordinator [node1:8080] - [Consumer clientId=consumer-pattern-consumer-2, groupId=pattern-consumer] Group coordinator localhost:9093 (id: 2147482646 rack: null) is unavailable or invalid due to cause: session timed out without receiving a heartbeat response.isDisconnected: false. Rediscovery will be attempted.
2025-12-10 20:11:42.026 [kafka-coordinator-heartbeat-thread | user-events-consumer] INFO  o.a.k.c.c.i.ConsumerCoordinator [node1:8080] - [Consumer clientId=consumer-user-events-consumer-3, groupId=user-events-consumer] Group coordinator localhost:9093 (id: 2147482646 rack: null) is unavailable or invalid due to cause: session timed out without receiving a heartbeat response.isDisconnected: false. Rediscovery will be attempted.
2025-12-10 20:11:42.013 [org.springframework.kafka.KafkaListenerEndpointContainer#3-0-C-1] INFO  o.a.k.clients.FetchSessionHandler [node1:8080] - [Consumer clientId=consumer-pattern-consumer-2, groupId=pattern-consumer] Error sending fetch request (sessionId=919345462, epoch=74) to node 1001:
org.apache.kafka.common.errors.DisconnectException: null
2025-12-10 20:11:42.020 [kafka-coordinator-heartbeat-thread | notification-batch-consumer] INFO  o.a.k.c.c.i.ConsumerCoordinator [node1:8080] - [Consumer clientId=consumer-notification-batch-consumer-1, groupId=notification-batch-consumer] Group coordinator localhost:9093 (id: 2147482646 rack: null) is unavailable or invalid due to cause: session timed out without receiving a heartbeat response.isDisconnected: false. Rediscovery will be attempted.
2025-12-10 20:11:42.020 [kafka-coordinator-heartbeat-thread | order-events-consumer] INFO  o.a.k.c.c.i.ConsumerCoordinator [node1:8080] - [Consumer clientId=consumer-order-events-consumer-4, groupId=order-events-consumer] Group coordinator localhost:9093 (id: 2147482646 rack: null) is unavailable or invalid due to cause: session timed out without receiving a heartbeat response.isDisconnected: false. Rediscovery will be attempted.
2025-12-10 20:11:43.759 [org.springframework.kafka.KafkaListenerEndpointContainer#0-0-C-1] INFO  o.a.k.c.c.i.ConsumerCoordinator [node1:8080] - [Consumer clientId=consumer-user-events-consumer-3, groupId=user-events-consumer] Discovered group coordinator localhost:9093 (id: 2147482646 rack: null)
2025-12-10 20:11:43.901 [org.springframework.kafka.KafkaListenerEndpointContainer#3-0-C-1] INFO  o.a.k.c.c.i.ConsumerCoordinator [node1:8080] - [Consumer clientId=consumer-pattern-consumer-2, groupId=pattern-consumer] Discovered group coordinator localhost:9093 (id: 2147482646 rack: null)
2025-12-10 20:11:43.928 [org.springframework.kafka.KafkaListenerEndpointContainer#2-0-C-1] INFO  o.a.k.c.c.i.ConsumerCoordinator [node1:8080] - [Consumer clientId=consumer-notification-batch-consumer-1, groupId=notification-batch-consumer] Discovered group coordinator localhost:9093 (id: 2147482646 rack: null)
2025-12-10 20:11:43.932 [org.springframework.kafka.KafkaListenerEndpointContainer#1-0-C-1] INFO  o.a.k.c.c.i.ConsumerCoordinator [node1:8080] - [Consumer clientId=consumer-order-events-consumer-4, groupId=order-events-consumer] Discovered group coordinator localhost:9093 (id: 2147482646 rack: null)
2025-12-10 20:11:44.024 [org.springframework.kafka.KafkaListenerEndpointContainer#1-0-C-1] INFO  o.a.k.c.c.i.ConsumerCoordinator [node1:8080] - [Consumer clientId=consumer-order-events-consumer-4, groupId=order-events-consumer] Discovered group coordinator localhost:9093 (id: 2147482646 rack: null)
2025-12-10 20:11:48.340 [HikariPool-1 housekeeper] WARN  com.zaxxer.hikari.pool.HikariPool [node1:8080] - HikariPool-1 - Thread starvation or clock leap detected (housekeeper delta=5m16s703ms).
2025-12-10 20:22:13.009 [org.springframework.kafka.KafkaListenerEndpointContainer#3-0-C-1] INFO  o.a.k.clients.FetchSessionHandler [node1:8080] - [Consumer clientId=consumer-pattern-consumer-2, groupId=pattern-consumer] Error sending fetch request (sessionId=1064066116, epoch=140) to node 1001:
org.apache.kafka.common.errors.DisconnectException: null
2025-12-10 20:22:13.009 [org.springframework.kafka.KafkaListenerEndpointContainer#2-0-C-1] INFO  o.a.k.clients.FetchSessionHandler [node1:8080] - [Consumer clientId=consumer-notification-batch-consumer-1, groupId=notification-batch-consumer] Error sending fetch request (sessionId=1938051216, epoch=139) to node 1001:
org.apache.kafka.common.errors.DisconnectException: null
2025-12-10 20:22:13.009 [org.springframework.kafka.KafkaListenerEndpointContainer#1-0-C-1] INFO  o.a.k.clients.FetchSessionHandler [node1:8080] - [Consumer clientId=consumer-order-events-consumer-4, groupId=order-events-consumer] Error sending fetch request (sessionId=514655521, epoch=139) to node 1001:
org.apache.kafka.common.errors.DisconnectException: null
2025-12-10 20:22:13.009 [org.springframework.kafka.KafkaListenerEndpointContainer#0-0-C-1] INFO  o.a.k.clients.FetchSessionHandler [node1:8080] - [Consumer clientId=consumer-user-events-consumer-3, groupId=user-events-consumer] Error sending fetch request (sessionId=651326324, epoch=140) to node 1001:
org.apache.kafka.common.errors.DisconnectException: null
2025-12-10 20:22:13.014 [kafka-coordinator-heartbeat-thread | notification-batch-consumer] INFO  o.a.k.c.c.i.ConsumerCoordinator [node1:8080] - [Consumer clientId=consumer-notification-batch-consumer-1, groupId=notification-batch-consumer] Group coordinator localhost:9093 (id: 2147482646 rack: null) is unavailable or invalid due to cause: session timed out without receiving a heartbeat response.isDisconnected: false. Rediscovery will be attempted.
2025-12-10 20:22:13.014 [kafka-coordinator-heartbeat-thread | pattern-consumer] INFO  o.a.k.c.c.i.ConsumerCoordinator [node1:8080] - [Consumer clientId=consumer-pattern-consumer-2, groupId=pattern-consumer] Group coordinator localhost:9093 (id: 2147482646 rack: null) is unavailable or invalid due to cause: session timed out without receiving a heartbeat response.isDisconnected: false. Rediscovery will be attempted.
2025-12-10 20:22:13.014 [kafka-coordinator-heartbeat-thread | user-events-consumer] INFO  o.a.k.c.c.i.ConsumerCoordinator [node1:8080] - [Consumer clientId=consumer-user-events-consumer-3, groupId=user-events-consumer] Group coordinator localhost:9093 (id: 2147482646 rack: null) is unavailable or invalid due to cause: session timed out without receiving a heartbeat response.isDisconnected: false. Rediscovery will be attempted.
2025-12-10 20:22:13.014 [kafka-coordinator-heartbeat-thread | order-events-consumer] INFO  o.a.k.c.c.i.ConsumerCoordinator [node1:8080] - [Consumer clientId=consumer-order-events-consumer-4, groupId=order-events-consumer] Group coordinator localhost:9093 (id: 2147482646 rack: null) is unavailable or invalid due to cause: session timed out without receiving a heartbeat response.isDisconnected: false. Rediscovery will be attempted.
2025-12-10 20:22:14.611 [org.springframework.kafka.KafkaListenerEndpointContainer#1-0-C-1] INFO  o.a.k.c.c.i.ConsumerCoordinator [node1:8080] - [Consumer clientId=consumer-order-events-consumer-4, groupId=order-events-consumer] Discovered group coordinator localhost:9093 (id: 2147482646 rack: null)
2025-12-10 20:22:14.612 [org.springframework.kafka.KafkaListenerEndpointContainer#1-0-C-1] INFO  o.a.k.c.c.i.ConsumerCoordinator [node1:8080] - [Consumer clientId=consumer-order-events-consumer-4, groupId=order-events-consumer] Discovered group coordinator localhost:9093 (id: 2147482646 rack: null)
2025-12-10 20:22:14.615 [org.springframework.kafka.KafkaListenerEndpointContainer#3-0-C-1] INFO  o.a.k.c.c.i.ConsumerCoordinator [node1:8080] - [Consumer clientId=consumer-pattern-consumer-2, groupId=pattern-consumer] Discovered group coordinator localhost:9093 (id: 2147482646 rack: null)
2025-12-10 20:22:14.684 [org.springframework.kafka.KafkaListenerEndpointContainer#3-0-C-1] INFO  o.a.k.c.c.i.ConsumerCoordinator [node1:8080] - [Consumer clientId=consumer-pattern-consumer-2, groupId=pattern-consumer] Discovered group coordinator localhost:9093 (id: 2147482646 rack: null)
2025-12-10 20:22:14.684 [org.springframework.kafka.KafkaListenerEndpointContainer#0-0-C-1] INFO  o.a.k.c.c.i.ConsumerCoordinator [node1:8080] - [Consumer clientId=consumer-user-events-consumer-3, groupId=user-events-consumer] Discovered group coordinator localhost:9093 (id: 2147482646 rack: null)
2025-12-10 20:22:14.685 [org.springframework.kafka.KafkaListenerEndpointContainer#0-0-C-1] INFO  o.a.k.c.c.i.ConsumerCoordinator [node1:8080] - [Consumer clientId=consumer-user-events-consumer-3, groupId=user-events-consumer] Discovered group coordinator localhost:9093 (id: 2147482646 rack: null)
2025-12-10 20:22:14.710 [org.springframework.kafka.KafkaListenerEndpointContainer#2-0-C-1] INFO  o.a.k.c.c.i.ConsumerCoordinator [node1:8080] - [Consumer clientId=consumer-notification-batch-consumer-1, groupId=notification-batch-consumer] Discovered group coordinator localhost:9093 (id: 2147482646 rack: null)
2025-12-10 20:22:14.717 [org.springframework.kafka.KafkaListenerEndpointContainer#2-0-C-1] INFO  o.a.k.c.c.i.ConsumerCoordinator [node1:8080] - [Consumer clientId=consumer-notification-batch-consumer-1, groupId=notification-batch-consumer] Discovered group coordinator localhost:9093 (id: 2147482646 rack: null)
2025-12-10 20:22:33.490 [HikariPool-1 housekeeper] WARN  com.zaxxer.hikari.pool.HikariPool [node1:8080] - HikariPool-1 - Thread starvation or clock leap detected (housekeeper delta=9m45s173ms).
2025-12-10 20:32:19.008 [HikariPool-1 housekeeper] WARN  com.zaxxer.hikari.pool.HikariPool [node1:8080] - HikariPool-1 - Thread starvation or clock leap detected (housekeeper delta=9m45s518ms).
2025-12-10 20:32:19.009 [org.springframework.kafka.KafkaListenerEndpointContainer#2-0-C-1] INFO  o.a.k.clients.FetchSessionHandler [node1:8080] - [Consumer clientId=consumer-notification-batch-consumer-1, groupId=notification-batch-consumer] Error sending fetch request (sessionId=866131492, epoch=35) to node 1001:
org.apache.kafka.common.errors.DisconnectException: null
2025-12-10 20:32:19.013 [kafka-coordinator-heartbeat-thread | pattern-consumer] INFO  o.a.k.c.c.i.ConsumerCoordinator [node1:8080] - [Consumer clientId=consumer-pattern-consumer-2, groupId=pattern-consumer] Group coordinator localhost:9093 (id: 2147482646 rack: null) is unavailable or invalid due to cause: session timed out without receiving a heartbeat response.isDisconnected: false. Rediscovery will be attempted.
2025-12-10 20:32:19.013 [kafka-coordinator-heartbeat-thread | notification-batch-consumer] INFO  o.a.k.c.c.i.ConsumerCoordinator [node1:8080] - [Consumer clientId=consumer-notification-batch-consumer-1, groupId=notification-batch-consumer] Group coordinator localhost:9093 (id: 2147482646 rack: null) is unavailable or invalid due to cause: session timed out without receiving a heartbeat response.isDisconnected: false. Rediscovery will be attempted.
2025-12-10 20:32:19.013 [kafka-coordinator-heartbeat-thread | user-events-consumer] INFO  o.a.k.c.c.i.ConsumerCoordinator [node1:8080] - [Consumer clientId=consumer-user-events-consumer-3, groupId=user-events-consumer] Group coordinator localhost:9093 (id: 2147482646 rack: null) is unavailable or invalid due to cause: session timed out without receiving a heartbeat response.isDisconnected: false. Rediscovery will be attempted.
2025-12-10 20:32:19.013 [kafka-coordinator-heartbeat-thread | order-events-consumer] INFO  o.a.k.c.c.i.ConsumerCoordinator [node1:8080] - [Consumer clientId=consumer-order-events-consumer-4, groupId=order-events-consumer] Group coordinator localhost:9093 (id: 2147482646 rack: null) is unavailable or invalid due to cause: session timed out without receiving a heartbeat response.isDisconnected: false. Rediscovery will be attempted.
2025-12-10 20:32:19.009 [org.springframework.kafka.KafkaListenerEndpointContainer#1-0-C-1] INFO  o.a.k.clients.FetchSessionHandler [node1:8080] - [Consumer clientId=consumer-order-events-consumer-4, groupId=order-events-consumer] Error sending fetch request (sessionId=1104582988, epoch=38) to node 1001:
org.apache.kafka.common.errors.DisconnectException: null
2025-12-10 20:32:19.009 [org.springframework.kafka.KafkaListenerEndpointContainer#3-0-C-1] INFO  o.a.k.clients.FetchSessionHandler [node1:8080] - [Consumer clientId=consumer-pattern-consumer-2, groupId=pattern-consumer] Error sending fetch request (sessionId=302366198, epoch=33) to node 1001:
org.apache.kafka.common.errors.DisconnectException: null
2025-12-10 20:32:19.009 [org.springframework.kafka.KafkaListenerEndpointContainer#0-0-C-1] INFO  o.a.k.clients.FetchSessionHandler [node1:8080] - [Consumer clientId=consumer-user-events-consumer-3, groupId=user-events-consumer] Error sending fetch request (sessionId=276503724, epoch=38) to node 1001:
org.apache.kafka.common.errors.DisconnectException: null
2025-12-10 20:32:21.616 [org.springframework.kafka.KafkaListenerEndpointContainer#0-0-C-1] INFO  o.a.k.c.c.i.ConsumerCoordinator [node1:8080] - [Consumer clientId=consumer-user-events-consumer-3, groupId=user-events-consumer] Discovered group coordinator localhost:9093 (id: 2147482646 rack: null)
2025-12-10 20:32:21.617 [org.springframework.kafka.KafkaListenerEndpointContainer#0-0-C-1] INFO  o.a.k.c.c.i.ConsumerCoordinator [node1:8080] - [Consumer clientId=consumer-user-events-consumer-3, groupId=user-events-consumer] Discovered group coordinator localhost:9093 (id: 2147482646 rack: null)
2025-12-10 20:32:21.650 [org.springframework.kafka.KafkaListenerEndpointContainer#1-0-C-1] INFO  o.a.k.c.c.i.ConsumerCoordinator [node1:8080] - [Consumer clientId=consumer-order-events-consumer-4, groupId=order-events-consumer] Discovered group coordinator localhost:9093 (id: 2147482646 rack: null)
2025-12-10 20:32:22.137 [org.springframework.kafka.KafkaListenerEndpointContainer#3-0-C-1] INFO  o.a.k.c.c.i.ConsumerCoordinator [node1:8080] - [Consumer clientId=consumer-pattern-consumer-2, groupId=pattern-consumer] Discovered group coordinator localhost:9093 (id: 2147482646 rack: null)
2025-12-10 20:32:21.738 [org.springframework.kafka.KafkaListenerEndpointContainer#2-0-C-1] INFO  o.a.k.c.c.i.ConsumerCoordinator [node1:8080] - [Consumer clientId=consumer-notification-batch-consumer-1, groupId=notification-batch-consumer] Discovered group coordinator localhost:9093 (id: 2147482646 rack: null)
2025-12-10 20:32:21.957 [org.springframework.kafka.KafkaListenerEndpointContainer#2-0-C-1] INFO  o.a.k.c.c.i.ConsumerCoordinator [node1:8080] - [Consumer clientId=consumer-notification-batch-consumer-1, groupId=notification-batch-consumer] Discovered group coordinator localhost:9093 (id: 2147482646 rack: null)
2025-12-10 20:32:47.077 [HikariPool-1 housekeeper] WARN  com.zaxxer.hikari.pool.HikariPool [node1:8080] - HikariPool-1 - Retrograde clock change detected (housekeeper delta=28s69ms), soft-evicting connections from pool.
2025-12-10 20:42:23.008 [org.springframework.kafka.KafkaListenerEndpointContainer#0-0-C-1] INFO  o.a.k.clients.FetchSessionHandler [node1:8080] - [Consumer clientId=consumer-user-events-consumer-3, groupId=user-events-consumer] Error sending fetch request (sessionId=1246704218, epoch=14) to node 1001:
org.apache.kafka.common.errors.DisconnectException: null
2025-12-10 20:42:23.008 [org.springframework.kafka.KafkaListenerEndpointContainer#2-0-C-1] INFO  o.a.k.clients.FetchSessionHandler [node1:8080] - [Consumer clientId=consumer-notification-batch-consumer-1, groupId=notification-batch-consumer] Error sending fetch request (sessionId=2101450074, epoch=13) to node 1001:
org.apache.kafka.common.errors.DisconnectException: null
2025-12-10 20:42:23.011 [kafka-coordinator-heartbeat-thread | user-events-consumer] INFO  o.a.k.c.c.i.ConsumerCoordinator [node1:8080] - [Consumer clientId=consumer-user-events-consumer-3, groupId=user-events-consumer] Group coordinator localhost:9093 (id: 2147482646 rack: null) is unavailable or invalid due to cause: session timed out without receiving a heartbeat response.isDisconnected: false. Rediscovery will be attempted.
2025-12-10 20:42:23.013 [kafka-coordinator-heartbeat-thread | notification-batch-consumer] INFO  o.a.k.c.c.i.ConsumerCoordinator [node1:8080] - [Consumer clientId=consumer-notification-batch-consumer-1, groupId=notification-batch-consumer] Group coordinator localhost:9093 (id: 2147482646 rack: null) is unavailable or invalid due to cause: session timed out without receiving a heartbeat response.isDisconnected: false. Rediscovery will be attempted.
2025-12-10 20:42:23.013 [kafka-coordinator-heartbeat-thread | order-events-consumer] INFO  o.a.k.clients.FetchSessionHandler [node1:8080] - [Consumer clientId=consumer-order-events-consumer-4, groupId=order-events-consumer] Error sending fetch request (sessionId=190963467, epoch=17) to node 1001:
org.apache.kafka.common.errors.DisconnectException: null
2025-12-10 20:42:24.111 [kafka-coordinator-heartbeat-thread | pattern-consumer] INFO  o.a.k.c.c.i.ConsumerCoordinator [node1:8080] - [Consumer clientId=consumer-pattern-consumer-2, groupId=pattern-consumer] Group coordinator localhost:9093 (id: 2147482646 rack: null) is unavailable or invalid due to cause: null.isDisconnected: true. Rediscovery will be attempted.
2025-12-10 20:42:24.112 [kafka-coordinator-heartbeat-thread | order-events-consumer] INFO  o.a.k.c.c.i.ConsumerCoordinator [node1:8080] - [Consumer clientId=consumer-order-events-consumer-4, groupId=order-events-consumer] Group coordinator localhost:9093 (id: 2147482646 rack: null) is unavailable or invalid due to cause: session timed out without receiving a heartbeat response.isDisconnected: false. Rediscovery will be attempted.
2025-12-10 20:42:24.115 [kafka-coordinator-heartbeat-thread | pattern-consumer] INFO  o.a.k.clients.FetchSessionHandler [node1:8080] - [Consumer clientId=consumer-pattern-consumer-2, groupId=pattern-consumer] Error sending fetch request (sessionId=218041136, epoch=16) to node 1001:
org.apache.kafka.common.errors.DisconnectException: null
2025-12-10 20:42:29.104 [org.springframework.kafka.KafkaListenerEndpointContainer#1-0-C-1] INFO  o.a.k.c.c.i.ConsumerCoordinator [node1:8080] - [Consumer clientId=consumer-order-events-consumer-4, groupId=order-events-consumer] Discovered group coordinator localhost:9093 (id: 2147482646 rack: null)
2025-12-10 20:42:30.494 [org.springframework.kafka.KafkaListenerEndpointContainer#1-0-C-1] INFO  o.a.k.c.c.i.ConsumerCoordinator [node1:8080] - [Consumer clientId=consumer-order-events-consumer-4, groupId=order-events-consumer] Discovered group coordinator localhost:9093 (id: 2147482646 rack: null)
2025-12-10 20:42:30.641 [org.springframework.kafka.KafkaListenerEndpointContainer#2-0-C-1] INFO  o.a.k.c.c.i.ConsumerCoordinator [node1:8080] - [Consumer clientId=consumer-notification-batch-consumer-1, groupId=notification-batch-consumer] Discovered group coordinator localhost:9093 (id: 2147482646 rack: null)
2025-12-10 20:42:30.920 [org.springframework.kafka.KafkaListenerEndpointContainer#2-0-C-1] INFO  o.a.k.c.c.i.ConsumerCoordinator [node1:8080] - [Consumer clientId=consumer-notification-batch-consumer-1, groupId=notification-batch-consumer] Discovered group coordinator localhost:9093 (id: 2147482646 rack: null)
2025-12-10 20:42:30.931 [org.springframework.kafka.KafkaListenerEndpointContainer#3-0-C-1] INFO  o.a.k.c.c.i.ConsumerCoordinator [node1:8080] - [Consumer clientId=consumer-pattern-consumer-2, groupId=pattern-consumer] Discovered group coordinator localhost:9093 (id: 2147482646 rack: null)
2025-12-10 20:42:31.159 [org.springframework.kafka.KafkaListenerEndpointContainer#3-0-C-1] INFO  o.a.k.c.c.i.ConsumerCoordinator [node1:8080] - [Consumer clientId=consumer-pattern-consumer-2, groupId=pattern-consumer] Discovered group coordinator localhost:9093 (id: 2147482646 rack: null)
2025-12-10 20:42:32.845 [org.springframework.kafka.KafkaListenerEndpointContainer#0-0-C-1] INFO  o.a.k.c.c.i.ConsumerCoordinator [node1:8080] - [Consumer clientId=consumer-user-events-consumer-3, groupId=user-events-consumer] Discovered group coordinator localhost:9093 (id: 2147482646 rack: null)
2025-12-10 20:42:33.057 [org.springframework.kafka.KafkaListenerEndpointContainer#0-0-C-1] INFO  o.a.k.c.c.i.ConsumerCoordinator [node1:8080] - [Consumer clientId=consumer-user-events-consumer-3, groupId=user-events-consumer] Discovered group coordinator localhost:9093 (id: 2147482646 rack: null)
2025-12-10 20:42:34.623 [HikariPool-1 housekeeper] WARN  com.zaxxer.hikari.pool.HikariPool [node1:8080] - HikariPool-1 - Thread starvation or clock leap detected (housekeeper delta=9m47s546ms).
2025-12-10 20:43:01.358 [org.springframework.kafka.KafkaListenerEndpointContainer#3-0-C-1] INFO  o.a.k.clients.FetchSessionHandler [node1:8080] - [Consumer clientId=consumer-pattern-consumer-2, groupId=pattern-consumer] Error sending fetch request (sessionId=56578830, epoch=1) to node 1001:
org.apache.kafka.common.errors.DisconnectException: null
2025-12-10 20:43:03.075 [org.springframework.kafka.KafkaListenerEndpointContainer#0-0-C-1] INFO  o.a.k.clients.FetchSessionHandler [node1:8080] - [Consumer clientId=consumer-user-events-consumer-3, groupId=user-events-consumer] Error sending fetch request (sessionId=647606339, epoch=1) to node 1001:
org.apache.kafka.common.errors.DisconnectException: null
2025-12-10 20:43:03.075 [kafka-coordinator-heartbeat-thread | user-events-consumer] INFO  o.a.k.c.c.i.ConsumerCoordinator [node1:8080] - [Consumer clientId=consumer-user-events-consumer-3, groupId=user-events-consumer] Group coordinator localhost:9093 (id: 2147482646 rack: null) is unavailable or invalid due to cause: null.isDisconnected: true. Rediscovery will be attempted.
2025-12-10 20:43:03.354 [org.springframework.kafka.KafkaListenerEndpointContainer#2-0-C-1] INFO  o.a.k.clients.FetchSessionHandler [node1:8080] - [Consumer clientId=consumer-notification-batch-consumer-1, groupId=notification-batch-consumer] Error sending fetch request (sessionId=680602284, epoch=2) to node 1001:
org.apache.kafka.common.errors.DisconnectException: null
2025-12-10 20:52:31.015 [kafka-coordinator-heartbeat-thread | order-events-consumer] INFO  o.a.k.c.c.i.ConsumerCoordinator [node1:8080] - [Consumer clientId=consumer-order-events-consumer-4, groupId=order-events-consumer] Group coordinator localhost:9093 (id: 2147482646 rack: null) is unavailable or invalid due to cause: null.isDisconnected: true. Rediscovery will be attempted.
2025-12-10 20:52:32.108 [kafka-coordinator-heartbeat-thread | order-events-consumer] INFO  o.a.k.clients.FetchSessionHandler [node1:8080] - [Consumer clientId=consumer-order-events-consumer-4, groupId=order-events-consumer] Error sending fetch request (sessionId=1562531532, epoch=2) to node 1001:
org.apache.kafka.common.errors.DisconnectException: null
2025-12-10 20:52:32.109 [org.springframework.kafka.KafkaListenerEndpointContainer#2-0-C-1] INFO  o.a.k.clients.FetchSessionHandler [node1:8080] - [Consumer clientId=consumer-notification-batch-consumer-1, groupId=notification-batch-consumer] Error sending fetch request (sessionId=680602284, epoch=INITIAL) to node 1001:
org.apache.kafka.common.errors.DisconnectException: null
2025-12-10 20:52:32.110 [kafka-coordinator-heartbeat-thread | pattern-consumer] INFO  o.a.k.c.c.i.ConsumerCoordinator [node1:8080] - [Consumer clientId=consumer-pattern-consumer-2, groupId=pattern-consumer] Group coordinator localhost:9093 (id: 2147482646 rack: null) is unavailable or invalid due to cause: session timed out without receiving a heartbeat response.isDisconnected: false. Rediscovery will be attempted.
2025-12-10 20:52:32.109 [org.springframework.kafka.KafkaListenerEndpointContainer#3-0-C-1] INFO  o.a.k.clients.FetchSessionHandler [node1:8080] - [Consumer clientId=consumer-pattern-consumer-2, groupId=pattern-consumer] Error sending fetch request (sessionId=56578830, epoch=INITIAL) to node 1001:
org.apache.kafka.common.errors.DisconnectException: null
2025-12-10 20:52:32.117 [kafka-coordinator-heartbeat-thread | notification-batch-consumer] INFO  o.a.k.c.c.i.ConsumerCoordinator [node1:8080] - [Consumer clientId=consumer-notification-batch-consumer-1, groupId=notification-batch-consumer] Group coordinator localhost:9093 (id: 2147482646 rack: null) is unavailable or invalid due to cause: session timed out without receiving a heartbeat response.isDisconnected: false. Rediscovery will be attempted.
2025-12-10 20:52:32.124 [org.springframework.kafka.KafkaListenerEndpointContainer#0-0-C-1] INFO  o.a.k.clients.FetchSessionHandler [node1:8080] - [Consumer clientId=consumer-user-events-consumer-3, groupId=user-events-consumer] Error sending fetch request (sessionId=647606339, epoch=INITIAL) to node 1001:
org.apache.kafka.common.errors.DisconnectException: null
2025-12-10 20:52:38.164 [org.springframework.kafka.KafkaListenerEndpointContainer#2-0-C-1] INFO  o.a.k.c.c.i.ConsumerCoordinator [node1:8080] - [Consumer clientId=consumer-notification-batch-consumer-1, groupId=notification-batch-consumer] Discovered group coordinator localhost:9093 (id: 2147482646 rack: null)
2025-12-10 20:52:38.180 [org.springframework.kafka.KafkaListenerEndpointContainer#2-0-C-1] INFO  o.a.k.c.c.i.ConsumerCoordinator [node1:8080] - [Consumer clientId=consumer-notification-batch-consumer-1, groupId=notification-batch-consumer] Discovered group coordinator localhost:9093 (id: 2147482646 rack: null)
2025-12-10 20:52:38.193 [org.springframework.kafka.KafkaListenerEndpointContainer#2-0-C-1] INFO  o.a.k.c.c.i.ConsumerCoordinator [node1:8080] - [Consumer clientId=consumer-notification-batch-consumer-1, groupId=notification-batch-consumer] Discovered group coordinator localhost:9093 (id: 2147482646 rack: null)
2025-12-10 20:52:38.231 [org.springframework.kafka.KafkaListenerEndpointContainer#1-0-C-1] INFO  o.a.k.c.c.i.ConsumerCoordinator [node1:8080] - [Consumer clientId=consumer-order-events-consumer-4, groupId=order-events-consumer] Discovered group coordinator localhost:9093 (id: 2147482646 rack: null)
2025-12-10 20:52:38.963 [org.springframework.kafka.KafkaListenerEndpointContainer#3-0-C-1] INFO  o.a.k.c.c.i.ConsumerCoordinator [node1:8080] - [Consumer clientId=consumer-pattern-consumer-2, groupId=pattern-consumer] Discovered group coordinator localhost:9093 (id: 2147482646 rack: null)
2025-12-10 20:52:38.963 [org.springframework.kafka.KafkaListenerEndpointContainer#0-0-C-1] INFO  o.a.k.c.c.i.ConsumerCoordinator [node1:8080] - [Consumer clientId=consumer-user-events-consumer-3, groupId=user-events-consumer] Discovered group coordinator localhost:9093 (id: 2147482646 rack: null)
2025-12-10 20:52:38.963 [org.springframework.kafka.KafkaListenerEndpointContainer#1-0-C-1] INFO  o.a.k.c.c.i.ConsumerCoordinator [node1:8080] - [Consumer clientId=consumer-order-events-consumer-4, groupId=order-events-consumer] Discovered group coordinator localhost:9093 (id: 2147482646 rack: null)
2025-12-10 20:52:38.968 [org.springframework.kafka.KafkaListenerEndpointContainer#0-0-C-1] INFO  o.a.k.c.c.i.ConsumerCoordinator [node1:8080] - [Consumer clientId=consumer-user-events-consumer-3, groupId=user-events-consumer] Discovered group coordinator localhost:9093 (id: 2147482646 rack: null)
2025-12-10 20:52:39.943 [org.springframework.kafka.KafkaListenerEndpointContainer#2-0-C-1] INFO  o.a.k.c.c.i.ConsumerCoordinator [node1:8080] - [Consumer clientId=consumer-notification-batch-consumer-1, groupId=notification-batch-consumer] Discovered group coordinator localhost:9093 (id: 2147482646 rack: null)
2025-12-10 20:52:40.525 [org.springframework.kafka.KafkaListenerEndpointContainer#0-0-C-1] INFO  o.a.k.c.c.i.ConsumerCoordinator [node1:8080] - [Consumer clientId=consumer-user-events-consumer-3, groupId=user-events-consumer] Discovered group coordinator localhost:9093 (id: 2147482646 rack: null)
2025-12-10 20:52:50.118 [HikariPool-1 housekeeper] WARN  com.zaxxer.hikari.pool.HikariPool [node1:8080] - HikariPool-1 - Thread starvation or clock leap detected (housekeeper delta=9m45s495ms).
2025-12-10 20:52:54.788 [org.springframework.kafka.KafkaListenerEndpointContainer#0-0-C-1] INFO  o.a.k.c.c.i.ConsumerCoordinator [node1:8080] - [Consumer clientId=consumer-user-events-consumer-3, groupId=user-events-consumer] Attempt to heartbeat with Generation{generationId=31, memberId='consumer-user-events-consumer-3-bb70b033-5557-4875-a023-6b54c92e26bc', protocol='range'} and group instance id Optional.empty failed due to UNKNOWN_MEMBER_ID, resetting generation
2025-12-10 20:52:54.792 [org.springframework.kafka.KafkaListenerEndpointContainer#0-0-C-1] INFO  o.a.k.c.c.i.ConsumerCoordinator [node1:8080] - [Consumer clientId=consumer-user-events-consumer-3, groupId=user-events-consumer] Resetting generation due to: encountered UNKNOWN_MEMBER_ID from HEARTBEAT response
2025-12-10 20:52:54.793 [org.springframework.kafka.KafkaListenerEndpointContainer#0-0-C-1] INFO  o.a.k.c.c.i.ConsumerCoordinator [node1:8080] - [Consumer clientId=consumer-user-events-consumer-3, groupId=user-events-consumer] Request joining group due to: encountered UNKNOWN_MEMBER_ID from HEARTBEAT response
2025-12-10 20:52:54.799 [org.springframework.kafka.KafkaListenerEndpointContainer#0-0-C-1] INFO  o.a.k.c.c.i.ConsumerCoordinator [node1:8080] - [Consumer clientId=consumer-user-events-consumer-3, groupId=user-events-consumer] Giving away all assigned partitions as lost since generation has been reset,indicating that consumer is no longer part of the group
2025-12-10 20:52:54.805 [org.springframework.kafka.KafkaListenerEndpointContainer#0-0-C-1] INFO  o.a.k.c.c.i.ConsumerCoordinator [node1:8080] - [Consumer clientId=consumer-user-events-consumer-3, groupId=user-events-consumer] Lost previously assigned partitions user-events-topic-1, user-events-topic-2, user-events-topic-0
2025-12-10 20:52:54.938 [org.springframework.kafka.KafkaListenerEndpointContainer#0-0-C-1] INFO  o.s.k.l.KafkaMessageListenerContainer [node1:8080] - user-events-consumer: partitions lost: [user-events-topic-1, user-events-topic-2, user-events-topic-0]
2025-12-10 20:52:54.951 [org.springframework.kafka.KafkaListenerEndpointContainer#0-0-C-1] INFO  o.s.k.l.KafkaMessageListenerContainer [node1:8080] - user-events-consumer: partitions revoked: [user-events-topic-1, user-events-topic-2, user-events-topic-0]
2025-12-10 20:52:54.991 [org.springframework.kafka.KafkaListenerEndpointContainer#0-0-C-1] INFO  o.a.k.c.c.i.ConsumerCoordinator [node1:8080] - [Consumer clientId=consumer-user-events-consumer-3, groupId=user-events-consumer] (Re-)joining group
2025-12-10 20:52:55.044 [org.springframework.kafka.KafkaListenerEndpointContainer#0-0-C-1] INFO  o.a.k.c.c.i.ConsumerCoordinator [node1:8080] - [Consumer clientId=consumer-user-events-consumer-3, groupId=user-events-consumer] Attempt to heartbeat with stale Generation{generationId=31, memberId='consumer-user-events-consumer-3-bb70b033-5557-4875-a023-6b54c92e26bc', protocol='range'} and group instance id Optional.empty failed due to UNKNOWN_MEMBER_ID, ignoring the error
2025-12-10 20:52:55.801 [org.springframework.kafka.KafkaListenerEndpointContainer#0-0-C-1] INFO  o.a.k.c.c.i.ConsumerCoordinator [node1:8080] - [Consumer clientId=consumer-user-events-consumer-3, groupId=user-events-consumer] Attempt to heartbeat with stale Generation{generationId=31, memberId='consumer-user-events-consumer-3-bb70b033-5557-4875-a023-6b54c92e26bc', protocol='range'} and group instance id Optional.empty failed due to UNKNOWN_MEMBER_ID, ignoring the error
2025-12-10 20:52:57.853 [org.springframework.kafka.KafkaListenerEndpointContainer#0-0-C-1] INFO  o.a.k.c.c.i.ConsumerCoordinator [node1:8080] - [Consumer clientId=consumer-user-events-consumer-3, groupId=user-events-consumer] Attempt to heartbeat with stale Generation{generationId=31, memberId='consumer-user-events-consumer-3-bb70b033-5557-4875-a023-6b54c92e26bc', protocol='range'} and group instance id Optional.empty failed due to UNKNOWN_MEMBER_ID, ignoring the error
2025-12-10 20:52:58.157 [HikariPool-1 connection adder] ERROR com.zaxxer.hikari.pool.HikariPool [node1:8080] - HikariPool-1 - Error thrown while acquiring connection from data source
com.mysql.cj.jdbc.exceptions.CommunicationsException: Communications link failure

The last packet successfully received from the server was 5,195 milliseconds ago. The last packet sent successfully to the server was 10,200 milliseconds ago.
	at com.mysql.cj.jdbc.exceptions.SQLError.createCommunicationsException(SQLError.java:174)
	at com.mysql.cj.jdbc.exceptions.SQLExceptionsMapping.translateException(SQLExceptionsMapping.java:64)
	at com.mysql.cj.jdbc.ConnectionImpl.isReadOnly(ConnectionImpl.java:1402)
	at com.mysql.cj.jdbc.ConnectionImpl.isReadOnly(ConnectionImpl.java:1387)
	at com.zaxxer.hikari.pool.PoolBase.setupConnection(PoolBase.java:408)
	at com.zaxxer.hikari.pool.PoolBase.newConnection(PoolBase.java:369)
	at com.zaxxer.hikari.pool.PoolBase.newPoolEntry(PoolBase.java:206)
	at com.zaxxer.hikari.pool.HikariPool.createPoolEntry(HikariPool.java:476)
	at com.zaxxer.hikari.pool.HikariPool.access$100(HikariPool.java:71)
	at com.zaxxer.hikari.pool.HikariPool$PoolEntryCreator.call(HikariPool.java:726)
	at com.zaxxer.hikari.pool.HikariPool$PoolEntryCreator.call(HikariPool.java:712)
	at java.base/java.util.concurrent.FutureTask.run(FutureTask.java:264)
	at java.base/java.util.concurrent.ThreadPoolExecutor.runWorker(ThreadPoolExecutor.java:1128)
	at java.base/java.util.concurrent.ThreadPoolExecutor$Worker.run(ThreadPoolExecutor.java:628)
	at java.base/java.lang.Thread.run(Thread.java:829)
Caused by: com.mysql.cj.exceptions.CJCommunicationsException: Communications link failure

The last packet successfully received from the server was 5,195 milliseconds ago. The last packet sent successfully to the server was 10,200 milliseconds ago.
	at java.base/jdk.internal.reflect.NativeConstructorAccessorImpl.newInstance0(Native Method)
	at java.base/jdk.internal.reflect.NativeConstructorAccessorImpl.newInstance(NativeConstructorAccessorImpl.java:62)
	at java.base/jdk.internal.reflect.DelegatingConstructorAccessorImpl.newInstance(DelegatingConstructorAccessorImpl.java:45)
	at java.base/java.lang.reflect.Constructor.newInstance(Constructor.java:490)
	at com.mysql.cj.exceptions.ExceptionFactory.createException(ExceptionFactory.java:61)
	at com.mysql.cj.exceptions.ExceptionFactory.createException(ExceptionFactory.java:105)
	at com.mysql.cj.exceptions.ExceptionFactory.createException(ExceptionFactory.java:151)
	at com.mysql.cj.exceptions.ExceptionFactory.createCommunicationsException(ExceptionFactory.java:167)
	at com.mysql.cj.protocol.a.NativeProtocol.readMessage(NativeProtocol.java:581)
	at com.mysql.cj.protocol.a.NativeProtocol.checkErrorMessage(NativeProtocol.java:761)
	at com.mysql.cj.protocol.a.NativeProtocol.sendCommand(NativeProtocol.java:700)
	at com.mysql.cj.protocol.a.NativeProtocol.sendCommand(NativeProtocol.java:155)
	at com.mysql.cj.NativeSession.queryServerVariable(NativeSession.java:597)
	at com.mysql.cj.jdbc.ConnectionImpl.isReadOnly(ConnectionImpl.java:1394)
	... 12 common frames omitted
Caused by: java.net.SocketTimeoutException: Read timed out
	at java.base/java.net.SocketInputStream.socketRead0(Native Method)
	at java.base/java.net.SocketInputStream.socketRead(SocketInputStream.java:115)
	at java.base/java.net.SocketInputStream.read(SocketInputStream.java:168)
	at java.base/java.net.SocketInputStream.read(SocketInputStream.java:140)
	at com.mysql.cj.protocol.ReadAheadInputStream.fill(ReadAheadInputStream.java:107)
	at com.mysql.cj.protocol.ReadAheadInputStream.readFromUnderlyingStreamIfNecessary(ReadAheadInputStream.java:150)
	at com.mysql.cj.protocol.ReadAheadInputStream.read(ReadAheadInputStream.java:180)
	at java.base/java.io.FilterInputStream.read(FilterInputStream.java:133)
	at com.mysql.cj.protocol.FullReadInputStream.readFully(FullReadInputStream.java:64)
	at com.mysql.cj.protocol.a.SimplePacketReader.readHeaderLocal(SimplePacketReader.java:81)
	at com.mysql.cj.protocol.a.SimplePacketReader.readHeader(SimplePacketReader.java:63)
	at com.mysql.cj.protocol.a.SimplePacketReader.readHeader(SimplePacketReader.java:45)
	at com.mysql.cj.protocol.a.TimeTrackingPacketReader.readHeader(TimeTrackingPacketReader.java:52)
	at com.mysql.cj.protocol.a.TimeTrackingPacketReader.readHeader(TimeTrackingPacketReader.java:41)
	at com.mysql.cj.protocol.a.MultiPacketReader.readHeader(MultiPacketReader.java:54)
	at com.mysql.cj.protocol.a.MultiPacketReader.readHeader(MultiPacketReader.java:44)
	at com.mysql.cj.protocol.a.NativeProtocol.readMessage(NativeProtocol.java:575)
	... 17 common frames omitted
2025-12-10 20:52:59.972 [org.springframework.kafka.KafkaListenerEndpointContainer#0-0-C-1] INFO  o.a.k.c.c.i.ConsumerCoordinator [node1:8080] - [Consumer clientId=consumer-user-events-consumer-3, groupId=user-events-consumer] Attempt to heartbeat with stale Generation{generationId=31, memberId='consumer-user-events-consumer-3-bb70b033-5557-4875-a023-6b54c92e26bc', protocol='range'} and group instance id Optional.empty failed due to UNKNOWN_MEMBER_ID, ignoring the error
2025-12-10 20:53:08.417 [kafka-coordinator-heartbeat-thread | pattern-consumer] INFO  o.a.k.clients.FetchSessionHandler [node1:8080] - [Consumer clientId=consumer-pattern-consumer-2, groupId=pattern-consumer] Error sending fetch request (sessionId=56578830, epoch=INITIAL) to node 1001:
org.apache.kafka.common.errors.DisconnectException: null
2025-12-10 20:53:09.865 [org.springframework.kafka.KafkaListenerEndpointContainer#1-0-C-1] INFO  o.a.k.clients.FetchSessionHandler [node1:8080] - [Consumer clientId=consumer-order-events-consumer-4, groupId=order-events-consumer] Error sending fetch request (sessionId=1397616762, epoch=1) to node 1001:
org.apache.kafka.common.errors.DisconnectException: null
2025-12-10 20:53:09.965 [org.springframework.kafka.KafkaListenerEndpointContainer#2-0-C-1] INFO  o.a.k.clients.FetchSessionHandler [node1:8080] - [Consumer clientId=consumer-notification-batch-consumer-1, groupId=notification-batch-consumer] Error sending fetch request (sessionId=99490053, epoch=1) to node 1001:
org.apache.kafka.common.errors.DisconnectException: null
2025-12-10 20:53:10.859 [org.springframework.kafka.KafkaListenerEndpointContainer#0-0-C-1] INFO  o.a.k.clients.FetchSessionHandler [node1:8080] - [Consumer clientId=consumer-user-events-consumer-3, groupId=user-events-consumer] Error sending fetch request (sessionId=1696409026, epoch=1) to node 1001:
org.apache.kafka.common.errors.DisconnectException: null
2025-12-10 21:02:37.008 [org.springframework.kafka.KafkaListenerEndpointContainer#0-0-C-1] INFO  o.a.k.c.c.i.ConsumerCoordinator [node1:8080] - [Consumer clientId=consumer-user-events-consumer-3, groupId=user-events-consumer] Group coordinator localhost:9093 (id: 2147482646 rack: null) is unavailable or invalid due to cause: null.isDisconnected: true. Rediscovery will be attempted.
2025-12-10 21:02:37.154 [org.springframework.kafka.KafkaListenerEndpointContainer#3-0-C-1] INFO  o.a.k.clients.FetchSessionHandler [node1:8080] - [Consumer clientId=consumer-pattern-consumer-2, groupId=pattern-consumer] Error sending fetch request (sessionId=56578830, epoch=INITIAL) to node 1001:
org.apache.kafka.common.errors.DisconnectException: null
2025-12-10 21:02:37.253 [org.springframework.kafka.KafkaListenerEndpointContainer#2-0-C-1] INFO  o.a.k.clients.FetchSessionHandler [node1:8080] - [Consumer clientId=consumer-notification-batch-consumer-1, groupId=notification-batch-consumer] Error sending fetch request (sessionId=99490053, epoch=INITIAL) to node 1001:
org.apache.kafka.common.errors.DisconnectException: null
2025-12-10 21:02:37.253 [kafka-coordinator-heartbeat-thread | notification-batch-consumer] INFO  o.a.k.c.c.i.ConsumerCoordinator [node1:8080] - [Consumer clientId=consumer-notification-batch-consumer-1, groupId=notification-batch-consumer] Group coordinator localhost:9093 (id: 2147482646 rack: null) is unavailable or invalid due to cause: session timed out without receiving a heartbeat response.isDisconnected: false. Rediscovery will be attempted.
2025-12-10 21:02:37.156 [kafka-coordinator-heartbeat-thread | order-events-consumer] INFO  o.a.k.c.c.i.ConsumerCoordinator [node1:8080] - [Consumer clientId=consumer-order-events-consumer-4, groupId=order-events-consumer] Group coordinator localhost:9093 (id: 2147482646 rack: null) is unavailable or invalid due to cause: session timed out without receiving a heartbeat response.isDisconnected: false. Rediscovery will be attempted.
2025-12-10 21:02:37.156 [org.springframework.kafka.KafkaListenerEndpointContainer#1-0-C-1] INFO  o.a.k.clients.FetchSessionHandler [node1:8080] - [Consumer clientId=consumer-order-events-consumer-4, groupId=order-events-consumer] Error sending fetch request (sessionId=1397616762, epoch=INITIAL) to node 1001:
org.apache.kafka.common.errors.DisconnectException: null
2025-12-10 21:02:37.155 [kafka-coordinator-heartbeat-thread | pattern-consumer] INFO  o.a.k.c.c.i.ConsumerCoordinator [node1:8080] - [Consumer clientId=consumer-pattern-consumer-2, groupId=pattern-consumer] Group coordinator localhost:9093 (id: 2147482646 rack: null) is unavailable or invalid due to cause: session timed out without receiving a heartbeat response.isDisconnected: false. Rediscovery will be attempted.
2025-12-10 21:02:40.928 [org.springframework.kafka.KafkaListenerEndpointContainer#2-0-C-1] INFO  o.a.k.c.c.i.ConsumerCoordinator [node1:8080] - [Consumer clientId=consumer-notification-batch-consumer-1, groupId=notification-batch-consumer] Discovered group coordinator localhost:9093 (id: 2147482646 rack: null)
2025-12-10 21:02:41.229 [org.springframework.kafka.KafkaListenerEndpointContainer#1-0-C-1] INFO  o.a.k.c.c.i.ConsumerCoordinator [node1:8080] - [Consumer clientId=consumer-order-events-consumer-4, groupId=order-events-consumer] Discovered group coordinator localhost:9093 (id: 2147482646 rack: null)
2025-12-10 21:02:41.247 [org.springframework.kafka.KafkaListenerEndpointContainer#1-0-C-1] INFO  o.a.k.c.c.i.ConsumerCoordinator [node1:8080] - [Consumer clientId=consumer-order-events-consumer-4, groupId=order-events-consumer] Discovered group coordinator localhost:9093 (id: 2147482646 rack: null)
2025-12-10 21:02:41.273 [org.springframework.kafka.KafkaListenerEndpointContainer#2-0-C-1] INFO  o.a.k.c.c.i.ConsumerCoordinator [node1:8080] - [Consumer clientId=consumer-notification-batch-consumer-1, groupId=notification-batch-consumer] Discovered group coordinator localhost:9093 (id: 2147482646 rack: null)
2025-12-10 21:02:41.274 [org.springframework.kafka.KafkaListenerEndpointContainer#0-0-C-1] INFO  o.a.k.c.c.i.ConsumerCoordinator [node1:8080] - [Consumer clientId=consumer-user-events-consumer-3, groupId=user-events-consumer] Discovered group coordinator localhost:9093 (id: 2147482646 rack: null)
2025-12-10 21:02:41.286 [org.springframework.kafka.KafkaListenerEndpointContainer#0-0-C-1] INFO  o.a.k.c.c.i.ConsumerCoordinator [node1:8080] - [Consumer clientId=consumer-user-events-consumer-3, groupId=user-events-consumer] (Re-)joining group
2025-12-10 21:02:43.169 [org.springframework.kafka.KafkaListenerEndpointContainer#3-0-C-1] INFO  o.a.k.c.c.i.ConsumerCoordinator [node1:8080] - [Consumer clientId=consumer-pattern-consumer-2, groupId=pattern-consumer] Discovered group coordinator localhost:9093 (id: 2147482646 rack: null)
2025-12-10 21:02:43.746 [org.springframework.kafka.KafkaListenerEndpointContainer#0-0-C-1] INFO  o.a.k.c.c.i.ConsumerCoordinator [node1:8080] - [Consumer clientId=consumer-user-events-consumer-3, groupId=user-events-consumer] Request joining group due to: need to re-join with the given member-id
2025-12-10 21:02:43.746 [org.springframework.kafka.KafkaListenerEndpointContainer#0-0-C-1] INFO  o.a.k.c.c.i.ConsumerCoordinator [node1:8080] - [Consumer clientId=consumer-user-events-consumer-3, groupId=user-events-consumer] (Re-)joining group
2025-12-10 21:02:44.270 [org.springframework.kafka.KafkaListenerEndpointContainer#3-0-C-1] INFO  o.a.k.c.c.i.ConsumerCoordinator [node1:8080] - [Consumer clientId=consumer-pattern-consumer-2, groupId=pattern-consumer] Discovered group coordinator localhost:9093 (id: 2147482646 rack: null)
2025-12-10 21:03:05.687 [HikariPool-1 housekeeper] WARN  com.zaxxer.hikari.pool.HikariPool [node1:8080] - HikariPool-1 - Thread starvation or clock leap detected (housekeeper delta=9m45s552ms).
2025-12-10 21:03:20.156 [kafka-coordinator-heartbeat-thread | pattern-consumer] INFO  o.a.k.clients.FetchSessionHandler [node1:8080] - [Consumer clientId=consumer-pattern-consumer-2, groupId=pattern-consumer] Error sending fetch request (sessionId=930618662, epoch=4) to node 1001:
org.apache.kafka.common.errors.DisconnectException: null
2025-12-10 21:03:20.263 [org.springframework.kafka.KafkaListenerEndpointContainer#1-0-C-1] INFO  o.a.k.clients.FetchSessionHandler [node1:8080] - [Consumer clientId=consumer-order-events-consumer-4, groupId=order-events-consumer] Error sending fetch request (sessionId=614027490, epoch=5) to node 1001:
org.apache.kafka.common.errors.DisconnectException: null
2025-12-10 21:12:43.178 [org.springframework.kafka.KafkaListenerEndpointContainer#0-0-C-1] INFO  o.a.k.c.c.i.ConsumerCoordinator [node1:8080] - [Consumer clientId=consumer-user-events-consumer-3, groupId=user-events-consumer] Group coordinator localhost:9093 (id: 2147482646 rack: null) is unavailable or invalid due to cause: null.isDisconnected: true. Rediscovery will be attempted.
2025-12-10 21:12:43.184 [kafka-coordinator-heartbeat-thread | order-events-consumer] INFO  o.a.k.c.c.i.ConsumerCoordinator [node1:8080] - [Consumer clientId=consumer-order-events-consumer-4, groupId=order-events-consumer] Group coordinator localhost:9093 (id: 2147482646 rack: null) is unavailable or invalid due to cause: session timed out without receiving a heartbeat response.isDisconnected: false. Rediscovery will be attempted.
2025-12-10 21:12:43.178 [kafka-coordinator-heartbeat-thread | pattern-consumer] INFO  o.a.k.c.c.i.ConsumerCoordinator [node1:8080] - [Consumer clientId=consumer-pattern-consumer-2, groupId=pattern-consumer] Group coordinator localhost:9093 (id: 2147482646 rack: null) is unavailable or invalid due to cause: null.isDisconnected: true. Rediscovery will be attempted.
2025-12-10 21:12:44.114 [kafka-coordinator-heartbeat-thread | pattern-consumer] INFO  o.a.k.clients.FetchSessionHandler [node1:8080] - [Consumer clientId=consumer-pattern-consumer-2, groupId=pattern-consumer] Error sending fetch request (sessionId=930618662, epoch=INITIAL) to node 1001:
org.apache.kafka.common.errors.DisconnectException: null
2025-12-10 21:12:43.184 [org.springframework.kafka.KafkaListenerEndpointContainer#1-0-C-1] INFO  o.a.k.clients.FetchSessionHandler [node1:8080] - [Consumer clientId=consumer-order-events-consumer-4, groupId=order-events-consumer] Error sending fetch request (sessionId=614027490, epoch=INITIAL) to node 1001:
org.apache.kafka.common.errors.DisconnectException: null
2025-12-10 21:12:44.116 [kafka-coordinator-heartbeat-thread | notification-batch-consumer] INFO  o.a.k.c.c.i.ConsumerCoordinator [node1:8080] - [Consumer clientId=consumer-notification-batch-consumer-1, groupId=notification-batch-consumer] Group coordinator localhost:9093 (id: 2147482646 rack: null) is unavailable or invalid due to cause: null.isDisconnected: true. Rediscovery will be attempted.
2025-12-10 21:12:44.116 [kafka-coordinator-heartbeat-thread | notification-batch-consumer] INFO  o.a.k.clients.FetchSessionHandler [node1:8080] - [Consumer clientId=consumer-notification-batch-consumer-1, groupId=notification-batch-consumer] Error sending fetch request (sessionId=2032618788, epoch=7) to node 1001:
org.apache.kafka.common.errors.DisconnectException: null
2025-12-10 21:12:45.083 [org.springframework.kafka.KafkaListenerEndpointContainer#0-0-C-1] INFO  o.a.k.c.c.i.ConsumerCoordinator [node1:8080] - [Consumer clientId=consumer-user-events-consumer-3, groupId=user-events-consumer] Discovered group coordinator localhost:9093 (id: 2147482646 rack: null)
2025-12-10 21:12:45.101 [org.springframework.kafka.KafkaListenerEndpointContainer#0-0-C-1] INFO  o.a.k.c.c.i.ConsumerCoordinator [node1:8080] - [Consumer clientId=consumer-user-events-consumer-3, groupId=user-events-consumer] (Re-)joining group
2025-12-10 21:12:50.961 [HikariPool-1 housekeeper] WARN  com.zaxxer.hikari.pool.HikariPool [node1:8080] - HikariPool-1 - Thread starvation or clock leap detected (housekeeper delta=9m45s274ms).
2025-12-10 21:13:08.234 [org.springframework.kafka.KafkaListenerEndpointContainer#3-0-C-1] INFO  o.a.k.c.c.i.ConsumerCoordinator [node1:8080] - [Consumer clientId=consumer-pattern-consumer-2, groupId=pattern-consumer] Discovered group coordinator localhost:9093 (id: 2147482646 rack: null)
2025-12-10 21:13:11.485 [org.springframework.kafka.KafkaListenerEndpointContainer#3-0-C-1] INFO  o.a.k.c.c.i.ConsumerCoordinator [node1:8080] - [Consumer clientId=consumer-pattern-consumer-2, groupId=pattern-consumer] Discovered group coordinator localhost:9093 (id: 2147482646 rack: null)
2025-12-10 21:13:14.124 [org.springframework.kafka.KafkaListenerEndpointContainer#1-0-C-1] INFO  o.a.k.clients.FetchSessionHandler [node1:8080] - [Consumer clientId=consumer-order-events-consumer-4, groupId=order-events-consumer] Error sending fetch request (sessionId=614027490, epoch=INITIAL) to node 1001:
org.apache.kafka.common.errors.DisconnectException: null
2025-12-10 21:13:14.127 [org.springframework.kafka.KafkaListenerEndpointContainer#2-0-C-1] INFO  o.a.k.clients.FetchSessionHandler [node1:8080] - [Consumer clientId=consumer-notification-batch-consumer-1, groupId=notification-batch-consumer] Error sending fetch request (sessionId=2032618788, epoch=INITIAL) to node 1001:
org.apache.kafka.common.errors.DisconnectException: null
2025-12-10 21:13:17.109 [org.springframework.kafka.KafkaListenerEndpointContainer#0-0-C-1] INFO  o.a.k.c.c.i.ConsumerCoordinator [node1:8080] - [Consumer clientId=consumer-user-events-consumer-3, groupId=user-events-consumer] Group coordinator localhost:9093 (id: 2147482646 rack: null) is unavailable or invalid due to cause: null.isDisconnected: true. Rediscovery will be attempted.
2025-12-10 21:13:29.133 [org.springframework.kafka.KafkaListenerEndpointContainer#3-0-C-1] INFO  o.a.k.clients.FetchSessionHandler [node1:8080] - [Consumer clientId=consumer-pattern-consumer-2, groupId=pattern-consumer] Error sending fetch request (sessionId=930618662, epoch=INITIAL) to node 1001:
org.apache.kafka.common.errors.DisconnectException: null
2025-12-10 21:22:49.012 [kafka-coordinator-heartbeat-thread | pattern-consumer] INFO  o.a.k.c.c.i.ConsumerCoordinator [node1:8080] - [Consumer clientId=consumer-pattern-consumer-2, groupId=pattern-consumer] Group coordinator localhost:9093 (id: 2147482646 rack: null) is unavailable or invalid due to cause: null.isDisconnected: true. Rediscovery will be attempted.
2025-12-10 21:22:49.012 [kafka-coordinator-heartbeat-thread | pattern-consumer] INFO  o.a.k.clients.FetchSessionHandler [node1:8080] - [Consumer clientId=consumer-pattern-consumer-2, groupId=pattern-consumer] Error sending fetch request (sessionId=930618662, epoch=INITIAL) to node 1001:
org.apache.kafka.common.errors.DisconnectException: null
2025-12-10 21:22:49.233 [org.springframework.kafka.KafkaListenerEndpointContainer#1-0-C-1] INFO  o.a.k.clients.FetchSessionHandler [node1:8080] - [Consumer clientId=consumer-order-events-consumer-4, groupId=order-events-consumer] Error sending fetch request (sessionId=614027490, epoch=INITIAL) to node 1001:
org.apache.kafka.common.errors.DisconnectException: null
2025-12-10 21:22:49.241 [org.springframework.kafka.KafkaListenerEndpointContainer#2-0-C-1] INFO  o.a.k.clients.FetchSessionHandler [node1:8080] - [Consumer clientId=consumer-notification-batch-consumer-1, groupId=notification-batch-consumer] Error sending fetch request (sessionId=2032618788, epoch=INITIAL) to node 1001:
org.apache.kafka.common.errors.DisconnectException: null
2025-12-10 21:23:06.380 [HikariPool-1 housekeeper] WARN  com.zaxxer.hikari.pool.HikariPool [node1:8080] - HikariPool-1 - Thread starvation or clock leap detected (housekeeper delta=9m45s411ms).
2025-12-10 21:23:19.333 [org.springframework.kafka.KafkaListenerEndpointContainer#3-0-C-1] INFO  o.a.k.clients.FetchSessionHandler [node1:8080] - [Consumer clientId=consumer-pattern-consumer-2, groupId=pattern-consumer] Error sending fetch request (sessionId=930618662, epoch=INITIAL) to node 1001:
org.apache.kafka.common.errors.DisconnectException: null
2025-12-10 21:23:22.242 [org.springframework.kafka.KafkaListenerEndpointContainer#1-0-C-1] INFO  o.a.k.clients.FetchSessionHandler [node1:8080] - [Consumer clientId=consumer-order-events-consumer-4, groupId=order-events-consumer] Error sending fetch request (sessionId=614027490, epoch=INITIAL) to node 1001:
org.apache.kafka.common.errors.DisconnectException: null
2025-12-10 21:23:22.248 [org.springframework.kafka.KafkaListenerEndpointContainer#2-0-C-1] INFO  o.a.k.clients.FetchSessionHandler [node1:8080] - [Consumer clientId=consumer-notification-batch-consumer-1, groupId=notification-batch-consumer] Error sending fetch request (sessionId=2032618788, epoch=INITIAL) to node 1001:
org.apache.kafka.common.errors.DisconnectException: null
2025-12-10 21:32:55.009 [org.springframework.kafka.KafkaListenerEndpointContainer#3-0-C-1] INFO  o.a.k.clients.FetchSessionHandler [node1:8080] - [Consumer clientId=consumer-pattern-consumer-2, groupId=pattern-consumer] Error sending fetch request (sessionId=930618662, epoch=INITIAL) to node 1001:
org.apache.kafka.common.errors.DisconnectException: null
2025-12-10 21:32:55.011 [org.springframework.kafka.KafkaListenerEndpointContainer#2-0-C-1] INFO  o.a.k.clients.FetchSessionHandler [node1:8080] - [Consumer clientId=consumer-notification-batch-consumer-1, groupId=notification-batch-consumer] Error sending fetch request (sessionId=2032618788, epoch=INITIAL) to node 1001:
org.apache.kafka.common.errors.DisconnectException: null
2025-12-10 21:32:56.103 [org.springframework.kafka.KafkaListenerEndpointContainer#1-0-C-1] INFO  o.a.k.clients.FetchSessionHandler [node1:8080] - [Consumer clientId=consumer-order-events-consumer-4, groupId=order-events-consumer] Error sending fetch request (sessionId=614027490, epoch=INITIAL) to node 1001:
org.apache.kafka.common.errors.DisconnectException: null
2025-12-10 21:33:19.713 [HikariPool-1 housekeeper] WARN  com.zaxxer.hikari.pool.HikariPool [node1:8080] - HikariPool-1 - Thread starvation or clock leap detected (housekeeper delta=9m43s333ms).
2025-12-10 21:33:26.134 [org.springframework.kafka.KafkaListenerEndpointContainer#1-0-C-1] INFO  o.a.k.clients.FetchSessionHandler [node1:8080] - [Consumer clientId=consumer-order-events-consumer-4, groupId=order-events-consumer] Error sending fetch request (sessionId=614027490, epoch=INITIAL) to node 1001:
org.apache.kafka.common.errors.DisconnectException: null
2025-12-10 21:33:28.020 [org.springframework.kafka.KafkaListenerEndpointContainer#2-0-C-1] INFO  o.a.k.clients.FetchSessionHandler [node1:8080] - [Consumer clientId=consumer-notification-batch-consumer-1, groupId=notification-batch-consumer] Error sending fetch request (sessionId=2032618788, epoch=INITIAL) to node 1001:
org.apache.kafka.common.errors.DisconnectException: null
2025-12-10 21:33:28.020 [org.springframework.kafka.KafkaListenerEndpointContainer#3-0-C-1] INFO  o.a.k.clients.FetchSessionHandler [node1:8080] - [Consumer clientId=consumer-pattern-consumer-2, groupId=pattern-consumer] Error sending fetch request (sessionId=930618662, epoch=INITIAL) to node 1001:
org.apache.kafka.common.errors.DisconnectException: null
2025-12-10 21:42:58.009 [org.springframework.kafka.KafkaListenerEndpointContainer#2-0-C-1] INFO  o.a.k.clients.FetchSessionHandler [node1:8080] - [Consumer clientId=consumer-notification-batch-consumer-1, groupId=notification-batch-consumer] Error sending fetch request (sessionId=2032618788, epoch=INITIAL) to node 1001:
org.apache.kafka.common.errors.DisconnectException: null
2025-12-10 21:42:58.009 [org.springframework.kafka.KafkaListenerEndpointContainer#3-0-C-1] INFO  o.a.k.clients.FetchSessionHandler [node1:8080] - [Consumer clientId=consumer-pattern-consumer-2, groupId=pattern-consumer] Error sending fetch request (sessionId=930618662, epoch=INITIAL) to node 1001:
org.apache.kafka.common.errors.DisconnectException: null
2025-12-10 21:42:58.836 [org.springframework.kafka.KafkaListenerEndpointContainer#1-0-C-1] INFO  o.a.k.clients.FetchSessionHandler [node1:8080] - [Consumer clientId=consumer-order-events-consumer-4, groupId=order-events-consumer] Error sending fetch request (sessionId=614027490, epoch=INITIAL) to node 1001:
org.apache.kafka.common.errors.DisconnectException: null
2025-12-10 21:43:07.169 [HikariPool-1 housekeeper] WARN  com.zaxxer.hikari.pool.HikariPool [node1:8080] - HikariPool-1 - Thread starvation or clock leap detected (housekeeper delta=9m47s456ms).
2025-12-10 21:43:28.883 [org.springframework.kafka.KafkaListenerEndpointContainer#3-0-C-1] INFO  o.a.k.clients.FetchSessionHandler [node1:8080] - [Consumer clientId=consumer-pattern-consumer-2, groupId=pattern-consumer] Error sending fetch request (sessionId=930618662, epoch=INITIAL) to node 1001:
org.apache.kafka.common.errors.DisconnectException: null
2025-12-10 21:43:29.872 [org.springframework.kafka.KafkaListenerEndpointContainer#2-0-C-1] INFO  o.a.k.clients.FetchSessionHandler [node1:8080] - [Consumer clientId=consumer-notification-batch-consumer-1, groupId=notification-batch-consumer] Error sending fetch request (sessionId=2032618788, epoch=INITIAL) to node 1001:
org.apache.kafka.common.errors.DisconnectException: null
2025-12-10 21:43:29.875 [org.springframework.kafka.KafkaListenerEndpointContainer#1-0-C-1] INFO  o.a.k.clients.FetchSessionHandler [node1:8080] - [Consumer clientId=consumer-order-events-consumer-4, groupId=order-events-consumer] Error sending fetch request (sessionId=614027490, epoch=INITIAL) to node 1001:
org.apache.kafka.common.errors.DisconnectException: null
2025-12-10 21:53:06.008 [org.springframework.kafka.KafkaListenerEndpointContainer#1-0-C-1] INFO  o.a.k.clients.FetchSessionHandler [node1:8080] - [Consumer clientId=consumer-order-events-consumer-4, groupId=order-events-consumer] Error sending fetch request (sessionId=614027490, epoch=INITIAL) to node 1001:
org.apache.kafka.common.errors.DisconnectException: null
2025-12-10 21:53:06.008 [org.springframework.kafka.KafkaListenerEndpointContainer#2-0-C-1] INFO  o.a.k.clients.FetchSessionHandler [node1:8080] - [Consumer clientId=consumer-notification-batch-consumer-1, groupId=notification-batch-consumer] Error sending fetch request (sessionId=2032618788, epoch=INITIAL) to node 1001:
org.apache.kafka.common.errors.DisconnectException: null
2025-12-10 21:53:07.248 [org.springframework.kafka.KafkaListenerEndpointContainer#3-0-C-1] INFO  o.a.k.clients.FetchSessionHandler [node1:8080] - [Consumer clientId=consumer-pattern-consumer-2, groupId=pattern-consumer] Error sending fetch request (sessionId=930618662, epoch=INITIAL) to node 1001:
org.apache.kafka.common.errors.DisconnectException: null
2025-12-10 21:53:22.792 [HikariPool-1 housekeeper] WARN  com.zaxxer.hikari.pool.HikariPool [node1:8080] - HikariPool-1 - Thread starvation or clock leap detected (housekeeper delta=9m45s624ms).
2025-12-10 21:53:39.021 [org.springframework.kafka.KafkaListenerEndpointContainer#1-0-C-1] INFO  o.a.k.clients.FetchSessionHandler [node1:8080] - [Consumer clientId=consumer-order-events-consumer-4, groupId=order-events-consumer] Error sending fetch request (sessionId=614027490, epoch=INITIAL) to node 1001:
org.apache.kafka.common.errors.DisconnectException: null
2025-12-10 21:53:39.022 [org.springframework.kafka.KafkaListenerEndpointContainer#2-0-C-1] INFO  o.a.k.clients.FetchSessionHandler [node1:8080] - [Consumer clientId=consumer-notification-batch-consumer-1, groupId=notification-batch-consumer] Error sending fetch request (sessionId=2032618788, epoch=INITIAL) to node 1001:
org.apache.kafka.common.errors.DisconnectException: null
2025-12-10 21:53:40.258 [org.springframework.kafka.KafkaListenerEndpointContainer#3-0-C-1] INFO  o.a.k.clients.FetchSessionHandler [node1:8080] - [Consumer clientId=consumer-pattern-consumer-2, groupId=pattern-consumer] Error sending fetch request (sessionId=930618662, epoch=INITIAL) to node 1001:
org.apache.kafka.common.errors.DisconnectException: null
2025-12-10 22:03:12.008 [org.springframework.kafka.KafkaListenerEndpointContainer#2-0-C-1] INFO  o.a.k.clients.FetchSessionHandler [node1:8080] - [Consumer clientId=consumer-notification-batch-consumer-1, groupId=notification-batch-consumer] Error sending fetch request (sessionId=2032618788, epoch=INITIAL) to node 1001:
org.apache.kafka.common.errors.DisconnectException: null
2025-12-10 22:03:12.008 [org.springframework.kafka.KafkaListenerEndpointContainer#1-0-C-1] INFO  o.a.k.clients.FetchSessionHandler [node1:8080] - [Consumer clientId=consumer-order-events-consumer-4, groupId=order-events-consumer] Error sending fetch request (sessionId=614027490, epoch=INITIAL) to node 1001:
org.apache.kafka.common.errors.DisconnectException: null
2025-12-10 22:03:12.329 [org.springframework.kafka.KafkaListenerEndpointContainer#3-0-C-1] INFO  o.a.k.clients.FetchSessionHandler [node1:8080] - [Consumer clientId=consumer-pattern-consumer-2, groupId=pattern-consumer] Error sending fetch request (sessionId=930618662, epoch=INITIAL) to node 1001:
org.apache.kafka.common.errors.DisconnectException: null
2025-12-10 22:03:38.389 [HikariPool-1 housekeeper] WARN  com.zaxxer.hikari.pool.HikariPool [node1:8080] - HikariPool-1 - Thread starvation or clock leap detected (housekeeper delta=9m45s588ms).
2025-12-10 22:03:43.106 [org.springframework.kafka.KafkaListenerEndpointContainer#3-0-C-1] INFO  o.a.k.clients.FetchSessionHandler [node1:8080] - [Consumer clientId=consumer-pattern-consumer-2, groupId=pattern-consumer] Error sending fetch request (sessionId=930618662, epoch=INITIAL) to node 1001:
org.apache.kafka.common.errors.DisconnectException: null
2025-12-10 22:03:45.021 [org.springframework.kafka.KafkaListenerEndpointContainer#1-0-C-1] INFO  o.a.k.clients.FetchSessionHandler [node1:8080] - [Consumer clientId=consumer-order-events-consumer-4, groupId=order-events-consumer] Error sending fetch request (sessionId=614027490, epoch=INITIAL) to node 1001:
org.apache.kafka.common.errors.DisconnectException: null
2025-12-10 22:03:45.021 [org.springframework.kafka.KafkaListenerEndpointContainer#2-0-C-1] INFO  o.a.k.clients.FetchSessionHandler [node1:8080] - [Consumer clientId=consumer-notification-batch-consumer-1, groupId=notification-batch-consumer] Error sending fetch request (sessionId=2032618788, epoch=INITIAL) to node 1001:
org.apache.kafka.common.errors.DisconnectException: null
2025-12-10 22:13:18.007 [org.springframework.kafka.KafkaListenerEndpointContainer#1-0-C-1] INFO  o.a.k.clients.FetchSessionHandler [node1:8080] - [Consumer clientId=consumer-order-events-consumer-4, groupId=order-events-consumer] Error sending fetch request (sessionId=614027490, epoch=INITIAL) to node 1001:
org.apache.kafka.common.errors.DisconnectException: null
2025-12-10 22:13:18.010 [org.springframework.kafka.KafkaListenerEndpointContainer#2-0-C-1] INFO  o.a.k.clients.FetchSessionHandler [node1:8080] - [Consumer clientId=consumer-notification-batch-consumer-1, groupId=notification-batch-consumer] Error sending fetch request (sessionId=2032618788, epoch=INITIAL) to node 1001:
org.apache.kafka.common.errors.DisconnectException: null
2025-12-10 22:13:18.453 [org.springframework.kafka.KafkaListenerEndpointContainer#3-0-C-1] INFO  o.a.k.clients.FetchSessionHandler [node1:8080] - [Consumer clientId=consumer-pattern-consumer-2, groupId=pattern-consumer] Error sending fetch request (sessionId=930618662, epoch=INITIAL) to node 1001:
org.apache.kafka.common.errors.DisconnectException: null
2025-12-10 22:13:21.824 [HikariPool-1 housekeeper] WARN  com.zaxxer.hikari.pool.HikariPool [node1:8080] - HikariPool-1 - Thread starvation or clock leap detected (housekeeper delta=9m43s435ms).
2025-12-10 22:13:51.024 [org.springframework.kafka.KafkaListenerEndpointContainer#1-0-C-1] INFO  o.a.k.clients.FetchSessionHandler [node1:8080] - [Consumer clientId=consumer-order-events-consumer-4, groupId=order-events-consumer] Error sending fetch request (sessionId=614027490, epoch=INITIAL) to node 1001:
org.apache.kafka.common.errors.DisconnectException: null
2025-12-10 22:13:51.025 [org.springframework.kafka.KafkaListenerEndpointContainer#2-0-C-1] INFO  o.a.k.clients.FetchSessionHandler [node1:8080] - [Consumer clientId=consumer-notification-batch-consumer-1, groupId=notification-batch-consumer] Error sending fetch request (sessionId=2032618788, epoch=INITIAL) to node 1001:
org.apache.kafka.common.errors.DisconnectException: null
2025-12-10 22:13:51.469 [org.springframework.kafka.KafkaListenerEndpointContainer#3-0-C-1] INFO  o.a.k.clients.FetchSessionHandler [node1:8080] - [Consumer clientId=consumer-pattern-consumer-2, groupId=pattern-consumer] Error sending fetch request (sessionId=930618662, epoch=INITIAL) to node 1001:
org.apache.kafka.common.errors.DisconnectException: null
2025-12-10 22:23:21.007 [org.springframework.kafka.KafkaListenerEndpointContainer#2-0-C-1] INFO  o.a.k.clients.FetchSessionHandler [node1:8080] - [Consumer clientId=consumer-notification-batch-consumer-1, groupId=notification-batch-consumer] Error sending fetch request (sessionId=2032618788, epoch=INITIAL) to node 1001:
org.apache.kafka.common.errors.DisconnectException: null
2025-12-10 22:23:21.007 [org.springframework.kafka.KafkaListenerEndpointContainer#1-0-C-1] INFO  o.a.k.clients.FetchSessionHandler [node1:8080] - [Consumer clientId=consumer-order-events-consumer-4, groupId=order-events-consumer] Error sending fetch request (sessionId=614027490, epoch=INITIAL) to node 1001:
org.apache.kafka.common.errors.DisconnectException: null
2025-12-10 22:23:21.201 [org.springframework.kafka.KafkaListenerEndpointContainer#3-0-C-1] INFO  o.a.k.clients.FetchSessionHandler [node1:8080] - [Consumer clientId=consumer-pattern-consumer-2, groupId=pattern-consumer] Error sending fetch request (sessionId=930618662, epoch=INITIAL) to node 1001:
org.apache.kafka.common.errors.DisconnectException: null
2025-12-10 22:23:39.293 [HikariPool-1 housekeeper] WARN  com.zaxxer.hikari.pool.HikariPool [node1:8080] - HikariPool-1 - Thread starvation or clock leap detected (housekeeper delta=9m47s468ms).
2025-12-10 22:23:51.849 [org.springframework.kafka.KafkaListenerEndpointContainer#2-0-C-1] INFO  o.a.k.clients.FetchSessionHandler [node1:8080] - [Consumer clientId=consumer-notification-batch-consumer-1, groupId=notification-batch-consumer] Error sending fetch request (sessionId=2032618788, epoch=INITIAL) to node 1001:
org.apache.kafka.common.errors.DisconnectException: null
2025-12-10 22:23:51.850 [org.springframework.kafka.KafkaListenerEndpointContainer#1-0-C-1] INFO  o.a.k.clients.FetchSessionHandler [node1:8080] - [Consumer clientId=consumer-order-events-consumer-4, groupId=order-events-consumer] Error sending fetch request (sessionId=614027490, epoch=INITIAL) to node 1001:
org.apache.kafka.common.errors.DisconnectException: null
2025-12-10 22:23:52.862 [org.springframework.kafka.KafkaListenerEndpointContainer#3-0-C-1] INFO  o.a.k.clients.FetchSessionHandler [node1:8080] - [Consumer clientId=consumer-pattern-consumer-2, groupId=pattern-consumer] Error sending fetch request (sessionId=930618662, epoch=INITIAL) to node 1001:
org.apache.kafka.common.errors.DisconnectException: null
2025-12-10 22:33:30.426 [org.springframework.kafka.KafkaListenerEndpointContainer#2-0-C-1] INFO  o.a.k.clients.FetchSessionHandler [node1:8080] - [Consumer clientId=consumer-notification-batch-consumer-1, groupId=notification-batch-consumer] Error sending fetch request (sessionId=2032618788, epoch=INITIAL) to node 1001:
org.apache.kafka.common.errors.DisconnectException: null
2025-12-10 22:33:30.427 [org.springframework.kafka.KafkaListenerEndpointContainer#1-0-C-1] INFO  o.a.k.clients.FetchSessionHandler [node1:8080] - [Consumer clientId=consumer-order-events-consumer-4, groupId=order-events-consumer] Error sending fetch request (sessionId=614027490, epoch=INITIAL) to node 1001:
org.apache.kafka.common.errors.DisconnectException: null
2025-12-10 22:33:31.442 [org.springframework.kafka.KafkaListenerEndpointContainer#3-0-C-1] INFO  o.a.k.clients.FetchSessionHandler [node1:8080] - [Consumer clientId=consumer-pattern-consumer-2, groupId=pattern-consumer] Error sending fetch request (sessionId=930618662, epoch=INITIAL) to node 1001:
org.apache.kafka.common.errors.DisconnectException: null
2025-12-10 22:33:52.801 [HikariPool-1 housekeeper] WARN  com.zaxxer.hikari.pool.HikariPool [node1:8080] - HikariPool-1 - Thread starvation or clock leap detected (housekeeper delta=9m43s500ms).
2025-12-10 22:34:01.120 [org.springframework.kafka.KafkaListenerEndpointContainer#2-0-C-1] INFO  o.a.k.clients.FetchSessionHandler [node1:8080] - [Consumer clientId=consumer-notification-batch-consumer-1, groupId=notification-batch-consumer] Error sending fetch request (sessionId=2032618788, epoch=INITIAL) to node 1001:
org.apache.kafka.common.errors.DisconnectException: null
2025-12-10 22:34:01.121 [org.springframework.kafka.KafkaListenerEndpointContainer#1-0-C-1] INFO  o.a.k.clients.FetchSessionHandler [node1:8080] - [Consumer clientId=consumer-order-events-consumer-4, groupId=order-events-consumer] Error sending fetch request (sessionId=614027490, epoch=INITIAL) to node 1001:
org.apache.kafka.common.errors.DisconnectException: null
2025-12-10 22:34:04.455 [org.springframework.kafka.KafkaListenerEndpointContainer#3-0-C-1] INFO  o.a.k.clients.FetchSessionHandler [node1:8080] - [Consumer clientId=consumer-pattern-consumer-2, groupId=pattern-consumer] Error sending fetch request (sessionId=930618662, epoch=INITIAL) to node 1001:
org.apache.kafka.common.errors.DisconnectException: null
2025-12-10 22:43:33.826 [org.springframework.kafka.KafkaListenerEndpointContainer#2-0-C-1] INFO  o.a.k.clients.FetchSessionHandler [node1:8080] - [Consumer clientId=consumer-notification-batch-consumer-1, groupId=notification-batch-consumer] Error sending fetch request (sessionId=2032618788, epoch=INITIAL) to node 1001:
org.apache.kafka.common.errors.DisconnectException: null
2025-12-10 22:43:33.835 [org.springframework.kafka.KafkaListenerEndpointContainer#1-0-C-1] INFO  o.a.k.clients.FetchSessionHandler [node1:8080] - [Consumer clientId=consumer-order-events-consumer-4, groupId=order-events-consumer] Error sending fetch request (sessionId=614027490, epoch=INITIAL) to node 1001:
org.apache.kafka.common.errors.DisconnectException: null
2025-12-10 22:43:34.158 [org.springframework.kafka.KafkaListenerEndpointContainer#3-0-C-1] INFO  o.a.k.clients.FetchSessionHandler [node1:8080] - [Consumer clientId=consumer-pattern-consumer-2, groupId=pattern-consumer] Error sending fetch request (sessionId=930618662, epoch=INITIAL) to node 1001:
org.apache.kafka.common.errors.DisconnectException: null
2025-12-10 22:43:39.937 [HikariPool-1 housekeeper] WARN  com.zaxxer.hikari.pool.HikariPool [node1:8080] - HikariPool-1 - Thread starvation or clock leap detected (housekeeper delta=9m47s136ms).
2025-12-10 22:44:04.554 [org.springframework.kafka.KafkaListenerEndpointContainer#2-0-C-1] INFO  o.a.k.clients.FetchSessionHandler [node1:8080] - [Consumer clientId=consumer-notification-batch-consumer-1, groupId=notification-batch-consumer] Error sending fetch request (sessionId=2032618788, epoch=INITIAL) to node 1001:
org.apache.kafka.common.errors.DisconnectException: null
2025-12-10 22:44:04.579 [org.springframework.kafka.KafkaListenerEndpointContainer#1-0-C-1] INFO  o.a.k.clients.FetchSessionHandler [node1:8080] - [Consumer clientId=consumer-order-events-consumer-4, groupId=order-events-consumer] Error sending fetch request (sessionId=614027490, epoch=INITIAL) to node 1001:
org.apache.kafka.common.errors.DisconnectException: null
2025-12-10 22:44:04.703 [org.springframework.kafka.KafkaListenerEndpointContainer#3-0-C-1] INFO  o.a.k.clients.FetchSessionHandler [node1:8080] - [Consumer clientId=consumer-pattern-consumer-2, groupId=pattern-consumer] Error sending fetch request (sessionId=930618662, epoch=INITIAL) to node 1001:
org.apache.kafka.common.errors.DisconnectException: null
2025-12-10 22:53:43.007 [org.springframework.kafka.KafkaListenerEndpointContainer#1-0-C-1] INFO  o.a.k.clients.FetchSessionHandler [node1:8080] - [Consumer clientId=consumer-order-events-consumer-4, groupId=order-events-consumer] Error sending fetch request (sessionId=614027490, epoch=INITIAL) to node 1001:
org.apache.kafka.common.errors.DisconnectException: null
2025-12-10 22:53:43.007 [org.springframework.kafka.KafkaListenerEndpointContainer#2-0-C-1] INFO  o.a.k.clients.FetchSessionHandler [node1:8080] - [Consumer clientId=consumer-notification-batch-consumer-1, groupId=notification-batch-consumer] Error sending fetch request (sessionId=2032618788, epoch=INITIAL) to node 1001:
org.apache.kafka.common.errors.DisconnectException: null
2025-12-10 22:53:43.007 [org.springframework.kafka.KafkaListenerEndpointContainer#3-0-C-1] INFO  o.a.k.clients.FetchSessionHandler [node1:8080] - [Consumer clientId=consumer-pattern-consumer-2, groupId=pattern-consumer] Error sending fetch request (sessionId=930618662, epoch=INITIAL) to node 1001:
org.apache.kafka.common.errors.DisconnectException: null
2025-12-10 22:53:55.706 [HikariPool-1 housekeeper] WARN  com.zaxxer.hikari.pool.HikariPool [node1:8080] - HikariPool-1 - Thread starvation or clock leap detected (housekeeper delta=9m45s768ms).
2025-12-10 22:54:16.018 [org.springframework.kafka.KafkaListenerEndpointContainer#3-0-C-1] INFO  o.a.k.clients.FetchSessionHandler [node1:8080] - [Consumer clientId=consumer-pattern-consumer-2, groupId=pattern-consumer] Error sending fetch request (sessionId=930618662, epoch=INITIAL) to node 1001:
org.apache.kafka.common.errors.DisconnectException: null
2025-12-10 22:54:16.019 [org.springframework.kafka.KafkaListenerEndpointContainer#1-0-C-1] INFO  o.a.k.clients.FetchSessionHandler [node1:8080] - [Consumer clientId=consumer-order-events-consumer-4, groupId=order-events-consumer] Error sending fetch request (sessionId=614027490, epoch=INITIAL) to node 1001:
org.apache.kafka.common.errors.DisconnectException: null
2025-12-10 22:54:16.026 [org.springframework.kafka.KafkaListenerEndpointContainer#2-0-C-1] INFO  o.a.k.clients.FetchSessionHandler [node1:8080] - [Consumer clientId=consumer-notification-batch-consumer-1, groupId=notification-batch-consumer] Error sending fetch request (sessionId=2032618788, epoch=INITIAL) to node 1001:
org.apache.kafka.common.errors.DisconnectException: null
2025-12-10 23:03:47.008 [org.springframework.kafka.KafkaListenerEndpointContainer#2-0-C-1] INFO  o.a.k.clients.FetchSessionHandler [node1:8080] - [Consumer clientId=consumer-notification-batch-consumer-1, groupId=notification-batch-consumer] Error sending fetch request (sessionId=2032618788, epoch=INITIAL) to node 1001:
org.apache.kafka.common.errors.DisconnectException: null
2025-12-10 23:03:47.009 [org.springframework.kafka.KafkaListenerEndpointContainer#1-0-C-1] INFO  o.a.k.clients.FetchSessionHandler [node1:8080] - [Consumer clientId=consumer-order-events-consumer-4, groupId=order-events-consumer] Error sending fetch request (sessionId=614027490, epoch=INITIAL) to node 1001:
org.apache.kafka.common.errors.DisconnectException: null
2025-12-10 23:03:47.008 [org.springframework.kafka.KafkaListenerEndpointContainer#3-0-C-1] INFO  o.a.k.clients.FetchSessionHandler [node1:8080] - [Consumer clientId=consumer-pattern-consumer-2, groupId=pattern-consumer] Error sending fetch request (sessionId=930618662, epoch=INITIAL) to node 1001:
org.apache.kafka.common.errors.DisconnectException: null
2025-12-10 23:04:11.176 [HikariPool-1 housekeeper] WARN  com.zaxxer.hikari.pool.HikariPool [node1:8080] - HikariPool-1 - Thread starvation or clock leap detected (housekeeper delta=9m45s470ms).
2025-12-10 23:04:18.125 [org.springframework.kafka.KafkaListenerEndpointContainer#3-0-C-1] INFO  o.a.k.clients.FetchSessionHandler [node1:8080] - [Consumer clientId=consumer-pattern-consumer-2, groupId=pattern-consumer] Error sending fetch request (sessionId=930618662, epoch=INITIAL) to node 1001:
org.apache.kafka.common.errors.DisconnectException: null
2025-12-10 23:04:20.021 [org.springframework.kafka.KafkaListenerEndpointContainer#2-0-C-1] INFO  o.a.k.clients.FetchSessionHandler [node1:8080] - [Consumer clientId=consumer-notification-batch-consumer-1, groupId=notification-batch-consumer] Error sending fetch request (sessionId=2032618788, epoch=INITIAL) to node 1001:
org.apache.kafka.common.errors.DisconnectException: null
2025-12-10 23:04:20.023 [org.springframework.kafka.KafkaListenerEndpointContainer#1-0-C-1] INFO  o.a.k.clients.FetchSessionHandler [node1:8080] - [Consumer clientId=consumer-order-events-consumer-4, groupId=order-events-consumer] Error sending fetch request (sessionId=614027490, epoch=INITIAL) to node 1001:
org.apache.kafka.common.errors.DisconnectException: null
2025-12-10 23:13:53.006 [org.springframework.kafka.KafkaListenerEndpointContainer#1-0-C-1] INFO  o.a.k.clients.FetchSessionHandler [node1:8080] - [Consumer clientId=consumer-order-events-consumer-4, groupId=order-events-consumer] Error sending fetch request (sessionId=614027490, epoch=INITIAL) to node 1001:
org.apache.kafka.common.errors.DisconnectException: null
2025-12-10 23:13:53.010 [org.springframework.kafka.KafkaListenerEndpointContainer#2-0-C-1] INFO  o.a.k.clients.FetchSessionHandler [node1:8080] - [Consumer clientId=consumer-notification-batch-consumer-1, groupId=notification-batch-consumer] Error sending fetch request (sessionId=2032618788, epoch=INITIAL) to node 1001:
org.apache.kafka.common.errors.DisconnectException: null
2025-12-10 23:13:54.091 [org.springframework.kafka.KafkaListenerEndpointContainer#3-0-C-1] INFO  o.a.k.clients.FetchSessionHandler [node1:8080] - [Consumer clientId=consumer-pattern-consumer-2, groupId=pattern-consumer] Error sending fetch request (sessionId=930618662, epoch=INITIAL) to node 1001:
org.apache.kafka.common.errors.DisconnectException: null
2025-12-10 23:13:58.626 [HikariPool-1 housekeeper] WARN  com.zaxxer.hikari.pool.HikariPool [node1:8080] - HikariPool-1 - Thread starvation or clock leap detected (housekeeper delta=9m47s450ms).
2025-12-10 23:14:23.121 [org.springframework.kafka.KafkaListenerEndpointContainer#1-0-C-1] INFO  o.a.k.clients.FetchSessionHandler [node1:8080] - [Consumer clientId=consumer-order-events-consumer-4, groupId=order-events-consumer] Error sending fetch request (sessionId=614027490, epoch=INITIAL) to node 1001:
org.apache.kafka.common.errors.DisconnectException: null
2025-12-10 23:14:24.126 [org.springframework.kafka.KafkaListenerEndpointContainer#2-0-C-1] INFO  o.a.k.clients.FetchSessionHandler [node1:8080] - [Consumer clientId=consumer-notification-batch-consumer-1, groupId=notification-batch-consumer] Error sending fetch request (sessionId=2032618788, epoch=INITIAL) to node 1001:
org.apache.kafka.common.errors.DisconnectException: null
2025-12-10 23:14:24.136 [org.springframework.kafka.KafkaListenerEndpointContainer#3-0-C-1] INFO  o.a.k.clients.FetchSessionHandler [node1:8080] - [Consumer clientId=consumer-pattern-consumer-2, groupId=pattern-consumer] Error sending fetch request (sessionId=930618662, epoch=INITIAL) to node 1001:
org.apache.kafka.common.errors.DisconnectException: null
2025-12-10 23:24:00.009 [org.springframework.kafka.KafkaListenerEndpointContainer#3-0-C-1] INFO  o.a.k.clients.FetchSessionHandler [node1:8080] - [Consumer clientId=consumer-pattern-consumer-2, groupId=pattern-consumer] Error sending fetch request (sessionId=930618662, epoch=INITIAL) to node 1001:
org.apache.kafka.common.errors.DisconnectException: null
2025-12-10 23:24:00.009 [org.springframework.kafka.KafkaListenerEndpointContainer#2-0-C-1] INFO  o.a.k.clients.FetchSessionHandler [node1:8080] - [Consumer clientId=consumer-notification-batch-consumer-1, groupId=notification-batch-consumer] Error sending fetch request (sessionId=2032618788, epoch=INITIAL) to node 1001:
org.apache.kafka.common.errors.DisconnectException: null
2025-12-10 23:24:00.937 [org.springframework.kafka.KafkaListenerEndpointContainer#1-0-C-1] INFO  o.a.k.clients.FetchSessionHandler [node1:8080] - [Consumer clientId=consumer-order-events-consumer-4, groupId=order-events-consumer] Error sending fetch request (sessionId=614027490, epoch=INITIAL) to node 1001:
org.apache.kafka.common.errors.DisconnectException: null
2025-12-10 23:24:13.848 [HikariPool-1 housekeeper] WARN  com.zaxxer.hikari.pool.HikariPool [node1:8080] - HikariPool-1 - Thread starvation or clock leap detected (housekeeper delta=9m45s221ms).
2025-12-10 23:24:31.529 [org.springframework.kafka.KafkaListenerEndpointContainer#1-0-C-1] INFO  o.a.k.clients.FetchSessionHandler [node1:8080] - [Consumer clientId=consumer-order-events-consumer-4, groupId=order-events-consumer] Error sending fetch request (sessionId=614027490, epoch=INITIAL) to node 1001:
org.apache.kafka.common.errors.DisconnectException: null
2025-12-10 23:24:33.021 [org.springframework.kafka.KafkaListenerEndpointContainer#2-0-C-1] INFO  o.a.k.clients.FetchSessionHandler [node1:8080] - [Consumer clientId=consumer-notification-batch-consumer-1, groupId=notification-batch-consumer] Error sending fetch request (sessionId=2032618788, epoch=INITIAL) to node 1001:
org.apache.kafka.common.errors.DisconnectException: null
2025-12-10 23:24:33.021 [org.springframework.kafka.KafkaListenerEndpointContainer#3-0-C-1] INFO  o.a.k.clients.FetchSessionHandler [node1:8080] - [Consumer clientId=consumer-pattern-consumer-2, groupId=pattern-consumer] Error sending fetch request (sessionId=930618662, epoch=INITIAL) to node 1001:
org.apache.kafka.common.errors.DisconnectException: null
2025-12-10 23:34:06.008 [org.springframework.kafka.KafkaListenerEndpointContainer#2-0-C-1] INFO  o.a.k.clients.FetchSessionHandler [node1:8080] - [Consumer clientId=consumer-notification-batch-consumer-1, groupId=notification-batch-consumer] Error sending fetch request (sessionId=2032618788, epoch=INITIAL) to node 1001:
org.apache.kafka.common.errors.DisconnectException: null
2025-12-10 23:34:06.008 [org.springframework.kafka.KafkaListenerEndpointContainer#1-0-C-1] INFO  o.a.k.clients.FetchSessionHandler [node1:8080] - [Consumer clientId=consumer-order-events-consumer-4, groupId=order-events-consumer] Error sending fetch request (sessionId=614027490, epoch=INITIAL) to node 1001:
org.apache.kafka.common.errors.DisconnectException: null
2025-12-10 23:34:06.008 [org.springframework.kafka.KafkaListenerEndpointContainer#3-0-C-1] INFO  o.a.k.clients.FetchSessionHandler [node1:8080] - [Consumer clientId=consumer-pattern-consumer-2, groupId=pattern-consumer] Error sending fetch request (sessionId=930618662, epoch=INITIAL) to node 1001:
org.apache.kafka.common.errors.DisconnectException: null
2025-12-10 23:34:27.169 [HikariPool-1 housekeeper] WARN  com.zaxxer.hikari.pool.HikariPool [node1:8080] - HikariPool-1 - Thread starvation or clock leap detected (housekeeper delta=9m43s313ms).
2025-12-10 23:34:39.021 [org.springframework.kafka.KafkaListenerEndpointContainer#1-0-C-1] INFO  o.a.k.clients.FetchSessionHandler [node1:8080] - [Consumer clientId=consumer-order-events-consumer-4, groupId=order-events-consumer] Error sending fetch request (sessionId=614027490, epoch=INITIAL) to node 1001:
org.apache.kafka.common.errors.DisconnectException: null
2025-12-10 23:34:39.021 [org.springframework.kafka.KafkaListenerEndpointContainer#3-0-C-1] INFO  o.a.k.clients.FetchSessionHandler [node1:8080] - [Consumer clientId=consumer-pattern-consumer-2, groupId=pattern-consumer] Error sending fetch request (sessionId=930618662, epoch=INITIAL) to node 1001:
org.apache.kafka.common.errors.DisconnectException: null
2025-12-10 23:34:39.021 [org.springframework.kafka.KafkaListenerEndpointContainer#2-0-C-1] INFO  o.a.k.clients.FetchSessionHandler [node1:8080] - [Consumer clientId=consumer-notification-batch-consumer-1, groupId=notification-batch-consumer] Error sending fetch request (sessionId=2032618788, epoch=INITIAL) to node 1001:
org.apache.kafka.common.errors.DisconnectException: null
2025-12-10 23:44:10.009 [org.springframework.kafka.KafkaListenerEndpointContainer#3-0-C-1] INFO  o.a.k.clients.FetchSessionHandler [node1:8080] - [Consumer clientId=consumer-pattern-consumer-2, groupId=pattern-consumer] Error sending fetch request (sessionId=930618662, epoch=INITIAL) to node 1001:
org.apache.kafka.common.errors.DisconnectException: null
2025-12-10 23:44:10.009 [org.springframework.kafka.KafkaListenerEndpointContainer#1-0-C-1] INFO  o.a.k.clients.FetchSessionHandler [node1:8080] - [Consumer clientId=consumer-order-events-consumer-4, groupId=order-events-consumer] Error sending fetch request (sessionId=614027490, epoch=INITIAL) to node 1001:
org.apache.kafka.common.errors.DisconnectException: null
2025-12-10 23:44:11.090 [org.springframework.kafka.KafkaListenerEndpointContainer#2-0-C-1] INFO  o.a.k.clients.FetchSessionHandler [node1:8080] - [Consumer clientId=consumer-notification-batch-consumer-1, groupId=notification-batch-consumer] Error sending fetch request (sessionId=2032618788, epoch=INITIAL) to node 1001:
org.apache.kafka.common.errors.DisconnectException: null
2025-12-10 23:44:14.704 [HikariPool-1 housekeeper] WARN  com.zaxxer.hikari.pool.HikariPool [node1:8080] - HikariPool-1 - Thread starvation or clock leap detected (housekeeper delta=9m47s534ms).
2025-12-10 23:44:40.162 [org.springframework.kafka.KafkaListenerEndpointContainer#3-0-C-1] INFO  o.a.k.clients.FetchSessionHandler [node1:8080] - [Consumer clientId=consumer-pattern-consumer-2, groupId=pattern-consumer] Error sending fetch request (sessionId=930618662, epoch=INITIAL) to node 1001:
org.apache.kafka.common.errors.DisconnectException: null
2025-12-10 23:44:40.163 [org.springframework.kafka.KafkaListenerEndpointContainer#1-0-C-1] INFO  o.a.k.clients.FetchSessionHandler [node1:8080] - [Consumer clientId=consumer-order-events-consumer-4, groupId=order-events-consumer] Error sending fetch request (sessionId=614027490, epoch=INITIAL) to node 1001:
org.apache.kafka.common.errors.DisconnectException: null
2025-12-10 23:44:41.169 [org.springframework.kafka.KafkaListenerEndpointContainer#2-0-C-1] INFO  o.a.k.clients.FetchSessionHandler [node1:8080] - [Consumer clientId=consumer-notification-batch-consumer-1, groupId=notification-batch-consumer] Error sending fetch request (sessionId=2032618788, epoch=INITIAL) to node 1001:
org.apache.kafka.common.errors.DisconnectException: null
2025-12-10 23:54:18.010 [org.springframework.kafka.KafkaListenerEndpointContainer#2-0-C-1] INFO  o.a.k.clients.FetchSessionHandler [node1:8080] - [Consumer clientId=consumer-notification-batch-consumer-1, groupId=notification-batch-consumer] Error sending fetch request (sessionId=2032618788, epoch=INITIAL) to node 1001:
org.apache.kafka.common.errors.DisconnectException: null
2025-12-10 23:54:18.778 [org.springframework.kafka.KafkaListenerEndpointContainer#1-0-C-1] INFO  o.a.k.clients.FetchSessionHandler [node1:8080] - [Consumer clientId=consumer-order-events-consumer-4, groupId=order-events-consumer] Error sending fetch request (sessionId=614027490, epoch=INITIAL) to node 1001:
org.apache.kafka.common.errors.DisconnectException: null
2025-12-10 23:54:18.778 [org.springframework.kafka.KafkaListenerEndpointContainer#3-0-C-1] INFO  o.a.k.clients.FetchSessionHandler [node1:8080] - [Consumer clientId=consumer-pattern-consumer-2, groupId=pattern-consumer] Error sending fetch request (sessionId=930618662, epoch=INITIAL) to node 1001:
org.apache.kafka.common.errors.DisconnectException: null
2025-12-10 23:54:30.157 [HikariPool-1 housekeeper] WARN  com.zaxxer.hikari.pool.HikariPool [node1:8080] - HikariPool-1 - Thread starvation or clock leap detected (housekeeper delta=9m45s446ms).
2025-12-10 23:54:51.022 [org.springframework.kafka.KafkaListenerEndpointContainer#2-0-C-1] INFO  o.a.k.clients.FetchSessionHandler [node1:8080] - [Consumer clientId=consumer-notification-batch-consumer-1, groupId=notification-batch-consumer] Error sending fetch request (sessionId=2032618788, epoch=INITIAL) to node 1001:
org.apache.kafka.common.errors.DisconnectException: null
2025-12-10 23:54:51.787 [org.springframework.kafka.KafkaListenerEndpointContainer#3-0-C-1] INFO  o.a.k.clients.FetchSessionHandler [node1:8080] - [Consumer clientId=consumer-pattern-consumer-2, groupId=pattern-consumer] Error sending fetch request (sessionId=930618662, epoch=INITIAL) to node 1001:
org.apache.kafka.common.errors.DisconnectException: null
2025-12-10 23:54:51.788 [org.springframework.kafka.KafkaListenerEndpointContainer#1-0-C-1] INFO  o.a.k.clients.FetchSessionHandler [node1:8080] - [Consumer clientId=consumer-order-events-consumer-4, groupId=order-events-consumer] Error sending fetch request (sessionId=614027490, epoch=INITIAL) to node 1001:
org.apache.kafka.common.errors.DisconnectException: null
